"gene","logFC","AveExpr","t","P.Value","adj.P.Val","B","DEG"
"PLK3",2.31641274570246,4.65070748470515,28.2981622664463,2.17350338380652e-12,1.09198989808343e-08,18.8503718058818,"Up"
"DONSON",1.65428339831604,4.51092112265919,26.5176739313672,4.70090933603443e-12,1.09198989808343e-08,18.151204873758,"Up"
"RGS7BP",2.92602569421523,3.45924082164771,26.2966893844001,5.19129972941967e-12,1.09198989808343e-08,17.8756389452191,"Up"
"CCNE2",2.15724035741405,6.30379359503195,24.8820354523606,9.99398198703835e-12,1.57214505662341e-08,17.4344199903563,"Up"
"RFTN1",1.89015845240577,4.77641137297852,24.3539499449356,1.28809177267736e-11,1.57214505662341e-08,17.2002296875846,"Up"
"CCNO",1.88391987380801,4.78862335089912,24.0258281380027,1.51213053417331e-11,1.57214505662341e-08,17.0366557121073,"Up"
"RNF208",2.23387135752338,4.83816664242581,23.8107703053657,1.68163840142746e-11,1.57214505662341e-08,16.9425552673895,"Up"
"MAD2L1BP",2.02196421535533,6.33304744381721,22.9414830396196,2.60868970172066e-11,1.82912626252314e-08,16.5256980232971,"Up"
"DUSP4",1.96091298729608,5.09700470066892,22.7551397272774,2.87210561990578e-11,1.85891512968363e-08,16.4262022377455,"Up"
"NMRK2",2.78164432816096,3.74817132068687,22.4106847374242,3.43792803797714e-11,1.92844843410264e-08,16.2320921687374,"Up"
"CDC25A",1.5932133451724,6.77004245938202,21.2379159749797,6.47250931449118e-11,2.50177967341198e-08,15.6338339475567,"Up"
"TP73",1.51531818046238,4.21069661783429,21.150610115417,6.79364314186707e-11,2.50177967341198e-08,15.5798021808119,"Up"
"DCLRE1B",2.06142740902107,4.09907202273499,21.1570065312571,6.76954023983931e-11,2.50177967341198e-08,15.5720190057574,"Up"
"CENPF",-3.2071300571887,4.59697075984849,-20.9688169648178,7.51898030635415e-11,2.50177967341198e-08,15.4789304712856,"Down"
"TRPC7",-3.87899759013113,2.99785927484955,-20.7667143747081,8.42490852769551e-11,2.50177967341198e-08,15.3422774676886,"Down"
"KCNG1",3.04876838555455,2.71745363247816,20.7711012596895,8.40403650923909e-11,2.50177967341198e-08,15.3188447695965,"Up"
"GINS2",1.80282041446747,5.74425537292254,20.6659549428234,8.92006063731394e-11,2.50177967341198e-08,15.3150650440865,"Up"
"RHOF",2.13736878774686,3.19676296109225,20.7600008371719,8.45695890476458e-11,2.50177967341198e-08,15.3143892696109,"Up"
"GBX2",3.71483257397782,3.4206966416262,20.7075481688424,8.71195192861111e-11,2.50177967341198e-08,15.2897379001576,"Up"
"SHISA2",1.73034164052386,6.40119603451973,20.464795440093,1.00052905507874e-10,2.60404037325846e-08,15.2007683064741,"Up"
"GPAT2",1.8987493027575,3.28374269388195,19.7652138974698,1.50427614859077e-10,3.42080527411967e-08,14.7937937371581,"Up"
"TPH2",1.92849151908201,2.96215208226288,19.7688919472267,1.50100131306049e-10,3.42080527411967e-08,14.7681412028557,"Up"
"NKX6-1",4.00725375310272,3.11110745579472,19.8029324586903,1.4710555846411e-10,3.42080527411967e-08,14.666275624447,"Up"
"SYT11",2.7659185017624,4.34369670579227,19.6500567104221,1.61081693093234e-10,3.53398349517416e-08,14.7265930803709,"Up"
"TCFL5",1.75933107410491,4.14167306426234,19.5383963145257,1.7219470078728e-10,3.53398349517416e-08,14.6604360182168,"Up"
"RBM38",1.90693635859236,5.86959062707503,19.5262425865486,1.73453412406874e-10,3.53398349517416e-08,14.6524648742155,"Up"
"RFX2",2.38567462956427,3.3036811356207,19.4797839299638,1.78357376974975e-10,3.53398349517416e-08,14.623255114338,"Up"
"NKX6-2",2.09982358638454,4.90990750466179,19.4389743800068,1.82788765548642e-10,3.53398349517416e-08,14.6007610910788,"Up"
"SLC16A3",3.09156960511516,4.71632527428837,18.4418626680418,3.38168890969939e-10,5.61881367003464e-08,13.9858296734303,"Up"
"CACNA1S",3.5439194813504,2.58853239283023,18.3478190271047,3.58945732135747e-10,5.69843281167958e-08,13.8966779334947,"Up"
"PABPN1L",4.05500779123742,2.59062693602839,18.3512002585576,3.58175282917504e-10,5.69843281167958e-08,13.7835479947873,"Up"
"RGS9BP",2.72454329625092,4.93206839622748,18.3057799843156,3.68675730603434e-10,5.74451406906906e-08,13.8986763703001,"Up"
"GPR75",1.6274163875809,4.28445787177626,18.2405564225352,3.84340263671284e-10,5.80237100849195e-08,13.8574587053547,"Up"
"JMJD6",2.07604401838741,5.24463369613602,18.2276527549854,3.87523667639511e-10,5.80237100849195e-08,13.848858026334,"Up"
"MYOM1",-2.26429575893992,3.20251978752188,-18.2054137711583,3.93077189783743e-10,5.80237100849195e-08,13.8342436945281,"Down"
"KIF1A",1.52227731368004,3.87250332054033,18.1466922012314,4.08158605464308e-10,5.9211146661667e-08,13.796645562407,"Up"
"SH3BP2",-2.21741761205098,3.70941947580053,-18.0653947821706,4.30078921744619e-10,6.07009553530603e-08,13.74864294215,"Down"
"MMP23B",-1.87675603141672,5.30994437396914,-18.012288797036,4.45082649951253e-10,6.07009553530603e-08,13.7021538671826,"Down"
"LRRC8C",1.87994346473461,4.96649123013836,17.9867588972672,4.52495859692669e-10,6.07009553530603e-08,13.6914067002112,"Up"
"SLC35G1",1.7510598835138,4.37334217296795,17.9799356332043,4.5449966570511e-10,6.07009553530603e-08,13.6890355727088,"Up"
"ALB",-1.5623128763419,4.51350933432912,-17.8793676575354,4.8517248606426e-10,6.18521408749195e-08,13.6249417472152,"Down"
"MRM1",1.6320373615255,4.52277106552167,17.7907554274807,5.14056124049962e-10,6.36068857022997e-08,13.5640585526144,"Up"
"OTUD7A",1.61847293994971,3.08475790933467,17.7011849623147,5.45149046002932e-10,6.46040010291362e-08,13.514269397448,"Up"
"PPP1R3B",-1.89773405390131,5.35480613659913,-17.6640241219631,5.58639846518498e-10,6.47942295744e-08,13.4706317410732,"Down"
"GPATCH3",1.95972263192314,4.66367707918543,17.6370392818017,5.68662219645914e-10,6.47942295744e-08,13.4594520880959,"Up"
"KIF18A",-1.51486500057351,5.31353577286202,-17.6303086515013,5.71192172969754e-10,6.47942295744e-08,13.4547782094371,"Down"
"GINS1",1.7888461631623,4.62400530941252,17.6135163926545,5.77557311395294e-10,6.47942295744e-08,13.4442589632141,"Up"
"CDH20",-3.61636429612536,4.28561659643596,-17.4643263804341,6.37592141008567e-10,6.96714321356635e-08,13.3495275797572,"Down"
"SLC23A1",-2.29134738787792,2.42521825985143,-17.3200886439676,7.02086597853588e-10,7.27909506392666e-08,13.2439142213706,"Down"
"AQP9",-4.29657590130184,3.90311013581205,-17.263492540242,7.29288535394551e-10,7.27909506392666e-08,13.2243700779582,"Down"
"F5",-1.84347724450718,5.66473895102297,-17.2888251859625,7.16974686405767e-10,7.27909506392666e-08,13.2185258185917,"Down"
"RGS20",3.80616154554751,2.478368320508,17.2509153900746,7.35486790975643e-10,7.27909506392666e-08,13.2137885252922,"Up"
"BBOF1",-1.57821848996776,4.10642621230303,-17.2405059101371,7.40659809351625e-10,7.27909506392666e-08,13.197642964007,"Down"
"CECR2",1.9000527419377,5.1213144892578,17.2346861976938,7.43569043977121e-10,7.27909506392666e-08,13.1882003048079,"Up"
"SH3GL3",3.14093976461864,2.45281322741438,17.156894569506,7.83664412192115e-10,7.56917989561604e-08,13.1354956737063,"Up"
"ARL4C",2.76551418002102,4.21976243314847,17.1307775951675,7.97644241750832e-10,7.56917989561604e-08,13.1246596577602,"Up"
"TNFSF10",-1.63126082555178,6.96361272801883,-17.116038509453,8.05652432736177e-10,7.56917989561604e-08,13.067549727927,"Down"
"KCNK12",2.67899089898615,4.00068339357768,16.782039859076,1.01251177455512e-09,8.9676569169545e-08,12.8928724957918,"Up"
"PPP2R2B",2.17036892831906,3.47901213411266,16.6605568397621,1.10142240174801e-09,9.36097786697757e-08,12.8095677499542,"Up"
"PRKG2",-1.75094711203016,3.8313862405882,-16.5965181902631,1.15165410678142e-09,9.59440894726282e-08,12.765884983457,"Down"
"TBC1D32",-1.93770242291787,3.27627510638965,-16.418602906501,1.30465443746379e-09,1.02739428613764e-07,12.6471128577508,"Down"
"AATK",2.42417395373958,3.54278977224558,16.4165673817508,1.30652708125418e-09,1.02739428613764e-07,12.6282036861601,"Up"
"COL9A2",1.71100560067799,3.76819763996607,16.2973703738941,1.42141255692948e-09,1.07745632918961e-07,12.542606025115,"Up"
"DBX2",3.34073531628028,1.75707616408793,16.248564478703,1.47156019005434e-09,1.09572632204577e-07,12.4429196975709,"Up"
"NWD2",1.93467224752532,4.07644089105984,16.2294219619862,1.49174759476051e-09,1.10101440897499e-07,12.4833753113492,"Up"
"LAMA1",3.58558568791179,2.42291928384959,16.1407214530849,1.58927235911445e-09,1.14291774611872e-07,12.4508893343653,"Up"
"ROR1",1.51847716841276,3.20617351745762,16.1446189471863,1.58484552796042e-09,1.14291774611872e-07,12.4323872647398,"Up"
"TRIM9",1.5591712896582,4.44225867822374,16.0706761477325,1.67114914971402e-09,1.17798918815267e-07,12.3659748748764,"Up"
"ADCY1",-2.92547290387213,4.07656461625378,-15.9929838952353,1.76732390115879e-09,1.21124439943113e-07,12.3224314062051,"Down"
"SLC24A3",2.976298074481,1.96367292188068,15.9767121485307,1.788213657062e-09,1.21124439943113e-07,12.3117619563206,"Up"
"PLEKHG1",-2.54643811658931,4.53862562490089,-15.8869710984624,1.90831673337177e-09,1.22569290035039e-07,12.2415459911368,"Down"
"CLGN",2.08348408343725,4.47616291802755,15.8910617848761,1.90265664741073e-09,1.22569290035039e-07,12.2399801984931,"Up"
"TRIL",3.30834311693107,2.85283624179919,15.8667328214998,1.93658812063456e-09,1.23442821568327e-07,12.2549120641673,"Up"
"DUSP6",2.06868771312182,3.75280958500461,15.8520636415196,1.9573623636748e-09,1.23828924270374e-07,12.2177923177998,"Up"
"GPR12",2.33693497425355,3.49432442177701,15.8293187285419,1.99005042107291e-09,1.24031735132648e-07,12.224629023876,"Up"
"PIM1",2.18721543690296,4.45293926654299,15.8347449707719,1.98219888603024e-09,1.24031735132648e-07,12.1921059852444,"Up"
"CYP1B1",5.30371605129165,2.32567004205944,15.8085091535271,2.02047362102339e-09,1.25001948877138e-07,12.0349047685857,"Up"
"MYOC",3.7232362482633,2.82256393864176,15.7612537351396,2.09144074615148e-09,1.26314631533665e-07,12.1773467839679,"Up"
"FZD4",2.2245608189083,3.34212423296593,15.754539146199,2.10174095729892e-09,1.26314631533665e-07,12.1554049162583,"Up"
"AGT",-4.90523604700918,2.31816633436974,-15.6607822868453,2.25142995775294e-09,1.28867562343764e-07,12.1018887595006,"Down"
"TRHDE",-1.97557486408947,4.84934602669,-15.6695570581466,2.23694392841566e-09,1.28867562343764e-07,12.0657738706128,"Down"
"RASGRP3",-2.53806278464307,3.09292708812801,-15.6165261307635,2.32605074464762e-09,1.31357254334366e-07,12.0584447136551,"Down"
"PCDH18",2.48614697008544,2.65163781280253,15.5677788011669,2.41134548073583e-09,1.34364641555704e-07,12.0237912301677,"Up"
"PALD1",1.88428525731949,3.88341403543962,15.5357831395516,2.46916058381252e-09,1.36681033896043e-07,11.9731765539961,"Up"
"ST6GAL2",2.63209715435189,3.21973528571555,15.4984619762293,2.53849537213887e-09,1.36843958710872e-07,11.9863774614183,"Up"
"IGFBP2",1.91832918238446,3.14578079690782,15.4839668557882,2.56598824659164e-09,1.36843958710872e-07,11.9750501780467,"Up"
"KLB",-3.72786870856254,3.5241976802087,-15.4651210394962,2.60221457020912e-09,1.36843958710872e-07,11.9603417599792,"Down"
"PDZRN3",2.52892198470268,2.94963871455257,15.4665358628553,2.59947585760807e-09,1.36843958710872e-07,11.9571671189392,"Up"
"LIMK1",2.56431897288532,3.26198917253531,15.4657608081204,2.60097576696498e-09,1.36843958710872e-07,11.9438185902145,"Up"
"ZNF462",-2.20637942241642,4.62541406180117,-15.48964721541,2.5551762170275e-09,1.36843958710872e-07,11.939777874931,"Down"
"SLCO2A1",-1.54970562108911,6.53496789193873,-15.4973642732891,2.54056621825815e-09,1.36843958710872e-07,11.8848740603857,"Down"
"SLC16A2",-3.30430971783472,4.04376771257759,-15.3415627958104,2.85383438694397e-09,1.46415625193576e-07,11.8481872862028,"Down"
"RGS10",2.03168343463196,3.94105780272453,15.2369335998656,3.08747664402804e-09,1.5649414748706e-07,11.7417906612183,"Up"
"SERPINC1",-2.28443797741717,3.68883192179961,-15.2258829784063,3.11333301600476e-09,1.56859784411162e-07,11.7355259619096,"Down"
"LHX4",2.89454037261022,2.94804753453099,15.1921850493037,3.19363297413126e-09,1.57444680469979e-07,11.7539292580732,"Up"
"TLR3",-2.31780346443159,3.54027952218314,-15.2117920538512,3.14664256875481e-09,1.57444680469979e-07,11.7519149432291,"Down"
"IGDCC3",1.76066795157262,4.51937572027089,15.1806448138888,3.22164401794121e-09,1.5759833004045e-07,11.6921437032205,"Up"
"IQSEC3",2.09091261854037,2.02346711557844,15.1066215952033,3.40774214201237e-09,1.62913308993705e-07,11.6822146057373,"Up"
"LINGO1",2.73938023573332,3.23220668515157,15.0615054415959,3.52683246381843e-09,1.67654058477787e-07,11.6475951572012,"Up"
"NMUR1",2.51707443395304,1.8829184911147,15.0187632363752,3.64380714342751e-09,1.72001685142068e-07,11.6277106273368,"Up"
"IFIH1",-2.1298475760996,4.0963906600233,-14.9997977395937,3.69704574763566e-09,1.72816349558925e-07,11.5664592851862,"Down"
"PTCHD1",2.95568646608833,2.96917716557095,14.9599568764895,3.81163763753809e-09,1.77102540259804e-07,11.5828818510406,"Up"
"CNTNAP5",-2.6769467370846,4.64139852236725,-14.9534082690563,3.83083697733353e-09,1.77102540259804e-07,11.5244343707727,"Down"
"THBS1",2.35734507070442,3.96066105147387,14.9314577121457,3.89595686249703e-09,1.78155331744837e-07,11.5042519188696,"Up"
"DENND4C",-3.11698009936135,5.16609440825137,-14.9349010000487,3.88566330248156e-09,1.78155331744837e-07,11.5024966577751,"Down"
"SFRP4",2.04950183326195,2.50515814176715,14.9103807968223,3.95961009039539e-09,1.7911913602466e-07,11.5402730572221,"Up"
"VAV3",-1.56107133342699,5.96558046446263,-14.9148244013756,3.94609745303417e-09,1.7911913602466e-07,11.4638613389505,"Down"
"GRK5",-2.57041428172947,4.9224889259799,-14.8858447761365,4.03512658249856e-09,1.80258128782315e-07,11.461755742543,"Down"
"CHIC1",1.5508960370409,5.22748101356569,14.8800310303942,4.05324679133056e-09,1.80258128782315e-07,11.4523241932045,"Up"
"SLC9A7",1.78270815167597,3.20769243554738,14.7969993665781,4.32184668189286e-09,1.85530703986972e-07,11.4404889007499,"Up"
"C5",-1.72469908410169,6.51640598823408,-14.6530909196106,4.8339570222405e-09,1.97441331966658e-07,11.217320936198,"Down"
"NR4A2",2.90082197206168,3.50272813648411,14.6272751270005,4.93256371097915e-09,2.00495609005693e-07,11.278514531811,"Up"
"CLIP2",2.31034651400017,3.38311282831018,14.6203599584786,4.95934400210796e-09,2.00615002085271e-07,11.2909429255683,"Up"
"KCNQ4",2.53793586958367,2.44855220544217,14.5966552036682,5.05234202736018e-09,2.03399070900519e-07,11.302547058209,"Up"
"CCDC85A",4.4443847269858,2.04307792255331,14.58327599829,5.10566017355295e-09,2.03597273461017e-07,11.2598141786404,"Up"
"LBH",2.81236411888831,3.97889071629209,14.5853673551664,5.09728593391096e-09,2.03597273461017e-07,11.2387921532972,"Up"
"GLI3",3.17818365693666,1.80941676657302,14.5244652039537,5.34733420179317e-09,2.0759589183647e-07,11.2301145735374,"Up"
"FAM43A",3.36891099137045,4.33570245312612,14.5228909529183,5.35397058812861e-09,2.0759589183647e-07,11.1880456783863,"Up"
"FOXO1",-1.84045662708464,4.73746512609342,-14.5448891935678,5.26203481186216e-09,2.0759589183647e-07,11.1871758532388,"Down"
"SLC25A38",1.71296502019195,5.35385429490416,14.5249769261411,5.34517890560321e-09,2.0759589183647e-07,11.1580025700938,"Up"
"DNAJB5",1.96830162351465,4.31926388621381,14.4569316148987,5.64017120629278e-09,2.14734844026007e-07,11.1196424821518,"Up"
"SERINC4",1.59497386416065,4.77457006321324,14.4613045083539,5.62069512158105e-09,2.14734844026007e-07,11.11871218594,"Up"
"KCNB2",-3.61800258110924,3.88050302331172,-14.3523064193002,6.12854537615511e-09,2.27161148876516e-07,11.07267977742,"Down"
"CDK5R1",3.02456915714419,2.03779876318087,14.2741267261038,6.52320405225149e-09,2.37602765782009e-07,11.0147573091744,"Up"
"MASP1",-2.66823260881088,4.29562280699556,-14.2306422167768,6.75451179941635e-09,2.40815518136819e-07,10.954885110532,"Down"
"SMOC1",-1.94968892613917,4.88196431940057,-14.2341453823965,6.73555361891261e-09,2.40815518136819e-07,10.9301463997523,"Down"
"SLC35F3",2.70570382447538,1.80276070530465,14.2026113406115,6.9082960656449e-09,2.43586746096154e-07,10.9461576798389,"Up"
"FZD9",1.62454394111751,5.16194639055353,14.2082388309982,6.87712195212635e-09,2.43586746096154e-07,10.9027365005031,"Up"
"FUT11",1.55028871213401,5.70711628074818,14.190764137876,6.97442424825588e-09,2.44511690103437e-07,10.8826535306472,"Up"
"MME",3.36310428542704,1.9495200097766,14.1494730592316,7.21029000729675e-09,2.48547293612477e-07,10.9466354714436,"Up"
"NIPAL4",-3.41892183524829,3.06681037998237,-14.1206768214378,7.37986684714287e-09,2.51393520857733e-07,10.9260451683555,"Down"
"REEP1",2.00270994694753,2.58703690952831,14.0780073959691,7.63909813418478e-09,2.5725443921308e-07,10.8599219534915,"Up"
"AQP11",-1.54490624617237,3.75130302825967,-14.0440799445976,7.85222688486103e-09,2.62177130988971e-07,10.8396422777288,"Down"
"GRIP1",2.76926716014527,2.78806955345821,13.9863384048848,8.22983997404359e-09,2.64710782424253e-07,10.8108370419378,"Up"
"EOMES",6.23067042640005,2.82971394394436,13.9784405834184,8.2829935651802e-09,2.64726130921804e-07,10.7968809536632,"Up"
"RNF2",1.92871826871742,5.1424283310305,13.9750213039989,8.30612058038461e-09,2.64726130921804e-07,10.7107415331978,"Up"
"BDKRB2",-2.58328515921196,3.73188171283875,-13.9593756002026,8.41283543669517e-09,2.65114596870236e-07,10.7799349558693,"Down"
"SDR42E1",-1.66804985929593,4.63480946485631,-13.9490164520884,8.48430515308708e-09,2.66369192380876e-07,10.7086327541716,"Down"
"IL17RD",1.53725170831381,5.05875323525007,13.9405092327523,8.54348769379392e-09,2.66780926424617e-07,10.6865628850365,"Up"
"COBL",-1.51359923708382,5.23895690899508,-13.9158707208237,8.71741724509497e-09,2.70658113284978e-07,10.6622507081782,"Down"
"PTGS2",1.69966882828444,2.23184278408533,13.9020127341718,8.81691889350836e-09,2.72741013124924e-07,10.7251178818989,"Up"
"F2RL1",-2.71265080995138,4.26094066812972,-13.8703645469641,9.04877776867387e-09,2.77870131918328e-07,10.676089997802,"Down"
"DPF3",-1.52376526521757,3.14355789084859,-13.8185409797881,9.4427618983283e-09,2.86828153835864e-07,10.640081014335,"Down"
"DRD1",-2.63790963600824,2.59755180926237,-13.7606247395112,9.90506758337656e-09,2.97647280880466e-07,10.6305861046032,"Down"
"LRRK1",-1.90733055673206,3.90204043452984,-13.7490569686226,1.00002967001531e-08,2.98377646932938e-07,10.5398157900019,"Down"
"DIO2",-2.05067561106674,6.2543480634569,-13.7436704801816,1.00449761975978e-08,2.98651695146953e-07,10.5123362168996,"Down"
"COL18A1",-1.52444283346638,6.59807395536187,-13.6532363749508,1.08281455154898e-08,3.16347279053232e-07,10.4166582140056,"Down"
"MC5R",-3.30709323269086,3.42994240704633,-13.6329550716437,1.10126702805118e-08,3.17330848425433e-07,10.5234913388544,"Down"
"AKAP12",2.08273596658828,4.36407017798592,13.639328931047,1.09543165461123e-08,3.17330848425433e-07,10.4344401394022,"Up"
"SLC40A1",-1.61033750591341,7.77690980035762,-13.6334254578476,1.10083523844787e-08,3.17330848425433e-07,10.3666960403008,"Down"
"SCNN1G",1.83407491210694,3.46259667924196,13.6256474964246,1.10799849840904e-08,3.18180865720602e-07,10.4452547969268,"Up"
"COL9A3",1.84024871443838,3.19543942955422,13.5994105068506,1.13253500049859e-08,3.23022016752379e-07,10.4438463250406,"Up"
"ADAMTS20",1.98470507934159,4.10512727033592,13.5861491363637,1.14515917666561e-08,3.23808435636729e-07,10.392022238452,"Up"
"IRF2",-1.82240531039697,5.72413772522625,-13.5843978967546,1.14683757808112e-08,3.23808435636729e-07,10.3686234218799,"Down"
"UTP23",1.53166609934484,5.63708171457984,13.5762282511484,1.15470254749976e-08,3.24938703500434e-07,10.3535238277793,"Up"
"PIK3C2G",-2.47463892838245,3.34766395418804,-13.5550702254647,1.17534308985289e-08,3.27890241779049e-07,10.4578576909398,"Down"
"CHST11",2.41377034632919,2.24095430700601,13.5535087888586,1.17688201827042e-08,3.27890241779049e-07,10.4467585834823,"Up"
"GREB1L",-4.18050094605007,5.41809671879473,-13.499761712191,1.2312013073296e-08,3.39527466502108e-07,10.3112917663234,"Down"
"MSANTD3",1.58456958898314,6.31151194095434,13.4663345059817,1.26634332776074e-08,3.43710089025125e-07,10.2763750574551,"Up"
"DLX6",2.10250828925188,4.10626918857583,13.4360961181469,1.29906548086796e-08,3.5145777993643e-07,10.259941511706,"Up"
"STRIP2",3.14456389216779,2.47432478661922,13.3834265686582,1.35825813414427e-08,3.6280583938698e-07,10.3232366982657,"Up"
"GPR162",1.73738646589965,2.91265885164501,13.3761474756298,1.3666648036938e-08,3.63765825184881e-07,10.2877431667827,"Up"
"ESR1",-5.09416455770754,3.64602345284627,-13.3419263935469,1.40694559044295e-08,3.67640999937484e-07,10.286112618621,"Down"
"GPR157",-2.36060134548715,3.93125848797458,-13.3179777683561,1.43589520918498e-08,3.7174222431023e-07,10.2193428611009,"Down"
"REL",2.16943449438893,5.18240473295194,13.2801696927175,1.48291341413937e-08,3.81444131165777e-07,10.1206120819337,"Up"
"AMDHD1",-3.45105019083421,5.272137646418,-13.2739706446426,1.49077965917014e-08,3.81444131165777e-07,10.113184259821,"Down"
"PLXDC2",-2.59096894706111,2.00068393572577,-13.2298219945238,1.54811946794166e-08,3.88832155321227e-07,10.1753998058784,"Down"
"WDCP",2.2578082369866,4.67018721179558,13.2363832200529,1.53944950386755e-08,3.88832155321227e-07,10.0767299935103,"Up"
"HSPA12A",1.96733935891314,3.23915382480868,13.2227002210382,1.55758973492933e-08,3.88889021652683e-07,10.1695899518449,"Up"
"PPARA",-2.45398970012588,5.67074271145318,-13.172409401082,1.6262682473498e-08,4.02453559800037e-07,9.99509967840739,"Down"
"SDC3",3.91907941103242,2.52554151622514,13.1396792056483,1.67271436324785e-08,4.11526861180333e-07,10.115691533867,"Up"
"RASGEF1A",-2.53716714038948,5.13424187156671,-13.134248045846,1.68055884673291e-08,4.12251374239379e-07,9.98738448335911,"Down"
"NFIB",-3.26966056900837,3.47678786586422,-13.1031516583523,1.72624301081338e-08,4.14988819799536e-07,10.0479259909412,"Down"
"TESK1",2.76161348836816,3.4678574770769,13.1042015181741,1.72467900451516e-08,4.14988819799536e-07,10.0312407709453,"Up"
"PENK",1.87104291846133,4.05711105885308,13.1149178327447,1.70880166418693e-08,4.14988819799536e-07,10.0147093259239,"Up"
"FZD3",-2.23255038239562,5.91668056103614,-13.1096581229083,1.71657470046607e-08,4.14988819799536e-07,9.95126095528955,"Down"
"SLC30A10",-3.46580975733749,3.7139678104676,-13.0730936867985,1.77167589773807e-08,4.22291246560003e-07,10.0247276174397,"Down"
"PRKCB",4.47512233426412,2.75623258281535,13.0455796517161,1.81439455561277e-08,4.30037064533123e-07,10.0372874285946,"Up"
"SHROOM4",2.06892818959512,5.20960942479567,13.0327202750497,1.83473965824353e-08,4.32422954746808e-07,9.89353444735646,"Up"
"ADAM12",-2.10974171412688,3.8735855674029,-13.0237909954286,1.84901142248186e-08,4.34569332646994e-07,9.91955895965693,"Down"
"GAS2L1",1.90413523329883,4.60350795006177,13.0186503242482,1.85728203783165e-08,4.35297244187061e-07,9.88659736259985,"Up"
"FAM107A",-2.19663668438447,3.86563489144892,-12.9804157461912,1.9200613912734e-08,4.47138757721262e-07,9.92408936626352,"Down"
"TDRKH",1.50771435752141,3.7358762978044,12.9782119990502,1.92374887443662e-08,4.47138757721262e-07,9.9191622273421,"Up"
"BAG3",3.10400089739913,5.63754145526571,12.939211757444,1.99028559174151e-08,4.56443903000717e-07,9.82045508540212,"Up"
"PLXNA2",-1.70040863103411,5.22785368626402,-12.9388541938867,1.99090696935183e-08,4.56443903000717e-07,9.79437907593701,"Down"
"PRR7",1.65600752476305,4.05574575613543,12.9339085639164,1.99952301047559e-08,4.57173549188631e-07,9.8598651647847,"Up"
"LIN28B",2.52655222273275,3.12648336055242,12.8747480767849,2.1057632552409e-08,4.77571213735765e-07,9.82276978168927,"Up"
"PLS1",-1.64393319540159,3.65908008827984,-12.8682268247112,2.11784115810477e-08,4.79019233986385e-07,9.80828838550325,"Down"
"FRMD5",1.67010768271971,2.45197546853956,12.8592551202075,2.13457964073536e-08,4.80223344843512e-07,9.85304898669195,"Up"
"GAB3",3.44712764521116,1.93364176861785,12.848122576923,2.15554803278233e-08,4.8106842081225e-07,9.86348702691303,"Up"
"PPP1R3C",-2.53679305962537,3.89661565051329,-12.8492127209827,2.15348495323169e-08,4.8106842081225e-07,9.77260613770779,"Down"
"ASPM",-1.79719033161981,6.93860075992293,-12.8451386926162,2.16120588384871e-08,4.8106842081225e-07,9.72395643786191,"Down"
"CCND3",1.6986334087204,6.60187594533838,12.8514759022406,2.14920871018067e-08,4.8106842081225e-07,9.70319266971596,"Up"
"RASSF10",4.11543514822158,3.78673778207024,12.8182606390541,2.21289756331252e-08,4.81403230294842e-07,9.8297492080079,"Up"
"SLC35G2",1.55833715525313,4.66518640248021,12.8228358689869,2.20400526586164e-08,4.81403230294842e-07,9.70083355968451,"Up"
"HMGCS2",-2.1393027448587,5.16465960054835,-12.817590579538,2.21420311533282e-08,4.81403230294842e-07,9.69353762689409,"Down"
"KCNT1",-1.74661628761994,5.42709592691991,-12.8178988435014,2.21360238707562e-08,4.81403230294842e-07,9.67578585377041,"Down"
"TMEM171",2.31006915923929,4.18684995283559,12.811334405719,2.22643284380193e-08,4.82814586282201e-07,9.72440338063515,"Up"
"GDF11",2.65596600167959,2.51040753173335,12.7914299174688,2.2658292253628e-08,4.88838130825707e-07,9.81650017346807,"Up"
"FOXG1",1.51870308869614,2.97826917927635,12.7836252587248,2.28148118594272e-08,4.90956079246089e-07,9.75279774925813,"Up"
"FGD6",-1.63763004578522,5.56250962486189,-12.7714835802739,2.30606292279483e-08,4.93720443572409e-07,9.64359833928791,"Down"
"P4HA2",1.96093759143147,4.4498082403623,12.7560010720752,2.3378231633348e-08,4.98214493737923e-07,9.64348166761243,"Up"
"KCNG2",2.66050066206715,2.86745744818056,12.7372433346732,2.37693481319328e-08,4.99699749788931e-07,9.74236354588849,"Up"
"IL20RA",-3.08730731250416,5.1270695229921,-12.7315266524751,2.38899435221764e-08,4.99699749788931e-07,9.62736613524007,"Down"
"CDC42EP3",3.09806611487004,2.78417751189574,12.726608145283,2.39942287461158e-08,4.99721387796579e-07,9.75858042966459,"Up"
"ITGA9",-1.87826487564275,4.96453708892079,-12.6477116497459,2.57358202612356e-08,5.26864213328556e-07,9.5396967010203,"Down"
"CHAC2",1.71044776136934,3.9187037963487,12.6298735120645,2.61481688194317e-08,5.31485413206551e-07,9.53636298342568,"Up"
"JAG2",-1.84405627072012,6.06447580387259,-12.6270443287329,2.62142199287757e-08,5.31485413206551e-07,9.51564823614854,"Down"
"PXDN",-2.34529457017746,4.27621501192623,-12.5885984256429,2.71298315663862e-08,5.47411037888666e-07,9.51040407374145,"Down"
"SLC35F1",4.15371935625682,2.64880380357369,12.5279534932307,2.86448908587961e-08,5.68438942655448e-07,9.57927878487634,"Up"
"SLC25A29",-2.32430107456536,3.2595867716355,-12.4935094616217,2.95457709411248e-08,5.7893639210997e-07,9.53840221685679,"Down"
"KLHL42",2.08109545608475,2.91185392427622,12.493999038067,2.95327543866958e-08,5.7893639210997e-07,9.53768676262663,"Up"
"NR5A2",-2.95113239887039,5.55672337975069,-12.4937129757462,2.95403592836622e-08,5.7893639210997e-07,9.3977165405603,"Down"
"BTK",1.52960842808391,1.62130810387346,12.4855582547351,2.97580401346618e-08,5.80730513044638e-07,9.54648363970643,"Up"
"FAM149A",-1.91174663176089,4.8108871203639,-12.4833811727319,2.98164465932117e-08,5.80730513044638e-07,9.39032804761062,"Down"
"SH3D19",-1.83449249674934,6.66038096248251,-12.4632079600625,3.03635615340011e-08,5.83516821112892e-07,9.35194079656526,"Down"
"RGS14",2.62327873833442,2.31412895769621,12.4509957973237,3.07000131830329e-08,5.85736759460405e-07,9.51412467166913,"Up"
"PCDH19",2.39453513141468,1.97498852249274,12.4418617374365,3.09542858024977e-08,5.87921807544505e-07,9.50453518857793,"Up"
"EIF2AK3",-2.11854865860697,5.70900005575336,-12.4442370123769,3.08879457384218e-08,5.87921807544505e-07,9.31914691548062,"Down"
"LMO7",-2.70266715246576,6.28205194549751,-12.4134276132029,3.17604598246246e-08,5.99176029068143e-07,9.30514647965127,"Down"
"COL5A2",-1.5894177918488,4.71677582466356,-12.3971403388318,3.22324059807487e-08,6.05364874825936e-07,9.31027110720023,"Down"
"COL14A1",-2.07222387960777,4.69586347184296,-12.3697429023237,3.3043409435528e-08,6.12160397979947e-07,9.3003512429776,"Down"
"TSPAN18",-1.93801933635086,4.74171589331515,-12.3596200673366,3.33485972470123e-08,6.12653050734413e-07,9.28730864985763,"Down"
"CFI",-1.82188624197654,4.56111053362799,-12.3551899588073,3.34831119361516e-08,6.13784104206491e-07,9.30116466240709,"Down"
"CNKSR1",-2.14211057238876,3.67060978395707,-12.3459411099422,3.37658288831961e-08,6.16281310679419e-07,9.33178016821832,"Down"
"CKB",1.92518009322432,1.94726284920505,12.3396960897896,3.39581788721055e-08,6.16399995181657e-07,9.39927807647419,"Up"
"COLEC12",2.87223600331849,2.8353066319018,12.3385984634298,3.39921081250641e-08,6.16399995181657e-07,9.39785260192193,"Up"
"NRAP",-2.34036064831952,1.8541209167075,-12.3165032585944,3.46829263139722e-08,6.21197146548661e-07,9.38882366559974,"Down"
"NKD1",-2.52090073572763,4.93201682296172,-12.3154378497502,3.47166167740496e-08,6.21197146548661e-07,9.23104358049229,"Down"
"ELAVL4",2.97051691553587,2.89566023615801,12.2851222856958,3.56901818285363e-08,6.31511499448091e-07,9.3064565387687,"Up"
"PLA2G7",1.7882857567214,4.56199367697151,12.2842452585921,3.57187810181165e-08,6.31511499448091e-07,9.20372352718673,"Up"
"N4BP3",1.6931911428609,4.91506525977538,12.26982841606,3.61924578092826e-08,6.34467311109099e-07,9.18808044595545,"Up"
"SPHKAP",-2.26323308504743,3.24233211941426,-12.2537292201878,3.67294174997518e-08,6.38613220242515e-07,9.2565400301635,"Down"
"SH3PXD2B",-1.76356429805864,4.91156003197259,-12.2535613813439,3.67350604465625e-08,6.38613220242515e-07,9.16789606928328,"Down"
"CAPN5",-2.77640853845007,3.5819023414865,-12.2464635779265,3.6974553953389e-08,6.40008519372195e-07,9.27707088460936,"Down"
"DAAM1",-2.04659150420715,6.53304852711867,-12.2004359195963,3.85690087955609e-08,6.60936130358146e-07,9.11582142875508,"Down"
"CDHR2",-1.81001732692128,4.43921729164175,-12.1951968991982,3.87551360778374e-08,6.62775843412447e-07,9.12763573808045,"Down"
"CTSO",-2.69207823701722,5.14548981026031,-12.1929379260356,3.88356891187643e-08,6.62806264189215e-07,9.11238306417385,"Down"
"TIMP4",-2.26538416708764,3.38428256398753,-12.1663260996133,3.97983366311921e-08,6.76491322050203e-07,9.14080054420379,"Down"
"FRZB",1.7772189807619,3.06985155307712,12.1594712659817,4.00504416289259e-08,6.78156658227424e-07,9.18551226334872,"Up"
"CRLF1",2.4840658428811,3.19825746626422,12.1592798409981,4.00575064343986e-08,6.78156658227424e-07,9.18236461437227,"Up"
"DOCK9",-2.19803875225758,6.17520251903392,-12.153973625471,4.02538748367492e-08,6.80112656378329e-07,9.07793758002167,"Down"
"MAFB",-1.52731842957581,4.34170926935102,-12.1460875000206,4.05476361341436e-08,6.83703026919206e-07,9.12990903170169,"Down"
"NPTX1",2.37314152536052,1.92136337943037,12.1104976100532,4.19023914866381e-08,6.97589716511118e-07,9.20153295321636,"Up"
"KBTBD8",-1.6240054261944,5.93174462326865,-12.1121549745139,4.18382322550246e-08,6.97589716511118e-07,9.00753759435244,"Down"
"GLUL",-1.79635238647654,6.38941996446105,-12.1088567320182,4.19660168800779e-08,6.97589716511118e-07,8.96729061626484,"Down"
"G2E3",-1.77784114763436,6.3222009858843,-12.089363562597,4.27298787372646e-08,7.06344203723663e-07,9.00491918666676,"Down"
"KLF15",-3.81909926170546,5.06542583938054,-12.0828481660005,4.29885192728469e-08,7.09226276787713e-07,9.02878859575369,"Down"
"LRRN4",3.20460408573323,2.9196573264192,12.0670875565532,4.36211622624392e-08,7.18255301910301e-07,9.08284508195751,"Up"
"DLK2",4.80011807256295,2.28491756581137,12.0384996107949,4.47944345036102e-08,7.30427077351504e-07,9.14223892198653,"Up"
"TCF7L2",-1.87913495423095,4.46037359050386,-12.0312876107578,4.50957577563791e-08,7.32501362475239e-07,8.97278706851566,"Down"
"SNTB2",1.59612841158303,5.09612246367232,12.0172267271379,4.56895268172464e-08,7.37872703724206e-07,8.9357138373502,"Up"
"ZSWIM3",1.74913938090594,3.49644238253444,11.9874110623022,4.69766307007076e-08,7.54315592968996e-07,8.9596885350128,"Up"
"CNGA3",2.70064857772414,1.87491451460435,11.9756794045149,4.74937266462514e-08,7.57138998527857e-07,9.08362447619611,"Up"
"MBL2",-3.58518050157569,4.42809245785987,-11.9807177690476,4.72709039054107e-08,7.57138998527857e-07,8.98605637266595,"Down"
"PRKAR2B",1.62296370113231,3.79206954989725,11.9625448026332,4.80799410989885e-08,7.57138998527857e-07,8.93370713197229,"Up"
"ACSL1",-1.85848229037728,7.03118914992109,-11.9667434837032,4.78917058594895e-08,7.57138998527857e-07,8.87374270614498,"Down"
"CASZ1",-1.58634686398584,4.91992429204728,-11.9527499159957,4.85221690744011e-08,7.60872591178908e-07,8.87429396057596,"Down"
"ODF2L",-2.04592101769387,1.78177993303905,-11.9356473102405,4.93048659024154e-08,7.65980561380895e-07,9.02287574771172,"Down"
"DPP4",-1.63642488794725,2.56112491725607,-11.9057437713942,5.07062467874229e-08,7.81396264595927e-07,9.00213800611845,"Down"
"LRIG3",2.48735644159985,3.08217274995788,11.8844069975264,5.17323489799193e-08,7.94299241454454e-07,8.94762725170718,"Up"
"ARHGEF3",-1.52044758906717,4.5441339147181,-11.8726490198945,5.23073341941312e-08,7.99747140760647e-07,8.82167485241591,"Down"
"PLA2R1",-2.84961387775547,3.81813932085643,-11.8664390678381,5.26137845352005e-08,8.01978954853581e-07,8.90489186933458,"Down"
"FOXL2",2.23468994264102,4.19092502693645,11.8512604211986,5.33709900188526e-08,8.0621815084134e-07,8.84449505565942,"Up"
"LRR1",1.51385178911824,5.83958469377815,11.8175706774406,5.50938892210913e-08,8.26310131740218e-07,8.73436946433154,"Up"
"PCMTD1",-2.06761801162096,4.43358194045405,-11.8087707529181,5.5553715391449e-08,8.30246822919453e-07,8.80395159230249,"Down"
"HOXB5",-3.04771503912094,2.70780813959508,-11.8013692333794,5.59436691599922e-08,8.33115101437477e-07,8.9166885086373,"Down"
"HAO1",-1.90505155962253,4.21080186558607,-11.786172989007,5.67535591000016e-08,8.42194790595085e-07,8.80691812053581,"Down"
"ESYT3",1.57363032721532,3.19056353855734,11.78027176614,5.70714615384274e-08,8.45421263000577e-07,8.80771857222548,"Up"
"KLHL10",1.95576722641946,2.77439503407641,11.7717295438024,5.7535036429517e-08,8.4781050178276e-07,8.80805413133907,"Up"
"SERTAD4",1.74740540038428,3.38144573641762,11.7750482219181,5.73544565633801e-08,8.4781050178276e-07,8.78470287504786,"Up"
"DAO",-1.89619850373232,4.02216155046925,-11.7639147246225,5.79626875680125e-08,8.51130982892247e-07,8.77221920635279,"Down"
"ANK3",-2.92730934549487,4.65797748830505,-11.7528504169249,5.85740224472417e-08,8.57116217167117e-07,8.71582764306921,"Down"
"TRPA1",-2.21270833804718,2.7885443094984,-11.7395584711013,5.93176325866371e-08,8.62000968193376e-07,8.80180309339016,"Down"
"FGFR3",-3.01296875469556,6.21460424198058,-11.7399096352967,5.92978567539547e-08,8.62000968193376e-07,8.64108109498832,"Down"
"RRH",1.92473198939445,1.79875066243344,11.7297463646197,5.98730823247665e-08,8.66198517434297e-07,8.83092153067178,"Up"
"RHPN1",-1.96701417934332,5.6478505576163,-11.7258385603082,6.00958542688462e-08,8.67318212380913e-07,8.6200662601759,"Down"
"F10",-1.56850038032602,4.72749369672287,-11.7215690654649,6.03402653565164e-08,8.67868363606375e-07,8.69124689464968,"Down"
"SGK1",-3.09555434953994,5.31086617313646,-11.7096418069134,6.10287391131028e-08,8.76272714842402e-07,8.64314212692213,"Down"
"NKX3-2",2.94106502571323,1.86988830422203,11.6836044768199,6.25612379845227e-08,8.92677314748271e-07,8.78429841001954,"Up"
"SEMA5B",-2.55776857632736,3.98225338812034,-11.6815292664245,6.26851501065295e-08,8.92677314748271e-07,8.69124341804439,"Down"
"KIAA1217",-4.12873139485591,5.32449521030986,-11.6782854588943,6.28793693720357e-08,8.92677314748271e-07,8.62350674263784,"Down"
"RND1",1.9215450942133,4.84685161404053,11.6777096808379,6.29139110584412e-08,8.92677314748271e-07,8.60327436277754,"Up"
"PDE8A",-1.60580998849225,6.31127751070943,-11.6675747131349,6.35252766480848e-08,8.99834474271019e-07,8.54916456635177,"Down"
"SEMA7A",-1.8607550921514,3.83665069091731,-11.6394564159679,6.52551659067001e-08,9.19244631508243e-07,8.68366157031965,"Down"
"TENM2",-2.08891000627289,5.41107036709458,-11.5587755220513,7.05064065025048e-08,9.7093437694284e-07,8.5000958079,"Down"
"FAM102A",-1.58581230661265,4.63168984374133,-11.5529752088219,7.09010703713344e-08,9.72693673958083e-07,8.49659747526406,"Down"
"PROX1",-3.73297960737358,5.4743251399648,-11.5545067387688,7.0796631819902e-08,9.72693673958083e-07,8.49083726504943,"Down"
"WNT7B",-2.38945211911037,3.45481807793077,-11.5442536447388,7.14989831563752e-08,9.75028272735399e-07,8.54188958772649,"Down"
"TIAM1",1.54199693396888,4.08688492662286,11.5407251722672,7.17424197277457e-08,9.7518694602464e-07,8.48369363406229,"Up"
"ENDOD1",2.34988724695307,2.78410174713776,11.5342875595266,7.21888651466512e-08,9.79672760232134e-07,8.62553846252164,"Up"
"TNFRSF19",-2.0598398042309,6.00303349035441,-11.5308217058461,7.24304577686174e-08,9.81368553406034e-07,8.4101470067079,"Down"
"ZHX3",-1.82478943676895,4.49901444920969,-11.5285183487694,7.25914979777424e-08,9.8196923470213e-07,8.47180119587504,"Down"
"LPL",-1.51813726101863,4.62169342785729,-11.5206570397622,7.31440329514588e-08,9.86272264829447e-07,8.46582619146861,"Down"
"RIPK2",2.46234408659576,2.4344419272496,11.5105930153911,7.38580014472604e-08,9.92717610506787e-07,8.59725355943131,"Up"
"GPR146",-4.07186066304404,4.8139023012037,-11.4992544492057,7.46713846035408e-08,9.98863322820656e-07,8.47568469222394,"Down"
"CSPG5",2.25176170807769,2.51366603165422,11.4856765443493,7.5658112985772e-08,1.00751356325129e-06,8.62406274114881,"Up"
"KIAA0232",-1.50828569962003,5.46340828032197,-11.4677886525014,7.69795295939849e-08,1.02000907402171e-06,8.39082732425104,"Down"
"FAM131B",3.32455471989677,2.26721665659887,11.4541709512085,7.80021432898914e-08,1.02622674466401e-06,8.58557826449239,"Up"
"HOXA10",-1.9330416224839,5.1702648378158,-11.447384519464,7.85172157820048e-08,1.03051462894866e-06,8.40152570605424,"Down"
"EOGT",1.53808532287039,4.92854844953751,11.4459086867814,7.86297114077775e-08,1.03051462894866e-06,8.37194579989351,"Up"
"ST8SIA5",-3.3597834363339,6.34122558175468,-11.4433032274986,7.88287366194827e-08,1.03081441165033e-06,8.3753079441301,"Down"
"LRRC20",1.728299284074,3.57231195073694,11.4353252488703,7.94415351124264e-08,1.03089299720309e-06,8.42980402632064,"Up"
"GPR139",1.70876411270184,2.39381345999529,11.4189042274214,8.07190482862885e-08,1.04007668036881e-06,8.50466956519427,"Up"
"WIPF3",-2.02724044234626,4.24561470859069,-11.4008995122897,8.2145220829086e-08,1.05041016421874e-06,8.35951696605455,"Down"
"EPM2A",1.54835798592577,3.42893558547921,11.3917949650653,8.28767026325293e-08,1.05626576915424e-06,8.38284874739628,"Up"
"FRRS1",-1.54917231071021,6.08590142879703,-11.380973454902,8.3755257146794e-08,1.06452678796545e-06,8.2667668902819,"Down"
"DYNC1I1",-2.26180886389781,5.86119392490119,-11.3792053915824,8.38997489366182e-08,1.06475488318658e-06,8.29251722283708,"Down"
"C3orf70",1.54000088424045,5.16663628422267,11.3661086725574,8.49784427981901e-08,1.07520092887815e-06,8.2852520085642,"Up"
"TBL1XR1",-2.11790294865825,6.90314563208163,-11.3615047540367,8.53611753331633e-08,1.07817898009996e-06,8.27366798133539,"Down"
"RUBCNL",1.80949318726914,2.8283414350802,11.3550483857361,8.5901032974542e-08,1.08037562249297e-06,8.44130225433173,"Up"
"SCN8A",-3.06115786644402,1.78590473693806,-11.3479861171188,8.649576351943e-08,1.08496841855572e-06,8.47907615066785,"Down"
"AGXT2",-1.78408235426224,5.42934777805844,-11.346127095106,8.66530517315719e-08,1.08496841855572e-06,8.25699455040775,"Down"
"SUSD4",3.0874719047008,2.17069066581267,11.3214634947273,8.87691693569948e-08,1.10127219143834e-06,8.45616920973653,"Up"
"BCL2L1",-1.96396705262992,5.78879101227965,-11.3202882424674,8.88713831693166e-08,1.10127219143834e-06,8.23645978011457,"Down"
"PXDC1",-1.72595449531966,6.31444922210611,-11.3204930152822,8.88535646022311e-08,1.10127219143834e-06,8.21978787535121,"Down"
"CLMP",1.67633726267564,1.55835165225061,11.2910748681875,9.14532521736858e-08,1.12993783228986e-06,8.43997923904827,"Up"
"MOCOS",-1.78231159381281,3.70581405401898,-11.287201872866,9.18015600904106e-08,1.13257819149665e-06,8.26690085237923,"Down"
"TMEM268",-2.45061663250496,4.15760131488683,-11.2715847543385,9.32205941028732e-08,1.14672233739996e-06,8.28505380197135,"Down"
"TMEM9",1.87972335597981,2.96459381212414,11.2685880954193,9.34955713045456e-08,1.14842589336708e-06,8.36629776591694,"Up"
"DACT1",3.1279637569392,1.37639795467482,11.2573888130982,9.45309817549003e-08,1.1573402460955e-06,8.40741494297997,"Up"
"SCARF2",2.19825017484434,3.95320263997777,11.2495187400337,9.52659730124478e-08,1.16337866027102e-06,8.24973944815247,"Up"
"TOM1",-1.88432674970859,5.10580063486212,-11.2453051997557,9.56620031068449e-08,1.16652187556666e-06,8.1653875634939,"Down"
"SLC24A4",1.74524963197605,3.52410367647166,11.243738721764,9.58096874779122e-08,1.16663199774118e-06,8.19090363243803,"Up"
"IGSF3",-1.51808346593323,6.99358422841976,-11.2169584324762,9.83727873847216e-08,1.18923654174576e-06,8.09268412848406,"Down"
"GAS2",-2.11308233129367,5.76237301023712,-11.1929964911681,1.00728733537571e-07,1.2090321882812e-06,8.09956437252121,"Down"
"SLC1A2",1.72361553867041,2.36320183531096,11.1680581361304,1.03245277553601e-07,1.23046142398867e-06,8.24290000738082,"Up"
"TMPRSS9",1.8382748835757,2.02940553992472,11.1396961239138,1.06189762929658e-07,1.24787802414824e-06,8.24773397049757,"Up"
"FJX1",2.27945800759782,4.1413423316507,11.139750788359,1.0618400165398e-07,1.24787802414824e-06,8.18577025183147,"Up"
"APELA",-1.86751891599058,4.64350514847262,-11.1470822243471,1.05414354158557e-07,1.24787802414824e-06,8.0994396466622,"Down"
"TRIM25",-2.59849024866321,4.74508424977448,-11.1439965478617,1.05737551874033e-07,1.24787802414824e-06,8.09639396915031,"Down"
"ST6GAL1",-1.92549948869507,6.35640465589175,-11.1431991433442,1.05821246250535e-07,1.24787802414824e-06,8.03124266734246,"Down"
"MERTK",1.98191034524269,4.20201331650286,11.1073249879852,1.09661258226324e-07,1.27796374891453e-06,8.03640919014503,"Up"
"CCNE1",3.55742086299191,2.46421426464206,11.0754378236029,1.13200469941267e-07,1.29764135434035e-06,8.2217496983727,"Up"
"TSPAN12",-1.97412566606837,6.53262093920141,-11.0685030879728,1.1398631667019e-07,1.30487192988161e-06,7.94176747148128,"Down"
"MDGA1",-3.69575373785314,3.91205538145623,-11.0643742393721,1.14456984481015e-07,1.30847971117291e-06,8.11616010774133,"Down"
"NINJ1",1.96099902037982,3.43360023239982,11.0454328789159,1.16643155302691e-07,1.32447437073798e-06,8.03623492236701,"Up"
"PTCH2",2.25282297622185,3.00580090971721,10.9976531664561,1.22359841473899e-07,1.36543197103632e-06,8.01816511162467,"Up"
"PDLIM5",-1.74734171980841,6.35369870937992,-10.9740519110238,1.25294200587057e-07,1.39079868567216e-06,7.87010964935368,"Down"
"SATB2",3.3755197175422,1.6499702281774,10.9699547444117,1.25811268977882e-07,1.39469830985494e-06,8.11533481285193,"Up"
"APC2",2.33135111750087,2.01848890915639,10.9672977852101,1.26147807396494e-07,1.39658901504487e-06,8.02604042036769,"Up"
"PDE1A",-2.08899881289913,3.79562154351665,-10.9557945860488,1.27616046604823e-07,1.40448806235883e-06,8.02647457769826,"Down"
"CACNG5",4.96188057350689,1.54192270594208,10.9493024345561,1.28452792537799e-07,1.40912880888272e-06,8.10007763504643,"Up"
"NXNL2",2.60760436357588,1.99585810076768,10.9289930107746,1.31108709526679e-07,1.4289490698931e-06,8.08262204591997,"Up"
"LIPG",-2.1207347605515,4.7095233490163,-10.8939070309856,1.35837148501937e-07,1.46906653919704e-06,7.81706608438083,"Down"
"TMEM86A",-2.75291738589118,4.28526552591172,-10.8915502785042,1.36161268098578e-07,1.47068152731891e-06,7.87989471137736,"Down"
"AHI1",-1.53955721551824,3.39734709596429,-10.883586796265,1.37262637545522e-07,1.47815497921754e-06,7.8710432063464,"Down"
"JAM2",2.87365780624761,3.01219354693081,10.8703980137943,1.39107805073082e-07,1.49275249974722e-06,7.94144442745772,"Up"
"DMRTA2",3.13336211195185,4.01205933017999,10.8586980387056,1.40767016773057e-07,1.50401517432635e-06,7.87647139196461,"Up"
"SYNDIG1L",3.19811820863061,1.77222904729794,10.8365464920537,1.43966975312616e-07,1.5198721835387e-06,7.99337589791139,"Up"
"RASL11B",4.64943509727119,2.12644002891101,10.8139666433695,1.47309455363538e-07,1.54575668303246e-06,7.96456465505122,"Up"
"RBKS",-1.55706396326742,3.48022835959043,-10.8035421711417,1.48880650995494e-07,1.55419577850631e-06,7.85141428977836,"Down"
"THRB",-2.06944928383913,4.87797526834232,-10.7974176456408,1.49812146145925e-07,1.55857345030984e-06,7.70788467185236,"Down"
"CDK19",-2.05503351331298,5.10477624829662,-10.7972771364574,1.49833589948358e-07,1.55857345030984e-06,7.69329883352979,"Down"
"NFE2L2",-1.55812977354262,7.20564207596145,-10.7939090048503,1.50348606160309e-07,1.5617693484356e-06,7.61334139689797,"Down"
"RBPJ",-1.55938376712135,6.67374669871935,-10.7895245767085,1.51021876141784e-07,1.56489909588296e-06,7.66155148144143,"Down"
"FAM169A",1.60004203077165,3.50198623832886,10.7682038365173,1.54342407471421e-07,1.58757581474882e-06,7.714385975554,"Up"
"SOX8",2.80359256627871,1.64552841831011,10.7663716276811,1.54631399727019e-07,1.58860634591348e-06,7.9107187954554,"Up"
"HYLS1",-1.63349184267753,3.46338039269988,-10.76128474379,1.55436802386385e-07,1.59299056672234e-06,7.79312797005497,"Down"
"PLEKHH2",1.54330358678117,2.52363477574965,10.7580106520781,1.55957571851195e-07,1.59638322330408e-06,7.80906060996316,"Up"
"SLC2A2",-4.09976064852742,4.24960257541261,-10.7420418651667,1.58524557396404e-07,1.61675833446466e-06,7.79720985447733,"Down"
"FAXC",1.57306179729085,5.35293912133781,10.7115987237638,1.63545020582574e-07,1.66392721061884e-06,7.60937785493367,"Up"
"THSD7B",-1.80840091320249,5.63310854496967,-10.7055781094091,1.64557995051694e-07,1.668818269718e-06,7.57979962596154,"Down"
"PCDH17",-2.06664255355723,2.90950164362922,-10.7007532984309,1.65374642979483e-07,1.67444313601609e-06,7.71353945424727,"Down"
"BACH1",-1.61695428643167,5.57126156243183,-10.6826237522415,1.68482414859657e-07,1.69570698400616e-06,7.5422524148858,"Down"
"MEIS1",3.17957087186623,2.643100171501,10.6745744013031,1.69882310956734e-07,1.69761254678142e-06,7.80661078571645,"Up"
"EGFR",-2.44875413013271,8.0548427939453,-10.6785042997947,1.69197290221637e-07,1.69761254678142e-06,7.52463833851746,"Down"
"MGLL",-2.60889552513592,5.18432829030847,-10.670828032447,1.70538117116724e-07,1.70214438602624e-06,7.55984746197756,"Down"
"IHH",-1.91530746941244,4.90548817851329,-10.663474402901,1.71833305783692e-07,1.71101234895146e-06,7.56292173756243,"Down"
"AASS",-1.93422362856059,3.98548386824355,-10.6546844982746,1.73395354103683e-07,1.7184316954398e-06,7.64254905116722,"Down"
"PUS3",1.50453676948906,4.96821073428422,10.646537419021,1.74856802977178e-07,1.72478914449e-06,7.52992615884412,"Up"
"GPR137B",-2.20060089042302,3.9725136388624,-10.6317209268385,1.77548680712076e-07,1.74521260663476e-06,7.62997592744504,"Down"
"PHKA2",-1.74217651186842,4.51805549878791,-10.6304472000877,1.77782163518503e-07,1.7454598878001e-06,7.53125909391048,"Down"
"PLEKHA6",-1.81054295811536,5.34785641477962,-10.6211211169468,1.79501786537779e-07,1.76028908150218e-06,7.50413037433159,"Down"
"STAR",2.57401663081867,1.64072484625628,10.6158424388838,1.8048303150409e-07,1.76478511601695e-06,7.7615450773435,"Up"
"EMX2",1.55595418849521,4.41634380644156,10.6141479649408,1.80799235798266e-07,1.76478511601695e-06,7.50914355722564,"Up"
"SYNE2",-1.67872980819117,6.83962512498644,-10.604732800761,1.82567072807788e-07,1.77997607254314e-06,7.51229468357553,"Down"
"TBX3",-2.49507181129167,6.28598130220055,-10.5888904557075,1.85583782123792e-07,1.80312002631591e-06,7.41909331703917,"Down"
"SLC3A1",-1.60719672537763,4.71576568241754,-10.5807335953417,1.87157874255717e-07,1.81322717040526e-06,7.49979999010929,"Down"
"PPM1K",-1.91640904077069,3.71835701188777,-10.5718017553437,1.88897996470222e-07,1.82269236502344e-06,7.47799053097219,"Down"
"INPP5F",1.61898694606085,4.51323498547038,10.5694552308293,1.89358030829964e-07,1.82489238384981e-06,7.45638047099649,"Up"
"NMB",2.56846107903441,2.31333528339,10.565187047416,1.90197895165347e-07,1.82894295990998e-06,7.71742345170813,"Up"
"WDR6",1.53648070585578,5.08912213432069,10.49737605496,2.04092436127182e-07,1.93164652145569e-06,7.37493872692099,"Up"
"FRK",-1.67601764000667,4.01701838967906,-10.4569187928426,2.12898814567426e-07,1.99702410899702e-06,7.45519833703783,"Down"
"CDC42EP1",-2.55603092020572,5.69456705393637,-10.445212988069,2.15522364171602e-07,2.01713589781965e-06,7.28828575000679,"Down"
"CALN1",-2.51165097411221,3.63987657097899,-10.4356593632027,2.1768930964891e-07,2.02197768666505e-06,7.48938149363834,"Down"
"OSR2",1.88358322183082,4.01125944379888,10.436856674275,2.17416457797523e-07,2.02197768666505e-06,7.36163893978357,"Up"
"SLC4A4",-2.21967519353576,6.10997444711678,-10.4386509045406,2.17008263519805e-07,2.02197768666505e-06,7.28113082927884,"Down"
"ABCA1",-4.41628822902303,3.59608575726069,-10.426173148251,2.19864148459227e-07,2.03737549023782e-06,7.48488648976413,"Down"
"DCX",-2.4103261161095,2.55158773705407,-10.4137607336874,2.22745188870863e-07,2.0595362847906e-06,7.53633805402159,"Down"
"APRT",2.04428606788231,5.31264503047672,10.3922283369022,2.27839745769372e-07,2.09129998968869e-06,7.25686671230099,"Up"
"EFNA2",1.6907079406953,4.92586613552707,10.3844553136425,2.29709480213101e-07,2.09856196146909e-06,7.24333510702941,"Up"
"ENOX1",-2.37066139917865,4.38368771261591,-10.3770918834393,2.31495904830074e-07,2.10620215089274e-06,7.3160363700232,"Down"
"PTGDR",2.40590837678584,3.41172695937337,10.3672116340298,2.33916421038316e-07,2.12173560213961e-06,7.29761110539954,"Up"
"RBFOX3",1.57777677502698,3.63883610384897,10.3457654467836,2.39264516238956e-07,2.16005540733323e-06,7.25116868804683,"Up"
"CD82",-1.61642889721889,7.40774593661468,-10.3322624707825,2.42699091626624e-07,2.18637061771565e-06,7.0646901470177,"Down"
"MNX1",2.61030779288765,5.23426616056028,10.3230218946103,2.45080006580306e-07,2.20310168308407e-06,7.17296051514987,"Up"
"TSEN15",1.52827465722838,5.11960381120127,10.311804089579,2.48004149405426e-07,2.21726195669095e-06,7.15886019796975,"Up"
"DCT",-2.54081590272887,2.15815180447072,-10.2939812491465,2.52727393812849e-07,2.25259352917511e-06,7.43641890560467,"Down"
"COL6A2",-2.13914897111971,2.4454992641437,-10.2718204401027,2.58735473507713e-07,2.29641379123829e-06,7.41084482126366,"Down"
"OGFRL1",1.66360032061999,4.21448745314956,10.2722464855148,2.58618531122109e-07,2.29641379123829e-06,7.14393289599266,"Up"
"TSHZ2",-2.73606088288583,5.40992621979284,-10.2634027900167,2.61057666865141e-07,2.3097152565755e-06,7.10526888310037,"Down"
"MAEL",-2.08564631320618,1.90220050574154,-10.2616008883919,2.61557664738956e-07,2.31014001353896e-06,7.3888317644005,"Down"
"CHIA",-1.63868286706149,4.02163429609251,-10.2572495623002,2.62769332843556e-07,2.31512164036197e-06,7.18326752850697,"Down"
"CRIM1",1.78925393204959,3.53550354281597,10.2513118522523,2.64432483312803e-07,2.3249058668693e-06,7.209838381077,"Up"
"PCBD1",-1.52652156963021,6.24680856275467,-10.2446738782277,2.66305176135238e-07,2.33263002017977e-06,7.01451537689297,"Down"
"SSX2IP",1.53110355364347,2.84303488911669,10.2431663943938,2.66732446857306e-07,2.33293846970621e-06,7.23491385349641,"Up"
"MYO1B",-2.87547987654706,5.85739117835668,-10.2270752419957,2.71339378010289e-07,2.36830863752964e-06,7.05648484309359,"Down"
"SETBP1",-3.28836763399042,2.83747863893004,-10.2176609627062,2.74074285072051e-07,2.37738250989303e-06,7.2285056140712,"Down"
"TPPP",-4.19018522329642,5.43000382250178,-10.2096575291801,2.76422626035204e-07,2.39281890479445e-06,7.09165789351909,"Down"
"VIPR1",-1.75548777041781,4.50316454666987,-10.1973342362825,2.80080852748142e-07,2.41241057017634e-06,7.12725576679816,"Down"
"FAM124A",3.17825054840516,1.04794422909389,10.1774878573813,2.86082113540697e-07,2.44623465785714e-06,7.31337326377087,"Up"
"PIT54",-2.28195738408129,4.97589503190578,-10.1662024515318,2.89556146363441e-07,2.4709182713002e-06,7.02274209276008,"Down"
"CDKN1A",3.06930480520749,2.82307506300202,10.1501314382604,2.94581794319017e-07,2.5073160904318e-06,7.21444171200224,"Up"
"HK1",2.4025746000203,3.16994388065656,10.1399859454251,2.97802633082123e-07,2.51830286909848e-06,7.12383529443426,"Up"
"FAM181B",1.60626822965266,4.50681607324993,10.1323753447085,3.00243557480392e-07,2.53639487212853e-06,7.04903500804651,"Up"
"RAP1GAP2",2.15147286662441,1.75565544939283,10.1302353399008,3.0093377925252e-07,2.53967584616921e-06,7.22916930329092,"Up"
"FRMD6",2.4443475684001,2.32408597850133,10.1250306118013,3.02619598493124e-07,2.54141707138022e-06,7.17995060579237,"Up"
"CHST15",2.17310719824399,3.02408874455552,10.115919518863,3.05595166039674e-07,2.55530191559346e-06,7.10799169615537,"Up"
"MICAL2",-1.69123122395661,5.11129844172321,-10.1152761491158,3.05806467105727e-07,2.55530191559346e-06,6.94318671301172,"Down"
"CALR3",2.2273788315871,2.39373828083646,10.1123199790539,3.06779377243739e-07,2.56075563504843e-06,7.23397578313539,"Up"
"HNMT",-1.99053561918206,2.49298952478414,-10.1105074167677,3.07377556511492e-07,2.5632059073218e-06,7.22859185001523,"Down"
"LPAR1",-2.98551295642175,4.57479762526731,-10.0858690328068,3.15634132120035e-07,2.62287988015078e-06,7.0124249413942,"Down"
"CBLN1",3.07524996289393,2.76211658577665,10.0838418777717,3.16323980523945e-07,2.62480273385451e-06,7.19506250420622,"Up"
"GUCA1A",-2.21400430936223,2.55961840459115,-10.0696174467421,3.21210393777094e-07,2.64707566429037e-06,7.15431842330521,"Down"
"RHOC",-2.39196382780445,5.12329975573682,-10.0703047768977,3.20972425619614e-07,2.64707566429037e-06,6.92026954395814,"Down"
"FGGY",-1.50297993520128,4.94612423928874,-10.061145555274,3.24159153858917e-07,2.65835781731864e-06,6.88927298834548,"Down"
"PLXNA4",-4.85901100870564,3.9825767580221,-10.059251945343,3.2482221865441e-07,2.66120170180935e-06,7.06222664670113,"Down"
"CPB2",-3.52148100241883,4.39378349927937,-10.0428099090539,3.30641162628448e-07,2.70098518675317e-06,7.01092680167777,"Down"
"MAML2",2.69295144898727,2.37728351582919,10.0245067755982,3.37250718589988e-07,2.7416691267789e-06,7.08784262312914,"Up"
"TRIM2",-2.0467306441662,3.45829629191435,-10.0211091760374,3.38493188050741e-07,2.74646256919859e-06,7.09021487687859,"Down"
"VAT1L",3.29814563021205,2.51308486947265,10.0088046776023,3.43034127013593e-07,2.76995119452243e-06,7.06861983644005,"Up"
"ADAMTS19",-2.61258193325536,1.87324482178676,-10.0000833027607,3.46292323749029e-07,2.79357968554586e-06,7.0842800975358,"Down"
"GUCY2C",-3.92391405808636,5.98494412929715,-9.99709836813325,3.47415079089098e-07,2.799952562697e-06,6.79716956471661,"Down"
"CEP85L",1.59342934583389,3.24291647975815,9.99489237109007,3.48247356267152e-07,2.80129374343386e-06,6.88793334598799,"Up"
"FOXP1",-1.94176092895116,5.83043085733152,-9.97500125027852,3.55849292908401e-07,2.85153900050599e-06,6.74951238427847,"Down"
"MPG",-2.25974281057887,4.42283897678156,-9.97275891316501,3.56717376155539e-07,2.85577545477897e-06,6.84616945000767,"Down"
"ASAP3",-1.50691731518573,6.50674311817641,-9.96616701714461,3.59282513566722e-07,2.87084811885128e-06,6.72632459230123,"Down"
"TACC3",-1.52779672486095,7.6299526833619,-9.93423351240127,3.71992497298538e-07,2.94377390900484e-06,6.67798469840621,"Down"
"PLPP1",-2.28138676981372,6.10908767988129,-9.93271826224037,3.7260746530665e-07,2.94377390900484e-06,6.67588041724644,"Down"
"ABCG1",2.05753105812133,2.55584343475957,9.92195678815909,3.77006569915098e-07,2.96461054136975e-06,6.95973999678978,"Up"
"PLCD4",1.67135223222745,1.3726402604821,9.92086069435404,3.7745775362427e-07,2.96538705788479e-06,7.02057885898038,"Up"
"GRIN2C",1.52132108430045,2.49284353126672,9.91522498282795,3.79786746941338e-07,2.97812272951018e-06,6.84884278833799,"Up"
"FBLN1",-1.53445840865053,7.42543757255641,-9.91108456549268,3.81507631281459e-07,2.98883166629627e-06,6.57761387204905,"Down"
"CTNNAL1",1.63103238302526,4.95167341732974,9.89911969638429,3.86527825022299e-07,3.02534429743035e-06,6.69703803237452,"Up"
"ACSM5",-3.77416976477153,1.68518836011556,-9.89431998320787,3.88561571926961e-07,3.03561473184165e-06,7.01689601011281,"Down"
"TAT",-3.15166826332985,3.51329721097263,-9.88796825144301,3.91270625726974e-07,3.04633676403538e-06,6.87862231233463,"Down"
"PRICKLE2",1.95223193630684,2.9850919410004,9.88598126692828,3.92122246056382e-07,3.04646036779169e-06,6.88140624018471,"Up"
"MYO3A",-2.05041140062992,1.67429370271048,-9.87423543357167,3.97197332231049e-07,3.08020124736594e-06,6.98471624792039,"Down"
"ADGRG2",-3.96708581383588,5.98574876962209,-9.85461798893144,4.05831477416721e-07,3.13847982627232e-06,6.63305664672011,"Down"
"SOX13",2.09682774326246,2.81188543289752,9.85162052079256,4.07168392516024e-07,3.14104732238595e-06,6.8161573416693,"Up"
"IL2RB",-2.79230032844231,2.33406958949414,-9.850095755153,4.0785027428466e-07,3.14253865186001e-06,6.94520753271049,"Down"
"STK17A",3.37025848839817,2.3110329843514,9.83310340695433,4.15532842067691e-07,3.19122754361647e-06,6.93021487148121,"Up"
"FOXN3",-1.7427321774892,5.74113092792752,-9.82724166246954,4.18218973124838e-07,3.2077433362556e-06,6.62007727817115,"Down"
"MPP2",-2.97565273236618,2.96692853123751,-9.82389278159061,4.19761952843222e-07,3.2137189001118e-06,6.83946451642995,"Down"
"STS",-1.66953873528064,5.69782144990104,-9.82161908951418,4.20813027534391e-07,3.21883710334033e-06,6.57451181697563,"Down"
"FFAR4",-1.58782071635238,3.06690188178261,-9.81858793222682,4.22218657217578e-07,3.22372756971751e-06,6.85086996649925,"Down"
"HAAO",-2.53529216347073,0.996155882789051,-9.81090648988907,4.25803372290812e-07,3.23641334639105e-06,6.8845308318778,"Down"
"PPARG",-1.97024924877615,4.2008539336642,-9.80846206294899,4.26950960654569e-07,3.239283483271e-06,6.62436257627788,"Down"
"HNF1A",-2.99777807524218,5.99403515885881,-9.79482318519883,4.3341527152092e-07,3.27590134517178e-06,6.54095698468303,"Down"
"NGEF",-4.21590324626884,2.08061820143533,-9.78745286317875,4.36952189077659e-07,3.2891370418361e-06,6.902416899131,"Down"
"DOCK3",3.47448106319644,3.05368860890289,9.78787770539651,4.36747473757197e-07,3.2891370418361e-06,6.77718280911049,"Up"
"IRX1",-2.44915927167923,2.40245253973481,-9.77137197068324,4.44777208063943e-07,3.33246253664293e-06,6.73547802117931,"Down"
"MAP4K4",-1.57907758633428,8.05948482148434,-9.74375396712462,4.58569449240677e-07,3.40547515084824e-06,6.40899759022639,"Down"
"DLL1",-3.34321676181658,5.89618337047585,-9.72641444794288,4.67462795063272e-07,3.46207716862448e-06,6.48037565192637,"Down"
"GNG4",1.54356843262333,3.52684403971969,9.72336397209144,4.69046429011552e-07,3.46493121484039e-06,6.63277297982233,"Up"
"SLC2A9",-2.75671667158864,5.29944597751279,-9.7185965322894,4.71532957349699e-07,3.48024412556172e-06,6.49221350007751,"Down"
"GPR85",3.00750598376776,1.67095062451197,9.71649059880406,4.72635840125396e-07,3.48227492015331e-06,6.81963768155385,"Up"
"SGPL1",-1.82114192025873,5.93497667664774,-9.71488461899221,4.7347875670761e-07,3.48238658998062e-06,6.43978906943411,"Down"
"NEURL2",2.19006644254456,3.2021834297263,9.71226914486195,4.74854973518214e-07,3.48945829448232e-06,6.64139086235345,"Up"
"TRIM29",-2.71548146639431,4.82910443740928,-9.6630860286179,5.01550006920673e-07,3.65371580799181e-06,6.46736229003791,"Down"
"B3GNT5",1.97301106381412,4.83925629627781,9.64951316379266,5.09197347012893e-07,3.69343661876421e-06,6.42217865044525,"Up"
"SLC6A9",-2.25891209124716,2.15319489703947,-9.64132427180606,5.13871659519163e-07,3.72092611290382e-06,6.68362192292009,"Down"
"NECTIN1",-1.89369440881095,6.14543908738835,-9.62322164796308,5.24369075135164e-07,3.77420136714052e-06,6.32817935871557,"Down"
"KCNIP1",-2.07319322519551,2.61613193988073,-9.57320149807975,5.54589845719812e-07,3.93450165420447e-06,6.5989624969796,"Down"
"CAT",-2.4145215371165,7.1090576064097,-9.57163130246785,5.55568267209327e-07,3.93812249393368e-06,6.25660788076569,"Down"
"SLC2A10",-1.5156681818618,4.93778942561999,-9.54227074614297,5.74208731572245e-07,4.04931949394064e-06,6.28522578671242,"Down"
"FGFRL1",-3.57091956562103,5.25627830033829,-9.53851167228272,5.7664334309429e-07,4.06014819146055e-06,6.30599583697841,"Down"
"SCUBE3",2.29110551141549,1.34185767437387,9.52717506871461,5.84052950311844e-07,4.10543270169977e-06,6.57544203966045,"Up"
"ATP10B",-3.73864704044955,5.33103788024428,-9.52643731984377,5.84538670862411e-07,4.10543270169977e-06,6.3125778136429,"Down"
"PHOSPHO1",-2.79845948925969,5.51581379761161,-9.52079344175599,5.88268870873785e-07,4.12818538743288e-06,6.24333026681688,"Down"
"ZMYND11",-1.84320103860872,7.06943739427703,-9.50796643473645,5.96841935210455e-07,4.17442065075708e-06,6.18101924539327,"Down"
"CARD10",-2.05929630628128,2.97806405237654,-9.50170095678461,6.01078179642878e-07,4.19707203611218e-06,6.50324694667013,"Down"
"PPP1R3D",1.54728666826149,3.44059888078235,9.50060706957003,6.01821086128461e-07,4.19877497403389e-06,6.31131174834377,"Up"
"YPEL2",-1.68564268775852,6.685445706025,-9.47904341363137,6.16668841723443e-07,4.28460085405537e-06,6.15016359581547,"Down"
"PPL",-2.25161875921168,4.03418579643558,-9.47256636785898,6.21205034043583e-07,4.31052052077653e-06,6.32955126497002,"Down"
"USP40",-1.85152864073905,5.02665006469931,-9.47100433158574,6.22304354060964e-07,4.31052052077653e-06,6.19994645382568,"Down"
"MFSD12",2.15136515294055,1.1745089953021,9.46181821215828,6.28811678572735e-07,4.34742930444618e-06,6.53739609850697,"Up"
"PLEKHA2",2.13422281190308,4.50924185647701,9.43207066722277,6.50390322082216e-07,4.46725238367328e-06,6.18982236060858,"Up"
"DNAJB9",1.55429888689506,5.34094493913399,9.42589175911414,6.54971325776066e-07,4.49138446216774e-06,6.15491418803434,"Up"
"XYLB",-1.5879090530789,6.07441668745575,-9.42246341008033,6.57528003426555e-07,4.50157902427261e-06,6.09467865182502,"Down"
"TSKU",-5.42616284646613,5.76031538747375,-9.41747445508373,6.61267641435778e-07,4.51982610482586e-06,6.17464476507378,"Down"
"KIF21A",-1.63899641612305,6.85952402397677,-9.40108079060955,6.73717600837213e-07,4.57611146345421e-06,6.09298738612549,"Down"
"CDO1",-2.02894480363053,5.73933987970464,-9.40090383441532,6.73853351939597e-07,4.57611146345421e-06,6.07830586645818,"Down"
"APOB",-5.12348151085204,7.16847789272561,-9.40005366211379,6.7450596684729e-07,4.57684935891378e-06,6.06407953436466,"Down"
"PAX3",3.06254953884228,2.22300801868554,9.39654474616237,6.77206687187695e-07,4.58777541545673e-06,6.43009381535446,"Up"
"OTOP3",-2.49166570011879,2.93811090802478,-9.38250150918278,6.8813208087074e-07,4.64682450116084e-06,6.40261823940178,"Down"
"TNFRSF11B",-3.14611146910359,3.71356872487644,-9.36920859076611,6.98648079716872e-07,4.70148807007635e-06,6.30209757857875,"Down"
"C1S",-1.60547992869725,4.63805653667789,-9.35177257026386,7.12703794440861e-07,4.77443449556163e-06,6.12003626923839,"Down"
"MOB3B",-1.76771770537239,4.71955856291459,-9.34398457116675,7.19079669174187e-07,4.80948834374532e-06,6.06884988659176,"Down"
"SLC4A10",-3.78751498945593,2.95998757645949,-9.33124542335052,7.29641208228201e-07,4.86466016325839e-06,6.20650589695835,"Down"
"CAPN13",-3.34330814330606,5.55696867840528,-9.31724917957548,7.41437092112575e-07,4.91991458441262e-06,6.00963458253326,"Down"
"SLC22A16",-2.5470673015238,2.51532953888828,-9.30815565719281,7.4921052459487e-07,4.95341739856387e-06,6.28006618311987,"Down"
"NR1H4",-4.25281297041627,5.76693511498565,-9.30857714750222,7.48848295933102e-07,4.95341739856387e-06,6.01669831612722,"Down"
"CPT1A",-1.82696521101739,6.81742886075993,-9.30686082593162,7.50324478163516e-07,4.95543968545355e-06,5.92975629058668,"Down"
"CPEB4",-2.73794645013628,3.53770791169817,-9.29727524987007,7.58626484863277e-07,4.99458782757403e-06,6.15644064474818,"Down"
"KCNK13",4.03867154530435,1.5850031360895,9.27937094021422,7.74398343271583e-07,5.07460098153201e-06,6.3405642580739,"Up"
"PI15",-2.95319135752765,5.19659609031386,-9.27015786809773,7.82650832848076e-07,5.10126842424416e-06,6.01605986585543,"Down"
"DAB2",-2.30458105152318,2.91716875626871,-9.26801750316327,7.8458150641337e-07,5.10554431164895e-06,6.30418665899095,"Down"
"FERMT1",-1.6307554233992,5.9634211897351,-9.23575893566163,8.14306692518745e-07,5.27450077817762e-06,5.86653126505023,"Down"
"ADAMTS1",2.24957773320918,2.20182545630605,9.22686757396058,8.22710486852915e-07,5.31665594192045e-06,6.10286738060364,"Up"
"KPTN",-1.62631897993487,5.32736817649778,-9.21623977396234,8.3287770915466e-07,5.36998700753051e-06,5.87026460247749,"Down"
"ATP7B",-4.52364201631789,4.37682909995824,-9.20428814614597,8.44472586256093e-07,5.42810721219157e-06,6.04493823010353,"Down"
"RGN",2.34401816282722,1.61264778462711,9.19111936776132,8.57449023098129e-07,5.49039707772702e-06,6.18138825451682,"Up"
"TBX2",-2.88909144858084,6.04702837534378,-9.19048604613113,8.58078459378539e-07,5.49039707772702e-06,5.82586708975896,"Down"
"SOCS2",3.315034040396,3.95677381128377,9.18400074756383,8.64552560549368e-07,5.51504567434601e-06,6.030787803583,"Up"
"PDK4",-3.29651381425704,7.06606868192947,-9.1814347110194,8.67128611292314e-07,5.52728798137389e-06,5.78345403110464,"Down"
"FRMD4B",-3.63974013820077,4.33536288228274,-9.1786897692691,8.69893379272288e-07,5.53652261210063e-06,6.00535160689375,"Down"
"RAB36",-1.74909226920118,6.28577882030749,-9.15798616057461,8.91053540473391e-07,5.65409086692542e-06,5.73649757356922,"Down"
"RRAD",2.1152631072354,1.70891457080137,9.15683368962778,8.92247529054382e-07,5.6574006853531e-06,6.13830988869336,"Up"
"SPEF2",-4.0389626636276,1.95999733441826,-9.14749655009983,9.01984524027614e-07,5.71053256972787e-06,6.19100220259102,"Down"
"INSR",-1.82637804595074,6.91577009949925,-9.14294284581955,9.06774512501746e-07,5.7279284896319e-06,5.752709740707,"Down"
"RBM47",-4.74913047401579,5.08784492607275,-9.13909265501849,9.10845763371235e-07,5.74501967991422e-06,5.9066689622172,"Down"
"DCLK3",2.27962056345204,1.76175533825813,9.11480129648002,9.36987978901131e-07,5.87467723880337e-06,6.05319467232227,"Up"
"EBF2",1.54236361639842,0.943466551839144,9.10991348352007,9.42344790095151e-07,5.90386378545093e-06,6.14963051841058,"Up"
"MYO6",-2.18031117855482,5.94088144551101,-9.10573210227454,9.46953446428151e-07,5.92391546338027e-06,5.72449013462574,"Down"
"XDH",-3.0503179415602,4.68080997410169,-9.09292268517581,9.61222827510096e-07,5.99046452183883e-06,5.80796634156272,"Down"
"RBM24",1.60005475192306,2.65757130336464,9.08032046393122,9.75486574866812e-07,6.0484480773245e-06,5.92106336548952,"Up"
"CAV1",-1.58527755487688,4.89306145938072,-9.07878331190431,9.77241857557587e-07,6.05041426746839e-06,5.725491254844,"Down"
"FAM161A",1.91532283378861,2.37306004912242,9.07183433562261,9.85219292882278e-07,6.08636940551504e-06,5.94399837109669,"Up"
"IGFBP3",-1.60004007819684,5.71083222630345,-9.06645006400731,9.91448441429491e-07,6.11587037110538e-06,5.65654331781785,"Down"
"BST1",-3.39451364300371,4.29110146113403,-9.06219534312891,9.96400656877956e-07,6.13741956586466e-06,5.87688408680814,"Down"
"MELTF",-2.8614717753888,6.68642493242439,-9.06122809208051,9.97530168750068e-07,6.13883405070217e-06,5.66756741513584,"Down"
"PDE7B",1.79591287350048,3.46579333450561,9.05129663181625,1.00920740189011e-06,6.18461112855309e-06,5.76221195061641,"Up"
"TPBG",2.72479901957588,4.07272656669369,9.0425616164826,1.01959903056783e-06,6.23467023488204e-06,5.83477125335974,"Up"
"KLHL25",-1.69305689240181,5.2296383122843,-9.03547987460061,1.0281080290226e-06,6.27757689128891e-06,5.65980007133489,"Down"
"PRUNE2",-2.12015532305211,4.42792305625616,-9.0312077176484,1.03327798449278e-06,6.30453791061485e-06,5.68813762669113,"Down"
"NUMB",-2.06257223078188,6.94714359931258,-9.02547051653123,1.04026475023854e-06,6.32884136551485e-06,5.63083585615426,"Down"
"CORO2A",-2.62512483220201,3.34367158095311,-9.0210164668239,1.04572380816321e-06,6.34670829154078e-06,5.9226805404825,"Down"
"MYH15",-1.7488967340284,2.57291811868271,-9.02058543544711,1.04625372440742e-06,6.34670829154078e-06,5.86706776977262,"Down"
"PLPP3",-3.60227356142154,6.36511588200152,-9.01615883891014,1.05171253395812e-06,6.36626565519684e-06,5.59694759133937,"Down"
"ALS2CL",-3.2886582060179,4.39969533553501,-9.00452448575386,1.06620592499127e-06,6.43086498414089e-06,5.77091558747279,"Down"
"MYCL",2.04704556917783,5.81482404159685,9.00117855432376,1.07041361787231e-06,6.45161904067167e-06,5.61572458581048,"Up"
"CHST1",5.9852482204044,1.24205406365762,8.99626202777495,1.07662874359382e-06,6.47979559985582e-06,6.01755992450941,"Up"
"FSTL4",-3.07172485110668,6.99057582707466,-8.99273904137951,1.08110603727042e-06,6.50209163516323e-06,5.58894214730566,"Down"
"SERPINA10",-3.06308819259035,5.54942149333031,-8.98565999782164,1.09016310755561e-06,6.5425337995527e-06,5.64477315072154,"Down"
"SLC2A5",-2.63016751433985,3.89686490635513,-8.96574721471844,1.11607883817445e-06,6.66478874691255e-06,5.78802954899251,"Down"
"CISH",1.86509538366204,4.69548227524659,8.95333377462794,1.13256800356621e-06,6.75366915804829e-06,5.58027287473669,"Up"
"BAIAP2L2",-2.74219374454413,3.7689576469305,-8.9427772235144,1.14679607639023e-06,6.80475471561876e-06,5.7881526110779,"Down"
"SLC38A4",-4.42699269897658,6.13191766893897,-8.94028826486124,1.15017851407835e-06,6.82001551617708e-06,5.54298890399457,"Down"
"SFXN5",-1.52487178076387,4.09592499370083,-8.936372423216,1.15552171420395e-06,6.84687303050145e-06,5.63345333720752,"Down"
"NAALADL2",-1.85810308976417,4.43218641258277,-8.93350588568028,1.15944999154241e-06,6.8653147282462e-06,5.57618513765015,"Down"
"OLFM1",-1.59988309803367,3.75821610436777,-8.93208714879619,1.16139950820992e-06,6.87202212523084e-06,5.69269043928054,"Down"
"NFKBIE",2.85021295065606,3.2105130621421,8.92984776814613,1.16448384107108e-06,6.88543010454816e-06,5.84185524222379,"Up"
"EML4",-2.18321641983887,7.1311745769731,-8.92874965495832,1.16599949557713e-06,6.88955039029915e-06,5.4977650377285,"Down"
"ATP8A1",-1.76114702879526,5.15575774508174,-8.90868591078504,1.19406761557552e-06,7.00619589780504e-06,5.52163707791006,"Down"
"TOB1",-1.80660525947165,7.14689658171715,-8.90916253438937,1.19339251199663e-06,7.00619589780504e-06,5.43087059365502,"Down"
"TMEM35A",2.29774421899032,2.91905903551514,8.90249462697247,1.20287441494723e-06,7.04803992156405e-06,5.77545516877587,"Up"
"FAM110C",-1.7485762793821,4.33579889842286,-8.89210364284239,1.21781190505854e-06,7.11574261747399e-06,5.6638769612875,"Down"
"HGFAC",-2.31030357861611,5.26526044665947,-8.88550835316984,1.22739595514955e-06,7.16676583388504e-06,5.49363397428937,"Down"
"SFRP5",2.53829952252752,1.13578297062772,8.8833411123675,1.23056293322636e-06,7.18027497931109e-06,5.86695676371614,"Up"
"HEBP1",-1.87904100143509,6.27561946464531,-8.87496804108345,1.24288097190222e-06,7.24210560774606e-06,5.41426955916712,"Down"
"SLC41A3",-2.39477841865426,3.22743220974569,-8.86480245722282,1.25801391741283e-06,7.32521045059621e-06,5.77200538196128,"Down"
"SLC5A12",-4.18318879225322,1.13061918203739,-8.81787435260378,1.3304782362427e-06,7.67808222204805e-06,5.80932253527784,"Down"
"CDK18",-2.45411878507046,4.59571894745385,-8.8161913540782,1.33315874132565e-06,7.68827803256617e-06,5.43604117928224,"Down"
"OXLD1",1.51728307453351,3.61004448349474,8.81391259002582,1.33679734429001e-06,7.70398140743574e-06,5.48856291054449,"Up"
"GJB2",-2.35756618603552,2.08122165905044,-8.7942778743105,1.36859334817225e-06,7.8389002256782e-06,5.74954506631543,"Down"
"ALAS1",-2.46759472216251,7.3612669682206,-8.77129965091228,1.40683599929256e-06,8.02516481223569e-06,5.30327588819128,"Down"
"WNT4",3.39548292310062,1.10783476564607,8.77065108861893,1.40793187645246e-06,8.02597480248715e-06,5.75671029195354,"Up"
"PLCXD3",2.18771584535743,1.02306530204355,8.758394142288,1.42881534113928e-06,8.11752348436589e-06,5.74289720452321,"Up"
"MSS51",1.54996677143848,1.29355153369639,8.74412287592754,1.45354975093701e-06,8.23580310059526e-06,5.70237295824757,"Up"
"ANXA7",-1.64586218052173,4.63607406392473,-8.73153210223082,1.47575260272716e-06,8.32795600224435e-06,5.37950410780254,"Down"
"ACO1",-1.62853997388471,7.45501521245119,-8.72868874949835,1.48081674741317e-06,8.3453396602374e-06,5.18833164008819,"Down"
"MTHFD2L",1.67226727168441,3.22658765596518,8.72315832238986,1.49072009048463e-06,8.39552800625014e-06,5.400761746215,"Up"
"MYO7A",-3.13922341568004,1.92495369220664,-8.71602499527567,1.50359864106669e-06,8.43418597729007e-06,5.66863712338052,"Down"
"BDH2",-1.76367236956746,7.03775331239852,-8.71073468180884,1.51322675127593e-06,8.47689073584266e-06,5.11946910231642,"Down"
"BCHE",-3.38824257328197,6.09432071140758,-8.69891380824247,1.53497961458042e-06,8.58160696151472e-06,5.20912853340502,"Down"
"DENND2C",1.85650610945636,3.60485000151638,8.69453025073174,1.54313119659424e-06,8.61001716720422e-06,5.32040462771957,"Up"
"SYT2",2.72060014108844,0.93493614597944,8.69296874613913,1.54604613110167e-06,8.61485572654931e-06,5.66590278371598,"Up"
"AGTPBP1",2.46938664753279,1.2652340453767,8.68766367377377,1.55599349652281e-06,8.65881566120565e-06,5.63600815570041,"Up"
"EIF4E3",-1.81160714428299,5.13101257963768,-8.68627024270092,1.55861762492034e-06,8.66768585332434e-06,5.22335192053562,"Down"
"TMPRSS6",-3.41964138796169,5.73525250992101,-8.6824510675277,1.56583427704954e-06,8.70206711168747e-06,5.21187289879586,"Down"
"C1QTNF6",-3.15281720985294,5.38529806599069,-8.68184891273575,1.56697536141321e-06,8.70266052206651e-06,5.24857287702824,"Down"
"TOM1L2",-2.18692142876645,6.70695599241187,-8.65447962229752,1.61979216044576e-06,8.93700409048565e-06,5.15823373007214,"Down"
"ADGRG1",2.14684889085214,1.67032494554389,8.6330491025903,1.66247883439931e-06,9.13657538382481e-06,5.59449191436243,"Up"
"MAOA",-1.51123584481441,3.43633983721337,-8.63040460771534,1.66782923818845e-06,9.14805424388371e-06,5.34849300337553,"Down"
"PRDM4",1.77858127910775,5.05671965183868,8.627120759186,1.6744988770725e-06,9.1726780935469e-06,5.14940230826436,"Up"
"A1CF",-2.85157394023235,5.80350830913799,-8.62427368045951,1.6803045361196e-06,9.19251129187925e-06,5.12412929261466,"Down"
"SRSF5",-1.69173657367587,6.63841813938778,-8.61264211220096,1.70424809482806e-06,9.25618259901109e-06,5.08321277981982,"Down"
"PLA2G12B",-2.36973807819094,5.49217554469643,-8.61083111925562,1.70800877438328e-06,9.25978468277119e-06,5.11383166976441,"Down"
"RHBDF1",-1.76917728345339,7.27082580226027,-8.59784246036184,1.73524263499074e-06,9.3591868787257e-06,5.03983410143348,"Down"
"BPHL",-1.71370980802743,5.25004706108162,-8.59361687681043,1.74420254027905e-06,9.40148633818574e-06,5.10241289923775,"Down"
"BRINP1",-3.13437855897534,1.19691948661929,-8.58813498500588,1.75590020711376e-06,9.44638385080257e-06,5.51608664137886,"Down"
"TMEM200B",2.28434462526077,2.93225133428142,8.58634721105843,1.75973323420263e-06,9.46095554797506e-06,5.29752267906068,"Up"
"HYAL2",1.82944589841198,5.47979394635162,8.57666794244398,1.7806419643854e-06,9.54287992887821e-06,5.07530511128858,"Up"
"TRIB1",-2.22043381216494,6.52520526134404,-8.56332512017929,1.80990174039858e-06,9.66040369570951e-06,4.94654804963075,"Down"
"MOV10",-1.78531164565942,3.16237870971751,-8.55704038396395,1.82386164798214e-06,9.71879158082438e-06,5.26533832952497,"Down"
"SHH",-1.55584423971996,6.03013086789975,-8.54498928977367,1.85095354080851e-06,9.82581898571786e-06,4.94375391615831,"Down"
"KNG1",-4.84297276344219,7.24042313477628,-8.53658320032943,1.87010607509576e-06,9.92123109448659e-06,4.97034280311008,"Down"
"GAS2L3",-1.50720334239611,5.21729687623547,-8.51859710810955,1.91180219911615e-06,1.00852060836134e-05,5.00990048088773,"Down"
"HOXB8",-2.49118347949838,5.3869118291947,-8.51794188812071,1.9133398246727e-06,1.00869932862131e-05,5.0445446871534,"Down"
"RPIA",-2.00454400384679,6.42730575756989,-8.5026583915509,1.94958430871466e-06,1.02268094598037e-05,4.91549482618211,"Down"
"C1QL3",4.63590589249117,1.94957222086647,8.48923317443127,1.98202859704364e-06,1.03582537984629e-05,5.42136622474836,"Up"
"MAFA",3.23509397692717,1.66228995357226,8.46692346006767,2.03722892554671e-06,1.059409405411e-05,5.39343476363697,"Up"
"CLDN1",-2.2060477365283,6.32817348032057,-8.46243133016362,2.04854144450375e-06,1.06463420099163e-05,4.87229293634611,"Down"
"PRICKLE1",3.31181851963782,2.04019739377601,8.45860809567234,2.05822245785797e-06,1.06702919041386e-05,5.33173212398551,"Up"
"VANGL2",1.62161683561601,4.53554833688875,8.45128655605491,2.07689867177236e-06,1.07472481084211e-05,4.96482904907144,"Up"
"NEDD9",-2.2754000063743,6.30509582730828,-8.4495392228868,2.0813826306129e-06,1.07638312562857e-05,4.86874643910974,"Down"
"FRY",-1.67528270142084,3.16502216303567,-8.4446254114187,2.09404795460919e-06,1.08027709933058e-05,4.98348657139617,"Down"
"DGAT2",1.97668942233491,2.99019000421034,8.43450572008703,2.12039203742466e-06,1.09185915562369e-05,5.14349719148532,"Up"
"TCTE1",2.64519137721806,0.720490277970419,8.431082263302,2.12938426968285e-06,1.09514909811195e-05,5.35215912246607,"Up"
"NPR3",-1.62040352056935,7.15866864399537,-8.39639834115814,2.22282330661378e-06,1.13008068289114e-05,4.73443474791291,"Down"
"NUAK2",-1.60645471297501,4.32872976550542,-8.37579902636361,2.28038769243116e-06,1.15376921491977e-05,4.89163713782401,"Down"
"ST3GAL1",1.95825727872641,3.91875384908383,8.37081455441742,2.29455508762507e-06,1.15815156012462e-05,4.90933304048273,"Up"
"SYT6",-3.44242678838882,1.48744801776294,-8.36793001020053,2.30279684909661e-06,1.1602235142694e-05,5.26940416988021,"Down"
"C11orf52",-2.84283438878061,5.09128539821479,-8.3633690749307,2.31589313368101e-06,1.16403374114648e-05,4.88112696762551,"Down"
"CREB3L3",-2.78545878756214,6.58958456554446,-8.36350683673629,2.31549639874403e-06,1.16403374114648e-05,4.72430145473723,"Down"
"NRG1",-1.64847908503284,1.20880702504184,-8.36093496075964,2.32291505652536e-06,1.16657162606343e-05,5.24164976528001,"Down"
"ZNF516",-1.91191832985135,6.47204425020367,-8.35896131150562,2.32862535843293e-06,1.16833952092157e-05,4.79053663021777,"Down"
"RASSF6",-1.80135129666804,2.96446722276311,-8.34507463850011,2.36923041474494e-06,1.18447443313511e-05,5.13980461505495,"Down"
"CRYBA2",-2.45318915738296,1.44149521270154,-8.34015262722673,2.38380384150156e-06,1.190345728332e-05,5.24266907244803,"Down"
"EGR3",4.64215525261836,2.49008292888944,8.33886984650159,2.38761772345406e-06,1.19102402680951e-05,5.11490748441862,"Up"
"TMEM59L",3.58454284738872,1.98994917452954,8.33730351036075,2.3922835103481e-06,1.19245695829792e-05,5.18538383029135,"Up"
"SERPINF2",-2.36084628545267,6.18658815608844,-8.30700325616831,2.48448813582145e-06,1.23039924513253e-05,4.65765084012021,"Down"
"CACNA1C",-2.59047957213867,1.7190836502322,-8.30645518035703,2.48619055859573e-06,1.23051808000144e-05,5.0732104814287,"Down"
"TDO2",-5.4502626481605,5.22950421857336,-8.29347065758799,2.52689007719933e-06,1.2462633710173e-05,4.89860179821615,"Down"
"FER1L6",-1.57371599287524,3.14111990832616,-8.28768928127804,2.54524042754254e-06,1.2531101788966e-05,5.07007519387846,"Down"
"HS3ST2",3.12936897961426,1.28289421135852,8.26955290945239,2.60373720794593e-06,1.27668093634365e-05,5.12392491958264,"Up"
"CLRN3",-1.64591982684932,5.13734477036768,-8.26121548213382,2.63110972274768e-06,1.28785091374049e-05,4.69342972714459,"Down"
"KLF6",-2.20365546714108,4.65144988880362,-8.25090984712238,2.66537019458367e-06,1.29860957848492e-05,4.71298190873923,"Down"
"AGPAT3",-1.77171816977549,6.71275345480921,-8.25037165278692,2.66717245318243e-06,1.29860957848492e-05,4.58069413210194,"Down"
"LIPC",-1.71273415183831,2.0146150838844,-8.24353375185635,2.6901844758834e-06,1.30763790757267e-05,5.09819947986697,"Down"
"SIM1",-1.66377051405766,3.43680627090835,-8.23560546283198,2.71713225102807e-06,1.31541718988206e-05,4.73577669356688,"Down"
"ADD3",-2.53532183190648,7.66792032765894,-8.21230429339329,2.79801651443855e-06,1.34759650558019e-05,4.57509068808575,"Down"
"FBP1",-2.53969006265345,7.07814498498087,-8.2061190625639,2.81991693636574e-06,1.35504175343126e-05,4.49894036694453,"Down"
"NCALD",-2.28877579771585,6.47846828087484,-8.20381502518545,2.82812179189888e-06,1.35820871900897e-05,4.50597722636615,"Down"
"CNIH3",2.4685964927466,1.50758016528508,8.19292980801482,2.86723168280027e-06,1.37385463434405e-05,5.0111660306446,"Up"
"SAR1B",-1.5922449618675,7.49185340686479,-8.19203648466532,2.87046692439286e-06,1.37462200921124e-05,4.53048866654558,"Down"
"FAM110B",2.41626445995284,3.61603558713671,8.1863579191894,2.89112381471205e-06,1.38372672224046e-05,4.78055203473933,"Up"
"DLC1",-1.56578589533413,2.72290783140142,-8.17695125598324,2.92569303419827e-06,1.39239141572913e-05,4.88332723290874,"Down"
"HOXA4",2.60172486616562,3.62669591872961,8.17686924023768,2.9259963767561e-06,1.39239141572913e-05,4.66683810723979,"Up"
"SLC51A",-2.62087562796901,4.63488953796282,-8.17744321666869,2.92387417952262e-06,1.39239141572913e-05,4.64601216657209,"Down"
"NUDT5",-1.53917175080682,7.87740800257793,-8.17083519884786,2.94840635989177e-06,1.39920423644272e-05,4.48011184917158,"Down"
"MTTP",-3.07670902958991,6.97491457493317,-8.15870634258253,2.99400930769385e-06,1.41685007395591e-05,4.47782060406778,"Down"
"MAN1A1",-3.09548032961592,6.80158149303537,-8.15912020033321,2.99244088608473e-06,1.41685007395591e-05,4.45365765047368,"Down"
"ASPHD2",2.69066571659943,1.70789479283756,8.15418908940707,3.01118589855025e-06,1.42337742417988e-05,4.98882731854265,"Up"
"STYK1",-2.61093983059879,3.54995586023395,-8.15456303792088,3.00975998794166e-06,1.42337742417988e-05,4.82561249158682,"Down"
"OTOP2",-1.64969350333389,1.63955221015802,-8.1372502834163,3.07653925793087e-06,1.44776293714935e-05,4.94599391293621,"Down"
"PDP2",-1.67937317938604,5.58024739560264,-8.13289499095154,3.09358689471112e-06,1.45334674104407e-05,4.48652557222135,"Down"
"PCDH1",-2.38404632837931,7.28607684173901,-8.1191787147146,3.1479389154541e-06,1.47394312936176e-05,4.39459708782489,"Down"
"BUB1B",-1.73707597937846,6.73687178778073,-8.11473060116863,3.16578354226462e-06,1.47900625900136e-05,4.44360673076348,"Down"
"PALMD",-3.37620491090774,2.69171926905522,-8.11311469817321,3.1722928672803e-06,1.48049260644901e-05,4.93976353908962,"Down"
"CHRD",2.57622158481332,1.76800759072104,8.11263110171447,3.17424371527694e-06,1.48049260644901e-05,4.82491635164328,"Up"
"CRYAA",2.81757480712269,1.28333158988906,8.10845332262834,3.19115055961855e-06,1.48672983436492e-05,4.90900851091268,"Up"
"CAMK1D",-2.8134901450061,4.72306743172843,-8.08938357026907,3.26955520206287e-06,1.51654010309575e-05,4.55087160305821,"Down"
"WNT16",3.54338701308991,1.21999085191321,8.07773062023442,3.31847790151176e-06,1.53247382345334e-05,4.92053127267101,"Up"
"DIRAS1",2.84101054757903,3.63434402643503,8.07292820633434,3.33886716219989e-06,1.5401989201069e-05,4.59620548820034,"Up"
"CDK6",-1.6158058244475,8.18196524547272,-8.0643485108442,3.37562751635588e-06,1.55545070770089e-05,4.41734770594342,"Down"
"HOXB6",-1.88362135685128,6.76478705522426,-8.05583234898719,3.41254390326376e-06,1.56988214336037e-05,4.3058304611877,"Down"
"TFPI2",2.36756543602571,5.07746921871505,8.05443847214307,3.41862716287934e-06,1.57182125401458e-05,4.40623549075277,"Up"
"AFAP1L2",2.62796944824978,1.31392068048883,8.05022202436994,3.43709958081188e-06,1.57923440269874e-05,4.87504956676053,"Up"
"CIDEC",-1.54633648035758,5.76506558735727,-8.04808325129684,3.4465103958904e-06,1.58118530376346e-05,4.36717769144309,"Down"
"NT5M",-1.66403181905632,5.45744972599294,-8.040601478561,3.47964828746626e-06,1.59341849006222e-05,4.35296034324059,"Down"
"TIMP3",-2.1992705001662,6.930409062946,-8.03697515454796,3.4958322350996e-06,1.59945255171985e-05,4.25735612387351,"Down"
"KLHL17",1.50721854831735,2.57040240185558,8.02822129279729,3.53523244276897e-06,1.61396884283549e-05,4.71612775139533,"Up"
"JAK3",2.6681756414098,1.42307157743792,8.0275799426859,3.53813769787048e-06,1.61441922938624e-05,4.74872226564267,"Up"
"PTPRM",-1.50743513242227,5.76448385776411,-8.02356723097204,3.55637294280702e-06,1.62077268554723e-05,4.33059083632599,"Down"
"OLFM3",-2.23992824692938,6.29623806670026,-8.02324520812107,3.55784068244086e-06,1.62077268554723e-05,4.31237591819064,"Down"
"RABIF",1.52059520737403,6.51687990262605,7.99369458695348,3.69532461114645e-06,1.67163770312829e-05,4.21018315373105,"Up"
"GATM",1.94094665588113,1.45743391587686,7.98080055348428,3.75708378618189e-06,1.69411055610581e-05,4.75060448111083,"Up"
"FAT1",-1.56792344915972,7.3621667741801,-7.97538844480066,3.7833343387175e-06,1.70503348291211e-05,4.29964704266206,"Down"
"JPH1",-2.22440645982201,7.29861595223891,-7.92932807442693,4.01484059284735e-06,1.7920885277569e-05,4.16572576227959,"Down"
"GIMD1",-3.73278385136602,4.43138012762523,-7.92163173116168,4.0549781077665e-06,1.8052161798279e-05,4.47773157763198,"Down"
"INSC",-3.14491234633231,1.15603166280755,-7.91923985426245,4.06753926256594e-06,1.80985062692913e-05,4.71505954804656,"Down"
"PDE3A",-2.20460191502841,5.91713917111516,-7.91455387085487,4.09226882070812e-06,1.81893026188262e-05,4.18783878958413,"Down"
"TCEA3",-2.64846405143626,4.22017383397601,-7.90321132840633,4.1527949568629e-06,1.84000088294073e-05,4.27125448068625,"Down"
"FOSB",3.51739329611108,1.87453214676915,7.89600452113489,4.19174847609539e-06,1.85335636772815e-05,4.58701926188,"Up"
"MPZL3",2.58883904296968,2.5268179977945,7.89156274048241,4.21595109563276e-06,1.86307838858477e-05,4.63124829010916,"Up"
"HGD",-3.20907334294421,3.66419439324142,-7.87970722244789,4.28128425997345e-06,1.88501966318245e-05,4.41002943700801,"Down"
"NETO2",2.00800732529663,3.81549435171101,7.87337133911075,4.31664277246353e-06,1.89959373888641e-05,4.24394319759148,"Up"
"TMEM121",2.22172859850824,4.49115844805173,7.85180916704657,4.43933113176768e-06,1.94443165761027e-05,4.17245999012073,"Up"
"F13B",-2.86872674655933,6.21020218798868,-7.84283474000437,4.49148882904079e-06,1.96420930392668e-05,4.05031780121967,"Down"
"LZTS3",-2.74119378410406,2.88218534207217,-7.84087822328747,4.50294643722191e-06,1.968196951833e-05,4.52533000877404,"Down"
"TM4SF4",-1.71655835343759,7.9358849142754,-7.83549291134102,4.53464507471478e-06,1.97487078978521e-05,3.86369387378614,"Down"
"SOX21",1.66511375187889,4.21194291349987,7.82864353064619,4.57530626259931e-06,1.98948976193853e-05,4.2184927828857,"Up"
"DLX1",-2.13952003501234,2.04910010511871,-7.82726017439431,4.58356570709511e-06,1.99205174894103e-05,4.46195984475492,"Down"
"RHBDL3",2.05377299407789,0.774829690187777,7.81466605006118,4.65949680330551e-06,2.01464574013425e-05,4.59099128130577,"Up"
"CD247",-2.07846023040617,4.84395786724383,-7.81501468546611,4.65737685943328e-06,2.01464574013425e-05,4.11542602959698,"Down"
"ESRP2",-2.99580715769851,6.84924175270815,-7.81121729992034,4.68052320846249e-06,2.02062197414076e-05,4.00007814397294,"Down"
"TFCP2L1",-2.44325403689382,6.33601876275749,-7.81154010311779,4.67855084261734e-06,2.02062197414076e-05,3.99102076027558,"Down"
"SSTR3",-1.83911686941526,3.56317877825929,-7.80752249901345,4.70316226032755e-06,2.02689647227898e-05,4.20940257011473,"Down"
"SERPIND1",-3.15714279551463,5.90094024226336,-7.79883185873938,4.7568746516966e-06,2.04728098820334e-05,4.05036359713914,"Down"
"SIGIRR",-3.79952571487485,6.3266776063758,-7.78207245454751,4.86231515753105e-06,2.07989424176239e-05,3.98602943841907,"Down"
"ACOX1",-1.81963205455151,7.01617140490704,-7.77814709949003,4.88737032890982e-06,2.08544443494733e-05,3.91490649239951,"Down"
"KRT80",-1.72260000924706,1.57685413443773,-7.76339382556588,4.98277940800372e-06,2.11849954213963e-05,4.49768925268425,"Down"
"IL7R",-2.98441101476824,2.72908524065837,-7.73731648283508,5.15632109925957e-06,2.17688337828249e-05,4.41816094890875,"Down"
"CDH17",-1.55472297387284,7.64439437470227,-7.73303618663424,5.18541748340654e-06,2.18697256668585e-05,3.78473477770178,"Down"
"MYC",-3.66477452839241,5.85858473342825,-7.72830807648273,5.21776195330948e-06,2.19730976352082e-05,3.94245209142847,"Down"
"JMJD7",1.83374169063837,2.69637503421931,7.72785973613156,5.22084016492484e-06,2.19750621048912e-05,4.35092416261084,"Up"
"KCNH4",2.49714673364243,1.17537284876977,7.71566792164204,5.305294485322e-06,2.22637146132166e-05,4.41530907960621,"Up"
"ZFAND6",-1.65956594052446,7.42343072073301,-7.70431953823721,5.38521823626222e-06,2.25541195818369e-05,3.81843583455752,"Down"
"ENPEP",-2.74985900942871,4.569260753514,-7.69491902897659,5.45239736506571e-06,2.27223731697191e-05,4.07866668740974,"Down"
"PARD6A",2.48302576027361,2.79730584628698,7.6930876168561,5.4655890916676e-06,2.27435542123102e-05,4.10963369802455,"Up"
"TNFSF15",-2.94390836924227,4.89827663945161,-7.69346171233137,5.46289170130782e-06,2.27435542123102e-05,4.02390867240559,"Down"
"CXCR4",2.35796602300496,3.59601835430095,7.67678310732799,5.58454459659294e-06,2.31698018913871e-05,4.11301371889865,"Up"
"RXRG",-3.07852111446052,7.21153458851872,-7.67499717389228,5.59774154955087e-06,2.32131086239138e-05,3.80051760037229,"Down"
"MGAT3",1.95581095134385,4.36332940377085,7.6547225333469,5.74991567517718e-06,2.3750510795749e-05,3.8710753653563,"Up"
"ABHD6",-2.51848038770742,3.77389242401265,-7.64278370450535,5.84158564408968e-06,2.40700791426888e-05,4.07455731173845,"Down"
"RNF122",2.68238722855095,2.00629434391645,7.62699455030357,5.96522322089893e-06,2.45075137600799e-05,4.326932068139,"Up"
"CACNA1H",-2.41361444044225,1.29672345983961,-7.6248593352748,5.98215639006836e-06,2.45555343501163e-05,4.31806949518238,"Down"
"SLC6A6",-3.81651139565409,5.20596305277865,-7.62478479593281,5.98274844517927e-06,2.45555343501163e-05,3.89695732627605,"Down"
"ASB15",2.90670680282885,0.815923778485493,7.61099778510087,6.09333997569657e-06,2.49243376545994e-05,4.33071991303136,"Up"
"AMBP",-1.77873120379482,2.66984551593314,-7.59819168270047,6.19801971174195e-06,2.52910464862254e-05,4.01947655967956,"Down"
"ELOVL2",-2.74809525012735,3.12385529599712,-7.59457313052507,6.22794516484472e-06,2.538853227568e-05,4.16629701243838,"Down"
"HOXD13",2.99793760356056,2.42945992646269,7.57598314502236,6.38413531777946e-06,2.59420532572941e-05,4.13702665827122,"Up"
"PTGER2",2.88948911446224,1.74721170680236,7.57265927021917,6.41249997433277e-06,2.60148383722449e-05,4.24026809709254,"Up"
"NCOA1",-1.63273514019956,6.41771457542562,-7.56609283303479,6.4689315349933e-06,2.6231127679727e-05,3.68724986066286,"Down"
"NPY5R",-1.9322182241392,2.42705295260469,-7.55289052308245,6.58400199214222e-06,2.66591880471052e-05,4.04644974540934,"Down"
"EMP2",-2.39902951100564,6.27210459081807,-7.51978207909654,6.8822914846423e-06,2.76276720189791e-05,3.57110391436074,"Down"
"PDE4B",-1.593650894015,6.8891863371358,-7.51825076388457,6.89643224201652e-06,2.76712355194692e-05,3.61147620386948,"Down"
"HNF4A",-4.1031284873504,6.60046628385883,-7.51188889591818,6.95551304748563e-06,2.78286670382996e-05,3.59540112249256,"Down"
"BMP4",3.85098735547142,0.722211786991387,7.49615374147198,7.10397332577882e-06,2.83283561910441e-05,4.1812330723194,"Up"
"PIM3",-1.83766830315457,7.16425578254406,-7.49451105145808,7.11966582547202e-06,2.83372129874747e-05,3.50766404261693,"Down"
"MUSK",-2.81270562797271,0.79418667498251,-7.47355211739609,7.32316432649056e-06,2.90236008681543e-05,4.15139123385207,"Down"
"MYO7B",-1.64959316555944,6.18986847343588,-7.43886289178617,7.67373489913079e-06,3.01855097902227e-05,3.46074657123105,"Down"
"SGK2",-3.65763295028705,1.96907248424927,-7.43568077051028,7.70677850138526e-06,3.03013244442316e-05,4.08391630020711,"Down"
"ETV3L",-2.90723619200418,1.52005684328063,-7.42936107743338,7.77285405021478e-06,3.05181429278954e-05,4.0911432145661,"Down"
"PAPSS2",-1.79244021453025,4.19370397724031,-7.4280659864807,7.78646934179378e-06,3.05290554715065e-05,3.61232913807566,"Down"
"SLC7A5",-3.10978583988531,4.60790446137475,-7.41490788843579,7.92625177860002e-06,3.09760717441433e-05,3.54002579512492,"Down"
"LRRC45",-1.79691467471443,6.75553408786299,-7.3965913227423,8.12530812188951e-06,3.15779873152787e-05,3.39001406245628,"Down"
"CAPN6",-2.34708279889218,2.5107988463028,-7.38624288318629,8.24012206981315e-06,3.19504087997271e-05,3.97193503592436,"Down"
"PCK1",-2.9618069029292,2.64837837367161,-7.37624276897018,8.35271676462795e-06,3.23125328080826e-05,3.99640020669377,"Down"
"TGM4",-1.75619112339984,3.9186229130047,-7.37580574934617,8.35767459196464e-06,3.23168538680103e-05,3.63505736478699,"Down"
"LYPD1",2.08745814833214,3.09751092308784,7.37390953185573,8.37922286803006e-06,3.23852922423541e-05,3.74602791626225,"Up"
"CIDEA",-2.58846271681035,7.29429502206697,-7.36464307479288,8.48538093978586e-06,3.27354402693069e-05,3.29196442935414,"Down"
"ACSL4",-2.19372888331395,6.52735716054523,-7.36065169802133,8.53154799024012e-06,3.28984623235016e-05,3.39359970566407,"Down"
"CLDN3",2.10794265157727,1.29225168462645,7.35473884312706,8.60043325295286e-06,3.31179198433602e-05,3.9643266988921,"Up"
"SLC39A10",1.51196702556327,5.45124467023842,7.35374445276264,8.61207613706587e-06,3.31179198433602e-05,3.43012731619202,"Up"
"NCF4",1.70714672652614,1.71704851257539,7.3506222152918,8.64874243756502e-06,3.32133815014478e-05,3.91192138743841,"Up"
"PDXK",-1.69585132936379,7.53947998861508,-7.31519319873686,9.07666909395279e-06,3.46197161180956e-05,3.25350687202147,"Down"
"FLT4",1.51194151291661,1.62408111360832,7.28745046418884,9.4275078083571e-06,3.56989427090534e-05,3.67072884115488,"Up"
"GNG10",1.52122263335117,3.2095839859385,7.28628171799556,9.44260178911686e-06,3.5723943998934e-05,3.64315511625414,"Up"
"CRABP2",2.22760226752559,2.58777723811778,7.27533277443699,9.58526167510557e-06,3.61013391827835e-05,3.69056202725188,"Up"
"ATIC",-1.73260452502258,9.32599728153672,-7.27305229825959,9.6152634154761e-06,3.6190773178879e-05,3.11722432104498,"Down"
"CWH43",2.17017576179849,1.54498953856569,7.25782401378046,9.81818959414168e-06,3.67974375256606e-05,3.7679659676644,"Up"
"TMEM100",1.82853814567887,2.03501541210048,7.25466746818445,9.8608209891155e-06,3.69243203393048e-05,3.70959367143549,"Up"
"DHRS3",-2.2379386977539,7.13206591145196,-7.25320560866837,9.8806312613365e-06,3.6965598680696e-05,3.18648181351145,"Down"
"CRYBA4",1.61961487820393,0.761872438733333,7.24891888113533,9.93896751857005e-06,3.71508097295639e-05,3.84781248524997,"Up"
"CLDN10",-2.09607057032183,7.68288450093495,-7.24771127894111,9.95546747124489e-06,3.71557768804816e-05,3.05005817340302,"Down"
"VSX1",4.19568686301793,1.28108318613491,7.23483224499612,1.0133266479224e-05,3.7742941193533e-05,3.83266355569904,"Up"
"ELL2",1.68366700481867,2.87977638261967,7.22331694559536,1.02951062980806e-05,3.82272834916372e-05,3.43068041058907,"Up"
"ANKRD13B",2.03322330604101,2.40327205516766,7.22167837771568,1.03183582764238e-05,3.82967210135995e-05,3.58623806401467,"Up"
"CADM1",-1.71357598039851,6.80361036155839,-7.22050232730165,1.03350814375572e-05,3.83249780588832e-05,3.1554001144483,"Down"
"KIAA0319",2.09947399556589,2.07462685531253,7.21249331939363,1.04497387560045e-05,3.8733084534371e-05,3.61892078492006,"Up"
"ALDOB",-2.43246157090293,8.61414776908431,-7.20718088084724,1.05265392825054e-05,3.89662567193139e-05,2.99554192975994,"Down"
"SOX6",-4.07274945685612,1.51122104331515,-7.1891813388421,1.07912581759418e-05,3.97313547807507e-05,3.76484604566838,"Down"
"BTC",1.98774189659034,2.03765836536546,7.17947511939305,1.09369439808752e-05,4.00624495668627e-05,3.62404654624835,"Up"
"CYR61",1.63800625172287,3.64866590954132,7.17981323512621,1.09318339384162e-05,4.00624495668627e-05,3.34539092373508,"Up"
"FETUB",-3.98668063270634,6.9818310292421,-7.17335643837906,1.10298586050919e-05,4.03852177124645e-05,3.0795609813635,"Down"
"DBN1",1.57580934184378,3.29231324842093,7.17265684697279,1.10405356492151e-05,4.04067276870362e-05,3.46701369761571,"Up"
"FAM163A",2.9049334908562,0.815713728554815,7.15843982771131,1.12599166850038e-05,4.10582203844944e-05,3.7381297125549,"Up"
"SULT1C3",-1.85102805453419,7.86263430221679,-7.15430791275713,1.13245435129543e-05,4.11952914474697e-05,2.94562385040121,"Down"
"MMD2",2.03272055569762,2.12434456586878,7.12369883376865,1.18157831067391e-05,4.27788291996999e-05,3.54908847581473,"Up"
"RGS11",2.35290268704398,0.832793882858809,7.11229278049592,1.20046011286457e-05,4.33319235934898e-05,3.65617461444563,"Up"
"GIN1",-1.52015945690191,2.97247064603792,-7.11036365489324,1.20368528371598e-05,4.34110929155003e-05,3.35321495458132,"Down"
"MORN3",1.56561988845102,1.73350727847543,7.10850206463075,1.20680630052276e-05,4.34677577594113e-05,3.55164065031894,"Up"
"CRIP2",1.56295778483756,4.97115457980179,7.09924708879311,1.22245106626169e-05,4.39656405342144e-05,3.05068983412676,"Up"
"FGL2",2.94989350242561,1.05122299024674,7.09660550472108,1.22695597694082e-05,4.40426944965019e-05,3.6541865485795,"Up"
"ASPA",-1.74013900417982,3.01827310601684,-7.09538233400848,1.22904793829665e-05,4.40989737860469e-05,3.38356472999671,"Down"
"MTSS1",-1.98761470014738,7.52735868617361,-7.08553259452321,1.24603286805304e-05,4.46322713997374e-05,2.94447260323609,"Down"
"TBX6",-1.7421192249415,2.15963429174042,-7.07388608965121,1.26643937180406e-05,4.5266868625146e-05,3.45937655720507,"Down"
"RERGL",1.76337648002372,2.82279452904138,7.06956745227742,1.27409652908733e-05,4.54440364380702e-05,3.29918850972437,"Up"
"PAPLN",-1.57373781922864,3.6410499476482,-7.06036843461627,1.29057172973208e-05,4.59732029380429e-05,3.32974154096564,"Down"
"ELOVL4",1.84104777710203,2.46771709604142,7.05108214176326,1.30743360297232e-05,4.637751406159e-05,3.38611705147219,"Up"
"GDPD1",-1.58949513356742,7.37193457006209,-7.04801684534457,1.31305089664753e-05,4.65375326217031e-05,2.81223100854303,"Down"
"TBXAS1",-1.87692385760676,5.61909088852403,-7.03137337049811,1.34400286165436e-05,4.75144541090747e-05,2.92345432342901,"Down"
"NT5C1A",2.53020809643933,0.694096254190436,7.00161298734461,1.40130192961055e-05,4.918879614411e-05,3.50970342664976,"Up"
"TRPC5",2.21942558217708,1.54199822535502,6.9874715802793,1.42943570970784e-05,4.99678938989686e-05,3.34293953494652,"Up"
"ST8SIA6",2.03949893145697,1.02784753124157,6.98621218185821,1.43197023967867e-05,5.00149339836293e-05,3.4643059616662,"Up"
"INSIG1",-1.57809797032342,8.77057537633987,-6.98029248132711,1.44394786632788e-05,5.03496781901484e-05,2.67568674089267,"Down"
"SYT17",1.76034516380298,2.16522218252182,6.97612372158177,1.45244671455242e-05,5.05622120655526e-05,3.20512934450628,"Up"
"LGALS8",-1.62502151216866,6.09862587374653,-6.96970678342616,1.46563317887949e-05,5.09790722079043e-05,2.83893071153966,"Down"
"NRP1",-2.54207337303567,4.65796968182535,-6.96728413490053,1.47064468685971e-05,5.11322495670974e-05,3.02324657986619,"Down"
"PCYT2",-1.60953557050921,6.27857526057464,-6.94918467049836,1.50866764001596e-05,5.22524971066291e-05,2.77006150531082,"Down"
"PAX9",3.17768216716838,1.69018206275546,6.9470004580853,1.51332647592778e-05,5.23350964589246e-05,3.37130232241761,"Up"
"SCN5A",-2.42641921358562,1.48542678408071,-6.94247418766381,1.52302965164208e-05,5.26490200859345e-05,3.32035214582107,"Down"
"ANKS4B",1.77139609832672,2.54027147713627,6.93486093038436,1.53950024542197e-05,5.31310708161626e-05,3.18405796376004,"Up"
"CROT",-1.64622292919263,7.65178444070623,-6.93082401273822,1.54831058686553e-05,5.33913331060927e-05,2.67494755318187,"Down"
"FBXO43",2.29974857672688,0.975807755387933,6.92759080280771,1.55540558837783e-05,5.35482103952991e-05,3.40462741932651,"Up"
"ARHGAP24",-3.24647854594921,3.03551640185901,-6.92512797453434,1.5608332729983e-05,5.36034741183989e-05,3.24948148125622,"Down"
"HOXD9",1.9845240290792,1.47574755892505,6.9036088081091,1.60912477321411e-05,5.50149363747399e-05,3.31001631705417,"Up"
"ITIH2",-2.11510031407061,8.70110559387115,-6.87140031465283,1.68439887503717e-05,5.71242730131508e-05,2.54116766047317,"Down"
"DPYS",-2.17808250357616,8.63680443719524,-6.86681278696437,1.69542162392266e-05,5.74286535575091e-05,2.60109519331567,"Down"
"KBTBD12",-3.01756193703093,1.51336085332539,-6.86601542295977,1.69734532e-05,5.74572532283244e-05,3.31184167380852,"Down"
"PAH",-3.08212577271247,7.00926268903634,-6.86589680047347,1.69763170341829e-05,5.74572532283244e-05,2.64291627801448,"Down"
"CNOT6",-1.73240264178022,8.27364817639821,-6.86068727045216,1.71025962630749e-05,5.77684644550431e-05,2.53216354221582,"Down"
"ACSL5",-3.84878706447103,7.23747678497652,-6.85614610832644,1.72134897788872e-05,5.8003325190051e-05,2.60042381777796,"Down"
"HCN2",3.1270025696432,1.06047364578298,6.84965234050234,1.73733965276954e-05,5.84953014742015e-05,3.2384031654273,"Up"
"SMAD3",-1.75727268635957,7.08241112455035,-6.84902010586106,1.73890493087302e-05,5.85117132136159e-05,2.60338133326884,"Down"
"ESRRB",1.73202823726266,1.58599983637883,6.83835732043861,1.765531015614e-05,5.9209390342353e-05,3.1925420363884,"Up"
"PRPS2",-3.09639694970435,7.46208839976417,-6.82120639450466,1.8092727971247e-05,6.04335899762096e-05,2.5447486901488,"Down"
"KIRREL3",1.66405825617007,2.16083439203049,6.81106717567885,1.83567301089535e-05,6.11049462854694e-05,3.01315317175776,"Up"
"KCNG3",1.8763643038504,1.15049452129171,6.78086939202731,1.91675785852077e-05,6.32876410742764e-05,3.15673462608711,"Up"
"TP53I11",1.51269219443273,2.87362952347214,6.77825503314698,1.92395477903976e-05,6.34332112493752e-05,2.87215997605995,"Up"
"RET",-1.70484749419626,1.94546894184017,-6.77158269258132,1.94245329924645e-05,6.39428875581362e-05,3.02934951407891,"Down"
"SNCB",2.96783213747168,0.64824894216479,6.76447444541813,1.96236864038828e-05,6.44975380477617e-05,3.19102976284785,"Up"
"VILL",-2.38293943344818,1.89229714333289,-6.75878357608343,1.97846940257741e-05,6.48999670693424e-05,3.17373249727611,"Down"
"EHF",-4.57912019578924,4.74199105386329,-6.7396797174047,2.03355408460988e-05,6.63962905235061e-05,2.79038982755383,"Down"
"CFAP65",-1.94771382394788,1.37032706702625,-6.72981566063392,2.06263287017471e-05,6.72674146110465e-05,2.98763002765173,"Down"
"ENTPD2",1.57608429170489,2.63258630670076,6.72573283040546,2.07479797168316e-05,6.75594045423456e-05,2.85928000532101,"Up"
"PDLIM3",-3.45303408756756,3.89845157910071,-6.72063346092598,2.09009918633276e-05,6.80050060085222e-05,2.85206740858569,"Down"
"PGBD5",2.56282555394581,1.08155592709944,6.71583138634634,2.10461807616758e-05,6.83716466906333e-05,3.04197462831408,"Up"
"MARCKSL1",3.24691633156119,5.14900202984601,6.7158746168537,2.10448689301742e-05,6.83716466906333e-05,2.53459696103215,"Up"
"OAF",-1.62761692667922,8.35092658459504,-6.71042177668206,2.12110238156822e-05,6.88805690409689e-05,2.26342215479211,"Down"
"AMN",-2.4462023274781,4.95125768964646,-6.68519667442949,2.19980219056766e-05,7.11069367323713e-05,2.49727733550192,"Down"
"FABP2",-2.65879912459135,3.17632216780739,-6.6804334771048,2.21500829487669e-05,7.15142626125712e-05,2.9425809150335,"Down"
"PSPH",-1.87650168170326,5.55802847987294,-6.6762374725554,2.22849627964585e-05,7.18412555438321e-05,2.40453744031121,"Down"
"SPP2",-3.65059928579866,1.6271828216857,-6.670177049486,2.24813175897184e-05,7.23080298929246e-05,3.05231750990856,"Down"
"KLHDC8A",-2.20779690381006,1.09188096414024,-6.65073452564477,2.31237590343527e-05,7.40911304322329e-05,3.00772777757243,"Down"
"NEU2",-2.40211323385072,1.37121053271141,-6.63249701625589,2.37441419184372e-05,7.58190550670704e-05,2.98415027863111,"Down"
"GYPC",-2.16746757067411,3.02897716500667,-6.63128678704749,2.37859313056747e-05,7.59236820963379e-05,2.7095957707778,"Down"
"OLAH",-3.61089821286144,1.34513595939822,-6.62842350137593,2.38851125493243e-05,7.61824628468593e-05,2.91613482320007,"Down"
"CCNJL",1.58527838582188,2.69312826581241,6.62587483182762,2.39737656179878e-05,7.64072969355112e-05,2.5436630589669,"Up"
"NPL",-2.00603649579975,1.8253929156771,-6.61142937299073,2.44828904427222e-05,7.77061637816161e-05,2.8724861727147,"Down"
"ADGRD1",-2.43106753075962,2.00049569236517,-6.59076224187941,2.52313711499519e-05,7.96610719908801e-05,2.8127872154808,"Down"
"AKAIN1",2.01478012830223,1.0994271642282,6.58381516835343,2.54883962536696e-05,8.03218599544479e-05,2.86343067104578,"Up"
"CDH13",4.14098237221132,1.05805114063208,6.57178841672316,2.59399572258471e-05,8.15920748030945e-05,2.89816856706004,"Up"
"SOD3",-1.58857762164941,6.64017922939354,-6.5633458015771,2.62620204668919e-05,8.24202313347365e-05,2.08191451181893,"Down"
"ARID5A",1.60698965222114,4.55346396572081,6.53938700903203,2.71993364790045e-05,8.4824024141714e-05,2.23669081139845,"Up"
"CXCL14",-2.11075685854946,3.18687498262204,-6.53018345377516,2.75687904885388e-05,8.56587160895736e-05,2.64359671027644,"Down"
"TMEM123",-1.57515765986283,9.66214662353507,-6.52069053459154,2.79554509300812e-05,8.66680781598021e-05,1.96287126246148,"Down"
"PLXNB2",-1.99398760784142,9.09155757360745,-6.50016238025707,2.88114275091831e-05,8.88557007499824e-05,1.97157630036695,"Down"
"CTHRC1",2.04789323802735,1.62486664599252,6.4981762299139,2.88957100690645e-05,8.90580602641424e-05,2.7257235350254,"Up"
"BAALC",5.27858670328322,1.9943930142806,6.47834836873948,2.97516085355631e-05,9.13946820804046e-05,2.75134951047853,"Up"
"C8B",-2.84969716012925,1.67999625566817,-6.46826291727676,3.01972550416764e-05,9.25907654950173e-05,2.71892539840115,"Down"
"KCNC2",3.1155027871494,0.308892522620803,6.46480625373338,3.03516215122766e-05,9.29325121558571e-05,2.78460860487979,"Up"
"GC",-1.83997975730717,7.67963317600373,-6.4296302695735,3.19710101719302e-05,9.71835547639526e-05,1.8421730248614,"Down"
"ALDH8A1",-4.69921776682002,4.85896932949361,-6.41782222387301,3.25349788528839e-05,9.86128645778692e-05,2.26668288121508,"Down"
"FGA",-4.50154416726478,6.31435843741557,-6.41394632487344,3.27223918189326e-05,9.91451943696432e-05,2.02040808406679,"Down"
"GABRP",-1.7414568348425,1.34847408065916,-6.40613645069233,3.31035159335575e-05,0.000100155693299156,2.56568203748067,"Down"
"gga-mir-221",-2.69041660272302,1.18347996766185,-6.40206766944647,3.33039380368377e-05,0.000100689663902965,2.65117101516787,"Down"
"NKX2-8",3.12270284725,2.1435382855029,6.38656966894287,3.40792230087342e-05,0.000102664726958643,2.61781783789247,"Up"
"CARHSP1",1.74500019130377,3.17629515332178,6.37497531921197,3.46717452289508e-05,0.000104188594412997,2.28263813982533,"Up"
"S1PR2",1.65322887080893,4.30512631060788,6.37419161091726,3.47121887221145e-05,0.000104272886793242,2.09001126107505,"Up"
"KMO",-2.46065194050134,4.17770302174278,-6.36045291656965,3.54293696571547e-05,0.000106080765779579,2.24602762407313,"Down"
"ISM1",-1.84863942011891,2.34526931707321,-6.35403211870396,3.57699217592725e-05,0.000106789001814386,2.36402570046549,"Down"
"FHL3",1.71633715514693,4.11048536523409,6.31258651586954,3.80534362553347e-05,0.000112344425492065,1.99839493215483,"Up"
"PCDH15",-2.01911475725267,1.72726162195949,-6.28519208994358,3.96473278091203e-05,0.000116315417080174,2.25096731173719,"Down"
"ABLIM1",-2.55543872629065,3.86319836370886,-6.28539153910159,3.96354706349513e-05,0.000116315417080174,2.08917462529227,"Down"
"BTG1",-1.74971262493677,10.0261489791576,-6.27225584071762,4.04244765826777e-05,0.000118265488861839,1.56860707464372,"Down"
"SOX9",-1.74971989405446,4.12841355867402,-6.26267445418935,4.10104889921924e-05,0.00011952277602366,1.96982131812321,"Down"
"SATB1",1.94812363370326,1.79773976209522,6.26185575801152,4.10609778474341e-05,0.00011958707774604,2.31856854459081,"Up"
"FTCD",-1.87884438624543,1.97392350349086,-6.26046027579695,4.11471890097192e-05,0.000119796694923106,2.41386915022017,"Down"
"F7",-3.60518250751059,2.12979885702318,-6.24887397103623,4.18704337045534e-05,0.000121511989697667,2.3818293038818,"Down"
"SECISBP2L",-1.96443384801109,6.67875904941689,-6.24107206946532,4.23650342899682e-05,0.00012279000982287,1.70300409372749,"Down"
"DNER",1.8216693938446,1.7540903669794,6.23340608920012,4.28570566508618e-05,0.000124087843998744,2.22633180423686,"Up"
"TMEM51",-1.77578660610199,2.52327623333537,-6.20165083822541,4.49606565666351e-05,0.000129024203394157,2.26886045280179,"Down"
"TUBB3",1.76199581256341,0.875359883344412,6.17775845543994,4.66154408161266e-05,0.000132866639236751,2.26922855823407,"Up"
"GHRL",1.63846617194368,0.91714159038932,6.1764748586354,4.67061506501379e-05,0.000133080105509739,2.26053788101456,"Up"
"CMTM8",-1.692927915674,7.13875279000386,-6.16437013467172,4.75708323053968e-05,0.000135131999668335,1.43219748639641,"Down"
"LMOD1",2.21294367675877,1.13779849631326,6.14506401234569,4.89852276578236e-05,0.000138681596740554,2.19111137335377,"Up"
"PGM2L1",-1.53807892751373,3.73124103986089,-6.11711489416052,5.11123124906344e-05,0.000143688271732776,1.72468924948637,"Down"
"CEBPD",-1.5181363777049,7.23518369972015,-6.11511041513863,5.12685800034826e-05,0.000144079436255612,1.31311761856558,"Down"
"TRPS1",1.63267964823304,1.67435089504533,6.10472015124868,5.20867490882509e-05,0.000145988643180727,2.16230333703575,"Up"
"MFSD4A",-2.45296325944281,2.09933187939647,-6.09684267200943,5.27162670530295e-05,0.00014745833476868,1.98711342023886,"Down"
"SNTB1",-1.63519696356682,8.20043281602904,-6.06479384885401,5.53617234513619e-05,0.000153480573680316,1.34401928401833,"Down"
"FBP2",-1.85870822721007,1.42216324528889,-6.05660593001503,5.60599019314285e-05,0.000155211587644304,2.09024018285656,"Down"
"MTTPL",-2.48765718473489,0.474391604914753,-6.04161606173244,5.73623536938923e-05,0.000158244866878823,2.17334395046517,"Down"
"HAPLN3",2.0566850890111,1.44552768281266,6.03362798779586,5.80694820626129e-05,0.000159828793612962,2.05861058558231,"Up"
"NKX2-2",3.2416415563469,0.660775405053587,6.02795641005144,5.85771475023885e-05,0.000161120666585517,2.13593377459526,"Up"
"NKX2-1",3.81071841878502,0.347969117525105,6.02283206882617,5.90398716715978e-05,0.000162181351695992,2.15063670250291,"Up"
"AK7",1.74066359596561,1.20173326449036,6.00003331579514,6.11459975030246e-05,0.000167280716616832,1.92961499977815,"Up"
"AHSG",-3.28121143612523,2.87382210996438,-5.99852942338612,6.12876937885228e-05,0.000167535625580452,1.97231751872415,"Down"
"TACC1",1.61033982617011,1.04359467957619,5.98911935049278,6.21822374919388e-05,0.000169588213976812,2.01639261209692,"Up"
"METRN",1.87360718521025,1.14860831949896,5.98101402936027,6.29638295024994e-05,0.000171227427742091,1.95092076916054,"Up"
"NMU",5.84904495342229,0.974081644943227,5.95507030702556,6.55362571811428e-05,0.000177249137872753,2.03897498377896,"Up"
"KRT18",-1.79810205158944,9.72089379358314,-5.9275755510022,6.83842774909116e-05,0.000184064398851097,1.0157853504833,"Down"
"FOXF1",-1.70903195954596,7.2553125126556,-5.92624335672921,6.85255563799585e-05,0.000184326736374991,1.0972677327918,"Down"
"SUSD3",4.02203622428864,0.383290489021092,5.92141788663834,6.90398872035906e-05,0.000185413856026496,1.9987382261819,"Up"
"PIGR",-2.41304348114919,2.11651102426202,-5.91841714430101,6.9361784863926e-05,0.000186218908055224,1.89314685614984,"Down"
"MAP7",-1.71512797908724,0.807896738686721,-5.9067103779885,7.06328634626853e-05,0.000188968175890313,1.95360252655375,"Down"
"NPY",-3.24127339945308,0.911872926739083,-5.89540359341349,7.1883927216474e-05,0.000191949020501241,1.96059098977315,"Down"
"DDIT4",1.91774689192496,4.88167871787246,5.8915116538234,7.23199647795923e-05,0.000192685301980839,1.25255114924009,"Up"
"KCNJ5",2.10776905123177,1.42655836409903,5.8903014736341,7.24561181725788e-05,0.000192925879210151,1.77453199898518,"Up"
"HNF4beta",-2.38303026060572,1.49718798101358,-5.87964847326538,7.36664165248859e-05,0.000195591425888416,1.81065569898622,"Down"
"ATP1B1",-1.95718807063174,9.30016826549544,-5.8687423513696,7.49276489745553e-05,0.000198127353385264,0.983421741607705,"Down"
"FMO3",-1.62984452352768,9.17292064186196,-5.86658856274129,7.51794121261358e-05,0.000198730623194881,0.907812965093518,"Down"
"GJC2",1.57841602279504,1.91694064905812,5.8654158237746,7.53168733576769e-05,0.000199031461190796,1.62744751699857,"Up"
"gga-mir-7-2",2.69407674858867,0.242424457177934,5.85894131893571,7.60805749442982e-05,0.00020060857335673,1.90959064511618,"Up"
"FAH",-1.62098300801327,8.0282586335849,-5.8376393116204,7.8651589611356e-05,0.000206546340508723,0.900634540355293,"Down"
"SLC37A4",-2.09601985817642,7.18899120319657,-5.82942619070902,7.96672600189408e-05,0.000208692504918857,0.969864227175316,"Down"
"PRR5L",1.96771713875032,1.1685684480598,5.80167519476216,8.32029102276789e-05,0.000216672635919434,1.67496772889303,"Up"
"MAMDC2",1.79530742156296,1.0199506623784,5.78574434224571,8.53072138730648e-05,0.000221595525889598,1.66346394292849,"Up"
"PEX5L",-1.87355665346362,2.6928045433261,-5.77640086144679,8.65675006160847e-05,0.000224392775780572,1.28915742895913,"Down"
"C6orf58",2.37031717533679,2.33034141978821,5.76770923662942,8.7757537005403e-05,0.000226987985356121,1.5865606587942,"Up"
"MOGAT2",-1.68289248746355,1.41244984161968,-5.76436018808579,8.82206841899406e-05,0.000227836685096016,1.69878800380516,"Down"
"APCDD1",-2.28035488195539,8.88476373598397,-5.7402373126473,9.16339530634763e-05,0.000235350452098928,0.72448783604868,"Down"
"SPATA4",2.54169167638001,2.05842348604118,5.73255910726906,9.27494379212439e-05,0.000238070094774053,1.52285294628643,"Up"
"TLL1",2.00951338960131,0.750277471633838,5.72457819891039,9.39241183081801e-05,0.00024071810278557,1.60905272708142,"Up"
"APOH",-1.52988594883775,8.64170823645164,-5.71751832846439,9.49763377825097e-05,0.000243044679471422,0.695329310578819,"Down"
"F2",-1.70226908132338,8.15097015792457,-5.71701032339814,9.50525307583578e-05,0.000243165701976535,0.715035360240131,"Down"
"SH3PXD2A",1.67889718896662,3.15462978753105,5.71370358897966,9.5550070976173e-05,0.000244141602548898,1.11533490594279,"Up"
"BDKRB1",-2.5462842638225,3.86991553409115,-5.70501810017277,9.68700609757654e-05,0.000247139082186201,1.25413829867775,"Down"
"RIMS4",1.53190695385669,3.65994331066997,5.69574212115771,9.83010853632224e-05,0.000250334543658037,1.07800538218262,"Up"
"GFRA1",-1.77611666744532,1.5887717885054,-5.66679085834248,0.000102912840762762,0.000260894438739945,1.42119280930225,"Down"
"GPT2",-1.96465311265755,6.75391816354839,-5.66551123702217,0.000103121876656385,0.000261345623550248,0.701762733545057,"Down"
"NTNG2",1.5663173437584,1.79981827909253,5.64202624183953,0.000107039005184348,0.000270620850246727,1.3326638948374,"Up"
"gga-mir-1653",-2.23856882951924,2.52378659680241,-5.61464625735087,0.000111804988131779,0.000280479180125459,1.31904300714248,"Down"
"GFRA3",-2.2517662376141,9.12933608200087,-5.60936783044241,0.000112749273440869,0.000282427027904576,0.485621788850401,"Down"
"IDH1",-1.76045382586464,8.56908976260759,-5.5944948272554,0.000115455532443841,0.000288261973288569,0.531830728184292,"Down"
"GPR142",1.99461922633515,0.8245990373194,5.59142282149507,0.000116023001078592,0.000289421147665365,1.40284072501892,"Up"
"LRP2",-1.84298233549428,4.51918521587998,-5.58995449394537,0.000116295273111303,0.000289894121378353,0.725827275747857,"Down"
"MYCN",-2.14686231729845,2.59102770001646,-5.58707702758931,0.00011683079896005,0.000290832645695225,1.13623657959398,"Down"
"HPGD",-4.39007318519058,0.549008290031207,-5.57894882379158,0.000118357644737796,0.000294361225101105,1.48964434214114,"Down"
"CAPSL",-2.41610258706112,1.06798176556707,-5.57702101757223,0.000118722854124024,0.000294931825981557,1.4628736478063,"Down"
"SAMD10",2.26918099466762,0.935827649348775,5.56624639316443,0.000120786042946885,0.000299438351607275,1.32972208272305,"Up"
"PMEL",1.7733517937554,1.29257667504213,5.56578612588784,0.000120875015771485,0.000299482444847253,1.1971639101682,"Up"
"GNB3",1.66932186209273,1.06953902539638,5.55635267983696,0.000122713878090514,0.000303323904304814,1.21065467534711,"Up"
"MYLK2",4.55485878247382,0.763797261370951,5.55428147340774,0.000123121555582888,0.000304152897438175,1.37339051789117,"Up"
"ANKRD34B",3.80295163738942,0.455445468879073,5.53757990472267,0.000126461614265035,0.000311671945643236,1.41725245462041,"Up"
"PFN4",2.09125227507908,0.725354463299015,5.48288148278191,0.000138085889196386,0.000337160380643759,1.27045947795656,"Up"
"HTR1B",3.43380624410962,0.0678812282739753,5.47727295008978,0.000139339911761248,0.000339630943672983,1.32573379620712,"Up"
"SLCO2B1",-4.02418998047957,1.33656883112052,-5.47666111546817,0.000139477437483931,0.000339867697361655,1.29505103264254,"Down"
"ZBTB20",-3.01621993822212,2.45217468968938,-5.47603705220139,0.000139617859322657,0.000340012928608058,1.05067243499584,"Down"
"ACSM3",-1.80788561586659,3.21095748584639,-5.4685371192964,0.000141317141235206,0.000343632259110136,0.912962352652382,"Down"
"NCAN",2.06032735566208,2.48836565075859,5.44015447225378,0.000147947841980705,0.000357094992089974,0.947416938472079,"Up"
"ASPSCR1",-1.51100896998541,7.47750034852937,-5.43819534646718,0.000148417465167012,0.000358125767684323,0.283153002947451,"Down"
"CDK14",2.12639546534788,1.49414283391567,5.41102386757828,0.000155095212063758,0.000372529578733788,1.07484742127256,"Up"
"TOM1L1",2.31152271639127,2.24442660911996,5.36933694869602,0.000165962548755432,0.000395247349342827,0.929178204913438,"Up"
"ANKRD22",-2.87870101143837,5.68625157589615,-5.36775557355754,0.00016639026155231,0.000396041771061143,0.28101585880942,"Down"
"GLOD5",-2.26844088006122,3.9939032319596,-5.34033223012666,0.0001739949297821,0.000411812472345033,0.625500829138793,"Down"
"FGB",-2.62800217556647,9.46350425719016,-5.33606789947595,0.000175209949923443,0.000414222118194955,0.0197878000925664,"Down"
"DSG2",-1.72127121577552,9.02019719175494,-5.33166606355106,0.000176473521532992,0.000416858003980516,0.0536268299575209,"Down"
"KCNK15",4.72181813836495,0.699546373002176,5.32903816339652,0.000177232444579776,0.000418181096100459,1.07184303281308,"Up"
"P3H2",2.39036165945284,1.10758844153751,5.29555673809423,0.000187208125689364,0.000438399434887366,0.951359958676484,"Up"
"CLDN2",-4.56880815490145,1.27070597974231,-5.28467341271592,0.000190576654559179,0.000445296298656188,1.02803301352384,"Down"
"RGS4",-1.64310652085056,0.997399349387688,-5.27605274832109,0.000193290104605493,0.000450760238400947,0.84797401452906,"Down"
"CDC20",-1.55182423767428,7.59888649566059,-5.27063061823568,0.000195017577803435,0.000454033729838987,0.0412661103583476,"Down"
"GRIN2A",-1.50817195108914,3.95857993037171,-5.26620647106989,0.000196439127801458,0.000456837706280119,0.257253880338237,"Down"
"IGFBP1",-3.65015590826145,7.9208288366747,-5.26106764986938,0.000198104009151929,0.000459693086873782,-0.0489118924736403,"Down"
"DGKI",-3.52601015530102,0.946210081356782,-5.25802409893562,0.000199097055238576,0.000461870036608046,0.97437484868765,"Down"
"RUSC2",-2.32264885435207,0.874343544898747,-5.25598787387073,0.000199764354614007,0.000463162656302632,0.870051909469178,"Down"
"gga-mir-21",-1.64089108915355,1.60898465740772,-5.24577121790213,0.0002031481902453,0.00047023077654029,0.695701809532776,"Down"
"GPA33",-1.96549866181377,3.23007492629337,-5.23807993447304,0.000205735351006444,0.000475565176749512,0.549498074460804,"Down"
"USH1G",-1.88372752509418,0.552597544422378,-5.22902807970633,0.000208824626648087,0.000481911796109984,0.911157799934791,"Down"
"HSPB8",2.75000632240721,6.5890415281975,5.21816283536385,0.000212597323509373,0.000489946283212233,-0.0435542150322563,"Up"
"DDO",-2.97068744531719,3.66706273336672,-5.21517418225404,0.00021364758096814,0.000492097110940577,0.297960654196092,"Down"
"KCTD16",-2.59401201316338,1.08210716583464,-5.21006120709157,0.000215457025530265,0.000495451055701463,0.723041639512298,"Down"
"PSAT1",-1.682755667873,8.67170850380347,-5.20911965123008,0.000215791988235379,0.000495950229175765,-0.128212122661757,"Down"
"HABP2",-3.65880395119025,1.44524268081212,-5.17299642347822,0.000229065358492473,0.000523089983662197,0.795239415709144,"Down"
"DGKG",4.03696419199225,0.5376946360141,5.1631383985992,0.000232834766583432,0.00053019532504276,0.779590269145845,"Up"
"OTC",-3.4512379538281,0.11673082415689,-5.1541771464025,0.000236317846577966,0.000537399557055949,0.81548465153206,"Down"
"CREB3L2",-2.26743246265001,7.51162928020579,-5.14149576266199,0.000241340712155229,0.000547589583467954,-0.253263874848919,"Down"
"ANGPTL3",-3.38572267567437,1.25337940663911,-5.12795897334211,0.000246826343344479,0.000558278723897969,0.737553170108905,"Down"
"NDRG4",2.21997042409496,1.93834626208324,5.10007493406038,0.000258542890747648,0.000581652375067035,0.462939160715151,"Up"
"LRMP",-2.1986871157997,0.918223169738679,-5.09840004471058,0.000259265000150707,0.000583121013437062,0.587624763421764,"Down"
"ANTXR1",-3.02810572685968,1.12182155962666,-5.08880050747044,0.000263444786225437,0.000590942263743223,0.702918389258326,"Down"
"TSPAN1",-1.85823272129439,6.74589087001619,-5.07821015593678,0.000268138182329637,0.000600509626329935,-0.331742575877429,"Down"
"CCDC80",-3.72442982032715,0.561082307514145,-5.07327192685782,0.000270356621110183,0.000604833982988854,0.648539628029646,"Down"
"LPP",-1.54015216115875,3.76948398706656,-5.0550019343056,0.0002787331306243,0.000621920063928098,-0.128218421719571,"Down"
"TAGLN3",1.72822369121379,0.591846104711687,5.05381212150535,0.000279288004262765,0.000622992913008193,0.550251054880592,"Up"
"TSHZ3",1.72041677220046,1.25469837573187,5.04140882997668,0.000285141837093568,0.000634536740890051,0.408016018218473,"Up"
"GPR183",-2.14172899977711,0.710990235201776,-5.02775943659168,0.000291732845256633,0.000647662311342827,0.546533404362195,"Down"
"SVOPL",1.52600727399241,1.26400206858759,5.00053763038352,0.000305359502940685,0.000674355605706805,0.283327955238644,"Up"
"LEPR",1.83398851902329,0.984101556390025,4.99305875159076,0.0003092190179884,0.000682341677774561,0.355822227962617,"Up"
"FGG",-2.82245092917746,2.21502926870798,-4.9677352026894,0.000322671672577689,0.000708311884442649,0.302460657815274,"Down"
"TSPAN15",3.6289312117781,0.754897822716998,4.96355164231542,0.000324952524529727,0.00071257506942745,0.486642808425984,"Up"
"GCHFR",-1.96694702779553,8.3664365548263,-4.96322684362799,0.000325130308443466,0.000712779159782003,-0.624759125280562,"Down"
"gga-mir-6617",-2.25377337105837,0.566545286823272,-4.94367435481878,0.000336022751869511,0.000733219770287881,0.488602928341393,"Down"
"gga-mir-1740",-1.60788538734103,0.254431474351074,-4.91610702446999,0.000352034208968076,0.000763602947733279,0.460722871474805,"Down"
"SLC7A11",-2.39761014565232,4.75559149104357,-4.88621407985823,0.000370303131041547,0.000798291197689873,-0.489389408765411,"Down"
"MATN3",4.15760058722242,-0.139888360853685,4.86607929405074,0.000383166031908904,0.00082201912097948,0.386954025705562,"Up"
"TRPV2",-1.50647453148761,2.33596010247171,-4.84557986869202,0.000396743392922545,0.00084876656700999,0.0602419816844266,"Down"
"EVA1C",2.62715511028028,1.47545304041286,4.84353514978776,0.000398125022426718,0.000850424965396905,0.149983970498178,"Up"
"IL15",-2.78851541967677,2.063387491698,-4.83856562625015,0.000401503997247952,0.000856772668740622,0.191781706264321,"Down"
"SLC38A11",1.73394782584425,1.81281656045647,4.83780814276189,0.000402021670694226,0.000857659821810653,0.105659489225849,"Up"
"PLA1A",-3.43172943844938,3.25942137578547,-4.82199732670871,0.000412987947453511,0.000878826653989337,-0.0480983970607571,"Down"
"LEAP2",-1.8172018854366,1.44451324425247,-4.81154914294135,0.000420406163576261,0.000892355565169188,0.137560200317241,"Down"
"HEY2",2.01695540596295,0.98683808635178,4.77800343008946,0.000445180475124364,0.000940670145076945,0.0164679467688398,"Up"
"CPM",3.02474367269557,0.615999313956461,4.74540467831661,0.00047072131423507,0.000987939420796678,0.0964578020116118,"Up"
"MTNR1A",3.22375810824091,0.577176232401439,4.736598515787,0.000477880446752228,0.0010015617014282,0.0461496342827106,"Up"
"FBXO32",1.86089090833277,4.62958476431829,4.73502955141856,0.000479167864682028,0.00100341423928188,-0.730144719934171,"Up"
"CMTM7",-4.0432138667229,2.09950709475181,-4.72859888102354,0.000484482566227152,0.0010122762136169,-0.110303479939859,"Down"
"ITGA8",4.27059058952894,0.876495467331093,4.7245822674985,0.000487833369262147,0.00101851860272251,0.0640179478510738,"Up"
"SFRP2",2.0662469190793,0.833697962994709,4.71938702622724,0.000492203385622462,0.00102662352172221,0.0470914220564449,"Up"
"TRAF3IP3",-2.74175072835968,0.446994181683711,-4.70408302055953,0.000505315802818395,0.00104980917652197,0.0589504056425385,"Down"
"IYD",-1.95367540874404,0.484424788153102,-4.69730657953262,0.000511237928686054,0.00106080294253131,0.0546731133222806,"Down"
"BARHL2",3.76602052395289,0.0449069006587858,4.69438723578839,0.000513811531038429,0.00106509244201955,0.0832295733212591,"Up"
"NPY2R",3.7185780090394,-0.0560052507422845,4.66700904598777,0.000538616163477833,0.00111076382340747,0.0521809572358105,"Up"
"EN1",1.60979471520587,1.70495543576597,4.66608908438194,0.000539471051004563,0.00111221923372357,-0.246996405838678,"Up"
"CYTH4",-3.92430472165487,1.60077827493366,-4.65993572388319,0.000545225702850723,0.00112246857445216,-0.105738634776244,"Down"
"FGD4",-2.41082427992378,1.32749190509234,-4.65815389814652,0.000546904014595698,0.00112537304446275,-0.120759038169362,"Down"
"FLVCR2",-3.33658176008937,0.919623446864047,-4.63924912564059,0.000565046333937155,0.00115676395468302,-0.0443213525069135,"Down"
"OVOL2",1.56712596485158,2.12629289159523,4.63388164606403,0.000570311031350687,0.0011664066645077,-0.384410817085857,"Up"
"PROZ",-2.99271867361874,2.779892868587,-4.62850458208722,0.000575636484016074,0.00117586923440428,-0.272657015406502,"Down"
"F13A1",-2.29291693859326,1.26482557578772,-4.62795549997585,0.00057618320853604,0.0011767003681122,-0.229289455768965,"Down"
"ADTRP",-1.5405229138263,1.73837569853328,-4.61902357294389,0.000585153292018299,0.00119183727887726,-0.439281915723921,"Down"
"HRH3",3.62471948664892,0.166885399812012,4.58863664662924,0.000616776677858697,0.00124659115241486,-0.0995224687637748,"Up"
"ARSI",-3.30008380488216,0.565674955180476,-4.57974745937025,0.000626360797718048,0.00126323100479378,-0.196743641668641,"Down"
"SLC22A3",-3.70125859614991,1.36130060631787,-4.56494248126107,0.000642669437369941,0.00129209573381856,-0.252254613714649,"Down"
"B3GAT2",2.32084900118822,1.17136077347616,4.50474448871279,0.000713679201931409,0.00141725201912931,-0.450162112238385,"Up"
"PLSCR5",-3.3443398507415,2.16356619417555,-4.49837597216201,0.000721655555238096,0.00143207779287107,-0.443985017370922,"Down"
"SLC9A2",1.89148986598557,0.689058341858451,4.49619412162381,0.000724409557487287,0.00143678546503117,-0.451011827194664,"Up"
"HTR4",1.63853835324097,1.02272411161214,4.48545591312135,0.000738124054949629,0.00146165587158065,-0.364219695914827,"Up"
"TMPRSS7",-2.6083745804676,0.111632263570625,-4.47033214209341,0.000757899818507631,0.00149694109693033,-0.251916100249823,"Down"
"CABP7",3.17962083375898,1.25936245630976,4.46340984680993,0.000767134636682806,0.00151446992797962,-0.36407445405374,"Up"
"NRTN",3.58850350051109,0.711781846759352,4.42956932277697,0.000813995840135077,0.00159947711324067,-0.543759017354758,"Up"
"KCNMB4",1.70353391033541,0.719876370917993,4.42404076246357,0.000821930257328925,0.00161393726608298,-0.460974432231082,"Up"
"SBK1",1.58480972580101,2.36302060467845,4.42205447574834,0.000824800522933555,0.00161881772800628,-0.811734177995931,"Up"
"ADAMTS14",1.83737390804225,1.15106932197334,4.42031968256074,0.000827315899586765,0.00162337592796713,-0.674917580553302,"Up"
"TINAG",-3.8741619511494,2.07796985691038,-4.41408805585342,0.00083641750001512,0.00163856038303311,-0.489720881369252,"Down"
"SLC16A5",-2.22795803171298,5.10103212400925,-4.40887836551172,0.000844106419877271,0.0016513163024523,-1.38547145801689,"Down"
"DHCR24",-1.52412171880927,7.59403443664046,-4.40834108837545,0.000844903551392607,0.00165249151125462,-1.44356162845321,"Down"
"RAC2",-1.86016418769728,1.59944772235286,-4.36636210895738,0.000909670065624667,0.00176562028423667,-0.754510661913148,"Down"
"GYS2",-1.54799343114992,1.01234489030786,-4.33477846452682,0.000961787050213583,0.00185564692513118,-0.568014596129272,"Down"
"SLC16A12",-2.10782182482124,0.143715353472799,-4.28218294923273,0.00105556715646893,0.00201761518730794,-0.576722007773159,"Down"
"RUNX1T1",-3.24279485379374,0.326470378474605,-4.27637897508094,0.00106648210309078,0.00203385775507839,-0.61992718568346,"Down"
"RNaseP_nuc",2.01616378154215,2.08192551918734,4.27100439390174,0.00107669397235856,0.00205193727823894,-1.29343942156786,"Up"
"KCNK5",1.66489249619642,1.35796589870461,4.25902669371093,0.00109981857215382,0.00209079834299644,-1.00392639313546,"Up"
"DTX1",2.6278253839766,0.159901047796217,4.25235471356238,0.0011129225706813,0.00211280952045025,-0.669096245422487,"Up"
"ZBTB7C",3.19933516535773,0.468480541569432,4.25059305902851,0.00111640946949998,0.00211803140391721,-0.660506028048095,"Up"
"LRRC3B",1.54029769290779,0.789435844143282,4.23183121575604,0.00115425590728411,0.00218147107005582,-0.821537763670237,"Up"
"GTF2A1L",-2.22981825854294,-0.432488778502261,-4.22161932295906,0.00117541201027104,0.00221824101762483,-0.650781075643412,"Down"
"MAT1A",-3.15843015725142,6.89877075352811,-4.21481067393122,0.00118974055515522,0.00224249037434498,-1.81707402968849,"Down"
"PLAU",2.87668508374012,0.59001575351524,4.18044097182696,0.00126488348859135,0.00236873573848379,-0.87485179551324,"Up"
"F9",-1.69007544463126,1.40011470670198,-4.12936072583642,0.00138576021190729,0.00257029400525777,-1.20951843015856,"Down"
"ACKR2",-3.02446014669337,1.18907993828281,-4.12171735410812,0.00140485050075732,0.00260304164575469,-1.04900563912586,"Down"
"SCT",-1.54988945609547,1.02116619198172,-4.09793094442868,0.00146601948076622,0.00270387722734919,-1.1833200850285,"Down"
"HACD4",-3.0298310855905,1.43223509659678,-4.02941030777473,0.0016580911512205,0.00301191255318852,-1.10709124499003,"Down"
"RIPK4",2.66926522348274,1.70677517993176,3.96518399468476,0.00186174758335681,0.00335218150360886,-1.45998159969582,"Up"
"SLC26A1",-1.61284278992172,1.7183970778919,-3.92981097024841,0.00198476213736598,0.00355617304595344,-1.56801033536483,"Down"
"SLC46A2",-2.46523669496771,0.548923534672864,-3.91720393204981,0.00203060337762616,0.00362672401174835,-1.28859145466227,"Down"
"gga-mir-1609",-2.4262223106533,0.0798332428588035,-3.89529255809689,0.00211288829288425,0.00375932376746206,-1.22248869979533,"Down"
"WDR72",-1.64375089957018,-0.0327193180727246,-3.85758312670279,0.00226262771259155,0.0039953304456968,-1.27347435566743,"Down"
"RNF182",1.50873803886904,1.49000020542868,3.85547940885097,0.00227129608871099,0.00400979548686828,-1.75948102404212,"Up"
"FMOD",-1.87665876591087,1.08794412049886,-3.81693817177453,0.00243629172361873,0.00426628000720187,-1.50319959985995,"Down"
"RGS1",-1.69567283948534,1.20026850805293,-3.77058853331591,0.00265113829338476,0.00461453818794775,-1.67378098934199,"Down"
"gga-mir-365-2",-2.65868935020079,0.0910619597881953,-3.73356335579318,0.00283667905163303,0.00490501799022612,-1.51166417414652,"Down"
"SPON2",-2.29205272050593,0.234782298825552,-3.62927362346496,0.00343417401051902,0.00580303401364701,-1.73668780338778,"Down"
"FXYD2",-1.94203516542203,2.31544872182145,-3.6135839378335,0.0035346190924683,0.00595997696273112,-2.16450505065549,"Down"
"TMEM71",-2.14470936131167,0.357157751853315,-3.57870863574882,0.00376878104785504,0.00632187474813642,-1.83270764412572,"Down"
"CD38",-1.52396816888621,0.202276580150458,-3.53628664804993,0.00407509026162629,0.00678160788396433,-1.91330130477133,"Down"
"CPQ",-2.00411607535538,0.862269295218451,-3.5361014361613,0.00407648184081221,0.0067825822045865,-1.95859995562412,"Down"
"gga-mir-6652",-1.60509916831946,1.45784973978181,-3.52422615364376,0.00416672485269702,0.0069217814236116,-2.08152782126758,"Down"
"PMP22",2.33144153783222,-0.356031042037733,3.52356778715926,0.00417178709702941,0.00692882286506227,-1.85572096602328,"Up"
"COL1A2",2.49352283960191,-0.693184501070716,3.50655579212246,0.00430478976096196,0.00711880916838324,-1.8576849127224,"Up"
"EGR4",3.20201162025189,-0.262863448818218,3.47178744379019,0.0045902071553413,0.00754925781959377,-1.95459363300289,"Up"
"gga-mir-22",-1.55194777573215,0.775065344812169,-3.4569577488746,0.00471773586014666,0.0077393311614884,-2.12885155455507,"Down"
"CLIC3",1.5959806825179,3.19527545652109,3.45410167750407,0.00474270763434976,0.00777423378831461,-2.65913160038352,"Up"
"gga-mir-6583",-1.5593720728803,-0.352658728421163,-3.44775737384551,0.00479866036695463,0.00785676752822656,-1.9617959724393,"Down"
"SLC5A9",-1.96723357992773,1.16846385474801,-3.40503425363292,0.00519333514528458,0.00845034266339672,-2.22940719782921,"Down"
"HPSE",2.5360878791176,-0.256168092698394,3.4028346187592,0.00521452573338051,0.0084799032703254,-2.07709509457482,"Up"
"APOA4",-1.88488182629935,4.18655006152772,-3.39748691955524,0.0052664105887439,0.00855931595396778,-2.92088088813718,"Down"
"SLC6A1",1.66236136956336,0.646387419590347,3.36589311707683,0.00558381300008076,0.00902462592829035,-2.40342501679686,"Up"
"COL22A1",-1.57716832901038,0.270037621599681,-3.3365167537191,0.0058963273734387,0.00948779853128959,-2.2320823669036,"Down"
"AGR3",-2.03501007423102,0.46097452077298,-3.32671056626731,0.00600454640755242,0.00963613455524433,-2.27745561279163,"Down"
"NRN1",2.3062208406976,0.250881305363363,3.26488562508873,0.00673468673114329,0.0106936505295036,-2.42510883185739,"Up"
"SNORD15",1.59843106354231,0.534305457107722,3.2503028241835,0.0069196085673739,0.0109542025373253,-2.52920888779889,"Up"
"ANO1",-2.79925310777444,0.961782376868335,-3.19965340336759,0.00760262416706742,0.0119500242371951,-2.66626374721893,"Down"
"VSTM2B",2.4988265417366,3.16802683002646,3.14495483584862,0.00841678535084775,0.0131194575661417,-3.12769269353848,"Up"
"PSCA",-2.08332652549901,0.694057786478153,-3.14484275996321,0.00841854056762687,0.0131197629812951,-2.70586537730299,"Down"
"gga-mir-1600",1.71859602254644,-0.331544328627273,3.08080865785087,0.00948396818433982,0.0146203936062725,-2.61644501296392,"Up"
"CHL1",-2.21917474315525,0.498143204050148,-3.06970606354815,0.00968200902299519,0.0149065734527871,-2.8224220730411,"Down"
"OSTN",-2.64381507269701,1.70497586817812,-3.05434156685284,0.00996292486761166,0.0152970893861468,-3.14467084461613,"Down"
"RBP1",-1.59474047224997,-0.140279760871633,-3.05318856600829,0.00998433210812818,0.0153190847415299,-2.69040486177254,"Down"
"TC2N",-2.09220903889956,1.11079945976926,-3.04381734721919,0.0101600404211692,0.0155656555177927,-2.89296582179622,"Down"
"RD3",-1.62002178996982,0.180801919008907,-3.01531008264224,0.0107137986099597,0.0163130476844374,-2.79283793600125,"Down"
"TM6SF2",-2.05460549750223,2.11170060797735,-2.99924493281508,0.0110390587307901,0.0167567454737268,-3.14880685897371,"Down"
"gga-mir-7444",1.59156275493266,-0.476412081064884,2.94251581969912,0.0122685129451968,0.0184433210507211,-2.8283919166394,"Up"
"MC3R",1.76913521382364,0.253221946506636,2.79881690170511,0.0160267669698613,0.0235462226793108,-3.178059223868,"Up"
"COL9A1",-1.62352617417443,-0.652414226620135,-2.77788527767294,0.0166620160090031,0.0243900839769923,-3.10276914352656,"Down"
"gga-mir-1697",-1.63645303608731,-0.0189435789438644,-2.69993167759682,0.0192540111578392,0.0278164920813975,-3.27849253021091,"Down"
"C4orf47",2.08069145839539,0.251549578518036,2.69585834932499,0.0193998591138536,0.0279983558463061,-3.43227543964125,"Up"
"LPAR5",-1.71529461789557,0.547106399888802,-2.67355975248987,0.020217720879646,0.0290889027840872,-3.48405553099775,"Down"
"CHAC1",-1.51246104452412,5.67274120966112,-2.67320417727885,0.0202310330834162,0.0290981046775835,-4.58493174472079,"Down"
"gga-mir-1580",-1.9072439750213,1.86071680919567,-2.65871247293598,0.0207809620400855,0.0298075374369723,-3.71325656550541,"Down"
"C1QTNF4",1.97603641805887,0.78871276423356,2.35827931771812,0.0360881152488775,0.0494778233182427,-4.14591807214507,"Up"
"SPRY2",1.74245107774186,0.856739977931197,2.35680150875214,0.0361853361378398,0.049586875938727,-4.06194189703395,"Up"
