"gene","module","module_color"
"OPHN1",7,"black"
"BPHL",1,"turquoise"
"CIR1",1,"turquoise"
"EIF2B5",1,"turquoise"
"TRAK2",1,"turquoise"
"XRN2",1,"turquoise"
"SRGAP3",3,"brown"
"UBE2T",1,"turquoise"
"AFMID",2,"blue"
"SUSD6",3,"brown"
"RGS10",1,"turquoise"
"SRSF5",3,"brown"
"TIAL1",1,"turquoise"
"FOXP2",4,"yellow"
"ARHGDIB",3,"brown"
"UPB1",1,"turquoise"
"ATP11C",3,"brown"
"FRA10AC1",3,"brown"
"RBP4",1,"turquoise"
"CACNB2",2,"blue"
"EEF1B2",1,"turquoise"
"APBB1IP",2,"blue"
"MMS19",1,"turquoise"
"LSS",2,"blue"
"SLC52A3",3,"brown"
"FHL1",3,"brown"
"ARHGAP42",9,"magenta"
"MAML2",8,"pink"
"WIPF3",3,"brown"
"GRTP1",8,"pink"
"TMCO3",7,"black"
"CGN",4,"yellow"
"ANGPTL2",6,"red"
"PKIA",2,"blue"
"SLIRP",5,"green"
"ME1",1,"turquoise"
"RIPPLY2",9,"magenta"
"SOD1",3,"brown"
"SNAP91",1,"turquoise"
"TIAM1",5,"green"
"ERN1",1,"turquoise"
"ACLY",2,"blue"
"MED20",1,"turquoise"
"VWC2L",5,"green"
"API5",2,"blue"
"PKDCC",8,"pink"
"CYSLTR1",7,"black"
"SPP2",4,"yellow"
"CNR2",1,"turquoise"
"PNRC2",2,"blue"
"PI4KA",3,"brown"
"HOXD13",2,"blue"
"CPXM1",1,"turquoise"
"INSR",3,"brown"
"CSNK1E",2,"blue"
"THOP1",2,"blue"
"FAM222B",1,"turquoise"
"STK40",1,"turquoise"
"SLC2A5",1,"turquoise"
"SUMF2",1,"turquoise"
"CDC73",1,"turquoise"
"SZRD1",4,"yellow"
"ABCB9",1,"turquoise"
"FBXO42",6,"red"
"UCK1",1,"turquoise"
"LIFR",1,"turquoise"
"EMC3",1,"turquoise"
"gga-mir-6632",1,"turquoise"
"NDUFA4",3,"brown"
"MBD4",2,"blue"
"PPRC1",1,"turquoise"
"GLOD5",1,"turquoise"
"HPS6",3,"brown"
"PNMT",1,"turquoise"
"TMEM203",1,"turquoise"
"CADPS2",1,"turquoise"
"CD99",1,"turquoise"
"BET1",1,"turquoise"
"TIMMDC1",1,"turquoise"
"LEPROTL1",9,"magenta"
"FDFT1",8,"pink"
"gga-mir-1780",1,"turquoise"
"CYP2U1",1,"turquoise"
"CSRNP1",1,"turquoise"
"NR2F1",1,"turquoise"
"SYNGR2",3,"brown"
"MTERF3",2,"blue"
"PEF1",2,"blue"
"RNF38",1,"turquoise"
"PDSS2",1,"turquoise"
"TRIM14",1,"turquoise"
"BEND3",1,"turquoise"
"HGFAC",1,"turquoise"
"HERC3",2,"blue"
"NSUN4",5,"green"
"B4GALT2",5,"green"
"GATB",7,"black"
"MBIP",4,"yellow"
"BRMS1L",1,"turquoise"
"TDRKH",2,"blue"
"CASC3",1,"turquoise"
"HINT3",2,"blue"
"PIK3AP1",2,"blue"
"GJB1",1,"turquoise"
"RAB29",1,"turquoise"
"CUEDC1",5,"green"
"RPL22",1,"turquoise"
"KLHDC4",1,"turquoise"
"SGCE",1,"turquoise"
"CLCN3",4,"yellow"
"DLGAP4",1,"turquoise"
"MTMR4",1,"turquoise"
"REXO1",1,"turquoise"
"ZNF512B",1,"turquoise"
"FAM103A1",1,"turquoise"
"PASK",4,"yellow"
"COPB1",2,"blue"
"POLR3H",4,"yellow"
"LRRC4C",1,"turquoise"
"HECW2",1,"turquoise"
"NDUFA6",4,"yellow"
"LETM2",1,"turquoise"
"TBX3",4,"yellow"
"IGSF6",1,"turquoise"
"LSG1",1,"turquoise"
"TBC1D16",4,"yellow"
"LRRC28",1,"turquoise"
"PXK",2,"blue"
"MRI1",1,"turquoise"
"ABCF2",1,"turquoise"
"OLFML2B",1,"turquoise"
"RAB11FIP3",7,"black"
"YWHAE",1,"turquoise"
"ATR",1,"turquoise"
"RNF216",1,"turquoise"
"CTNS",1,"turquoise"
"ATXN2",1,"turquoise"
"AGTRAP",1,"turquoise"
"SPOUT1",1,"turquoise"
"PREX1",3,"brown"
"LAMC1",2,"blue"
"TSHZ1",8,"pink"
"TUSC3",1,"turquoise"
"SEC24B",1,"turquoise"
"SP1",1,"turquoise"
"KIAA1522",1,"turquoise"
"DDX5",1,"turquoise"
"BAG5",1,"turquoise"
"FNBP1",6,"red"
"GRIA1",1,"turquoise"
"TAOK1",1,"turquoise"
"TMCO4",4,"yellow"
"ZDHHC13",8,"pink"
"OXSR1",4,"yellow"
"TCEA2",2,"blue"
"RIC3",6,"red"
"KBTBD12",4,"yellow"
"LCMT1",6,"red"
"HSPA13",1,"turquoise"
"IGF1R",9,"magenta"
"THAP9",6,"red"
"CBX6",1,"turquoise"
"NKX2-2",3,"brown"
"TNS1",1,"turquoise"
"WBP1L",1,"turquoise"
"gga-mir-1453",1,"turquoise"
"RAB43",1,"turquoise"
"TOP3A",1,"turquoise"
"MIEF1",1,"turquoise"
"DDX18",1,"turquoise"
"SMIM20",1,"turquoise"
"GAR1",1,"turquoise"
"SNRK",1,"turquoise"
"TAPBPL",2,"blue"
"AP3S1",1,"turquoise"
"CLSPN",1,"turquoise"
"LCORL",9,"magenta"
"NCAPG",1,"turquoise"
"KPNA1",5,"green"
"GNB1",2,"blue"
"PPIL2",3,"brown"
"MCOLN3",5,"green"
"PDCD4",1,"turquoise"
"XDH",4,"yellow"
"OVOL2",2,"blue"
"RFC4",5,"green"
"KAT14",1,"turquoise"
"HMGB3",1,"turquoise"
"PSEN2",3,"brown"
"CD99L2",2,"blue"
"NDUFB5",1,"turquoise"
"ZBTB2",9,"magenta"
"ANKH",4,"yellow"
"RMND1",1,"turquoise"
"CHRDL2",1,"turquoise"
"RNF169",1,"turquoise"
"SLCO2B1",4,"yellow"
"PGM2L1",4,"yellow"
"POLD3",1,"turquoise"
"ZNF618",3,"brown"
"PDE1A",1,"turquoise"
"TCF7L2",3,"brown"
"VTI1A",1,"turquoise"
"TTC14",1,"turquoise"
"SNORD24",1,"turquoise"
"LMBRD2",3,"brown"
"CAPSL",1,"turquoise"
"S1PR4",4,"yellow"
"IL7R",1,"turquoise"
"CYBA",1,"turquoise"
"PREB",1,"turquoise"
"GTDC1",1,"turquoise"
"FERMT2",8,"pink"
"SLC44A1",1,"turquoise"
"BMP4",3,"brown"
"PTPRE",6,"red"
"NENF",1,"turquoise"
"PDZD8",1,"turquoise"
"TACC1",2,"blue"
"IPO11",1,"turquoise"
"RNF180",1,"turquoise"
"LONP1",1,"turquoise"
"PTN",1,"turquoise"
"SLC26A8",1,"turquoise"
"NUDT14",1,"turquoise"
"ZBTB25",5,"green"
"PELI2",5,"green"
"UQCR10",1,"turquoise"
"CDK18",3,"brown"
"NOB1",2,"blue"
"MFSD4A",3,"brown"
"C1H21ORF59",1,"turquoise"
"WWP2",1,"turquoise"
"PATZ1",4,"yellow"
"P4HTM",2,"blue"
"WDR6",4,"yellow"
"PFKP",1,"turquoise"
"RIDA",4,"yellow"
"MAP3K3",1,"turquoise"
"SPIRE2",1,"turquoise"
"STK38",7,"black"
"LIMD2",4,"yellow"
"TMEM53",1,"turquoise"
"PAX9",2,"blue"
"SLC25A21",1,"turquoise"
"MIPOL1",1,"turquoise"
"CDKL2",2,"blue"
"PTP4A1",8,"pink"
"NDC1",1,"turquoise"
"SMUG1",1,"turquoise"
"SCNN1B",1,"turquoise"
"TBC1D20",2,"blue"
"HM13",1,"turquoise"
"GTF2B",1,"turquoise"
"POLR3F",4,"yellow"
"FNIP1",2,"blue"
"DOCK1",3,"brown"
"FBXL3",4,"yellow"
"NFYC",2,"blue"
"SCPEP1",1,"turquoise"
"SURF2",6,"red"
"DEDD",4,"yellow"
"NDUFAF8",2,"blue"
"PIK3CD",1,"turquoise"
"CRCP",4,"yellow"
"CEP44",6,"red"
"ELL",1,"turquoise"
"CPEB4",4,"yellow"
"ERBB3",3,"brown"
"VSX2",4,"yellow"
"STK11IP",1,"turquoise"
"SLC7A9",6,"red"
"ASPM",2,"blue"
"RRS1",2,"blue"
"INPP5K",1,"turquoise"
"IFIH1",3,"brown"
"NFYB",1,"turquoise"
"RAB34",2,"blue"
"RND3",1,"turquoise"
"C12orf75",1,"turquoise"
"gga-mir-2129",1,"turquoise"
"SNORD62",1,"turquoise"
"RNaseP_nuc",4,"yellow"
"PYROXD1",7,"black"
"BCAT1",6,"red"
"RECQL",1,"turquoise"
"SNORA73",1,"turquoise"
"ND1",1,"turquoise"
"PRKX",1,"turquoise"
"NAPRT",1,"turquoise"
"TCEA3",4,"yellow"
"CADM1",4,"yellow"
"BORCS8",7,"black"
"PSAT1",3,"brown"
"GAREM1",6,"red"
"TAF13",1,"turquoise"
"ZBTB43",5,"green"
"HOXB7",2,"blue"
"NR2C2",4,"yellow"
"DLL4",4,"yellow"
"MCTS1",1,"turquoise"
"MTF1",4,"yellow"
"PSMD5",1,"turquoise"
"RPL23",1,"turquoise"
"ICOS",1,"turquoise"
"AHSA1",4,"yellow"
"GLRX3",7,"black"
"TNFRSF19",4,"yellow"
"MIPEP",4,"yellow"
"NUP58",1,"turquoise"
"MTMR6",1,"turquoise"
"gga-mir-3064",1,"turquoise"
"WDR77",6,"red"
"P3H2",2,"blue"
"SLC9A1",4,"yellow"
"HS6ST2",2,"blue"
"ZNF644",1,"turquoise"
"C25H1ORF43",1,"turquoise"
"UPP2",4,"yellow"
"PDDC1",1,"turquoise"
"CITED4",1,"turquoise"
"DPYSL2",2,"blue"
"TMEM9",2,"blue"
"TMEM183A",1,"turquoise"
"APC",1,"turquoise"
"RPL37A",1,"turquoise"
"DEK",0,"grey"
"PLPPR5",3,"brown"
"SNX7",2,"blue"
"FOXK2",4,"yellow"
"MYO1F",1,"turquoise"
"COMMD4",1,"turquoise"
"NEK4",1,"turquoise"
"MPV17L2",2,"blue"
"RPA3",5,"green"
"ADSS",5,"green"
"ZBTB18",5,"green"
"ICA1",1,"turquoise"
"KIF14",1,"turquoise"
"FAM168B",1,"turquoise"
"ENSA",1,"turquoise"
"SAE1",1,"turquoise"
"SLC12A5",1,"turquoise"
"AUP1",1,"turquoise"
"SNX20",4,"yellow"
"STK25",2,"blue"
"GNAI2",5,"green"
"SPDEF",1,"turquoise"
"PGD",7,"black"
"WDR59",5,"green"
"OARD1",1,"turquoise"
"UPF1",1,"turquoise"
"WDR61",2,"blue"
"APOBEC2",4,"yellow"
"RAB11FIP4",1,"turquoise"
"HSF4",1,"turquoise"
"FOXP4",4,"yellow"
"FOXF1",4,"yellow"
"DUS1L",7,"black"
"MPRIP",3,"brown"
"CDC42",2,"blue"
"H2AFY2",2,"blue"
"gga-mir-7-2",2,"blue"
"GRHL3",8,"pink"
"NUDT1",1,"turquoise"
"TTPAL",1,"turquoise"
"MORN3",2,"blue"
"SLC6A4",1,"turquoise"
"ORAI1",1,"turquoise"
"TRIM63",1,"turquoise"
"TTC7B",1,"turquoise"
"CPT2",2,"blue"
"CCDC65",2,"blue"
"MBD3",1,"turquoise"
"FAM192A",1,"turquoise"
"UMAD1",2,"blue"
"NANP",1,"turquoise"
"SNORD36",1,"turquoise"
"TAF3",1,"turquoise"
"C3orf33",2,"blue"
"CDR2L",1,"turquoise"
"SERTAD2",2,"blue"
"ACBD7",4,"yellow"
"SLC25A40",3,"brown"
"FAM163A",6,"red"
"TFDP2",1,"turquoise"
"NMRK2",4,"yellow"
"SPTSSA",1,"turquoise"
"CLRN2",5,"green"
"CENPW",4,"yellow"
"TBL1XR1",3,"brown"
"ACE2",1,"turquoise"
"AP1S2",2,"blue"
"CYB5A",3,"brown"
"TIMM21",1,"turquoise"
"PIGA",1,"turquoise"
"EXTL2",1,"turquoise"
"NIPAL1",1,"turquoise"
"AASDHPPT",9,"magenta"
"NANOS1",1,"turquoise"
"SBDS",1,"turquoise"
"DTX3L",1,"turquoise"
"ALPK1",1,"turquoise"
"TIFA",2,"blue"
"RWDD1",1,"turquoise"
"ZNF518B",3,"brown"
"POLK",4,"yellow"
"WDR1",2,"blue"
"HOOK3",5,"green"
"FNTA",2,"blue"
"MED13L",2,"blue"
"NDUFB3",1,"turquoise"
"PCGF6",4,"yellow"
"PACSIN3",1,"turquoise"
"BUB1",2,"blue"
"ORC2",5,"green"
"PSMC2",4,"yellow"
"KPNA4",1,"turquoise"
"YAF2",4,"yellow"
"SLC25A12",1,"turquoise"
"ZCRB1",3,"brown"
"PPHLN1",1,"turquoise"
"HSPBAP1",1,"turquoise"
"SLC15A2",1,"turquoise"
"MFSD12",4,"yellow"
"VPS72",1,"turquoise"
"DNAJC8",6,"red"
"RFX2",5,"green"
"MFSD11",3,"brown"
"NEO1",1,"turquoise"
"VPS18",1,"turquoise"
"SLC38A2",2,"blue"
"MTIF3",1,"turquoise"
"POMP",1,"turquoise"
"PAN3",5,"green"
"GTF3A",6,"red"
"RASL11A",1,"turquoise"
"WBP4",1,"turquoise"
"PCDH17",3,"brown"
"OLFM4",1,"turquoise"
"ELF1",8,"pink"
"SUGT1",4,"yellow"
"FXYD2",1,"turquoise"
"PMM2",4,"yellow"
"WDR54",6,"red"
"DHODH",5,"green"
"PMVK",1,"turquoise"
"AIFM1",1,"turquoise"
"LYPLA2",3,"brown"
"PHKB",7,"black"
"INO80D",1,"turquoise"
"RUFY1",2,"blue"
"INPP4A",1,"turquoise"
"REXO2",1,"turquoise"
"DRC3",1,"turquoise"
"RAB9B",3,"brown"
"HPDL",1,"turquoise"
"KLHL3",8,"pink"
"LRRC6",1,"turquoise"
"AP2S1",1,"turquoise"
"F9",4,"yellow"
"HSPA8",1,"turquoise"
"MAPK12",1,"turquoise"
"ZNF777",3,"brown"
"MFF",1,"turquoise"
"MMD",1,"turquoise"
"RHOBTB1",6,"red"
"RPA1",1,"turquoise"
"gga-mir-7-1",1,"turquoise"
"ASB5",1,"turquoise"
"DTX4",1,"turquoise"
"DTD1",6,"red"
"DCUN1D1",1,"turquoise"
"RPL12",1,"turquoise"
"PRPSAP1",5,"green"
"GMEB2",6,"red"
"NIPAL4",3,"brown"
"HCLS1",2,"blue"
"D2HGDH",1,"turquoise"
"MTO1",1,"turquoise"
"CLDND1",1,"turquoise"
"ANKRA2",1,"turquoise"
"UTP15",1,"turquoise"
"DGAT2",2,"blue"
"LRTOMT",5,"green"
"MAPRE2",1,"turquoise"
"DTNA",5,"green"
"DCLK3",4,"yellow"
"SLC19A2",4,"yellow"
"CACTIN",1,"turquoise"
"RPS28",1,"turquoise"
"TPH2",3,"brown"
"MFSD8",1,"turquoise"
"TBC1D15",1,"turquoise"
"FBXO33",1,"turquoise"
"ZNF410",1,"turquoise"
"FAM161B",1,"turquoise"
"COQ6",1,"turquoise"
"DPH5",1,"turquoise"
"ZCCHC17",1,"turquoise"
"ANGPTL4",1,"turquoise"
"RAB11B",7,"black"
"ELF3",1,"turquoise"
"RNF2",3,"brown"
"AMIGO2",1,"turquoise"
"SLC38A4",3,"brown"
"M6PR",2,"blue"
"ATP5C1",2,"blue"
"XYLT1",1,"turquoise"
"WDR89",4,"yellow"
"CANT1",8,"pink"
"NUMA1",1,"turquoise"
"NLRC5",4,"yellow"
"APLP2",1,"turquoise"
"RC3H2",1,"turquoise"
"CREB3L3",4,"yellow"
"GOT1",3,"brown"
"TFRC",1,"turquoise"
"LRIG1",1,"turquoise"
"HACD3",2,"blue"
"THAP4",4,"yellow"
"USP31",1,"turquoise"
"SH3GLB1",2,"blue"
"ZNF710",9,"magenta"
"HENMT1",2,"blue"
"OPA1",1,"turquoise"
"BRWD3",9,"magenta"
"FAM3D",1,"turquoise"
"TRAF2",4,"yellow"
"RMI2",1,"turquoise"
"SOCS1",1,"turquoise"
"PCDH1",4,"yellow"
"GMPPB",1,"turquoise"
"SPSB1",4,"yellow"
"MBL2",3,"brown"
"SEC23A",3,"brown"
"MAFB",1,"turquoise"
"UBLCP1",1,"turquoise"
"PRKAR1B",2,"blue"
"DHTKD1",4,"yellow"
"NTNG2",2,"blue"
"CRIM1",3,"brown"
"SMARCC1",2,"blue"
"OTOS",1,"turquoise"
"BAMBI",1,"turquoise"
"EIF3B",5,"green"
"LARP7",7,"black"
"TOR2A",2,"blue"
"ASAP3",4,"yellow"
"PSMB2",2,"blue"
"CUL1",1,"turquoise"
"CHMP6",1,"turquoise"
"SNORA63",1,"turquoise"
"ARL11",1,"turquoise"
"AKAP11",1,"turquoise"
"GOLGA4",9,"magenta"
"PFKM",4,"yellow"
"PIPOX",1,"turquoise"
"RRAD",3,"brown"
"PDP2",4,"yellow"
"DNAJA1",1,"turquoise"
"MEA1",1,"turquoise"
"SLC25A22",1,"turquoise"
"SH3BP5",3,"brown"
"OTX5",3,"brown"
"ANO1",4,"yellow"
"HABP4",2,"blue"
"ZNF367",2,"blue"
"PTCH1",1,"turquoise"
"CDC14B",1,"turquoise"
"SFT2D1",1,"turquoise"
"MAP3K4",1,"turquoise"
"CDO1",4,"yellow"
"CCDC90B",1,"turquoise"
"LSM12",6,"red"
"MRPL12",1,"turquoise"
"CISH",2,"blue"
"ETF1",1,"turquoise"
"BST1",4,"yellow"
"CD38",1,"turquoise"
"BNIP3L",6,"red"
"PAPSS2",4,"yellow"
"RPS12",1,"turquoise"
"FBXO40",3,"brown"
"OST4",1,"turquoise"
"UBQLN4",6,"red"
"FGFRL1",4,"yellow"
"RABEPK",1,"turquoise"
"CCDC89",3,"brown"
"PRCP",2,"blue"
"ACBD3",1,"turquoise"
"ANGPTL3",4,"yellow"
"NFE2L2",4,"yellow"
"SFRP2",2,"blue"
"TRA2A",1,"turquoise"
"CSRNP3",4,"yellow"
"CCDC126",4,"yellow"
"FAM221A",8,"pink"
"GSC",2,"blue"
"TMTC2",7,"black"
"TAF4",1,"turquoise"
"TAF1C",1,"turquoise"
"ERN2",2,"blue"
"TSC22D2",1,"turquoise"
"HIST1H2B5",1,"turquoise"
"WDR11",2,"blue"
"MALT1",1,"turquoise"
"RHBG",1,"turquoise"
"HAPLN2",2,"blue"
"PDK1",1,"turquoise"
"C10orf88",4,"yellow"
"SART3",1,"turquoise"
"ID4",1,"turquoise"
"TGFA",0,"grey"
"MYCN",4,"yellow"
"FAM49A",2,"blue"
"DDX1",1,"turquoise"
"SMC6",1,"turquoise"
"RBFOX2",2,"blue"
"GPD2",5,"green"
"CYTIP",1,"turquoise"
"MCM5",8,"pink"
"YDJC",4,"yellow"
"WDR55",3,"brown"
"MBNL1",1,"turquoise"
"STK32A",1,"turquoise"
"KIRREL3",2,"blue"
"CYP46A1",4,"yellow"
"C12orf29",1,"turquoise"
"PDCD2",1,"turquoise"
"PCBD1",1,"turquoise"
"ERGIC3",4,"yellow"
"GLIPR2",1,"turquoise"
"PPIP5K1",1,"turquoise"
"KIZ",7,"black"
"DGKZ",5,"green"
"GNAI1",7,"black"
"SFR1",1,"turquoise"
"ACTR8",1,"turquoise"
"BRCC3",8,"pink"
"ST6GALNAC1",1,"turquoise"
"RSBN1",1,"turquoise"
"C9orf72",1,"turquoise"
"HACD1",4,"yellow"
"APMAP",3,"brown"
"CHMP7",4,"yellow"
"LOXL2",1,"turquoise"
"RBM15",5,"green"
"COPS2",1,"turquoise"
"PARS2",3,"brown"
"CPSF2",1,"turquoise"
"ACOT11",2,"blue"
"EARS2",3,"brown"
"PIK3C2A",9,"magenta"
"ADMP",2,"blue"
"PUS10",4,"yellow"
"IDH3A",1,"turquoise"
"NCAM1",1,"turquoise"
"FAM118B",4,"yellow"
"ARPP21",8,"pink"
"HIC2",5,"green"
"KIF3C",1,"turquoise"
"CSNK1D",1,"turquoise"
"IPMK",7,"black"
"TMEM132C",6,"red"
"TMOD3",7,"black"
"CPSF4",4,"yellow"
"SPTAN1",1,"turquoise"
"MCM10",5,"green"
"AFF1",4,"yellow"
"COL5A2",3,"brown"
"STK17A",3,"brown"
"MRPL24",1,"turquoise"
"IRX1",2,"blue"
"TRPM7",1,"turquoise"
"POMK",4,"yellow"
"SMG1",1,"turquoise"
"PCDH19",4,"yellow"
"KLHL25",4,"yellow"
"USP19",1,"turquoise"
"BCL2L13",7,"black"
"CECR2",4,"yellow"
"CECR1",1,"turquoise"
"ALKBH3",2,"blue"
"BID",1,"turquoise"
"ZFP64",6,"red"
"GNPDA2",1,"turquoise"
"SGMS2",4,"yellow"
"AIG1",1,"turquoise"
"PDCL2",2,"blue"
"CDT1",6,"red"
"GNAL",1,"turquoise"
"B4GALT4",1,"turquoise"
"WASF1",5,"green"
"TTC39C",0,"grey"
"CDC40",1,"turquoise"
"SLC39A11",3,"brown"
"ITFG2",1,"turquoise"
"RELL1",3,"brown"
"NWD2",4,"yellow"
"FKBP4",1,"turquoise"
"PGLYRP2",1,"turquoise"
"SNORA52",1,"turquoise"
"gga-mir-1592",1,"turquoise"
"VTA1",3,"brown"
"IMPA2",7,"black"
"CITED2",1,"turquoise"
"ALS2",2,"blue"
"GHRL",3,"brown"
"YIPF4",7,"black"
"EPS15",1,"turquoise"
"PAPSS1",4,"yellow"
"BIRC6",1,"turquoise"
"TTC39A",6,"red"
"INTS6",1,"turquoise"
"RNASEH2B",1,"turquoise"
"FAM124A",6,"red"
"SPRYD7",2,"blue"
"TRIM13",2,"blue"
"KCNRG",1,"turquoise"
"PHLDA2",3,"brown"
"NR0B2",1,"turquoise"
"CXXC5",2,"blue"
"MAPKAPK2",4,"yellow"
"GPATCH3",3,"brown"
"NRXN3",2,"blue"
"CDC42SE2",1,"turquoise"
"ZCCHC10",5,"green"
"ATP6V0B",9,"magenta"
"RBM18",1,"turquoise"
"SLC6A9",3,"brown"
"KCNJ15",1,"turquoise"
"TTC3",2,"blue"
"ETS2",1,"turquoise"
"UNC93B1",1,"turquoise"
"PITX2",1,"turquoise"
"gga-mir-1609",1,"turquoise"
"ZFHX3",2,"blue"
"MICAL2",3,"brown"
"FAM46A",6,"red"
"HECW1",2,"blue"
"TALDO1",2,"blue"
"ZFPM2",6,"red"
"PDIA2",1,"turquoise"
"GSKIP",1,"turquoise"
"BDKRB2",4,"yellow"
"CCK",2,"blue"
"TAF7",2,"blue"
"RAF1",1,"turquoise"
"MKRN2",7,"black"
"FLII",8,"pink"
"ANKZF1",1,"turquoise"
"CTH",4,"yellow"
"DYNC1H1",1,"turquoise"
"AKAP12",4,"yellow"
"TSC2",1,"turquoise"
"ABCD3",6,"red"
"LYVE1",1,"turquoise"
"METTL5",1,"turquoise"
"PSMA6",1,"turquoise"
"LRBA",2,"blue"
"SNRPD3",1,"turquoise"
"POFUT1",1,"turquoise"
"ZNF800",1,"turquoise"
"DENND2C",3,"brown"
"NDUFB6",1,"turquoise"
"OLFML2A",1,"turquoise"
"DOCK11",2,"blue"
"AQP11",5,"green"
"TOMM20",1,"turquoise"
"AP4B1",1,"turquoise"
"LDB1",2,"blue"
"DIS3L",1,"turquoise"
"TIPIN",1,"turquoise"
"COL14A1",4,"yellow"
"LYN",3,"brown"
"SLC15A4",8,"pink"
"PDPR",1,"turquoise"
"FAM149B1",1,"turquoise"
"RBM12B",1,"turquoise"
"VAV2",4,"yellow"
"PLEKHA2",2,"blue"
"GBGT1",1,"turquoise"
"CLTB",5,"green"
"MDFIC",1,"turquoise"
"gga-mir-6640",1,"turquoise"
"RFXAP",3,"brown"
"ZNF341",6,"red"
"MAU2",1,"turquoise"
"ZNF365",4,"yellow"
"DHX37",1,"turquoise"
"PID1",3,"brown"
"HMGCS2",3,"brown"
"gga-mir-7477",1,"turquoise"
"STRIP2",3,"brown"
"CARMIL3",1,"turquoise"
"TPGS1",4,"yellow"
"RAB12",3,"brown"
"LEO1",1,"turquoise"
"ARPC1A",4,"yellow"
"GPX3",1,"turquoise"
"MFN2",1,"turquoise"
"TSHZ3",3,"brown"
"VPS29",1,"turquoise"
"C1QL3",3,"brown"
"INSC",3,"brown"
"SPEF2",4,"yellow"
"PIGW",2,"blue"
"SRP9",1,"turquoise"
"COPS8",1,"turquoise"
"DOLK",1,"turquoise"
"DIO2",3,"brown"
"MTFP1",1,"turquoise"
"RASSF1",2,"blue"
"LSM11",1,"turquoise"
"gga-mir-6686",1,"turquoise"
"ND6",1,"turquoise"
"ARFIP2",1,"turquoise"
"YBEY",1,"turquoise"
"SYNGR1",2,"blue"
"MRPL39",1,"turquoise"
"JAM2",3,"brown"
"BLOC1S4",2,"blue"
"PARD6G",1,"turquoise"
"AUH",2,"blue"
"TFG",9,"magenta"
"R3HDM1",1,"turquoise"
"KLHDC2",1,"turquoise"
"KLHDC1",1,"turquoise"
"DCLK1",7,"black"
"TMEM200B",3,"brown"
"TTLL12",1,"turquoise"
"TSPO",1,"turquoise"
"TTLL1",2,"blue"
"PDE10A",5,"green"
"APAF1",9,"magenta"
"XRCC3",1,"turquoise"
"WWC2",1,"turquoise"
"TDP1",1,"turquoise"
"TTC8",1,"turquoise"
"CDKN2AIP",3,"brown"
"FOXN3",3,"brown"
"CALN1",4,"yellow"
"SH3GL1",1,"turquoise"
"CHAF1A",1,"turquoise"
"RNF26",1,"turquoise"
"YIPF5",1,"turquoise"
"PEBP1",1,"turquoise"
"KCNS1",1,"turquoise"
"SCN4B",1,"turquoise"
"SP8",1,"turquoise"
"LAMTOR1",1,"turquoise"
"KLHL5",6,"red"
"DENND3",1,"turquoise"
"VAMP4",3,"brown"
"YWHAZ",1,"turquoise"
"CDK5",1,"turquoise"
"SP5",1,"turquoise"
"ATP6V1C1",1,"turquoise"
"FAAH2",5,"green"
"ONECUT3",8,"pink"
"RAB17",1,"turquoise"
"ZNF423",1,"turquoise"
"XPR1",4,"yellow"
"P4HA1",2,"blue"
"RASAL2",1,"turquoise"
"gga-mir-6573",1,"turquoise"
"OSER1",4,"yellow"
"COA7",4,"yellow"
"RHBDF2",1,"turquoise"
"SPDL1",1,"turquoise"
"BBOX1",3,"brown"
"DACH1",1,"turquoise"
"FAM129A",5,"green"
"RPL6",1,"turquoise"
"RAB5A",7,"black"
"BTG1",1,"turquoise"
"DCN",1,"turquoise"
"KAT2B",4,"yellow"
"NEFL",2,"blue"
"OSBPL7",1,"turquoise"
"gga-mir-1754",1,"turquoise"
"SLC4A5",4,"yellow"
"MT-CO1",1,"turquoise"
"PDPK1",1,"turquoise"
"SEC24A",2,"blue"
"CEMIP",1,"turquoise"
"CAMLG",3,"brown"
"PELO",2,"blue"
"BTBD6",3,"brown"
"PTPRN",1,"turquoise"
"CAPN13",4,"yellow"
"SNRPD2",1,"turquoise"
"PTS",1,"turquoise"
"MFSD6",4,"yellow"
"KATNAL2",1,"turquoise"
"RAPGEF3",4,"yellow"
"DENND6B",7,"black"
"RSL24D1",1,"turquoise"
"ACP5",1,"turquoise"
"GFRA2",1,"turquoise"
"STK3",1,"turquoise"
"PIGV",1,"turquoise"
"SLC25A32",1,"turquoise"
"SAR1B",3,"brown"
"RBMS2",1,"turquoise"
"MMP15",2,"blue"
"ZFHX4",1,"turquoise"
"IKZF2",3,"brown"
"ANK3",3,"brown"
"DDX49",1,"turquoise"
"DGKE",4,"yellow"
"KLHL11",3,"brown"
"SGK2",4,"yellow"
"CX3CL1",1,"turquoise"
"MSRB3",6,"red"
"STARD3NL",5,"green"
"ENG",1,"turquoise"
"ATP8A1",2,"blue"
"GTF2H1",1,"turquoise"
"MAP1S",1,"turquoise"
"SF3A2",1,"turquoise"
"DARS2",1,"turquoise"
"HBZ",1,"turquoise"
"CLCN7",1,"turquoise"
"SF3B5",2,"blue"
"CNKSR2",2,"blue"
"RPS7",3,"brown"
"KRT12",2,"blue"
"DGKI",4,"yellow"
"CPM",2,"blue"
"KAT7",1,"turquoise"
"PLEKHH2",4,"yellow"
"HECTD1",1,"turquoise"
"SLC35E3",4,"yellow"
"FAM117A",4,"yellow"
"MDM2",5,"green"
"HHIP",5,"green"
"PDLIM3",1,"turquoise"
"UBA3",4,"yellow"
"ABCD2",1,"turquoise"
"gga-mir-1747",1,"turquoise"
"B4GALT6",1,"turquoise"
"RORB",2,"blue"
"NMRK1",1,"turquoise"
"CARNMT1",1,"turquoise"
"TRPM6",5,"green"
"ECHDC1",1,"turquoise"
"PRPF40A",1,"turquoise"
"TTC33",1,"turquoise"
"BHLHE40",4,"yellow"
"STN1",1,"turquoise"
"FGL2",2,"blue"
"FAM185A",1,"turquoise"
"ADAMTSL5",1,"turquoise"
"SAMD12",1,"turquoise"
"LTBP2",2,"blue"
"TIPARP",8,"pink"
"ZDHHC17",1,"turquoise"
"PARN",2,"blue"
"TKT",3,"brown"
"ADAMTS19",2,"blue"
"RPL9",1,"turquoise"
"ACKR2",4,"yellow"
"DENND2D",1,"turquoise"
"BRD2",1,"turquoise"
"SEPT5",5,"green"
"SCAMP2",1,"turquoise"
"MAP3K13",2,"blue"
"SEC14L1",1,"turquoise"
"FBXL20",1,"turquoise"
"TIMM9",1,"turquoise"
"MYLK",6,"red"
"ACAT1",4,"yellow"
"HACD2",2,"blue"
"BRF1",1,"turquoise"
"TRMT6",1,"turquoise"
"AFF2",1,"turquoise"
"SYBU",1,"turquoise"
"CHKA",1,"turquoise"
"FDX1",2,"blue"
"BEST1",1,"turquoise"
"TVP23A",1,"turquoise"
"KIF5B",8,"pink"
"MB21D2",2,"blue"
"CASP10",1,"turquoise"
"CEP104",1,"turquoise"
"PBX3",1,"turquoise"
"MAPKAP1",1,"turquoise"
"ADGRG1",2,"blue"
"ANKRD13B",3,"brown"
"CEP162",1,"turquoise"
"SYNCRIP",1,"turquoise"
"SNX14",0,"grey"
"MGST3",1,"turquoise"
"LRRC52",9,"magenta"
"IL11RA",1,"turquoise"
"PPDPF",1,"turquoise"
"FMNL2",4,"yellow"
"DENND5A",1,"turquoise"
"SLC7A5",3,"brown"
"MPDZ",3,"brown"
"FASN",2,"blue"
"KCNE5",1,"turquoise"
"SNORD14",1,"turquoise"
"GPAT2",1,"turquoise"
"MAL2",1,"turquoise"
"DRD4",4,"yellow"
"C22orf39",1,"turquoise"
"TLDC1",2,"blue"
"ZMYND12",1,"turquoise"
"GPT2",4,"yellow"
"MTSS1",3,"brown"
"ATXN1",1,"turquoise"
"MYLIP",2,"blue"
"DTNBP1",1,"turquoise"
"JARID2",6,"red"
"RNF182",8,"pink"
"HTT",1,"turquoise"
"HSD17B4",4,"yellow"
"WDCP",3,"brown"
"NR5A2",3,"brown"
"SNX1",8,"pink"
"VAC14",5,"green"
"SIL1",1,"turquoise"
"WDR24",4,"yellow"
"MAP3K5",2,"blue"
"MNS1",7,"black"
"TMOD4",1,"turquoise"
"PRKCI",1,"turquoise"
"CAPN2",2,"blue"
"PRDX3",2,"blue"
"RGS6",1,"turquoise"
"RGS20",4,"yellow"
"HOXA4",3,"brown"
"ADAM22",5,"green"
"FAM3C",1,"turquoise"
"USP33",1,"turquoise"
"TRMT61B",2,"blue"
"HAGHL",2,"blue"
"KIFAP3",1,"turquoise"
"TCEANC",8,"pink"
"SCARA5",1,"turquoise"
"ESCO2",1,"turquoise"
"PBK",1,"turquoise"
"CCDC25",1,"turquoise"
"DPY19L4",3,"brown"
"INTS9",1,"turquoise"
"POPDC2",1,"turquoise"
"F2R",8,"pink"
"RBBP8",1,"turquoise"
"COX17",2,"blue"
"F2RL1",3,"brown"
"MSH3",1,"turquoise"
"UFL1",2,"blue"
"KCNK1",2,"blue"
"OSBPL3",3,"brown"
"TARBP1",1,"turquoise"
"SLC35F3",6,"red"
"ELL2",3,"brown"
"RHOBTB3",8,"pink"
"CLSTN3",1,"turquoise"
"TTC37",3,"brown"
"ARSK",1,"turquoise"
"PRRG3",1,"turquoise"
"ATXN7L1",1,"turquoise"
"MEST",1,"turquoise"
"PPP1R8",1,"turquoise"
"TM9SF3",2,"blue"
"PM20D1",7,"black"
"VEZF1",1,"turquoise"
"MRGBP",9,"magenta"
"SLC41A1",3,"brown"
"LRRC41",3,"brown"
"ARHGEF26",3,"brown"
"GPATCH2L",4,"yellow"
"POMGNT1",1,"turquoise"
"RAD54L",1,"turquoise"
"P2RY1",0,"grey"
"CCDC134",1,"turquoise"
"MNAT1",6,"red"
"PPM1A",1,"turquoise"
"CENPM",1,"turquoise"
"AVEN",1,"turquoise"
"CHRM5",2,"blue"
"COL1A2",2,"blue"
"ESRRG",5,"green"
"CCL20",5,"green"
"NUP85",8,"pink"
"TRPC5",3,"brown"
"PIAS1",2,"blue"
"GRID1",2,"blue"
"DDX17",1,"turquoise"
"CALML4",1,"turquoise"
"TBX6",4,"yellow"
"C5orf24",1,"turquoise"
"SHH",1,"turquoise"
"SUDS3",4,"yellow"
"TAOK3",1,"turquoise"
"SLC29A4",5,"green"
"KLHL21",3,"brown"
"BICC1",1,"turquoise"
"CPNE8",3,"brown"
"SGSH",8,"pink"
"PCNT",2,"blue"
"PGPEP1L",4,"yellow"
"PRKAR2A",1,"turquoise"
"GATAD2A",1,"turquoise"
"KCTD7",1,"turquoise"
"DEF6",4,"yellow"
"LZIC",1,"turquoise"
"U2SURP",1,"turquoise"
"ATG14",2,"blue"
"ZBTB38",1,"turquoise"
"TBC1D22A",3,"brown"
"NPL",4,"yellow"
"MTHFR",7,"black"
"SH2B3",2,"blue"
"FBXL18",3,"brown"
"TAX1BP3",9,"magenta"
"PHOSPHO1",4,"yellow"
"GTF3C4",4,"yellow"
"DHDH",1,"turquoise"
"RNF165",1,"turquoise"
"ARL4C",3,"brown"
"PDCD7",3,"brown"
"SNRNP25",1,"turquoise"
"ZNF362",2,"blue"
"PGF",2,"blue"
"RBM38",4,"yellow"
"CHD7",1,"turquoise"
"TCTN2",1,"turquoise"
"MIS18A",1,"turquoise"
"MYBL1",1,"turquoise"
"MICU3",1,"turquoise"
"ZNF516",3,"brown"
"TMEM64",1,"turquoise"
"PUM1",2,"blue"
"IRX3",1,"turquoise"
"ATF4",1,"turquoise"
"MPPED2",1,"turquoise"
"KTN1",1,"turquoise"
"DNAJC24",1,"turquoise"
"ELOVL6",3,"brown"
"ATG12",2,"blue"
"AHSG",1,"turquoise"
"ITPKA",3,"brown"
"PHF14",1,"turquoise"
"HECTD2",4,"yellow"
"SNORA75",1,"turquoise"
"NMNAT1",3,"brown"
"NDUFS1",8,"pink"
"FBXO48",1,"turquoise"
"DPH7",1,"turquoise"
"PLEK",3,"brown"
"DYNLRB2",1,"turquoise"
"RABIF",2,"blue"
"CASP8AP2",1,"turquoise"
"RPL8",1,"turquoise"
"ZNF106",1,"turquoise"
"COQ8A",5,"green"
"MTMR1",4,"yellow"
"EHD3",1,"turquoise"
"HOOK1",6,"red"
"PAQR3",3,"brown"
"DDX24",1,"turquoise"
"BMP2K",9,"magenta"
"G3BP2",1,"turquoise"
"RRM1",1,"turquoise"
"TMTC1",6,"red"
"YWHAG",7,"black"
"IPO8",1,"turquoise"
"TPBG",2,"blue"
"LRRC71",1,"turquoise"
"SCARB1",1,"turquoise"
"GADD45G",2,"blue"
"SNORD16",5,"green"
"C2CD2L",1,"turquoise"
"PMS1",1,"turquoise"
"SLC5A12",3,"brown"
"SIM1",3,"brown"
"ASCC3",2,"blue"
"PTGFRN",1,"turquoise"
"RPN2",8,"pink"
"IL15",1,"turquoise"
"LEMD3",4,"yellow"
"NT5C1A",3,"brown"
"UBE2F",3,"brown"
"CYFIP2",5,"green"
"GMIP",2,"blue"
"ARSA",1,"turquoise"
"GRK3",1,"turquoise"
"DDA1",3,"brown"
"CEBPZ",1,"turquoise"
"ACER3",3,"brown"
"ENTPD4",3,"brown"
"IPO9",1,"turquoise"
"SLC6A17",8,"pink"
"PEPD",3,"brown"
"GTSE1",1,"turquoise"
"NGEF",3,"brown"
"MED12",1,"turquoise"
"CHD2",1,"turquoise"
"WEE1",1,"turquoise"
"ETV5",4,"yellow"
"TRAF7",3,"brown"
"PKD2L1",4,"yellow"
"VILL",1,"turquoise"
"CMTR1",1,"turquoise"
"EIF2B3",1,"turquoise"
"MDGA1",4,"yellow"
"UBE2G1",1,"turquoise"
"GRAMD1B",3,"brown"
"STRA6",2,"blue"
"POLE4",2,"blue"
"SERGEF",1,"turquoise"
"PKN2",1,"turquoise"
"ARHGAP21",1,"turquoise"
"AIFM3",4,"yellow"
"TP53BP1",1,"turquoise"
"USP35",1,"turquoise"
"PCSK6",4,"yellow"
"QDPR",4,"yellow"
"RND2",3,"brown"
"GRK7",1,"turquoise"
"MTA1",1,"turquoise"
"PWWP2A",2,"blue"
"LY96",6,"red"
"TRPA1",3,"brown"
"ITGA3",2,"blue"
"SLC39A3",1,"turquoise"
"CDK2",9,"magenta"
"PAQR9",1,"turquoise"
"DDX51",1,"turquoise"
"MIGA2",4,"yellow"
"RBM33",1,"turquoise"
"SLC22A23",0,"grey"
"PXDC1",3,"brown"
"SVOPL",3,"brown"
"MIEN1",5,"green"
"MSTO1",2,"blue"
"DAP3",1,"turquoise"
"SNORD81",1,"turquoise"
"MOCOS",3,"brown"
"KIAA0319",2,"blue"
"POLA1",1,"turquoise"
"GCLC",1,"turquoise"
"ELOVL5",8,"pink"
"PTBP3",1,"turquoise"
"RNF4",9,"magenta"
"SNX30",1,"turquoise"
"HSDL2",3,"brown"
"SH3BP2",3,"brown"
"ADD1",3,"brown"
"CENPN",5,"green"
"SPTLC1",6,"red"
"PYGL",4,"yellow"
"PPIL4",9,"magenta"
"TRIM9",5,"green"
"NIN",1,"turquoise"
"THSD7B",3,"brown"
"PARVB",8,"pink"
"GABRA4",1,"turquoise"
"GPR155",1,"turquoise"
"LAMTOR2",1,"turquoise"
"PDCD10",5,"green"
"CDK6",2,"blue"
"SERPINI1",2,"blue"
"EFCAB1",1,"turquoise"
"INPP5B",1,"turquoise"
"PPM1J",2,"blue"
"NUTF2",1,"turquoise"
"NARF",3,"brown"
"DVL1",1,"turquoise"
"SGCB",6,"red"
"ALDH8A1",4,"yellow"
"GSTZ1",1,"turquoise"
"RASGRP3",2,"blue"
"TMTC4",4,"yellow"
"PCCA",3,"brown"
"TM9SF2",4,"yellow"
"ADARB1",1,"turquoise"
"SSRP1",1,"turquoise"
"TCERG1",1,"turquoise"
"EPHX1",1,"turquoise"
"CHN1",5,"green"
"TELO2",6,"red"
"TNIK",3,"brown"
"THOC7",1,"turquoise"
"BACE1",3,"brown"
"MTIF2",1,"turquoise"
"RBM6",1,"turquoise"
"CDK9",1,"turquoise"
"SLC7A6OS",4,"yellow"
"PRR15L",1,"turquoise"
"ZNF703",1,"turquoise"
"DEAF1",4,"yellow"
"ERAL1",4,"yellow"
"NEMP2",1,"turquoise"
"ANAPC5",2,"blue"
"PROX1",3,"brown"
"ATOX1",1,"turquoise"
"VPS26A",1,"turquoise"
"STOX2",1,"turquoise"
"RNF111",1,"turquoise"
"ADA",1,"turquoise"
"MON2",2,"blue"
"IRF2",3,"brown"
"ORMDL3",6,"red"
"CRABP2",2,"blue"
"DCUN1D2",4,"yellow"
"C1orf109",1,"turquoise"
"APH1A",1,"turquoise"
"LARP1",1,"turquoise"
"DCP2",4,"yellow"
"AZI2",1,"turquoise"
"HAL",5,"green"
"COMMD8",2,"blue"
"DDX31",3,"brown"
"IL13RA1",5,"green"
"AAGAB",7,"black"
"CLCC1",4,"yellow"
"NPS",1,"turquoise"
"TUFT1",1,"turquoise"
"NOCT",1,"turquoise"
"AMPH",1,"turquoise"
"SDF2",1,"turquoise"
"METRN",2,"blue"
"PHYH",1,"turquoise"
"UBP1",6,"red"
"SURF6",3,"brown"
"CENPL",1,"turquoise"
"NKD1",3,"brown"
"KIAA0100",1,"turquoise"
"A1CF",4,"yellow"
"UPF2",1,"turquoise"
"BLCAP",3,"brown"
"APPL2",4,"yellow"
"PGGHG",5,"green"
"TRAF3IP1",5,"green"
"LIPC",1,"turquoise"
"MRM2",4,"yellow"
"IFITM5",8,"pink"
"gga-let-7d",1,"turquoise"
"gga-let-7f",1,"turquoise"
"gga-mir-135a-1",1,"turquoise"
"gga-mir-138-2",1,"turquoise"
"USB1",1,"turquoise"
"BLB2",1,"turquoise"
"KRAS",1,"turquoise"
"PAX3",3,"brown"
"CARMIL2",4,"yellow"
"PANX3",4,"yellow"
"CDH1",4,"yellow"
"CERS5",1,"turquoise"
"USP54",1,"turquoise"
"IFT172",3,"brown"
"MRPL47",1,"turquoise"
"SF3B6",2,"blue"
"TP53I3",1,"turquoise"
"GPN1",1,"turquoise"
"ITSN2",2,"blue"
"TBX1",5,"green"
"gga-mir-6614",1,"turquoise"
"ITPRIP",6,"red"
"gga-mir-1600",1,"turquoise"
"ABCA1",3,"brown"
"DDHD1",1,"turquoise"
"PPP2R5A",4,"yellow"
"CLGN",3,"brown"
"MOB2",7,"black"
"P3H4",1,"turquoise"
"SRGAP1",4,"yellow"
"ITGA2",1,"turquoise"
"METTL16",4,"yellow"
"DCBLD1",1,"turquoise"
"MOCS2",4,"yellow"
"FST",1,"turquoise"
"KIAA1524",1,"turquoise"
"NECTIN3",1,"turquoise"
"TMEM175",2,"blue"
"DYNC1I1",3,"brown"
"RASGRF1",4,"yellow"
"PAK1IP1",3,"brown"
"LAMTOR3",1,"turquoise"
"LRMP",7,"black"
"WASF2",5,"green"
"MEX3A",4,"yellow"
"ARHGAP18",6,"red"
"SLX4",1,"turquoise"
"NPHP1",8,"pink"
"PGGT1B",3,"brown"
"RELN",1,"turquoise"
"IGF2R",2,"blue"
"AKT1",1,"turquoise"
"ADAMTS3",1,"turquoise"
"CTDSPL2",1,"turquoise"
"TPCN3",1,"turquoise"
"CWC27",1,"turquoise"
"RBX1",7,"black"
"EP300",1,"turquoise"
"USP53",1,"turquoise"
"SYNPO2",8,"pink"
"SEC24D",4,"yellow"
"UPP1",3,"brown"
"SH3GL3",4,"yellow"
"TPRA1",2,"blue"
"ARPC5L",2,"blue"
"UCKL1",5,"green"
"RBBP6",1,"turquoise"
"STK26",2,"blue"
"BTBD2",3,"brown"
"BICDL1",2,"blue"
"CEP164",7,"black"
"CLDN2",4,"yellow"
"PSMD6",4,"yellow"
"gga-mir-6617",1,"turquoise"
"SNTB1",3,"brown"
"H-RAS",1,"turquoise"
"THAP12",1,"turquoise"
"WNT11",1,"turquoise"
"EXT2",2,"blue"
"PAF1",1,"turquoise"
"RBP1",1,"turquoise"
"SCNM1",3,"brown"
"SMURF2",4,"yellow"
"YARS",1,"turquoise"
"NPTX2",6,"red"
"TMEM130",2,"blue"
"PPP1R16B",3,"brown"
"RPL5",1,"turquoise"
"TRMT2B",1,"turquoise"
"C7orf26",4,"yellow"
"ADAL",1,"turquoise"
"MINOS1",2,"blue"
"HS2ST1",5,"green"
"MED23",1,"turquoise"
"DNA2",5,"green"
"CRYBA1",1,"turquoise"
"PTGES3",1,"turquoise"
"PAXBP1",1,"turquoise"
"VCL",3,"brown"
"NUP210",2,"blue"
"FAM102A",4,"yellow"
"MPP1",2,"blue"
"AP3M1",3,"brown"
"TNFRSF11A",2,"blue"
"PRKAR2B",3,"brown"
"MMP16",1,"turquoise"
"HCK",1,"turquoise"
"MYH11",9,"magenta"
"TRPM5",1,"turquoise"
"NCAPG2",1,"turquoise"
"CBX1",5,"green"
"MFSD5",2,"blue"
"CTNNBL1",1,"turquoise"
"NSUN2",1,"turquoise"
"PTBP1",1,"turquoise"
"AKAP8L",1,"turquoise"
"ENDOU",1,"turquoise"
"SLC4A1",1,"turquoise"
"TEKT2",3,"brown"
"LVRN",7,"black"
"NUBP2",6,"red"
"GALK1",1,"turquoise"
"EZH2",6,"red"
"C14orf132",1,"turquoise"
"POLR2I",1,"turquoise"
"PMM1",1,"turquoise"
"IFNAR1",1,"turquoise"
"GHITM",1,"turquoise"
"FBXO38",1,"turquoise"
"EFNA2",2,"blue"
"PXMP4",2,"blue"
"PSMA4",7,"black"
"SUGP2",1,"turquoise"
"E2F1",1,"turquoise"
"CYTH3",1,"turquoise"
"CWC22",1,"turquoise"
"ZNF804B",7,"black"
"TM2D1",1,"turquoise"
"ANKMY2",3,"brown"
"USP24",1,"turquoise"
"TMEM61",1,"turquoise"
"BZW2",4,"yellow"
"ATP6AP1",4,"yellow"
"FKBP15",1,"turquoise"
"EIF4E",7,"black"
"PPIE",1,"turquoise"
"PANK2",1,"turquoise"
"COL9A1",1,"turquoise"
"RNF149",1,"turquoise"
"TBC1D8",1,"turquoise"
"NPAS2",1,"turquoise"
"RPL31",1,"turquoise"
"PDCL3",3,"brown"
"RBM43",2,"blue"
"LYPD6",1,"turquoise"
"MMADHC",2,"blue"
"IL2RB",4,"yellow"
"gga-mir-1715",1,"turquoise"
"CREBL2",1,"turquoise"
"TIMP3",4,"yellow"
"DCLRE1B",3,"brown"
"CDCP1",1,"turquoise"
"SEMA3C",1,"turquoise"
"ELOVL7",1,"turquoise"
"ERCC8",1,"turquoise"
"KIF2A",1,"turquoise"
"SIGMAR1",1,"turquoise"
"SAP30L",1,"turquoise"
"XPA",1,"turquoise"
"PTPN1",4,"yellow"
"SLC25A19",2,"blue"
"KLHDC10",3,"brown"
"CEBPB",7,"black"
"GRB2",1,"turquoise"
"SNAI1",4,"yellow"
"LYRM7",1,"turquoise"
"ENGASE",4,"yellow"
"ATF7IP",4,"yellow"
"SYNE2",2,"blue"
"BRIP1",1,"turquoise"
"KCNAB2",3,"brown"
"DSP",5,"green"
"RANBP3",1,"turquoise"
"PER3",1,"turquoise"
"VAMP3",1,"turquoise"
"RABGAP1",1,"turquoise"
"SLC22A16",3,"brown"
"HERPUD1",1,"turquoise"
"PEX10",1,"turquoise"
"PRSS12",6,"red"
"SKI",1,"turquoise"
"GLDC",1,"turquoise"
"KIAA2026",1,"turquoise"
"JUP",2,"blue"
"PITPNM3",2,"blue"
"NPTX1",4,"yellow"
"HPS1",2,"blue"
"APOA4",1,"turquoise"
"MLEC",1,"turquoise"
"ZPR1",1,"turquoise"
"PSCA",1,"turquoise"
"MYL6",1,"turquoise"
"HTR7",1,"turquoise"
"CFAP70",2,"blue"
"ADGRD1",4,"yellow"
"RET",4,"yellow"
"TSPAN2",2,"blue"
"C26H6ORF125",2,"blue"
"AARSD1",1,"turquoise"
"SCAPER",1,"turquoise"
"BNIP1",3,"brown"
"CASZ1",3,"brown"
"ZCCHC8",1,"turquoise"
"TBC1D5",2,"blue"
"TOP1",1,"turquoise"
"MED27",1,"turquoise"
"NUP155",1,"turquoise"
"NAGLU",1,"turquoise"
"SYPL2",2,"blue"
"DUSP5",5,"green"
"CFAP45",6,"red"
"SRPRA",5,"green"
"FGF12",1,"turquoise"
"DALRD3",2,"blue"
"SCARNA7",1,"turquoise"
"CDKAL1",8,"pink"
"ZC4H2",1,"turquoise"
"DHX30",1,"turquoise"
"CCKBR",2,"blue"
"DNAL4",2,"blue"
"BMF",1,"turquoise"
"UBE2D2",4,"yellow"
"gga-mir-1627",1,"turquoise"
"ARHGEF10L",4,"yellow"
"PPARD",4,"yellow"
"CHP1",1,"turquoise"
"SMNDC1",1,"turquoise"
"ENTPD6",1,"turquoise"
"NSUN6",3,"brown"
"SNX19",1,"turquoise"
"TRIP13",1,"turquoise"
"ARHGEF6",6,"red"
"EFHD1",1,"turquoise"
"TTC1",1,"turquoise"
"MND1",1,"turquoise"
"CRLS1",1,"turquoise"
"ELMOD1",2,"blue"
"LGALSL",2,"blue"
"SLC35F2",3,"brown"
"MVK",2,"blue"
"GYS2",1,"turquoise"
"NACC2",6,"red"
"MRPL22",1,"turquoise"
"CACNG5",3,"brown"
"MCEE",4,"yellow"
"CALR3",2,"blue"
"SIAH1",6,"red"
"CHCHD10",1,"turquoise"
"PCNX1",1,"turquoise"
"PKP1",1,"turquoise"
"NUDT5",3,"brown"
"CCNK",5,"green"
"TANK",6,"red"
"COPS4",7,"black"
"LIN54",1,"turquoise"
"RBMS1",4,"yellow"
"RIPK4",2,"blue"
"CEBPD",1,"turquoise"
"EDC3",2,"blue"
"RIMKLB",1,"turquoise"
"TMEM255A",1,"turquoise"
"PTK7",2,"blue"
"FETUB",4,"yellow"
"CACNA2D3",4,"yellow"
"WNT9A",1,"turquoise"
"DHRS11",7,"black"
"BCO1",1,"turquoise"
"ERMP1",6,"red"
"VWA1",1,"turquoise"
"PHF20",1,"turquoise"
"VPS26B",1,"turquoise"
"SCIN",5,"green"
"GREM2",1,"turquoise"
"SSBP3",2,"blue"
"CHRM3",1,"turquoise"
"LRRC8C",4,"yellow"
"XYLB",4,"yellow"
"ABCC8",8,"pink"
"DPEP1",1,"turquoise"
"RPL13",1,"turquoise"
"HID1",1,"turquoise"
"TSHZ2",4,"yellow"
"ZDHHC15",1,"turquoise"
"GXYLT2",1,"turquoise"
"AP2B1",3,"brown"
"LARP4",1,"turquoise"
"PMAIP1",1,"turquoise"
"CEP57",1,"turquoise"
"MTMR2",4,"yellow"
"FAM76B",1,"turquoise"
"ENDOD1",3,"brown"
"CWC15",1,"turquoise"
"AMOTL1",4,"yellow"
"PMEPA1",1,"turquoise"
"GSR",1,"turquoise"
"MEF2D",1,"turquoise"
"DAG1",4,"yellow"
"HSDL1",1,"turquoise"
"KHDRBS1",7,"black"
"HSD17B12",2,"blue"
"ADGRL2",2,"blue"
"ANKRD33B",1,"turquoise"
"COX14",2,"blue"
"COX5B",1,"turquoise"
"ARF6",4,"yellow"
"CIDEC",4,"yellow"
"TTYH2",9,"magenta"
"DNAJC17",7,"black"
"CMIP",1,"turquoise"
"ZNF395",1,"turquoise"
"TAF8",4,"yellow"
"RGL1",3,"brown"
"ULK2",3,"brown"
"DPAGT1",2,"blue"
"ZFAND4",1,"turquoise"
"DGCR2",1,"turquoise"
"HMCES",2,"blue"
"USP8",6,"red"
"ENTPD3",4,"yellow"
"gga-mir-365-2",1,"turquoise"
"gga-mir-21",4,"yellow"
"VPS9D1",1,"turquoise"
"WDR86",1,"turquoise"
"SNORD5",1,"turquoise"
"NCOA1",3,"brown"
"PAPD7",1,"turquoise"
"SRD5A1",2,"blue"
"ACTN1",2,"blue"
"RRP12",1,"turquoise"
"gga-mir-6667",1,"turquoise"
"PRMT7",1,"turquoise"
"DPP4",3,"brown"
"METTL14",1,"turquoise"
"DDO",4,"yellow"
"XPNPEP3",3,"brown"
"UHRF2",1,"turquoise"
"CDK19",4,"yellow"
"JKAMP",1,"turquoise"
"STK38L",1,"turquoise"
"ARNTL2",5,"green"
"GFM1",1,"turquoise"
"SNORD89",1,"turquoise"
"GXYLT1",4,"yellow"
"NMD3",1,"turquoise"
"PPM1L",4,"yellow"
"TNRC6C",4,"yellow"
"NUDCD2",1,"turquoise"
"E2F4",1,"turquoise"
"ARFGEF3",7,"black"
"GTF2A1",1,"turquoise"
"INTS12",4,"yellow"
"GSTCD",3,"brown"
"HEATR5B",1,"turquoise"
"TCF3",1,"turquoise"
"STON2",1,"turquoise"
"DIS3",1,"turquoise"
"MZT1",1,"turquoise"
"TDRD3",1,"turquoise"
"DIAPH3",8,"pink"
"TLR5",6,"red"
"GATAD1",2,"blue"
"BRWD1",1,"turquoise"
"PSMG1",5,"green"
"C1orf198",1,"turquoise"
"UBE2V2",1,"turquoise"
"SNX27",6,"red"
"TP73",6,"red"
"HOXA11",2,"blue"
"MAPK11",2,"blue"
"GLB1",4,"yellow"
"C1orf115",1,"turquoise"
"KIAA1143",8,"pink"
"FBN1",3,"brown"
"TIMM8A",6,"red"
"SLC27A4",6,"red"
"TIMP4",2,"blue"
"NGLY1",2,"blue"
"SRSF11",1,"turquoise"
"TOP2B",1,"turquoise"
"LRRC40",6,"red"
"RAB4A",1,"turquoise"
"SLC44A3",1,"turquoise"
"CCM2",6,"red"
"SRRD",1,"turquoise"
"NTHL1",9,"magenta"
"ARSI",3,"brown"
"CTR9",1,"turquoise"
"HEYL",5,"green"
"ATP11A",2,"blue"
"HMG20A",2,"blue"
"TAF15",3,"brown"
"NCOA4",6,"red"
"UBALD1",2,"blue"
"CDC23",2,"blue"
"RAB11A",4,"yellow"
"TLL2",2,"blue"
"RGP1",1,"turquoise"
"PSPH",4,"yellow"
"HEATR6",1,"turquoise"
"LFNG",1,"turquoise"
"PSME3",1,"turquoise"
"PTGS2",1,"turquoise"
"LRP12",1,"turquoise"
"MYC",4,"yellow"
"RABGAP1L",1,"turquoise"
"LRRC8A",1,"turquoise"
"PPP1CC",1,"turquoise"
"NCOA3",1,"turquoise"
"gga-mir-30e",1,"turquoise"
"SERPINB1",1,"turquoise"
"GALNS",3,"brown"
"MITF",3,"brown"
"LANCL3",7,"black"
"PRRG1",9,"magenta"
"PHF3",1,"turquoise"
"CYBB",1,"turquoise"
"XK",2,"blue"
"SYT2",3,"brown"
"ZNHIT3",3,"brown"
"RGS17",6,"red"
"CBLL1",1,"turquoise"
"RASSF9",1,"turquoise"
"ACYP2",1,"turquoise"
"NME3",6,"red"
"AKIRIN2",6,"red"
"NR4A3",1,"turquoise"
"SEC61B",1,"turquoise"
"GPR161",4,"yellow"
"TIPRL",4,"yellow"
"TBX19",1,"turquoise"
"RAB3GAP1",3,"brown"
"UNC5C",1,"turquoise"
"CBY1",2,"blue"
"SNTG1",1,"turquoise"
"TBXAS1",4,"yellow"
"PDHB",1,"turquoise"
"TOP1MT",8,"pink"
"TMEM55A",1,"turquoise"
"SLAIN2",2,"blue"
"MRPS26",1,"turquoise"
"PPP1R13B",1,"turquoise"
"ANKS1B",2,"blue"
"PTPMT1",1,"turquoise"
"NXT2",1,"turquoise"
"HSPD1",2,"blue"
"BIN1",3,"brown"
"SUFU",1,"turquoise"
"SDAD1",1,"turquoise"
"ANKS3",2,"blue"
"LRP11",1,"turquoise"
"HIPK2",3,"brown"
"SMDT1",9,"magenta"
"SLC38A6",7,"black"
"LRP2BP",1,"turquoise"
"NEK6",8,"pink"
"ITM2C",1,"turquoise"
"SMO",1,"turquoise"
"NPRL3",1,"turquoise"
"EFNB1",2,"blue"
"MKLN1",1,"turquoise"
"PIK3C3",2,"blue"
"PPFIA1",1,"turquoise"
"ERGIC2",1,"turquoise"
"C3orf14",1,"turquoise"
"PGS1",2,"blue"
"TMEM268",4,"yellow"
"COQ5",1,"turquoise"
"SMIM4",2,"blue"
"CTDP1",4,"yellow"
"ATP2B4",1,"turquoise"
"SLC46A1",1,"turquoise"
"BCL7A",1,"turquoise"
"ASB6",4,"yellow"
"TNS4",2,"blue"
"MICU1",1,"turquoise"
"UQCRQ",1,"turquoise"
"MYO7B",1,"turquoise"
"CORO2A",4,"yellow"
"SLC25A24",2,"blue"
"HIPK1",1,"turquoise"
"ZSWIM8",1,"turquoise"
"SERPINE2",3,"brown"
"KCTD10",1,"turquoise"
"CLTC",2,"blue"
"AHCYL1",2,"blue"
"TADA1",4,"yellow"
"MAP2K4",1,"turquoise"
"GNPTG",2,"blue"
"ARNT2",7,"black"
"NAP1L4",1,"turquoise"
"ZC3H15",1,"turquoise"
"SSR1",2,"blue"
"PPIB",1,"turquoise"
"NEK7",1,"turquoise"
"WBP2",3,"brown"
"POLR3E",6,"red"
"NCOA5",1,"turquoise"
"EXOSC7",1,"turquoise"
"SKAP2",4,"yellow"
"KCNQ4",3,"brown"
"KBTBD2",1,"turquoise"
"GNAO1",1,"turquoise"
"CCDC6",1,"turquoise"
"CBFB",1,"turquoise"
"MTMR12",2,"blue"
"KCNN3",1,"turquoise"
"ATP2B1",1,"turquoise"
"SDC3",3,"brown"
"TRPC1",1,"turquoise"
"CALCRL",1,"turquoise"
"LRRC75A",1,"turquoise"
"ZNF76",0,"grey"
"RBP7",2,"blue"
"HDAC3",1,"turquoise"
"gga-mir-6591",1,"turquoise"
"FAM126A",2,"blue"
"PKD2",1,"turquoise"
"SPARCL1",1,"turquoise"
"ABHD17B",9,"magenta"
"HSPB7",1,"turquoise"
"SRP68",5,"green"
"UBAP2L",1,"turquoise"
"MTRR",1,"turquoise"
"TNPO3",2,"blue"
"JUND",2,"blue"
"MELK",1,"turquoise"
"TAF1B",1,"turquoise"
"YWHAQ",2,"blue"
"HYPK",1,"turquoise"
"FOXRED2",6,"red"
"TXN2",1,"turquoise"
"SPOP",1,"turquoise"
"GALNT13",4,"yellow"
"NUP107",1,"turquoise"
"AP4S1",9,"magenta"
"THADA",1,"turquoise"
"FGFR4",1,"turquoise"
"RNF138",1,"turquoise"
"GCNT1",1,"turquoise"
"PRUNE2",3,"brown"
"RHCE",4,"yellow"
"ZNF687",1,"turquoise"
"RUNX2",1,"turquoise"
"PRKRIP1",2,"blue"
"XPO7",1,"turquoise"
"SLC25A43",3,"brown"
"TRDMT1",1,"turquoise"
"GUK1",1,"turquoise"
"SNX2",2,"blue"
"CACNA1D",1,"turquoise"
"GJC2",2,"blue"
"RPS21",2,"blue"
"MARK1",1,"turquoise"
"LRRN3",1,"turquoise"
"AGPAT3",4,"yellow"
"TES",1,"turquoise"
"ABHD2",1,"turquoise"
"TADA3",1,"turquoise"
"ARHGEF3",5,"green"
"CDH13",8,"pink"
"CCDC12",3,"brown"
"CDC42BPA",1,"turquoise"
"ATRNL1",2,"blue"
"COPA",2,"blue"
"SNF8",1,"turquoise"
"CMPK1",2,"blue"
"ALKBH1",3,"brown"
"NFRKB",1,"turquoise"
"C12orf4",1,"turquoise"
"CCND2",6,"red"
"OSTN",7,"black"
"MSI1",3,"brown"
"HGS",2,"blue"
"FTH1",1,"turquoise"
"STK24",1,"turquoise"
"FARP1",3,"brown"
"UBAC2",3,"brown"
"GPR183",4,"yellow"
"DOCK9",3,"brown"
"RAP2A",4,"yellow"
"DNAJC12",3,"brown"
"SIRT1",3,"brown"
"UHRF1BP1",1,"turquoise"
"FRZB",3,"brown"
"ATP1B3",0,"grey"
"NBR1",4,"yellow"
"MLKL",1,"turquoise"
"PIAS4",4,"yellow"
"SLU7",1,"turquoise"
"WDTC1",4,"yellow"
"PFDN1",1,"turquoise"
"SUPT4H1",2,"blue"
"HBEGF",3,"brown"
"FOXA1",4,"yellow"
"ZNRF2",5,"green"
"WFDC2",1,"turquoise"
"TMEM41B",1,"turquoise"
"PSMA7",1,"turquoise"
"RXRG",3,"brown"
"BLOC1S6",7,"black"
"GRIN3B",1,"turquoise"
"CLDN3",2,"blue"
"GCC1",1,"turquoise"
"EIF4ENIF1",1,"turquoise"
"CEP131",3,"brown"
"ZHX3",3,"brown"
"HIVEP1",6,"red"
"FAIM",4,"yellow"
"CEP70",1,"turquoise"
"NPNT",1,"turquoise"
"gga-mir-1800",1,"turquoise"
"gga-mir-1706",1,"turquoise"
"SNORD102",2,"blue"
"ULK1",1,"turquoise"
"NCDN",4,"yellow"
"RBPJ",3,"brown"
"SLC24A3",4,"yellow"
"ARHGDIA",1,"turquoise"
"CHST1",3,"brown"
"STRBP",2,"blue"
"CSRP2",1,"turquoise"
"IFT140",5,"green"
"CACUL1",1,"turquoise"
"PAPLN",1,"turquoise"
"RPL22L1",2,"blue"
"GADD45A",2,"blue"
"HOXD9",2,"blue"
"ALG5",4,"yellow"
"EXOSC8",7,"black"
"SUPT20H",3,"brown"
"UFM1",2,"blue"
"COX11",6,"red"
"ADRB1",1,"turquoise"
"FOXN2",1,"turquoise"
"NHLRC2",5,"green"
"PAK5",3,"brown"
"FBXO11",1,"turquoise"
"NEXN",1,"turquoise"
"COL6A2",1,"turquoise"
"ADAMTS14",3,"brown"
"ZDHHC3",1,"turquoise"
"PI15",1,"turquoise"
"RTN4",1,"turquoise"
"ADCY3",1,"turquoise"
"CENPO",1,"turquoise"
"CIAPIN1",1,"turquoise"
"AFAP1",7,"black"
"SORCS2",1,"turquoise"
"STARD3",6,"red"
"C1S",1,"turquoise"
"GLRX5",4,"yellow"
"SYNE3",1,"turquoise"
"BCS1L",1,"turquoise"
"POLR2B",1,"turquoise"
"RCOR1",1,"turquoise"
"RABGGTB",1,"turquoise"
"TRAF3",1,"turquoise"
"TMEM138",4,"yellow"
"RIC8B",1,"turquoise"
"ANKRD34B",3,"brown"
"FBXO18",6,"red"
"PSME4",2,"blue"
"ANKRD16",1,"turquoise"
"EBAG9",1,"turquoise"
"ABHD8",5,"green"
"EYA3",1,"turquoise"
"CAP1",2,"blue"
"DLK2",3,"brown"
"HIF1AN",4,"yellow"
"DHRS7",4,"yellow"
"CHEK2",3,"brown"
"GARS",8,"pink"
"ABHD6",4,"yellow"
"FOSL2",2,"blue"
"NR3C2",1,"turquoise"
"ARHGAP10",1,"turquoise"
"BRE",2,"blue"
"PTK2",3,"brown"
"DIXDC1",1,"turquoise"
"MLLT10",7,"black"
"PRR5L",2,"blue"
"STK17B",1,"turquoise"
"CCDC112",1,"turquoise"
"CXCL14",1,"turquoise"
"UEVLD",7,"black"
"RMDN3",1,"turquoise"
"NKRF",1,"turquoise"
"ARMC9",2,"blue"
"TFAP2C",9,"magenta"
"MGEA5",1,"turquoise"
"RPS25",1,"turquoise"
"PDE11A",3,"brown"
"ANO10",1,"turquoise"
"MTOR",2,"blue"
"FAF2",1,"turquoise"
"DAPK2",3,"brown"
"EIF3I",1,"turquoise"
"MTHFD1",3,"brown"
"CELF2",1,"turquoise"
"XRCC2",3,"brown"
"TFB1M",5,"green"
"VPS37A",0,"grey"
"KCNIP4",1,"turquoise"
"AK2",2,"blue"
"TRPV1",1,"turquoise"
"PDCD5",1,"turquoise"
"MAD2L2",3,"brown"
"TBC1D13",2,"blue"
"RGS19",2,"blue"
"ABTB1",5,"green"
"WDR44",1,"turquoise"
"DERL3",2,"blue"
"PDE8A",4,"yellow"
"FZD6",2,"blue"
"ARL6IP5",1,"turquoise"
"PIM1",3,"brown"
"ZNF236",1,"turquoise"
"RNF217",2,"blue"
"AVL9",1,"turquoise"
"MC5R",3,"brown"
"TMEM129",1,"turquoise"
"PRKAG1",1,"turquoise"
"CDC37L1",3,"brown"
"DNMT1",1,"turquoise"
"PTGES",1,"turquoise"
"POLR2F",4,"yellow"
"CDKL1",1,"turquoise"
"EIF3L",4,"yellow"
"TMEM260",1,"turquoise"
"SAMM50",8,"pink"
"ATP10D",2,"blue"
"SSX2IP",3,"brown"
"WDR92",2,"blue"
"FAM171A1",3,"brown"
"STEAP3",3,"brown"
"WT1",2,"blue"
"GNGT2",2,"blue"
"PRIMPOL",1,"turquoise"
"GPX7",3,"brown"
"SMIM3",1,"turquoise"
"CASP3",7,"black"
"TRNT1",1,"turquoise"
"EGR3",8,"pink"
"DPM1",1,"turquoise"
"PIGN",8,"pink"
"CDH20",3,"brown"
"C5orf22",5,"green"
"FAM46C",3,"brown"
"LPAR5",1,"turquoise"
"ING4",2,"blue"
"RAPGEF5",2,"blue"
"RHOBTB2",2,"blue"
"FBXO3",2,"blue"
"PTP4A3",1,"turquoise"
"RAB2A",1,"turquoise"
"ZNF462",3,"brown"
"P2RX7",1,"turquoise"
"PURA",1,"turquoise"
"SLC25A11",1,"turquoise"
"PCYOX1L",2,"blue"
"LCAT",2,"blue"
"TIMM10",4,"yellow"
"NT5M",1,"turquoise"
"YBX1",1,"turquoise"
"SERBP1",1,"turquoise"
"SLC25A47",1,"turquoise"
"SLC4A3",1,"turquoise"
"CDS1",2,"blue"
"ANKRD28",1,"turquoise"
"SLC25A29",5,"green"
"BRINP1",8,"pink"
"MMP9",0,"grey"
"PKD1",1,"turquoise"
"TNFAIP1",1,"turquoise"
"SBF2",1,"turquoise"
"CTDSPL",3,"brown"
"NCKIPSD",1,"turquoise"
"DAB2IP",6,"red"
"ZFC3H1",1,"turquoise"
"SLC35B2",5,"green"
"HSP90AB1",1,"turquoise"
"SEMA7A",1,"turquoise"
"PUM3",1,"turquoise"
"RFX3",1,"turquoise"
"CLTCL1",1,"turquoise"
"STIM1",2,"blue"
"SCN8A",2,"blue"
"NR4A1",1,"turquoise"
"NFX1",9,"magenta"
"SLC37A4",4,"yellow"
"GCNT7",3,"brown"
"NMUR1",1,"turquoise"
"MYO1B",3,"brown"
"RPL4",1,"turquoise"
"COL8A2",3,"brown"
"SEMA6A",3,"brown"
"PLEKHO1",1,"turquoise"
"PSMG4",1,"turquoise"
"HHEX",4,"yellow"
"KRT18",4,"yellow"
"HEY1",1,"turquoise"
"gga-mir-1697",1,"turquoise"
"LRRC45",4,"yellow"
"LEMD2",1,"turquoise"
"CREBRF",5,"green"
"PRDM2",7,"black"
"CLIC3",2,"blue"
"PGRMC1",2,"blue"
"DDX6",9,"magenta"
"GINS2",6,"red"
"PDE6D",1,"turquoise"
"ARSB",1,"turquoise"
"LHFPL2",2,"blue"
"RAB27A",1,"turquoise"
"SAR1A",2,"blue"
"GTPBP1",2,"blue"
"CA2",2,"blue"
"MGAT4A",4,"yellow"
"MARCKSL1",2,"blue"
"AR",3,"brown"
"RPLP1",1,"turquoise"
"SNORD19",1,"turquoise"
"CLUAP1",1,"turquoise"
"RIPK1",1,"turquoise"
"TRIM24",1,"turquoise"
"GALNT12",1,"turquoise"
"ANKS6",4,"yellow"
"NDUFS6",3,"brown"
"PFDN2",1,"turquoise"
"ACSF2",1,"turquoise"
"KLHL15",1,"turquoise"
"SAT1",1,"turquoise"
"CNN2",1,"turquoise"
"SMC2",1,"turquoise"
"USP25",1,"turquoise"
"NELFA",1,"turquoise"
"INVS",1,"turquoise"
"UBE2D3",1,"turquoise"
"GCAT",1,"turquoise"
"MAN1A1",4,"yellow"
"TBC1D32",6,"red"
"GJA1",1,"turquoise"
"CHST13",8,"pink"
"ANP32B",1,"turquoise"
"QTRT2",1,"turquoise"
"TPCN1",1,"turquoise"
"HARBI1",5,"green"
"TCF25",1,"turquoise"
"GNB2L1",2,"blue"
"SLC8A3",1,"turquoise"
"LRRC34",1,"turquoise"
"GRK5",3,"brown"
"gga-mir-1742",1,"turquoise"
"gga-mir-1555",1,"turquoise"
"RPL19",2,"blue"
"EPHB1",1,"turquoise"
"TTI2",2,"blue"
"KIF3B",1,"turquoise"
"SPCS1",1,"turquoise"
"C1QBP",1,"turquoise"
"MTMR14",1,"turquoise"
"A4GNT",1,"turquoise"
"PDSS1",1,"turquoise"
"RAB22A",1,"turquoise"
"CCND1",1,"turquoise"
"ORAOV1",1,"turquoise"
"RUBCN",1,"turquoise"
"HPGDS",4,"yellow"
"EIF2A",3,"brown"
"TMEM63C",3,"brown"
"HTR4",1,"turquoise"
"ACTG1",1,"turquoise"
"AFF4",1,"turquoise"
"SULT1C3",1,"turquoise"
"GCC2",1,"turquoise"
"UXS1",1,"turquoise"
"ST6GAL2",3,"brown"
"FAM135A",2,"blue"
"PRPH",1,"turquoise"
"IBTK",3,"brown"
"UBE3D",6,"red"
"SLC17A9",4,"yellow"
"ZC3H10",2,"blue"
"SLC25A20",3,"brown"
"PRKCB",3,"brown"
"LNPK",3,"brown"
"RIMS4",2,"blue"
"YWHAB",2,"blue"
"SH3BP4",3,"brown"
"EFNB2",8,"pink"
"KIF23",2,"blue"
"CELF1",1,"turquoise"
"STARD4",1,"turquoise"
"RDM1",1,"turquoise"
"EBF2",6,"red"
"WDR36",1,"turquoise"
"MARCH5",1,"turquoise"
"GCHFR",1,"turquoise"
"SERP1",1,"turquoise"
"AMDHD1",3,"brown"
"DUSP4",5,"green"
"MAP3K9",1,"turquoise"
"FRMD4A",1,"turquoise"
"ZHX1",2,"blue"
"RBPMS2",1,"turquoise"
"PPP1R26",1,"turquoise"
"PHKG1",1,"turquoise"
"CRYM",1,"turquoise"
"SFSWAP",6,"red"
"RNF123",1,"turquoise"
"CPLX4",8,"pink"
"HSF2",1,"turquoise"
"RWDD3",9,"magenta"
"CRLF3",1,"turquoise"
"CDHR2",3,"brown"
"ACSBG1",4,"yellow"
"TMEM39B",4,"yellow"
"GSS",1,"turquoise"
"TARS",8,"pink"
"CHUK",1,"turquoise"
"FIBIN",3,"brown"
"RORA",1,"turquoise"
"POMT1",1,"turquoise"
"CYLD",1,"turquoise"
"PLCG1",6,"red"
"RHOG",1,"turquoise"
"gga-mir-6609",1,"turquoise"
"SNRPB2",6,"red"
"PFKFB2",1,"turquoise"
"AASDH",1,"turquoise"
"PHACTR2",8,"pink"
"LASP1",1,"turquoise"
"MSL2",4,"yellow"
"ASMTL",1,"turquoise"
"AKAP17A",1,"turquoise"
"ACER2",1,"turquoise"
"DENND4C",3,"brown"
"RPS6",3,"brown"
"OSBPL1A",1,"turquoise"
"ABHD3",1,"turquoise"
"GFM2",1,"turquoise"
"HEXB",1,"turquoise"
"ENC1",1,"turquoise"
"RAB28",2,"blue"
"ESCO1",1,"turquoise"
"KPNA5",1,"turquoise"
"HS3ST1",1,"turquoise"
"GREB1L",3,"brown"
"LYPD6B",1,"turquoise"
"RPL24",1,"turquoise"
"QRSL1",5,"green"
"PCGF3",1,"turquoise"
"GNE",4,"yellow"
"ZBTB11",1,"turquoise"
"BLM",1,"turquoise"
"MERTK",4,"yellow"
"C11orf49",1,"turquoise"
"ZYX",1,"turquoise"
"FAM131B",3,"brown"
"ERAP1",3,"brown"
"EPHA1",4,"yellow"
"CAST",1,"turquoise"
"PEX5",1,"turquoise"
"MLH3",1,"turquoise"
"ACYP1",6,"red"
"EIF2B2",5,"green"
"BAZ1B",1,"turquoise"
"AXIN1",4,"yellow"
"AGMAT",1,"turquoise"
"USP47",1,"turquoise"
"MSI2",1,"turquoise"
"SMARCAD1",1,"turquoise"
"RRP15",1,"turquoise"
"PRTG",1,"turquoise"
"TGFBR3",3,"brown"
"PDE3B",1,"turquoise"
"MCM2",1,"turquoise"
"CCDC43",1,"turquoise"
"GORASP1",1,"turquoise"
"TTC9",2,"blue"
"TCIRG1",1,"turquoise"
"PAXIP1",1,"turquoise"
"RBFA",2,"blue"
"CPT1A",4,"yellow"
"CCNY",1,"turquoise"
"ATP13A3",1,"turquoise"
"ACADS",7,"black"
"UBE4B",2,"blue"
"PLS1",4,"yellow"
"FAM171B",4,"yellow"
"RPL10A",1,"turquoise"
"VPS16",4,"yellow"
"B3GAT2",2,"blue"
"DYRK3",4,"yellow"
"RLF",1,"turquoise"
"FBXW2",1,"turquoise"
"RNF121",9,"magenta"
"GPAT4",9,"magenta"
"ZBTB8OS",1,"turquoise"
"UCK2",3,"brown"
"ARPC1B",2,"blue"
"HS3ST2",3,"brown"
"IGFBP4",2,"blue"
"GDF11",3,"brown"
"NOD1",9,"magenta"
"CHMP2A",1,"turquoise"
"CTHRC1",2,"blue"
"TATDN1",2,"blue"
"MID1IP1",1,"turquoise"
"SAMD8",1,"turquoise"
"MIEF2",4,"yellow"
"UBA2",1,"turquoise"
"COMTD1",1,"turquoise"
"CNBP",1,"turquoise"
"VDAC2",2,"blue"
"TMEM170B",3,"brown"
"SLC35B3",4,"yellow"
"GCNT2",1,"turquoise"
"ARL2BP",1,"turquoise"
"RPL34",1,"turquoise"
"MPP3",1,"turquoise"
"SLC35F5",4,"yellow"
"DLGAP5",3,"brown"
"KIF18A",2,"blue"
"ALKBH5",1,"turquoise"
"RAPGEF4",5,"green"
"CTBP1",2,"blue"
"BPGM",1,"turquoise"
"MANF",2,"blue"
"HSPA9",1,"turquoise"
"EI24",1,"turquoise"
"NOS2",1,"turquoise"
"TMEM254",4,"yellow"
"TGM6",1,"turquoise"
"PARD6A",3,"brown"
"LBH",3,"brown"
"TASP1",1,"turquoise"
"LCLAT1",1,"turquoise"
"B4GALNT3",1,"turquoise"
"SLC6A13",6,"red"
"CCDC77",8,"pink"
"KDM5A",1,"turquoise"
"EPGN",3,"brown"
"LRP2",9,"magenta"
"C8B",4,"yellow"
"MTHFD2L",3,"brown"
"SNRPD1",9,"magenta"
"BSPRY",1,"turquoise"
"LONRF3",5,"green"
"DNAJC10",1,"turquoise"
"ALAD",1,"turquoise"
"FXR1",1,"turquoise"
"COMMD5",1,"turquoise"
"WDPCP",4,"yellow"
"SLC37A1",1,"turquoise"
"IKBKE",1,"turquoise"
"WDR4",1,"turquoise"
"SF3B4",9,"magenta"
"CD2AP",3,"brown"
"RP2",1,"turquoise"
"ERO1A",9,"magenta"
"GPR137C",2,"blue"
"PSMC6",1,"turquoise"
"SETD7",5,"green"
"ANGEL2",1,"turquoise"
"PPM1H",1,"turquoise"
"FLVCR1",1,"turquoise"
"NLN",1,"turquoise"
"SGTB",1,"turquoise"
"TRAPPC13",1,"turquoise"
"HAO2",1,"turquoise"
"TRIM23",9,"magenta"
"CAPN5",4,"yellow"
"P2RX3",2,"blue"
"NDUFB4",3,"brown"
"MVP",1,"turquoise"
"ATMIN",2,"blue"
"SLC9A8",1,"turquoise"
"CDC14A",1,"turquoise"
"BICD2",4,"yellow"
"GFPT1",2,"blue"
"PPP3CB",1,"turquoise"
"POF1B",9,"magenta"
"GDE1",7,"black"
"CPEB3",5,"green"
"TMC5",1,"turquoise"
"NDRG3",1,"turquoise"
"ITPK1",1,"turquoise"
"PLPP5",2,"blue"
"PPP2R5E",4,"yellow"
"TTC26",4,"yellow"
"BLOC1S2",3,"brown"
"REN",1,"turquoise"
"GAS8",2,"blue"
"RPS6KB2",1,"turquoise"
"HOXD8",1,"turquoise"
"VPS35",1,"turquoise"
"TPX2",2,"blue"
"OSTF1",1,"turquoise"
"PFDN4",1,"turquoise"
"OTOP2",4,"yellow"
"SHQ1",1,"turquoise"
"HADHB",2,"blue"
"ACOX2",4,"yellow"
"MED28",6,"red"
"FAM107A",4,"yellow"
"GUSB",8,"pink"
"CSGALNACT2",4,"yellow"
"RAN",1,"turquoise"
"NUAK2",4,"yellow"
"TPM4",2,"blue"
"TNFRSF11B",4,"yellow"
"RGS4",3,"brown"
"SRPX",2,"blue"
"MSANTD2",3,"brown"
"SORT1",1,"turquoise"
"USP12",1,"turquoise"
"PHF12",1,"turquoise"
"SRCIN1",1,"turquoise"
"C9orf69",1,"turquoise"
"ADAMTS9",6,"red"
"N4BP3",4,"yellow"
"KIN",6,"red"
"TRABD",1,"turquoise"
"RER1",4,"yellow"
"SERINC2",1,"turquoise"
"SNORD42",1,"turquoise"
"PIK3C2G",4,"yellow"
"RERGL",2,"blue"
"PGM2",1,"turquoise"
"ZC3H12B",9,"magenta"
"VOPP1",9,"magenta"
"GBE1",3,"brown"
"PNPLA2",1,"turquoise"
"PHB2",1,"turquoise"
"PLEKHG1",3,"brown"
"PTGER2",2,"blue"
"PIK3C2B",5,"green"
"IYD",1,"turquoise"
"BCLAF1",1,"turquoise"
"NAPG",1,"turquoise"
"CHIC2",1,"turquoise"
"NELFB",1,"turquoise"
"EIF4A3",1,"turquoise"
"KLHDC3",2,"blue"
"POLR2H",1,"turquoise"
"ALG12",1,"turquoise"
"GINS1",4,"yellow"
"SEC11A",4,"yellow"
"LRRC73",1,"turquoise"
"CLCN2",1,"turquoise"
"TXNDC5",4,"yellow"
"EEF1AKMT1",1,"turquoise"
"XPO4",1,"turquoise"
"GJA3",5,"green"
"GJB2",4,"yellow"
"CRYL1",2,"blue"
"RNF24",1,"turquoise"
"CTSB",1,"turquoise"
"BBS2",3,"brown"
"MPST",1,"turquoise"
"CHEK1",6,"red"
"LONP2",3,"brown"
"FUBP3",2,"blue"
"HNRNPH3",1,"turquoise"
"ALAS1",3,"brown"
"CDPF1",1,"turquoise"
"SCAF11",1,"turquoise"
"ZW10",1,"turquoise"
"CHTF18",1,"turquoise"
"CCDC88C",1,"turquoise"
"CCNJL",4,"yellow"
"TCAIM",3,"brown"
"SCARB2",1,"turquoise"
"XRCC5",2,"blue"
"TMEM169",2,"blue"
"CMTM6",1,"turquoise"
"DYNC1LI1",1,"turquoise"
"PECR",1,"turquoise"
"CNOT10",0,"grey"
"RPL3L",9,"magenta"
"TADA2A",1,"turquoise"
"HELLS",1,"turquoise"
"CCDC66",1,"turquoise"
"SDR42E1",4,"yellow"
"CNTRL",9,"magenta"
"SDHB",3,"brown"
"DENND4A",9,"magenta"
"SALL3",5,"green"
"SDF2L1",1,"turquoise"
"MPHOSPH6",1,"turquoise"
"MYO5A",1,"turquoise"
"ACOX1",4,"yellow"
"RPS17",1,"turquoise"
"GABRP",3,"brown"
"PEX12",1,"turquoise"
"IQGAP1",1,"turquoise"
"DRC7",1,"turquoise"
"ECH1",1,"turquoise"
"MEX3B",3,"brown"
"NOC3L",1,"turquoise"
"IRF9",1,"turquoise"
"ADNP2",3,"brown"
"GABARAPL2",1,"turquoise"
"MED22",2,"blue"
"EIF4EBP1",1,"turquoise"
"METTL13",4,"yellow"
"CACFD1",1,"turquoise"
"SIGIRR",4,"yellow"
"TNFAIP8L1",3,"brown"
"MYDGF",9,"magenta"
"AQP9",3,"brown"
"NIPAL3",2,"blue"
"GATM",3,"brown"
"NQO1",1,"turquoise"
"CERK",6,"red"
"CYP21A1",1,"turquoise"
"RBM19",5,"green"
"PSMD10",6,"red"
"SUMF1",1,"turquoise"
"ARFIP1",1,"turquoise"
"SECISBP2L",3,"brown"
"DERA",1,"turquoise"
"MGST1",3,"brown"
"MED21",6,"red"
"gga-mir-1713",1,"turquoise"
"RAB9A",2,"blue"
"GEMIN8",1,"turquoise"
"GPM6B",2,"blue"
"OFD1",1,"turquoise"
"NSMAF",4,"yellow"
"ZBTB49",1,"turquoise"
"OSBPL11",5,"green"
"LYAR",1,"turquoise"
"MRPS27",1,"turquoise"
"RIOK3",3,"brown"
"MAB21L3",1,"turquoise"
"MNX1",3,"brown"
"ATP2C1",3,"brown"
"PANX2",1,"turquoise"
"EED",1,"turquoise"
"SGTA",1,"turquoise"
"TP53I11",2,"blue"
"ACAT2",1,"turquoise"
"NIFK",5,"green"
"ARL1",1,"turquoise"
"TSN",1,"turquoise"
"IQCB1",3,"brown"
"EAF2",1,"turquoise"
"MSMO1",3,"brown"
"QSOX2",7,"black"
"IARS2",4,"yellow"
"EIF2S1",1,"turquoise"
"METTL8",1,"turquoise"
"TLK1",1,"turquoise"
"SPOCK3",1,"turquoise"
"MAT2B",3,"brown"
"PDIA5",4,"yellow"
"SFMBT1",1,"turquoise"
"SEH1L",1,"turquoise"
"PEX7",1,"turquoise"
"PCYOX1",1,"turquoise"
"TIA1",1,"turquoise"
"CENPF",2,"blue"
"SH3RF1",4,"yellow"
"CCNL1",2,"blue"
"SLC38A1",4,"yellow"
"OSTC",1,"turquoise"
"CSTF3",1,"turquoise"
"ENOX1",4,"yellow"
"DNAJC15",2,"blue"
"MED19",9,"magenta"
"RASL12",1,"turquoise"
"HIP1R",2,"blue"
"PAN2",1,"turquoise"
"KHDRBS3",7,"black"
"WDR76",5,"green"
"CHORDC1",4,"yellow"
"IREB2",1,"turquoise"
"NRN1",2,"blue"
"IPO13",3,"brown"
"ATRN",3,"brown"
"RASSF7",1,"turquoise"
"RHPN1",1,"turquoise"
"DPH2",6,"red"
"SLC25A16",1,"turquoise"
"SLC25A14",1,"turquoise"
"DKK3",1,"turquoise"
"MET",6,"red"
"MTURN",1,"turquoise"
"BAALC",3,"brown"
"ZNF622",1,"turquoise"
"ATG7",5,"green"
"VGLL4",2,"blue"
"LSM14A",1,"turquoise"
"NEGR1",6,"red"
"CRYBA2",4,"yellow"
"VEZT",2,"blue"
"TRIM37",2,"blue"
"PLAU",2,"blue"
"FAM83G",1,"turquoise"
"SLC5A10",1,"turquoise"
"MFAP3L",1,"turquoise"
"VIPR2",1,"turquoise"
"ACVR1",4,"yellow"
"MTPN",5,"green"
"HEATR3",4,"yellow"
"IRF2BPL",1,"turquoise"
"SP3",1,"turquoise"
"SLC40A1",3,"brown"
"CACNA1G",1,"turquoise"
"GFRA3",4,"yellow"
"NUAK1",2,"blue"
"FADD",1,"turquoise"
"PREPL",5,"green"
"EXOC7",5,"green"
"TANGO2",2,"blue"
"POLR2D",2,"blue"
"BARHL2",3,"brown"
"TMEM106B",5,"green"
"EPB41L3",3,"brown"
"SERPINF1",1,"turquoise"
"MASP2",1,"turquoise"
"TOM1L1",2,"blue"
"NUP93",1,"turquoise"
"NINJ1",3,"brown"
"ARL9",6,"red"
"SERPINA10",1,"turquoise"
"ATP6V1B2",9,"magenta"
"NHP2",5,"green"
"LIN28B",4,"yellow"
"ZMYND8",1,"turquoise"
"WDR72",1,"turquoise"
"LDLRAD1",1,"turquoise"
"RGS7BP",6,"red"
"ARID1B",1,"turquoise"
"TMEM242",1,"turquoise"
"UROS",4,"yellow"
"COL12A1",6,"red"
"SENP6",1,"turquoise"
"TMEM30A",4,"yellow"
"COX7A2",2,"blue"
"INPP4B",1,"turquoise"
"HHAT",1,"turquoise"
"HELB",3,"brown"
"USP38",2,"blue"
"DIEXF",1,"turquoise"
"CAPRIN1",1,"turquoise"
"TPM3",1,"turquoise"
"TST",1,"turquoise"
"KLHL28",1,"turquoise"
"RIF1",1,"turquoise"
"SNORD79",1,"turquoise"
"gga-mir-1687",1,"turquoise"
"LAS1L",1,"turquoise"
"KBTBD3",2,"blue"
"PIGC",2,"blue"
"TCEA1",1,"turquoise"
"NIT2",4,"yellow"
"TBC1D23",3,"brown"
"CUL5",4,"yellow"
"MCPH1",1,"turquoise"
"RAD21",3,"brown"
"NR1H4",4,"yellow"
"TMEM177",1,"turquoise"
"MRAS",7,"black"
"MDM4",6,"red"
"ZBTB48",3,"brown"
"CHTF8",1,"turquoise"
"CBR4",1,"turquoise"
"FAM53B",1,"turquoise"
"PCDH10",2,"blue"
"RPS15A",1,"turquoise"
"MRPS11",1,"turquoise"
"KLHDC8B",3,"brown"
"TGM2",1,"turquoise"
"PDCL",4,"yellow"
"PRKCZ",4,"yellow"
"ZNF652",1,"turquoise"
"CNPY3",1,"turquoise"
"GGPS1",8,"pink"
"PPARGC1A",3,"brown"
"BAK1",4,"yellow"
"TRIO",1,"turquoise"
"ATAD1",4,"yellow"
"NT5C3B",3,"brown"
"NOL11",1,"turquoise"
"GAS2",3,"brown"
"DHX35",5,"green"
"TIMM22",6,"red"
"METRNL",1,"turquoise"
"SOX9",1,"turquoise"
"CCPG1",2,"blue"
"gga-mir-6712",1,"turquoise"
"FUT11",3,"brown"
"RNPC3",4,"yellow"
"VMP1",4,"yellow"
"MTG2",1,"turquoise"
"WWP1",1,"turquoise"
"FAM120A",2,"blue"
"IFNAR2",3,"brown"
"MRPL13",1,"turquoise"
"TCTN1",1,"turquoise"
"DSCC1",6,"red"
"DBR1",1,"turquoise"
"NLGN2",1,"turquoise"
"RAB31",2,"blue"
"PLXNB2",3,"brown"
"MTFR2",2,"blue"
"AGO1",1,"turquoise"
"SLC18B1",1,"turquoise"
"C3orf18",4,"yellow"
"SETD6",5,"green"
"DENND1B",8,"pink"
"UBAP1",2,"blue"
"TRAK1",9,"magenta"
"GIGYF2",1,"turquoise"
"ADAMTS4",0,"grey"
"FGG",1,"turquoise"
"PTGR2",6,"red"
"TMEM62",7,"black"
"FKBP9",0,"grey"
"TTC21B",1,"turquoise"
"USP1",1,"turquoise"
"MTX2",1,"turquoise"
"FGA",4,"yellow"
"KANK4",2,"blue"
"DIMT1",1,"turquoise"
"HYOU1",1,"turquoise"
"BUD13",1,"turquoise"
"SUSD3",6,"red"
"ATF3",6,"red"
"SP4",4,"yellow"
"SOS1",1,"turquoise"
"RAB33A",2,"blue"
"MYCL",3,"brown"
"FAHD1",8,"pink"
"ODC1",8,"pink"
"NOL10",1,"turquoise"
"ATP6V1C2",1,"turquoise"
"PDIA6",1,"turquoise"
"KLF11",5,"green"
"RRM2",5,"green"
"HPCAL1",1,"turquoise"
"FBXO7",2,"blue"
"PKP4",1,"turquoise"
"CCNO",6,"red"
"PLA2R1",4,"yellow"
"TRIL",3,"brown"
"TIRAP",1,"turquoise"
"ARL6",6,"red"
"BTBD10",1,"turquoise"
"CEP120",1,"turquoise"
"CHDH",9,"magenta"
"NARFL",1,"turquoise"
"MRPS22",6,"red"
"KIAA1191",1,"turquoise"
"UBE2J2",1,"turquoise"
"BSN",1,"turquoise"
"ALKBH4",2,"blue"
"PHTF1",4,"yellow"
"TEK",1,"turquoise"
"ROGDI",1,"turquoise"
"MLLT1",1,"turquoise"
"PSMB3",1,"turquoise"
"PHF19",0,"grey"
"ST8SIA6",6,"red"
"SLC25A5",7,"black"
"RRBP1",4,"yellow"
"VIM",1,"turquoise"
"LCK",1,"turquoise"
"MRC2",1,"turquoise"
"NAP1L1",1,"turquoise"
"TESK2",2,"blue"
"SYNDIG1L",3,"brown"
"MMACHC",1,"turquoise"
"NPC2",1,"turquoise"
"PTPRK",4,"yellow"
"DYM",1,"turquoise"
"RBL1",1,"turquoise"
"ARFRP1",1,"turquoise"
"ST14",1,"turquoise"
"MAPK8",9,"magenta"
"RNF166",3,"brown"
"GCN1",1,"turquoise"
"GRIN2A",4,"yellow"
"DNAJC5",6,"red"
"COL26A1",7,"black"
"SENP1",1,"turquoise"
"PPP1R42",1,"turquoise"
"TAF11",2,"blue"
"UHMK1",1,"turquoise"
"NCAN",2,"blue"
"UBR5",1,"turquoise"
"PTPRM",4,"yellow"
"APIP",1,"turquoise"
"NT5DC2",1,"turquoise"
"GLTP",1,"turquoise"
"COX7A2L",2,"blue"
"STRIP1",1,"turquoise"
"LSM3",9,"magenta"
"GGH",1,"turquoise"
"SNAPIN",1,"turquoise"
"RIC8A",1,"turquoise"
"RNF34",3,"brown"
"SLTM",1,"turquoise"
"TMEM184A",1,"turquoise"
"PDZD11",1,"turquoise"
"HDLBP",2,"blue"
"RNF130",1,"turquoise"
"FAM219A",1,"turquoise"
"DLEC1",1,"turquoise"
"TOMM22",7,"black"
"IGF2BP2",8,"pink"
"MPV17",1,"turquoise"
"ARID3A",1,"turquoise"
"MYO5C",1,"turquoise"
"ZSWIM3",3,"brown"
"POLR2L",1,"turquoise"
"ACOT8",1,"turquoise"
"TPRKB",1,"turquoise"
"CHPT1",2,"blue"
"GNPTAB",1,"turquoise"
"NBEAL2",1,"turquoise"
"PPM1F",2,"blue"
"WWTR1",1,"turquoise"
"PACS2",1,"turquoise"
"STIM2",4,"yellow"
"EXOC4",4,"yellow"
"CARF",4,"yellow"
"ARRDC1",8,"pink"
"PLXND1",2,"blue"
"WDR12",1,"turquoise"
"PLEKHM3",9,"magenta"
"SNORD83",1,"turquoise"
"B3GLCT",1,"turquoise"
"HSPH1",1,"turquoise"
"FRY",2,"blue"
"BRCA2",1,"turquoise"
"PDS5B",1,"turquoise"
"USPL1",1,"turquoise"
"AFAP1L2",2,"blue"
"FAM179A",2,"blue"
"VPS39",7,"black"
"IL1R2",1,"turquoise"
"PHF13",2,"blue"
"MED18",3,"brown"
"CNTFR",4,"yellow"
"C15orf61",2,"blue"
"HACD4",1,"turquoise"
"CTSK",2,"blue"
"LSM6",1,"turquoise"
"LMX1B",9,"magenta"
"CPNE4",2,"blue"
"BEND7",3,"brown"
"MTMR11",1,"turquoise"
"ST8SIA5",3,"brown"
"C21orf62",1,"turquoise"
"NF1",1,"turquoise"
"AMPD3",2,"blue"
"UBE2G2",4,"yellow"
"WSB1",1,"turquoise"
"SLC10A7",1,"turquoise"
"EAPP",3,"brown"
"EPAS1",5,"green"
"PRKCE",2,"blue"
"EGLN3",5,"green"
"CLSTN2",1,"turquoise"
"CSNK2A2",1,"turquoise"
"TSG101",7,"black"
"ING5",1,"turquoise"
"BCL9",6,"red"
"NECAP1",8,"pink"
"ACSS2",4,"yellow"
"ARL10",2,"blue"
"RAD1",1,"turquoise"
"KAT2A",1,"turquoise"
"HMGA1",3,"brown"
"DPP10",1,"turquoise"
"CTPS1",1,"turquoise"
"ERLIN2",1,"turquoise"
"PCTP",2,"blue"
"VPS37C",1,"turquoise"
"S1PR2",2,"blue"
"HTRA3",1,"turquoise"
"JMJD1C",9,"magenta"
"PRPF8",1,"turquoise"
"TMEM266",1,"turquoise"
"PIGS",9,"magenta"
"SASH3",2,"blue"
"PIM3",4,"yellow"
"TRIM59",3,"brown"
"SLC6A12",1,"turquoise"
"AFAP1L1",3,"brown"
"PSMA5",1,"turquoise"
"ZSWIM7",1,"turquoise"
"MRPL15",1,"turquoise"
"GTF2H3",2,"blue"
"ASS1",1,"turquoise"
"TRAPPC5",1,"turquoise"
"MED14",1,"turquoise"
"GPATCH8",1,"turquoise"
"PCM1",1,"turquoise"
"VIP",6,"red"
"FGL1",7,"black"
"LYRM2",1,"turquoise"
"GABPA",1,"turquoise"
"PODN",1,"turquoise"
"CDC34",1,"turquoise"
"COL22A1",1,"turquoise"
"LCT",1,"turquoise"
"NEMF",1,"turquoise"
"TRMT10A",2,"blue"
"MICALL1",1,"turquoise"
"ARFGAP3",1,"turquoise"
"KCTD3",6,"red"
"ACACA",2,"blue"
"POMGNT2",1,"turquoise"
"ERCC3",1,"turquoise"
"SLC25A3",2,"blue"
"CKB",4,"yellow"
"EFHC2",1,"turquoise"
"MAOA",1,"turquoise"
"PDGFRL",9,"magenta"
"CNST",7,"black"
"RAB33B",1,"turquoise"
"ENPP6",7,"black"
"ECHDC2",1,"turquoise"
"SCCPDH",2,"blue"
"ZYG11B",2,"blue"
"ZNF346",4,"yellow"
"UBXN6",1,"turquoise"
"SRF",3,"brown"
"MKX",5,"green"
"ENPEP",1,"turquoise"
"KCNN1",4,"yellow"
"UBN1",1,"turquoise"
"SMAD3",4,"yellow"
"BACE2",1,"turquoise"
"LMBRD1",4,"yellow"
"KCNK5",2,"blue"
"PBX4",1,"turquoise"
"AARS",1,"turquoise"
"INPP5E",3,"brown"
"SYT6",3,"brown"
"GDAP1L1",1,"turquoise"
"PTDSS2",4,"yellow"
"NDUFA10",3,"brown"
"TCF12",1,"turquoise"
"SYT12",1,"turquoise"
"SYPL1",1,"turquoise"
"HYAL3",1,"turquoise"
"YRDC",2,"blue"
"ZMYND10",3,"brown"
"PPIH",1,"turquoise"
"PEMT",4,"yellow"
"RPS24",1,"turquoise"
"SATB1",2,"blue"
"RNPEP",8,"pink"
"HNRNPM",1,"turquoise"
"RPE65",9,"magenta"
"AMH",3,"brown"
"RALGAPB",1,"turquoise"
"TSR3",1,"turquoise"
"PDXDC1",5,"green"
"AGO3",1,"turquoise"
"TMEM104",1,"turquoise"
"SLC16A2",3,"brown"
"FKBP11",1,"turquoise"
"FAM110B",2,"blue"
"DNAJC13",1,"turquoise"
"RPS6KA5",1,"turquoise"
"UBXN2B",1,"turquoise"
"BFAR",6,"red"
"RGS14",3,"brown"
"ADGRA2",1,"turquoise"
"FOXK1",1,"turquoise"
"PALD1",4,"yellow"
"CLIP1",1,"turquoise"
"TP53RK",1,"turquoise"
"FASTK",5,"green"
"CAMK1D",4,"yellow"
"PAFAH2",1,"turquoise"
"IFT22",2,"blue"
"SHROOM2",2,"blue"
"CHST9",1,"turquoise"
"SMS",1,"turquoise"
"PXDN",3,"brown"
"PHEX",2,"blue"
"VPS4B",1,"turquoise"
"AGK",1,"turquoise"
"WEE2",9,"magenta"
"CREB3L2",4,"yellow"
"SSBP1",1,"turquoise"
"OTUD4",1,"turquoise"
"LRPPRC",2,"blue"
"FRS2",1,"turquoise"
"MPL",3,"brown"
"CCR10",6,"red"
"EIF1",9,"magenta"
"LCOR",1,"turquoise"
"DTX1",2,"blue"
"ILDR1",1,"turquoise"
"CDH2",5,"green"
"MYOM1",3,"brown"
"PLCXD3",3,"brown"
"TPD52L1",2,"blue"
"HDDC2",5,"green"
"SLC20A2",3,"brown"
"LGI2",5,"green"
"CNTD1",1,"turquoise"
"CAV1",4,"yellow"
"PHC1",3,"brown"
"RBM47",4,"yellow"
"CHRNA9",1,"turquoise"
"MDK",3,"brown"
"CHRM4",1,"turquoise"
"RAD18",1,"turquoise"
"ABCC5",1,"turquoise"
"CYP11A1",1,"turquoise"
"WDR91",1,"turquoise"
"CEP63",1,"turquoise"
"COMMD7",1,"turquoise"
"TICRR",1,"turquoise"
"GRIK4",1,"turquoise"
"CEP55",1,"turquoise"
"ADAM23",4,"yellow"
"TUBB",1,"turquoise"
"NDUFAF1",1,"turquoise"
"NUSAP1",3,"brown"
"SMC3",1,"turquoise"
"NIT1",1,"turquoise"
"DPYSL3",1,"turquoise"
"FYTTD1",1,"turquoise"
"KYAT3",2,"blue"
"CRYGN",1,"turquoise"
"SLC9A6",5,"green"
"NUB1",4,"yellow"
"NSFL1C",1,"turquoise"
"RAD21L1",6,"red"
"SETBP1",3,"brown"
"DCUN1D5",1,"turquoise"
"TMEM123",4,"yellow"
"GMEB1",3,"brown"
"BATF3",4,"yellow"
"GINS3",6,"red"
"PIGR",1,"turquoise"
"PGM3",1,"turquoise"
"RWDD2A",4,"yellow"
"USP49",1,"turquoise"
"BYSL",6,"red"
"KLF10",1,"turquoise"
"ANKRD22",4,"yellow"
"ATXN1L",1,"turquoise"
"DNAJA2",1,"turquoise"
"CHMP1B",2,"blue"
"FAM83H",1,"turquoise"
"SNX33",2,"blue"
"RNF8",4,"yellow"
"MAX",1,"turquoise"
"ATP1A1",3,"brown"
"CDK5R1",1,"turquoise"
"DLG3",2,"blue"
"NCL",1,"turquoise"
"NMB",2,"blue"
"GPR157",4,"yellow"
"MAT1A",4,"yellow"
"SMIM12",3,"brown"
"RABL6",1,"turquoise"
"NKTR",1,"turquoise"
"SGMS1",3,"brown"
"USE1",5,"green"
"CLINT1",6,"red"
"VPS13C",2,"blue"
"HDAC4",3,"brown"
"PLAT",1,"turquoise"
"WDR70",1,"turquoise"
"CLDN10",1,"turquoise"
"SLC7A14",1,"turquoise"
"HN1L",1,"turquoise"
"MARVELD2",1,"turquoise"
"RPL32",1,"turquoise"
"GPR139",4,"yellow"
"PHOSPHO2",1,"turquoise"
"NRAP",2,"blue"
"DNAJB4",4,"yellow"
"RNF208",6,"red"
"LAMP5",1,"turquoise"
"DOLPP1",2,"blue"
"gga-mir-1603",1,"turquoise"
"CACHD1",2,"blue"
"CYCS",1,"turquoise"
"LMOD1",3,"brown"
"NARS",2,"blue"
"GGT5",1,"turquoise"
"LNPEP",6,"red"
"OSTM1",1,"turquoise"
"SNX3",4,"yellow"
"NR2E1",1,"turquoise"
"NAPEPLD",8,"pink"
"PCDH18",4,"yellow"
"SEC63",3,"brown"
"NEURL1",1,"turquoise"
"PMPCB",3,"brown"
"ATG4A",1,"turquoise"
"RPRD2",1,"turquoise"
"KIAA0907",4,"yellow"
"LYSMD3",2,"blue"
"RCC2",4,"yellow"
"SATB2",4,"yellow"
"TCP11L1",1,"turquoise"
"AS3MT",1,"turquoise"
"CNOT4",1,"turquoise"
"DEPDC7",6,"red"
"EPHA5",5,"green"
"SEMA5B",4,"yellow"
"RSPO3",2,"blue"
"MED12L",1,"turquoise"
"FAM13A",3,"brown"
"ANGEL1",4,"yellow"
"EIF4G3",1,"turquoise"
"ST3GAL3",1,"turquoise"
"SH3D19",3,"brown"
"HOOK2",1,"turquoise"
"RALGAPA1",1,"turquoise"
"RPL7L1",1,"turquoise"
"L3MBTL2",4,"yellow"
"CHADL",1,"turquoise"
"SLC45A3",6,"red"
"PTBP2",1,"turquoise"
"NLGN3",4,"yellow"
"ST6GAL1",3,"brown"
"PSMD7",1,"turquoise"
"NUCKS1",2,"blue"
"TBL3",1,"turquoise"
"MRPS23",9,"magenta"
"FN3KRP",1,"turquoise"
"HPF1",1,"turquoise"
"RSRC1",2,"blue"
"NR6A1",7,"black"
"LIMK1",3,"brown"
"TMEM71",1,"turquoise"
"STYK1",1,"turquoise"
"POLR3K",1,"turquoise"
"GTF3C3",1,"turquoise"
"SLC26A3",1,"turquoise"
"AMOT",2,"blue"
"SLC16A5",7,"black"
"PLXDC2",2,"blue"
"CRKL",6,"red"
"RNF168",1,"turquoise"
"GLCCI1",1,"turquoise"
"SYNM",1,"turquoise"
"METTL9",1,"turquoise"
"HDX",1,"turquoise"
"PLEKHA1",1,"turquoise"
"SCUBE3",4,"yellow"
"GRPEL2",1,"turquoise"
"GLT1D1",4,"yellow"
"DRAXIN",2,"blue"
"MAPK1IP1L",1,"turquoise"
"ELMO1",1,"turquoise"
"POC1B",1,"turquoise"
"INPP5D",7,"black"
"SKIV2L",1,"turquoise"
"LRRC38",4,"yellow"
"STK4",1,"turquoise"
"RPL27A",2,"blue"
"ZNF639",1,"turquoise"
"MYD88",1,"turquoise"
"ABCG2",1,"turquoise"
"TRIP4",4,"yellow"
"DNAJA4",4,"yellow"
"CBX5",1,"turquoise"
"MTHFSD",2,"blue"
"ANXA7",1,"turquoise"
"LRRC8D",3,"brown"
"FILIP1",1,"turquoise"
"SPRY1",2,"blue"
"TAB1",1,"turquoise"
"ACTR3",4,"yellow"
"CDKN1B",1,"turquoise"
"EXOSC1",2,"blue"
"POU4F3",1,"turquoise"
"CSTB",1,"turquoise"
"CCDC58",5,"green"
"CSTA",4,"yellow"
"HINT2",1,"turquoise"
"CDCA7L",5,"green"
"PNPLA7",3,"brown"
"DZANK1",9,"magenta"
"CYP20A1",1,"turquoise"
"FAM214A",4,"yellow"
"CDK14",2,"blue"
"ACTL6A",1,"turquoise"
"FZD1",2,"blue"
"VMA21",1,"turquoise"
"KCTD20",4,"yellow"
"ZNF276",2,"blue"
"CCDC170",1,"turquoise"
"ESR1",3,"brown"
"IQSEC3",5,"green"
"CDYL2",2,"blue"
"RPS3",1,"turquoise"
"LCMT2",1,"turquoise"
"LYRM4",6,"red"
"TMEM167A",2,"blue"
"R3HDML",1,"turquoise"
"NDUFS4",2,"blue"
"LRRC74B",2,"blue"
"NCLN",2,"blue"
"PROS1",1,"turquoise"
"PREP",2,"blue"
"PLAG1",3,"brown"
"CGGBP1",1,"turquoise"
"C3orf38",8,"pink"
"SSR3",1,"turquoise"
"SEMA5A",3,"brown"
"SLC30A1",4,"yellow"
"GRM2",1,"turquoise"
"ADCY7",1,"turquoise"
"NOVA1",2,"blue"
"GNS",3,"brown"
"TBC1D9",7,"black"
"NEK2",1,"turquoise"
"ITGA9",3,"brown"
"BRD1",9,"magenta"
"NXPH2",1,"turquoise"
"SQSTM1",1,"turquoise"
"CENPK",5,"green"
"PPWD1",1,"turquoise"
"NKIRAS2",2,"blue"
"GPC1",1,"turquoise"
"SYDE1",3,"brown"
"CHRDL1",2,"blue"
"NF2",7,"black"
"ZMAT5",1,"turquoise"
"TMEM164",1,"turquoise"
"AMMECR1",1,"turquoise"
"BCAS3",3,"brown"
"PPFIBP2",6,"red"
"HHATL",1,"turquoise"
"TRMT13",2,"blue"
"CCP110",4,"yellow"
"DRG1",1,"turquoise"
"DCAF7",1,"turquoise"
"FANCA",1,"turquoise"
"KLHL12",1,"turquoise"
"COX4I1",4,"yellow"
"PLK3",1,"turquoise"
"CSGALNACT1",4,"yellow"
"RPS8",1,"turquoise"
"GLO1",9,"magenta"
"KIF2C",2,"blue"
"SH2D4A",1,"turquoise"
"BCL2L1",3,"brown"
"PRKAG2",2,"blue"
"WBSCR22",3,"brown"
"PTPRN2",1,"turquoise"
"TOP3B",1,"turquoise"
"VCPIP1",1,"turquoise"
"ATP6V0A2",7,"black"
"TRADD",1,"turquoise"
"RPL7A",3,"brown"
"KIF15",1,"turquoise"
"BCL7B",4,"yellow"
"gga-mir-1564",1,"turquoise"
"PLCG2",1,"turquoise"
"PDCD6IP",2,"blue"
"PLCD4",4,"yellow"
"GPS1",3,"brown"
"DFFA",1,"turquoise"
"CNR1",1,"turquoise"
"CLASP2",1,"turquoise"
"MEF2A",7,"black"
"FOXA2",1,"turquoise"
"PTGDS",1,"turquoise"
"SRPRB",5,"green"
"MRPS2",2,"blue"
"CTNNBIP1",2,"blue"
"FH",3,"brown"
"SDHA",2,"blue"
"CHMP5",2,"blue"
"ARHGAP17",6,"red"
"MCUR1",2,"blue"
"NOL7",1,"turquoise"
"SLC41A2",2,"blue"
"ALDH1L2",1,"turquoise"
"SIRT5",1,"turquoise"
"CCNH",7,"black"
"GRK4",8,"pink"
"NOP14",1,"turquoise"
"ECHS1",1,"turquoise"
"MMGT1",7,"black"
"NCF4",6,"red"
"DPP7",1,"turquoise"
"UST",5,"green"
"SASH1",1,"turquoise"
"MCM6",1,"turquoise"
"OTUB1",1,"turquoise"
"ZNF706",1,"turquoise"
"SNORD101",1,"turquoise"
"SYT7",4,"yellow"
"PYGB",1,"turquoise"
"RBSN",1,"turquoise"
"KLF7",2,"blue"
"MRPS25",1,"turquoise"
"THOC2",1,"turquoise"
"EXD2",4,"yellow"
"MCMBP",1,"turquoise"
"ZNF277",6,"red"
"GALNT16",1,"turquoise"
"PPID",1,"turquoise"
"DUSP10",1,"turquoise"
"KDR",4,"yellow"
"CWC25",4,"yellow"
"VIPAS39",4,"yellow"
"GLRX2",5,"green"
"ARGLU1",1,"turquoise"
"LIG4",4,"yellow"
"ABHD13",1,"turquoise"
"HK2",4,"yellow"
"ITPRIPL2",2,"blue"
"HPSE2",1,"turquoise"
"KMO",1,"turquoise"
"OPRM1",1,"turquoise"
"DLC1",5,"green"
"GPR12",3,"brown"
"WASF3",2,"blue"
"ATP8A2",1,"turquoise"
"CDK8",1,"turquoise"
"RNF6",1,"turquoise"
"TAF12",9,"magenta"
"SRSF6",2,"blue"
"GAPVD1",1,"turquoise"
"ZNF319",3,"brown"
"MTFR1L",4,"yellow"
"LRIG2",2,"blue"
"CDK12",1,"turquoise"
"UBALD2",1,"turquoise"
"EDC4",1,"turquoise"
"MRPL3",1,"turquoise"
"TMEM208",1,"turquoise"
"NUDCD1",1,"turquoise"
"FAXDC2",1,"turquoise"
"TLCD1",1,"turquoise"
"BCORL1",1,"turquoise"
"TWF2",1,"turquoise"
"CBX3",1,"turquoise"
"KLHL26",3,"brown"
"NUP214",1,"turquoise"
"TPK1",1,"turquoise"
"gga-mir-3526",1,"turquoise"
"SNAP29",3,"brown"
"PHF10",1,"turquoise"
"SP2",2,"blue"
"EPB41L4A",1,"turquoise"
"PPP2R2A",3,"brown"
"ERI1",1,"turquoise"
"AAMP",1,"turquoise"
"GADL1",9,"magenta"
"TNFAIP2",1,"turquoise"
"SLCO4A1",2,"blue"
"NDUFB10",1,"turquoise"
"SYNRG",8,"pink"
"SF3A3",1,"turquoise"
"MRPL20",1,"turquoise"
"CAPZA1",1,"turquoise"
"ZZEF1",1,"turquoise"
"SLC35G1",3,"brown"
"DNMT3A",1,"turquoise"
"DDIT4",2,"blue"
"NXPH1",0,"grey"
"AGA",4,"yellow"
"NEIL3",0,"grey"
"PRR7",2,"blue"
"RRN3",9,"magenta"
"PATL2",3,"brown"
"DDX59",3,"brown"
"UNC13B",2,"blue"
"ACO1",3,"brown"
"B2M",1,"turquoise"
"CCDC88A",1,"turquoise"
"SCG3",1,"turquoise"
"MGRN1",1,"turquoise"
"DDHD2",5,"green"
"ALDH4A1",1,"turquoise"
"CABP2",2,"blue"
"TMEM241",1,"turquoise"
"NCKAP1L",1,"turquoise"
"LUZP2",3,"brown"
"MCTP2",1,"turquoise"
"MTFR1",1,"turquoise"
"MARCKS",1,"turquoise"
"OSGEPL1",2,"blue"
"BNIP2",1,"turquoise"
"SUN1",4,"yellow"
"BRD7",1,"turquoise"
"TSEN15",3,"brown"
"gga-mir-221",4,"yellow"
"BLMH",1,"turquoise"
"TSPAN15",2,"blue"
"SNX8",1,"turquoise"
"ARR3",6,"red"
"MYOC",3,"brown"
"QPCT",3,"brown"
"MAPK13",1,"turquoise"
"LRRC20",3,"brown"
"AGO4",1,"turquoise"
"HDAC7",7,"black"
"HNRNPDL",1,"turquoise"
"MRPS18C",1,"turquoise"
"DLX6",4,"yellow"
"OPTN",3,"brown"
"TMEM181",2,"blue"
"SOCS6",1,"turquoise"
"GTF2H5",1,"turquoise"
"SERAC1",1,"turquoise"
"RPS19",1,"turquoise"
"EFR3B",3,"brown"
"PPEF1",2,"blue"
"CDKL5",3,"brown"
"TTLL4",1,"turquoise"
"LMLN",7,"black"
"NT5DC1",1,"turquoise"
"HGD",4,"yellow"
"TMPRSS7",1,"turquoise"
"RNF170",1,"turquoise"
"THAP1",1,"turquoise"
"HNRNPAB",1,"turquoise"
"MRPL10",1,"turquoise"
"SEPSECS",8,"pink"
"FEM1C",3,"brown"
"FBXW8",9,"magenta"
"TESC",1,"turquoise"
"FBXO21",2,"blue"
"CASC4",1,"turquoise"
"UBE2Q1",6,"red"
"CDC123",2,"blue"
"ETFRF1",2,"blue"
"SMC4",1,"turquoise"
"DYNC1I2",2,"blue"
"PRICKLE1",3,"brown"
"KLHL2",1,"turquoise"
"EPB41L5",1,"turquoise"
"HYAL1",3,"brown"
"DHX38",1,"turquoise"
"GALC",4,"yellow"
"PLAA",1,"turquoise"
"PROC",1,"turquoise"
"ADPGK",1,"turquoise"
"SMTNL2",1,"turquoise"
"TNRC6A",1,"turquoise"
"TEKT1",3,"brown"
"ZBTB46",3,"brown"
"RAP2C",5,"green"
"ABAT",4,"yellow"
"KBTBD13",1,"turquoise"
"LPP",3,"brown"
"SVIL",2,"blue"
"PRICKLE2",2,"blue"
"UBAP1L",1,"turquoise"
"DGKH",4,"yellow"
"MTRF1",1,"turquoise"
"RGCC",1,"turquoise"
"VWA8",2,"blue"
"IST1",2,"blue"
"OAZ1",1,"turquoise"
"CDON",4,"yellow"
"ZNF821",4,"yellow"
"TCEB1",1,"turquoise"
"GPALPP1",1,"turquoise"
"USF3",7,"black"
"ECI1",1,"turquoise"
"BAIAP2L1",4,"yellow"
"SKP2",1,"turquoise"
"CEP95",1,"turquoise"
"NRSN1",2,"blue"
"GLCE",8,"pink"
"IQCK",1,"turquoise"
"GPA33",1,"turquoise"
"TOR1AIP2",2,"blue"
"NDUFA2",1,"turquoise"
"SRXN1",3,"brown"
"LSAMP",1,"turquoise"
"SLC22A3",4,"yellow"
"UNC45A",1,"turquoise"
"TOM1L2",3,"brown"
"RFLNB",1,"turquoise"
"CORO1C",1,"turquoise"
"KCTD15",3,"brown"
"BTBD17",1,"turquoise"
"TMEM154",6,"red"
"ADK",3,"brown"
"DKC1",1,"turquoise"
"SPSB4",4,"yellow"
"RPS26",1,"turquoise"
"ZFAND6",4,"yellow"
"CLMP",3,"brown"
"PCGF5",4,"yellow"
"SNAPC4",1,"turquoise"
"GPR75",5,"green"
"BCDIN3D",1,"turquoise"
"CNNM2",3,"brown"
"SLC10A4",2,"blue"
"PTPN3",3,"brown"
"SLC12A7",6,"red"
"FZR1",5,"green"
"NCBP1",1,"turquoise"
"DOCK2",1,"turquoise"
"AMPD1",4,"yellow"
"ARL14",2,"blue"
"RPUSD2",1,"turquoise"
"DOCK3",3,"brown"
"SARNP",9,"magenta"
"ISYNA1",2,"blue"
"DONSON",6,"red"
"EIF1B",3,"brown"
"NECAB3",1,"turquoise"
"MRPL44",2,"blue"
"HYKK",1,"turquoise"
"EZH1",4,"yellow"
"FFAR4",5,"green"
"GABPB2",2,"blue"
"NLK",1,"turquoise"
"SPATA4",2,"blue"
"AGR2",1,"turquoise"
"PRKAA2",3,"brown"
"IDH1",3,"brown"
"LRSAM1",4,"yellow"
"FAM161A",3,"brown"
"SLC1A4",8,"pink"
"CCT4",1,"turquoise"
"CROT",4,"yellow"
"ASB15",2,"blue"
"LRRN4",3,"brown"
"SNORD73",1,"turquoise"
"DRD1",3,"brown"
"ENTPD2",2,"blue"
"DAO",4,"yellow"
"DST",7,"black"
"TAB3",1,"turquoise"
"ZNF451",1,"turquoise"
"BEND6",7,"black"
"DMD",1,"turquoise"
"MRM1",1,"turquoise"
"SMAP1",1,"turquoise"
"EIF2AK3",4,"yellow"
"FAM149A",3,"brown"
"MED24",2,"blue"
"LIPT1",4,"yellow"
"MITD1",3,"brown"
"ACP6",5,"green"
"RAC2",4,"yellow"
"gga-mir-1774",1,"turquoise"
"POGLUT1",6,"red"
"PNISR",1,"turquoise"
"FAXC",5,"green"
"SCNN1A",1,"turquoise"
"CREG1",6,"red"
"LYPLA1",2,"blue"
"BTC",2,"blue"
"BLZF1",1,"turquoise"
"RGS2",3,"brown"
"HAUS1",6,"red"
"BORCS5",1,"turquoise"
"XKR5",1,"turquoise"
"CACNA1H",3,"brown"
"MOGAT1",3,"brown"
"KLF3",1,"turquoise"
"ASNS",1,"turquoise"
"RPAP3",1,"turquoise"
"RASGRP1",1,"turquoise"
"FAM98B",6,"red"
"WDR37",1,"turquoise"
"KCNB2",3,"brown"
"YWHAH",3,"brown"
"NEDD1",1,"turquoise"
"ANKRD50",2,"blue"
"NUDT6",1,"turquoise"
"GUCY2C",3,"brown"
"CDC27",1,"turquoise"
"ATG4B",1,"turquoise"
"PSMD2",1,"turquoise"
"TRPC7",3,"brown"
"CAPG",1,"turquoise"
"EPC1",3,"brown"
"CLEC16A",1,"turquoise"
"LRRK2",1,"turquoise"
"NDUFV1",7,"black"
"SAMD4B",1,"turquoise"
"STX2",1,"turquoise"
"SF3B3",1,"turquoise"
"KCNN2",5,"green"
"FANCF",2,"blue"
"PKIG",1,"turquoise"
"GCSH",2,"blue"
"HSPA12A",2,"blue"
"UBR1",1,"turquoise"
"SNAPC5",3,"brown"
"PRTFDC1",1,"turquoise"
"FAM76A",4,"yellow"
"NDUFA8",7,"black"
"ABI3",2,"blue"
"CDC20",3,"brown"
"ABHD17A",3,"brown"
"PHF20L1",1,"turquoise"
"PQLC2",2,"blue"
"PCSK4",5,"green"
"LYPLAL1",1,"turquoise"
"gga-mir-6587",1,"turquoise"
"PTRH2",1,"turquoise"
"WDFY1",1,"turquoise"
"SMAD1",3,"brown"
"E2F8",1,"turquoise"
"HSBP1L1",1,"turquoise"
"VAV3",6,"red"
"DDR2",1,"turquoise"
"AEBP1",2,"blue"
"RTCB",2,"blue"
"FBP1",4,"yellow"
"FBP2",4,"yellow"
"PRDM4",2,"blue"
"FANCC",1,"turquoise"
"GLG1",4,"yellow"
"NOC4L",1,"turquoise"
"LYRM1",8,"pink"
"EME2",1,"turquoise"
"FBXL5",1,"turquoise"
"UNK",5,"green"
"CC2D2A",9,"magenta"
"ZCCHC24",1,"turquoise"
"CLDN1",4,"yellow"
"SLC2A12",1,"turquoise"
"TBPL1",4,"yellow"
"gga-mir-3540",1,"turquoise"
"RNLS",2,"blue"
"NMRAL1",2,"blue"
"HORMAD1",4,"yellow"
"LIN9",1,"turquoise"
"GNG4",2,"blue"
"LUZP1",1,"turquoise"
"STK31",5,"green"
"gga-mir-6677",1,"turquoise"
"NAIF1",1,"turquoise"
"NDUFAF2",2,"blue"
"PURG",8,"pink"
"GNG5",1,"turquoise"
"ETNK1",5,"green"
"CTNNAL1",3,"brown"
"GABBR2",2,"blue"
"C17orf58",0,"grey"
"PI4KB",2,"blue"
"TOM1",4,"yellow"
"HMOX1",1,"turquoise"
"CCDC148",1,"turquoise"
"LARGE1",1,"turquoise"
"FAM91A1",3,"brown"
"MAP7",1,"turquoise"
"CEP85L",4,"yellow"
"PGBD5",3,"brown"
"AGT",3,"brown"
"VRK1",1,"turquoise"
"COG2",6,"red"
"MIER1",1,"turquoise"
"gga-mir-6567",1,"turquoise"
"FYCO1",6,"red"
"DCAF10",2,"blue"
"POLR1E",1,"turquoise"
"GGNBP2",1,"turquoise"
"HAGH",1,"turquoise"
"PANK3",1,"turquoise"
"CYGB",1,"turquoise"
"UBE3A",1,"turquoise"
"TOR4A",3,"brown"
"NRP2",2,"blue"
"TTBK1",1,"turquoise"
"UAP1L1",1,"turquoise"
"ANAPC2",1,"turquoise"
"RPAP1",1,"turquoise"
"SLC16A4",1,"turquoise"
"TLK2",1,"turquoise"
"DHCR24",8,"pink"
"AGMO",1,"turquoise"
"SLC24A4",4,"yellow"
"ACVR2B",1,"turquoise"
"EXOG",1,"turquoise"
"COG7",1,"turquoise"
"KIAA1841",2,"blue"
"BTRC",1,"turquoise"
"DNAJA3",6,"red"
"MRPL58",1,"turquoise"
"HEPH",5,"green"
"PLCB2",4,"yellow"
"DNAJC28",2,"blue"
"SLC36A4",6,"red"
"EIF2B1",1,"turquoise"
"DNAAF1",6,"red"
"ATP6V0A1",2,"blue"
"BAG4",3,"brown"
"ITPA",5,"green"
"NIPSNAP1",1,"turquoise"
"TMCO1",1,"turquoise"
"KDM1A",1,"turquoise"
"gga-mir-6620",1,"turquoise"
"LINGO1",3,"brown"
"MYO1C",3,"brown"
"THAP7",1,"turquoise"
"TRIB1",1,"turquoise"
"XRN1",2,"blue"
"CHRNB2",1,"turquoise"
"CDK5RAP3",1,"turquoise"
"ZCCHC14",1,"turquoise"
"WNT5A",1,"turquoise"
"BUD31",1,"turquoise"
"CSE1L",1,"turquoise"
"NCF2",1,"turquoise"
"UBE2I",1,"turquoise"
"SLC4A4",3,"brown"
"SDSL",1,"turquoise"
"SNORD30",1,"turquoise"
"GABPB1",1,"turquoise"
"SMIM15",1,"turquoise"
"APELA",4,"yellow"
"SLC35C2",1,"turquoise"
"CPB1",1,"turquoise"
"SNX21",2,"blue"
"TSPAN4",1,"turquoise"
"CHID1",1,"turquoise"
"ITIH2",3,"brown"
"CCT5",1,"turquoise"
"ST8SIA4",1,"turquoise"
"GALT",1,"turquoise"
"MSX2",4,"yellow"
"UBE2H",1,"turquoise"
"MVB12A",1,"turquoise"
"SAG",1,"turquoise"
"RIOK1",5,"green"
"gga-mir-1808",1,"turquoise"
"ANKRD52",1,"turquoise"
"SLC18A1",1,"turquoise"
"MLLT3",6,"red"
"FIG4",6,"red"
"TMEM39A",4,"yellow"
"QARS",1,"turquoise"
"gga-mir-1764",1,"turquoise"
"gga-mir-1740",1,"turquoise"
"CRNKL1",1,"turquoise"
"PEX16",1,"turquoise"
"CAND2",5,"green"
"CALML3",4,"yellow"
"REPS1",1,"turquoise"
"GALM",4,"yellow"
"MED1",1,"turquoise"
"HECA",5,"green"
"ABRACL",1,"turquoise"
"GEMIN6",1,"turquoise"
"EXOC3L1",4,"yellow"
"GIMD1",4,"yellow"
"CDC42EP3",3,"brown"
"AIMP1",4,"yellow"
"OSBPL9",3,"brown"
"ATP7B",4,"yellow"
"NEK3",1,"turquoise"
"VPS36",2,"blue"
"NSUN5",1,"turquoise"
"IL10",1,"turquoise"
"TAT",4,"yellow"
"APCDD1",4,"yellow"
"NUDC",1,"turquoise"
"TSPAN13",1,"turquoise"
"EOMES",3,"brown"
"GLOD4",1,"turquoise"
"RNF152",4,"yellow"
"SULT6B1",1,"turquoise"
"HMG20B",1,"turquoise"
"CDC42SE1",1,"turquoise"
"CHAF1B",1,"turquoise"
"HLCS",1,"turquoise"
"MAN2B2",1,"turquoise"
"KIAA0232",3,"brown"
"JAKMIP2",9,"magenta"
"MTTPL",4,"yellow"
"YIPF6",1,"turquoise"
"STK11",2,"blue"
"STXBP1",3,"brown"
"ERO1B",1,"turquoise"
"TBL1X",2,"blue"
"PPP2R5D",1,"turquoise"
"TAF5L",1,"turquoise"
"ABCB10",6,"red"
"PDE4B",3,"brown"
"AK7",3,"brown"
"NUP133",1,"turquoise"
"AKAP7",1,"turquoise"
"TSEN2",1,"turquoise"
"CERCAM",2,"blue"
"SNAPC3",4,"yellow"
"NDUFA12",4,"yellow"
"NR2C1",1,"turquoise"
"GLB1L",1,"turquoise"
"AFDN",2,"blue"
"TMEM56",9,"magenta"
"ALG14",1,"turquoise"
"KLHL18",4,"yellow"
"GALNT18",2,"blue"
"EIF4G2",2,"blue"
"SYNGR3",3,"brown"
"GBF1",1,"turquoise"
"CRYBA4",3,"brown"
"ADNP",1,"turquoise"
"CLN6",1,"turquoise"
"KCNG1",4,"yellow"
"MOCS3",3,"brown"
"MOCS1",1,"turquoise"
"PTPRF",2,"blue"
"PPP2R3C",1,"turquoise"
"PLAGL2",4,"yellow"
"SLC39A14",1,"turquoise"
"KLB",3,"brown"
"ASNSD1",3,"brown"
"STXBP3",5,"green"
"BMPR1A",2,"blue"
"BCAS2",2,"blue"
"RNF157",3,"brown"
"THNSL1",1,"turquoise"
"EME1",1,"turquoise"
"LRRC59",6,"red"
"BANF1",1,"turquoise"
"LGI1",3,"brown"
"MAPRE3",2,"blue"
"MOB3A",8,"pink"
"SLC45A4",4,"yellow"
"FZD7",1,"turquoise"
"PDRG1",1,"turquoise"
"DEXI",1,"turquoise"
"SH3BGRL3",2,"blue"
"UBIAD1",1,"turquoise"
"RAI14",8,"pink"
"TM2D2",1,"turquoise"
"FKBP8",3,"brown"
"KCNH4",3,"brown"
"NOP16",6,"red"
"MON1A",1,"turquoise"
"MYO9A",1,"turquoise"
"NOX3",1,"turquoise"
"TRPV2",1,"turquoise"
"PARP3",1,"turquoise"
"FBXO34",1,"turquoise"
"SNCB",6,"red"
"MSN",1,"turquoise"
"ASCC1",2,"blue"
"HSF2BP",3,"brown"
"TCF20",1,"turquoise"
"TRABD2B",5,"green"
"TESK1",3,"brown"
"RRH",4,"yellow"
"PLA2G12A",1,"turquoise"
"MGAT5",1,"turquoise"
"CASP6",5,"green"
"FAM114A1",4,"yellow"
"METAP1",1,"turquoise"
"DNAAF2",4,"yellow"
"LRR1",3,"brown"
"POLE2",8,"pink"
"DMC1",1,"turquoise"
"PIK3R4",1,"turquoise"
"SCUBE1",3,"brown"
"SBK1",2,"blue"
"PLA2G2E",1,"turquoise"
"MOGAT2",1,"turquoise"
"FAM53A",7,"black"
"SLBP",5,"green"
"PPEF2",1,"turquoise"
"TRMT61A",1,"turquoise"
"ETV3",4,"yellow"
"RBBP5",1,"turquoise"
"CYB5B",1,"turquoise"
"MGAT2",2,"blue"
"SEMA4D",3,"brown"
"SECISBP2",7,"black"
"LRP8",1,"turquoise"
"KDF1",2,"blue"
"CCDC14",1,"turquoise"
"PEX13",1,"turquoise"
"MRPL28",1,"turquoise"
"NELFCD",1,"turquoise"
"VAMP7",1,"turquoise"
"PCYT1A",1,"turquoise"
"SLC25A28",3,"brown"
"SLC51A",4,"yellow"
"PTPRU",6,"red"
"PEX2",1,"turquoise"
"ONECUT2",1,"turquoise"
"AK3",4,"yellow"
"AKT3",4,"yellow"
"SGCD",1,"turquoise"
"SMARCE1",1,"turquoise"
"ERCC6L",1,"turquoise"
"TBCA",1,"turquoise"
"HIP1",5,"green"
"WRN",9,"magenta"
"ANXA6",1,"turquoise"
"HSD11B2",1,"turquoise"
"OLFML3",4,"yellow"
"APTX",4,"yellow"
"PMPCA",5,"green"
"CLUH",2,"blue"
"EIF3E",7,"black"
"PTPN11",3,"brown"
"FBXL14",3,"brown"
"TUBGCP6",1,"turquoise"
"PPP2CA",1,"turquoise"
"UBE3C",4,"yellow"
"PDP1",1,"turquoise"
"ANKRD13D",3,"brown"
"NDFIP1",4,"yellow"
"TET2",1,"turquoise"
"FBXO22",1,"turquoise"
"ANP32E",1,"turquoise"
"gga-mir-7437",1,"turquoise"
"C1D",1,"turquoise"
"FAM20C",1,"turquoise"
"SPAG16",1,"turquoise"
"ZC3H7A",2,"blue"
"TRPC4AP",1,"turquoise"
"CCDC92",1,"turquoise"
"TRIM25",4,"yellow"
"CIB2",4,"yellow"
"F10",1,"turquoise"
"ITM2A",4,"yellow"
"C9orf116",1,"turquoise"
"AK6",1,"turquoise"
"ATP5J2",3,"brown"
"SLC7A3",1,"turquoise"
"RRAGD",4,"yellow"
"TIMP2",2,"blue"
"PRKG2",3,"brown"
"CERS6",5,"green"
"SPC25",1,"turquoise"
"C4orf47",2,"blue"
"TMEM199",1,"turquoise"
"GRM8",1,"turquoise"
"BCL2",2,"blue"
"PHLPP1",1,"turquoise"
"ZCCHC2",1,"turquoise"
"RELA",1,"turquoise"
"PNPLA6",6,"red"
"TIE1",2,"blue"
"DYNC2LI1",2,"blue"
"ABCG5",7,"black"
"MAP7D2",3,"brown"
"RHNO1",1,"turquoise"
"MBOAT2",1,"turquoise"
"ASAP2",4,"yellow"
"ST3GAL6",4,"yellow"
"SCARNA13",1,"turquoise"
"gga-mir-1682",1,"turquoise"
"gga-mir-1640",1,"turquoise"
"ZFAND5",3,"brown"
"ALDH1A1",1,"turquoise"
"GDA",1,"turquoise"
"DSG2",3,"brown"
"ANXA1",1,"turquoise"
"PLEKHB2",3,"brown"
"JMY",7,"black"
"TRIM45",2,"blue"
"SMCHD1",1,"turquoise"
"HOMER1",6,"red"
"SIDT1",1,"turquoise"
"CTCF",1,"turquoise"
"MAGI3",1,"turquoise"
"TMEM60",1,"turquoise"
"F2",4,"yellow"
"PHTF2",1,"turquoise"
"SNTA1",3,"brown"
"NFKBIB",1,"turquoise"
"PRDX1",4,"yellow"
"AKR1A1",2,"blue"
"OSBPL8",1,"turquoise"
"USP46",1,"turquoise"
"CEPT1",4,"yellow"
"BLB1",1,"turquoise"
"SUPT6H",1,"turquoise"
"RPUSD1",2,"blue"
"SRFBP1",4,"yellow"
"ARHGEF12",6,"red"
"NABP2",1,"turquoise"
"ACE",1,"turquoise"
"NCEH1",2,"blue"
"OSBPL6",6,"red"
"GFRA1",4,"yellow"
"FMR1",1,"turquoise"
"TNFSF10",5,"green"
"CASP9",1,"turquoise"
"MYBBP1A",1,"turquoise"
"CLK3",4,"yellow"
"ASCL3",5,"green"
"EIF3G",1,"turquoise"
"PARP4",1,"turquoise"
"PUS3",3,"brown"
"NOP56",1,"turquoise"
"RNF139",9,"magenta"
"RND1",3,"brown"
"ORC3",4,"yellow"
"KDM3A",1,"turquoise"
"N6AMT1",6,"red"
"LTN1",1,"turquoise"
"RWDD2B",9,"magenta"
"RARS2",3,"brown"
"RNF103",4,"yellow"
"SLC35A1",1,"turquoise"
"AGXT2",3,"brown"
"PMS2",1,"turquoise"
"C17orf75",1,"turquoise"
"FANCM",1,"turquoise"
"PLEKHM2",1,"turquoise"
"NUF2",1,"turquoise"
"BANP",1,"turquoise"
"MLST8",9,"magenta"
"TBX2",3,"brown"
"DGCR8",1,"turquoise"
"SRSF7",1,"turquoise"
"MAFA",2,"blue"
"RGS8",2,"blue"
"gga-mir-6598",1,"turquoise"
"ZFP36L2",1,"turquoise"
"ILDR2",2,"blue"
"TMEM141",1,"turquoise"
"POP4",2,"blue"
"CHD9",1,"turquoise"
"NCS1",6,"red"
"RBM24",3,"brown"
"RGMA",4,"yellow"
"RAD52",1,"turquoise"
"RDH14",1,"turquoise"
"RIPK2",3,"brown"
"FAM213A",2,"blue"
"EXOSC3",2,"blue"
"RECQL5",2,"blue"
"DHDDS",7,"black"
"CTSO",3,"brown"
"PDGFC",1,"turquoise"
"SEC62",9,"magenta"
"PRKCA",3,"brown"
"gga-mir-6650",1,"turquoise"
"gga-mir-3523",1,"turquoise"
"EPCAM",2,"blue"
"KCNK12",3,"brown"
"MSH2",1,"turquoise"
"PRPS2",3,"brown"
"TRIM35",1,"turquoise"
"SALL1",9,"magenta"
"SERPIND1",1,"turquoise"
"ELP3",1,"turquoise"
"STS",4,"yellow"
"SMARCD1",3,"brown"
"PLA1A",1,"turquoise"
"HDAC2",1,"turquoise"
"TMEM128",3,"brown"
"PGM1",2,"blue"
"KLHL8",1,"turquoise"
"NTPCR",9,"magenta"
"ROR1",1,"turquoise"
"RBP5",1,"turquoise"
"FAM172A",1,"turquoise"
"EFCAB11",1,"turquoise"
"GHSR",1,"turquoise"
"SLC27A1",1,"turquoise"
"TUBB1",1,"turquoise"
"ZNF609",1,"turquoise"
"MRS2",1,"turquoise"
"HPS3",3,"brown"
"PSMC3",5,"green"
"DPYD",3,"brown"
"PIK3CB",9,"magenta"
"HNF1B",4,"yellow"
"NONO",1,"turquoise"
"HESX1",1,"turquoise"
"TRMT5",1,"turquoise"
"NAGA",1,"turquoise"
"ATP7A",1,"turquoise"
"COMMD3",1,"turquoise"
"CCDC157",4,"yellow"
"LAMB1",2,"blue"
"DLAT",1,"turquoise"
"TMEM131",2,"blue"
"CCSER2",1,"turquoise"
"NBN",1,"turquoise"
"CABIN1",2,"blue"
"PCBD2",1,"turquoise"
"PTPN5",2,"blue"
"MID2",4,"yellow"
"RBM14",1,"turquoise"
"ANOS1",1,"turquoise"
"TAGLN2",2,"blue"
"ARRDC4",5,"green"
"CD40",2,"blue"
"SLC26A11",1,"turquoise"
"JMJD7",2,"blue"
"SLC25A42",1,"turquoise"
"PCOLCE2",2,"blue"
"FCHSD1",3,"brown"
"SOBP",5,"green"
"ARFGEF2",9,"magenta"
"DISP3",1,"turquoise"
"SMG7",1,"turquoise"
"ASPA",1,"turquoise"
"RSL1D1",3,"brown"
"RALY",3,"brown"
"DAW1",1,"turquoise"
"PRELID1",1,"turquoise"
"CD74",1,"turquoise"
"ZBTB37",2,"blue"
"SERPINC1",2,"blue"
"CLCN6",1,"turquoise"
"SULF2",3,"brown"
"CUX2",6,"red"
"ERICH1",8,"pink"
"DUSP15",1,"turquoise"
"VANGL2",2,"blue"
"ADRA2A",1,"turquoise"
"FAM217B",1,"turquoise"
"TPGS2",1,"turquoise"
"SLC30A7",3,"brown"
"CDC26",5,"green"
"IDE",9,"magenta"
"MYBPC1",1,"turquoise"
"FJX1",2,"blue"
"ELP2",1,"turquoise"
"COQ3",9,"magenta"
"AP5M1",3,"brown"
"ADAMTS1",4,"yellow"
"MLF2",1,"turquoise"
"MTR",4,"yellow"
"PIANP",1,"turquoise"
"COPS7A",6,"red"
"ACTN2",4,"yellow"
"LYSMD2",2,"blue"
"MCF2L2",1,"turquoise"
"APLF",2,"blue"
"MRPL41",5,"green"
"ITGA8",2,"blue"
"POT1",1,"turquoise"
"ILKAP",4,"yellow"
"CC2D1B",9,"magenta"
"SLC30A6",4,"yellow"
"PTPN21",2,"blue"
"ZFYVE9",7,"black"
"PRKD3",1,"turquoise"
"CFAP97",1,"turquoise"
"SNX25",3,"brown"
"DNM1L",1,"turquoise"
"ETV6",1,"turquoise"
"C1orf159",7,"black"
"EIF4E3",4,"yellow"
"SNORA62",1,"turquoise"
"AMPD2",5,"green"
"SPAG9",1,"turquoise"
"ARID4B",9,"magenta"
"TRIM3",1,"turquoise"
"ITGA6",1,"turquoise"
"LCA5L",1,"turquoise"
"HADH",7,"black"
"B3GALT5",3,"brown"
"CCNC",1,"turquoise"
"ADPRH",1,"turquoise"
"RHOA",1,"turquoise"
"GPN3",1,"turquoise"
"RD3",1,"turquoise"
"OTUD7A",4,"yellow"
"DAB2",1,"turquoise"
"TRAF5",4,"yellow"
"RNF150",5,"green"
"ZNF330",1,"turquoise"
"LDHB",4,"yellow"
"FEM1B",1,"turquoise"
"CENPT",1,"turquoise"
"EMC2",3,"brown"
"HOXB8",1,"turquoise"
"DUSP6",3,"brown"
"KITLG",5,"green"
"HPSE",2,"blue"
"COLQ",2,"blue"
"EVL",4,"yellow"
"SPPL3",2,"blue"
"APOOL",9,"magenta"
"DDX27",1,"turquoise"
"BOK",4,"yellow"
"HMGXB3",1,"turquoise"
"GEMIN2",1,"turquoise"
"CYB5D2",9,"magenta"
"CCDC167",1,"turquoise"
"TSPAN8",2,"blue"
"RAB14",2,"blue"
"KANK1",3,"brown"
"STOML1",1,"turquoise"
"MIB2",3,"brown"
"JAM3",1,"turquoise"
"ZMAT2",4,"yellow"
"ILK",2,"blue"
"ABR",4,"yellow"
"DPCD",1,"turquoise"
"FAAP100",3,"brown"
"SBNO2",1,"turquoise"
"AP1B1",1,"turquoise"
"DTX2",4,"yellow"
"TENM3",1,"turquoise"
"ID2",4,"yellow"
"RAB3A",4,"yellow"
"STK10",5,"green"
"LARGE2",1,"turquoise"
"TRIM7.2",2,"blue"
"DVL3",1,"turquoise"
"ESF1",1,"turquoise"
"RAPGEF2",1,"turquoise"
"SPNS3",1,"turquoise"
"ATOH8",1,"turquoise"
"ANAPC16",1,"turquoise"
"DIABLO",1,"turquoise"
"JOSD1",1,"turquoise"
"TTC19",1,"turquoise"
"LEAP2",1,"turquoise"
"RPLP2",1,"turquoise"
"HECTD4",1,"turquoise"
"STARD5",3,"brown"
"ADTRP",4,"yellow"
"USP48",2,"blue"
"FRMD5",4,"yellow"
"ECI2",4,"yellow"
"F13A1",4,"yellow"
"SERTAD4",3,"brown"
"CNN1",1,"turquoise"
"BMI1",0,"grey"
"FBXO9",3,"brown"
"PDK3",1,"turquoise"
"AGPAT5",5,"green"
"ARL4A",1,"turquoise"
"SUSD1",1,"turquoise"
"DLX1",3,"brown"
"UBXN2A",3,"brown"
"TDRD15",1,"turquoise"
"APOB",3,"brown"
"KATNA1",4,"yellow"
"HNMT",4,"yellow"
"FRMD6",3,"brown"
"GINM1",4,"yellow"
"FABP3",1,"turquoise"
"COL17A1",1,"turquoise"
"HCFC2",1,"turquoise"
"ATXN10",8,"pink"
"FBLN1",1,"turquoise"
"UMPS",1,"turquoise"
"SRPK1",1,"turquoise"
"SEC23IP",1,"turquoise"
"RBM48",1,"turquoise"
"AHI1",3,"brown"
"B3GALNT2",8,"pink"
"MYB",2,"blue"
"PRKAB2",4,"yellow"
"NISCH",1,"turquoise"
"ZHX2",4,"yellow"
"FAM98A",1,"turquoise"
"TM4SF4",1,"turquoise"
"METTL21C",1,"turquoise"
"TPP2",1,"turquoise"
"BIVM",1,"turquoise"
"NPEPL1",5,"green"
"ZFYVE27",3,"brown"
"ANKRD2",4,"yellow"
"NPY2R",3,"brown"
"ATP5G3",2,"blue"
"ATF2",1,"turquoise"
"RNPS1",1,"turquoise"
"SLC18A2",5,"green"
"CLPX",2,"blue"
"CNGA2",1,"turquoise"
"SIRT7",1,"turquoise"
"CSK",9,"magenta"
"TUBB6",2,"blue"
"KIF20A",2,"blue"
"USP6NL",1,"turquoise"
"PHIP",1,"turquoise"
"URB1",1,"turquoise"
"RPTOR",1,"turquoise"
"CFAP65",2,"blue"
"POLB",1,"turquoise"
"PRPF3",1,"turquoise"
"SPRED1",1,"turquoise"
"CHRAC1",5,"green"
"USF1",1,"turquoise"
"KDELR2",4,"yellow"
"CCNE2",1,"turquoise"
"FEM1A",4,"yellow"
"G3BP1",1,"turquoise"
"VPS51",4,"yellow"
"AK1",1,"turquoise"
"IMP4",1,"turquoise"
"FUS",4,"yellow"
"ULK3",4,"yellow"
"SLC11A1",4,"yellow"
"TMBIM1",1,"turquoise"
"CDC42BPB",3,"brown"
"DNMT3B",1,"turquoise"
"PTAFR",4,"yellow"
"ACOX3",5,"green"
"CSDE1",2,"blue"
"HYAL2",3,"brown"
"NPRL2",5,"green"
"KCNIP1",4,"yellow"
"PGAM5",2,"blue"
"PTDSS1",3,"brown"
"CAT",3,"brown"
"PHYKPL",5,"green"
"TOMM40L",1,"turquoise"
"ANXA2",1,"turquoise"
"SIN3B",1,"turquoise"
"ATP13A2",2,"blue"
"RICTOR",1,"turquoise"
"NELL1",1,"turquoise"
"TMEM38A",6,"red"
"ETV3L",4,"yellow"
"DPP9",1,"turquoise"
"PSMG3",3,"brown"
"SOAT1",2,"blue"
"RAMP2",1,"turquoise"
"CDC2L1",1,"turquoise"
"PTGER3",2,"blue"
"TRIM71",1,"turquoise"
"RHOF",3,"brown"
"RTTN",2,"blue"
"PHKA2",3,"brown"
"SLC20A1",1,"turquoise"
"SYTL3",1,"turquoise"
"EZR",3,"brown"
"NRBP1",1,"turquoise"
"PPM1G",1,"turquoise"
"KRTCAP3",1,"turquoise"
"ADGRG2",3,"brown"
"ADI1",1,"turquoise"
"FRRS1L",1,"turquoise"
"RETSAT",3,"brown"
"RFX6",5,"green"
"SNX18",1,"turquoise"
"THOC1",1,"turquoise"
"COLEC12",3,"brown"
"ARL15",1,"turquoise"
"ROS1",1,"turquoise"
"ATP13A1",1,"turquoise"
"S100A10",1,"turquoise"
"INHBB",1,"turquoise"
"MYH15",3,"brown"
"CD47",3,"brown"
"IFT57",1,"turquoise"
"CBLB",1,"turquoise"
"BBX",1,"turquoise"
"CRBN",1,"turquoise"
"CALHM2",1,"turquoise"
"TMED3",1,"turquoise"
"FLVCR2",4,"yellow"
"PPP1R12A",1,"turquoise"
"MRPL1",1,"turquoise"
"JDP2",6,"red"
"PAWR",1,"turquoise"
"EHHADH",2,"blue"
"TGFBI",3,"brown"
"SPR",1,"turquoise"
"GPHN",3,"brown"
"IRAK4",1,"turquoise"
"MPP5",1,"turquoise"
"GORASP2",1,"turquoise"
"NKX3-2",6,"red"
"EIF3J",5,"green"
"CHAC2",4,"yellow"
"SPG11",1,"turquoise"
"MADD",4,"yellow"
"TCP1",1,"turquoise"
"TRIM36",2,"blue"
"TFCP2L1",4,"yellow"
"EMC7",9,"magenta"
"FLRT2",1,"turquoise"
"KATNBL1",1,"turquoise"
"PPA2",1,"turquoise"
"SEL1L",5,"green"
"STRN",1,"turquoise"
"FABP2",1,"turquoise"
"SLC39A13",3,"brown"
"RINT1",1,"turquoise"
"CLK4",4,"yellow"
"CALCA",1,"turquoise"
"WDR48",1,"turquoise"
"CYP2R1",4,"yellow"
"CDC7",1,"turquoise"
"MRPL34",1,"turquoise"
"TIAM2",1,"turquoise"
"RUBCNL",3,"brown"
"CPB2",4,"yellow"
"ZC3H13",1,"turquoise"
"LCP1",2,"blue"
"COG3",1,"turquoise"
"KIF21A",3,"brown"
"CPN1",4,"yellow"
"CYTH1",4,"yellow"
"LYSMD4",1,"turquoise"
"CUL2",1,"turquoise"
"RPS6KA6",1,"turquoise"
"FAAP24",1,"turquoise"
"AP1G1",1,"turquoise"
"DOT1L",1,"turquoise"
"GARNL3",1,"turquoise"
"UVRAG",4,"yellow"
"LPCAT2",3,"brown"
"ATIC",3,"brown"
"FN1",3,"brown"
"PLS3",2,"blue"
"RUVBL1",1,"turquoise"
"NUDT7",4,"yellow"
"TMEM50B",4,"yellow"
"TRIM62",2,"blue"
"gga-mir-6583",1,"turquoise"
"BAAT",1,"turquoise"
"DYNLL2",1,"turquoise"
"UBE2S",7,"black"
"RECK",5,"green"
"AKTIP",1,"turquoise"
"APOH",4,"yellow"
"DPM2",1,"turquoise"
"HNRNPR",1,"turquoise"
"PRPSAP2",6,"red"
"PLA2G4A",1,"turquoise"
"ST6GALNAC4",2,"blue"
"PPM1E",1,"turquoise"
"EPS15L1",1,"turquoise"
"LXN",1,"turquoise"
"SHROOM4",4,"yellow"
"DERL1",2,"blue"
"SPATS2",2,"blue"
"SFXN1",4,"yellow"
"DRAM1",6,"red"
"SERTM1",1,"turquoise"
"ZCCHC9",3,"brown"
"MRPL35",1,"turquoise"
"VAMP1",1,"turquoise"
"KIFC1",1,"turquoise"
"RP11-529K1.3",1,"turquoise"
"COMMD10",6,"red"
"ADPRHL2",4,"yellow"
"CNOT1",1,"turquoise"
"MPZ",2,"blue"
"DHRS3",4,"yellow"
"UBE2D1",1,"turquoise"
"RPL11",2,"blue"
"LMBR1",7,"black"
"ONECUT1",1,"turquoise"
"ALG8",1,"turquoise"
"GTPBP10",1,"turquoise"
"GANC",3,"brown"
"SESTD1",3,"brown"
"FAM183A",1,"turquoise"
"CLDN12",1,"turquoise"
"TMEM263",2,"blue"
"ABCA3",1,"turquoise"
"JUN",1,"turquoise"
"ITGB8",1,"turquoise"
"FGGY",1,"turquoise"
"LATS1",1,"turquoise"
"PIKFYVE",1,"turquoise"
"ACSL5",4,"yellow"
"VPS54",8,"pink"
"HAO1",1,"turquoise"
"SLC31A1",4,"yellow"
"PADI1",1,"turquoise"
"RPIA",4,"yellow"
"SUCLG1",2,"blue"
"AMD1",3,"brown"
"RCAN2",2,"blue"
"ENPP4",3,"brown"
"FBXO39",5,"green"
"CDC5L",1,"turquoise"
"FKBP3",1,"turquoise"
"KIF5C",1,"turquoise"
"SKIV2L2",1,"turquoise"
"GSTK1",3,"brown"
"DHX29",1,"turquoise"
"PRRC1",3,"brown"
"SRA1",1,"turquoise"
"NKIRAS1",1,"turquoise"
"DACT2",2,"blue"
"UBE2E1",1,"turquoise"
"EEA1",1,"turquoise"
"PLBD1",1,"turquoise"
"RNF141",1,"turquoise"
"FUNDC2",1,"turquoise"
"gga-mir-6590",1,"turquoise"
"SLF2",1,"turquoise"
"SPATA2",8,"pink"
"TMEM94",2,"blue"
"SEC22C",1,"turquoise"
"BEAN1",2,"blue"
"SOX8",4,"yellow"
"SNAPC1",5,"green"
"POLDIP3",5,"green"
"SYT16",1,"turquoise"
"RRP7A",4,"yellow"
"AP2A2",1,"turquoise"
"ELF2",1,"turquoise"
"CCDC47",1,"turquoise"
"MRPL32",2,"blue"
"FBXL12",2,"blue"
"PABPN1L",3,"brown"
"TUBA1B",1,"turquoise"
"PIGU",6,"red"
"GLYCTK",1,"turquoise"
"MARS2",4,"yellow"
"APOA1",3,"brown"
"ASB7",1,"turquoise"
"KCTD6",3,"brown"
"LINS1",1,"turquoise"
"DAGLB",3,"brown"
"TLN1",1,"turquoise"
"RGS1",1,"turquoise"
"PCDH12",1,"turquoise"
"CDH17",1,"turquoise"
"TNKS",1,"turquoise"
"ENY2",1,"turquoise"
"CTSH",1,"turquoise"
"SLC16A14",3,"brown"
"STC2",7,"black"
"ACADL",3,"brown"
"AACS",2,"blue"
"SLC2A10",4,"yellow"
"RSRC2",1,"turquoise"
"CCNE1",3,"brown"
"TNIP1",8,"pink"
"E2F7",5,"green"
"SPPL2A",2,"blue"
"OLAH",3,"brown"
"TMEM220",1,"turquoise"
"ZMYND11",3,"brown"
"SORL1",2,"blue"
"CHSY1",1,"turquoise"
"TMEM100",2,"blue"
"MOGS",2,"blue"
"RACGAP1",2,"blue"
"JAK3",4,"yellow"
"TMEM245",1,"turquoise"
"PLPP7",1,"turquoise"
"GALNT1",2,"blue"
"C18orf21",1,"turquoise"
"LRP4",3,"brown"
"CSPG5",2,"blue"
"ABLIM2",1,"turquoise"
"MXI1",1,"turquoise"
"IL17REL",1,"turquoise"
"ARL5B",7,"black"
"CRELD2",1,"turquoise"
"MRPS5",1,"turquoise"
"INO80",1,"turquoise"
"CUL4B",1,"turquoise"
"RBM45",6,"red"
"TRIM2",1,"turquoise"
"CYP1B1",3,"brown"
"MYO3A",3,"brown"
"GTF2E1",4,"yellow"
"C11orf87",9,"magenta"
"ZC3H12C",4,"yellow"
"DDX10",1,"turquoise"
"RDX",8,"pink"
"ATM",1,"turquoise"
"PRMT8",4,"yellow"
"WNT4",3,"brown"
"LRRC15",4,"yellow"
"CYB561A3",2,"blue"
"ACBD6",1,"turquoise"
"NUBPL",1,"turquoise"
"ZNF827",1,"turquoise"
"TOP2A",1,"turquoise"
"ELOVL1",1,"turquoise"
"COASY",1,"turquoise"
"VDAC1",2,"blue"
"SLC35D1",2,"blue"
"ARHGAP24",4,"yellow"
"NDUFA1",2,"blue"
"ZBTB33",4,"yellow"
"PARVA",4,"yellow"
"TTL",1,"turquoise"
"CER1",1,"turquoise"
"UPF3B",1,"turquoise"
"ALS2CL",4,"yellow"
"RSPH9",4,"yellow"
"DCTN6",5,"green"
"RBPMS",2,"blue"
"VEGFA",2,"blue"
"MRPS18A",1,"turquoise"
"FN3K",5,"green"
"ST7L",1,"turquoise"
"TCEANC2",4,"yellow"
"EXO1",1,"turquoise"
"HMGB2",4,"yellow"
"GALNT7",1,"turquoise"
"TMEM59",4,"yellow"
"YIPF1",4,"yellow"
"LRRC42",3,"brown"
"HNRNPA0",1,"turquoise"
"CHMP1A",1,"turquoise"
"LRRC8B",1,"turquoise"
"APC2",1,"turquoise"
"SLITRK3",1,"turquoise"
"GPR83",3,"brown"
"ANKRD49",2,"blue"
"MRE11",1,"turquoise"
"MED17",1,"turquoise"
"ST3GAL1",2,"blue"
"NAB1",1,"turquoise"
"STAT3",3,"brown"
"PTP4A2",2,"blue"
"UTP6",1,"turquoise"
"PTRF",2,"blue"
"EXOC8",4,"yellow"
"RPS27A",1,"turquoise"
"HYLS1",4,"yellow"
"COL4A1",1,"turquoise"
"GLYR1",1,"turquoise"
"IMPA1",1,"turquoise"
"GOLGA7",1,"turquoise"
"RAB8B",1,"turquoise"
"BARD1",1,"turquoise"
"CCND3",3,"brown"
"METTL22",1,"turquoise"
"gga-mir-30b",1,"turquoise"
"gga-mir-200b",1,"turquoise"
"GUCD1",1,"turquoise"
"RCAN3",1,"turquoise"
"HNF4A",4,"yellow"
"WSCD1",3,"brown"
"LRCH2",3,"brown"
"PGP",6,"red"
"CCDC18",9,"magenta"
"RAB40C",1,"turquoise"
"STARD8",3,"brown"
"RAB26",1,"turquoise"
"CBFA2T3",3,"brown"
"NADK",2,"blue"
"HMX3",6,"red"
"HOXD4",3,"brown"
"DEF8",1,"turquoise"
"FABP5",4,"yellow"
"KLHL41",7,"black"
"MRPL27",1,"turquoise"
"CKS2",1,"turquoise"
"ROMO1",1,"turquoise"
"GRIN2C",1,"turquoise"
"gga-mir-6597",1,"turquoise"
"PSMA3",4,"yellow"
"ADSL",4,"yellow"
"ARID4A",1,"turquoise"
"QSER1",1,"turquoise"
"SGSM3",4,"yellow"
"PRRG4",3,"brown"
"FYN",1,"turquoise"
"TMEM171",3,"brown"
"JAK2",1,"turquoise"
"VANGL1",0,"grey"
"RCL1",5,"green"
"EVC2",3,"brown"
"YIPF3",1,"turquoise"
"OCIAD1",1,"turquoise"
"FGFR1OP2",5,"green"
"TM7SF3",7,"black"
"PNPLA8",7,"black"
"PLEKHH1",4,"yellow"
"TMA16",5,"green"
"VPS50",1,"turquoise"
"RAB3GAP2",1,"turquoise"
"ATE1",1,"turquoise"
"RABEP1",1,"turquoise"
"UBE3B",2,"blue"
"DGKD",0,"grey"
"AFG3L2",1,"turquoise"
"SPATA6",1,"turquoise"
"SNW1",4,"yellow"
"NKX6-2",5,"green"
"BEND5",5,"green"
"ADCK1",1,"turquoise"
"NR5A1",8,"pink"
"ATP8B3",1,"turquoise"
"SPRY2",2,"blue"
"GPC5",2,"blue"
"NDFIP2",1,"turquoise"
"PARP16",1,"turquoise"
"TOB1",3,"brown"
"ZDHHC5",1,"turquoise"
"ARID5B",3,"brown"
"RCAN1",5,"green"
"FOXRED1",1,"turquoise"
"ARHGAP5",1,"turquoise"
"GEMIN5",1,"turquoise"
"CNOT6",4,"yellow"
"SYNJ1",1,"turquoise"
"gga-mir-6599",1,"turquoise"
"PRCC",5,"green"
"ITFG1",1,"turquoise"
"PTPRS",1,"turquoise"
"GALE",1,"turquoise"
"MFAP3",3,"brown"
"F5",6,"red"
"PCNA",5,"green"
"MPI",1,"turquoise"
"AZIN1",1,"turquoise"
"PHLDB1",3,"brown"
"SLC35G2",3,"brown"
"ST3GAL4",1,"turquoise"
"NT5DC3",5,"green"
"MED6",5,"green"
"ACAD11",3,"brown"
"SLC2A13",4,"yellow"
"IRS1",5,"green"
"BTK",1,"turquoise"
"RHBDD1",1,"turquoise"
"GPI",1,"turquoise"
"DRG2",1,"turquoise"
"SLC44A5",4,"yellow"
"TECPR2",1,"turquoise"
"CINP",1,"turquoise"
"METAP2",1,"turquoise"
"ANKRD9",1,"turquoise"
"RNF25",4,"yellow"
"GALK2",4,"yellow"
"SLC9A3R2",4,"yellow"
"C3orf70",3,"brown"
"NFIX",6,"red"
"CAMK2D",1,"turquoise"
"ACTG2",2,"blue"
"ANTXR2",4,"yellow"
"PGAM1",1,"turquoise"
"ARHGEF9",1,"turquoise"
"SAP130",2,"blue"
"TMEM8B",2,"blue"
"NKX2-1",6,"red"
"WIPF2",3,"brown"
"LHFPL4",2,"blue"
"MYH9",3,"brown"
"LSM4",9,"magenta"
"HERC1",2,"blue"
"KPNA6",5,"green"
"CFI",5,"green"
"NOTCH2",1,"turquoise"
"LANCL1",1,"turquoise"
"ETFA",2,"blue"
"TRIP12",2,"blue"
"FAM78B",2,"blue"
"SMYD4",2,"blue"
"SRM",6,"red"
"OTP",1,"turquoise"
"GTF2A1L",1,"turquoise"
"HVCN1",6,"red"
"UNC5B",2,"blue"
"USP34",1,"turquoise"
"PPM1B",2,"blue"
"SSH2",1,"turquoise"
"ZBTB6",2,"blue"
"SFXN3",2,"blue"
"OTULIN",2,"blue"
"TMEM79",1,"turquoise"
"DYNLT3",4,"yellow"
"OTC",6,"red"
"C9orf85",4,"yellow"
"gga-mir-1705",1,"turquoise"
"gga-mir-1465",1,"turquoise"
"KPTN",4,"yellow"
"REEP1",1,"turquoise"
"RNGTT",1,"turquoise"
"IMMT",1,"turquoise"
"PNRC1",1,"turquoise"
"MAP4K4",3,"brown"
"GNG2",2,"blue"
"GCH1",1,"turquoise"
"CGRRF1",4,"yellow"
"PAM",1,"turquoise"
"GIN1",4,"yellow"
"DCBLD2",1,"turquoise"
"RB1CC1",9,"magenta"
"GMFB",2,"blue"
"MAST4",1,"turquoise"
"SLC30A5",4,"yellow"
"MRPS36",1,"turquoise"
"CENPH",2,"blue"
"CLIC2",0,"grey"
"ND5",1,"turquoise"
"NECAB1",1,"turquoise"
"SMIM19",1,"turquoise"
"COX5A",1,"turquoise"
"TEC",1,"turquoise"
"AGPAT4",4,"yellow"
"ILF2",1,"turquoise"
"MOB1B",1,"turquoise"
"ASPG",3,"brown"
"CNTNAP5",3,"brown"
"ACOT7",1,"turquoise"
"NIP7",5,"green"
"gga-mir-1580",1,"turquoise"
"OAF",1,"turquoise"
"CCDC61",4,"yellow"
"RAB36",1,"turquoise"
"RSPH14",1,"turquoise"
"GNAZ",8,"pink"
"SHE",1,"turquoise"
"TMLHE",1,"turquoise"
"S100A11",1,"turquoise"
"TRIAP1",1,"turquoise"
"ATP6V1G1",1,"turquoise"
"TK1",1,"turquoise"
"SLIT1",1,"turquoise"
"HMGB1",1,"turquoise"
"HOXB5",3,"brown"
"ZRANB1",1,"turquoise"
"MAFG",2,"blue"
"PTEN",9,"magenta"
"FBLIM1",3,"brown"
"PYGO1",3,"brown"
"GAS2L3",3,"brown"
"BAP1",1,"turquoise"
"ARIH1",1,"turquoise"
"WAPL",1,"turquoise"
"NCKAP1",2,"blue"
"TSPAN18",4,"yellow"
"PEAK1",1,"turquoise"
"CUL3",1,"turquoise"
"TPR",1,"turquoise"
"GDPD1",1,"turquoise"
"FPGS",5,"green"
"PRKDC",1,"turquoise"
"SMPD4",1,"turquoise"
"CCDC174",1,"turquoise"
"ZFAND1",2,"blue"
"DNAJC7",1,"turquoise"
"GDAP1",7,"black"
"DERL2",4,"yellow"
"ZNF692",1,"turquoise"
"TMEM214",2,"blue"
"RNF41",3,"brown"
"FBXW11",1,"turquoise"
"RFFL",1,"turquoise"
"DMXL1",1,"turquoise"
"NOC2L",5,"green"
"NDUFB7",1,"turquoise"
"AIMP2",5,"green"
"FBXL22",6,"red"
"PGAP3",2,"blue"
"STK39",3,"brown"
"KLHL7",1,"turquoise"
"LIN7A",1,"turquoise"
"BLVRA",1,"turquoise"
"OGFRL1",3,"brown"
"PIAS2",1,"turquoise"
"ADAM17",1,"turquoise"
"CPSF3",2,"blue"
"IAH1",3,"brown"
"SH3KBP1",3,"brown"
"ITGB1BP1",2,"blue"
"LRFN5",2,"blue"
"DYRK2",2,"blue"
"PRKD1",1,"turquoise"
"MDM1",8,"pink"
"G2E3",3,"brown"
"UBR2",1,"turquoise"
"RAB37",1,"turquoise"
"CPE",2,"blue"
"SOCS3",2,"blue"
"CHAC1",8,"pink"
"MAD2L1BP",6,"red"
"AIP",1,"turquoise"
"PLEKHF2",2,"blue"
"WWC1",3,"brown"
"HIKESHI",2,"blue"
"ALDH6A1",4,"yellow"
"JADE1",1,"turquoise"
"MGME1",1,"turquoise"
"SNX5",1,"turquoise"
"SSTR3",4,"yellow"
"SLC35A3",9,"magenta"
"ADAMTS18",1,"turquoise"
"PPIC",1,"turquoise"
"CABLES2",6,"red"
"CYTH4",4,"yellow"
"EPC2",1,"turquoise"
"SPTLC2",1,"turquoise"
"TRMU",4,"yellow"
"ECHDC3",4,"yellow"
"ARPC4",1,"turquoise"
"BCR",6,"red"
"TOLLIP",1,"turquoise"
"PTGS1",1,"turquoise"
"UBE2Z",1,"turquoise"
"CPNE2",1,"turquoise"
"EIF4H",1,"turquoise"
"PIP4K2A",5,"green"
"IL18",1,"turquoise"
"FAR2",1,"turquoise"
"KLHL42",3,"brown"
"IL1RAP",4,"yellow"
"ANKDD1A",3,"brown"
"PCYT2",4,"yellow"
"TEKT5",1,"turquoise"
"ARHGAP12",1,"turquoise"
"ZBTB17",4,"yellow"
"PMEL",4,"yellow"
"TRAFD1",2,"blue"
"TMEM121",2,"blue"
"PARP12",5,"green"
"TDRD1",1,"turquoise"
"DHRS7B",3,"brown"
"KCNB1",1,"turquoise"
"CEP89",9,"magenta"
"NOL8",1,"turquoise"
"MECR",1,"turquoise"
"SOX5",0,"grey"
"SOGA1",1,"turquoise"
"OAT",8,"pink"
"BSDC1",1,"turquoise"
"MED31",2,"blue"
"CDS2",1,"turquoise"
"IL6R",2,"blue"
"SIRT3",1,"turquoise"
"KREMEN1",1,"turquoise"
"PLCD1",1,"turquoise"
"KIF24",1,"turquoise"
"IPO7",1,"turquoise"
"FLT4",1,"turquoise"
"CEP83",5,"green"
"TRPT1",1,"turquoise"
"AKAP9",1,"turquoise"
"CFAP100",4,"yellow"
"TMEM144",1,"turquoise"
"MAF",1,"turquoise"
"KLF6",4,"yellow"
"TGM4",1,"turquoise"
"ZBTB45",4,"yellow"
"QRICH1",1,"turquoise"
"COQ7",4,"yellow"
"KIF3A",8,"pink"
"YPEL2",4,"yellow"
"NEDD9",4,"yellow"
"ELOVL2",1,"turquoise"
"NME5",1,"turquoise"
"GBA2",2,"blue"
"SAP30BP",1,"turquoise"
"LGALS8",3,"brown"
"SLC34A2",4,"yellow"
"KIAA1328",1,"turquoise"
"IFT122",1,"turquoise"
"NOP58",5,"green"
"JMJD8",1,"turquoise"
"PSEN1",5,"green"
"NVL",1,"turquoise"
"ZBTB7A",8,"pink"
"WDR82",1,"turquoise"
"SMAD9",8,"pink"
"CNOT8",1,"turquoise"
"SFXN5",4,"yellow"
"EXOC6B",8,"pink"
"FKBP6",1,"turquoise"
"RAD23B",1,"turquoise"
"MRPL50",1,"turquoise"
"ALDOB",1,"turquoise"
"TBC1D14",3,"brown"
"TADA2B",3,"brown"
"RNF20",1,"turquoise"
"GRPEL1",1,"turquoise"
"LPGAT1",2,"blue"
"MRPL21",1,"turquoise"
"ASH1L",1,"turquoise"
"DNAJC6",1,"turquoise"
"LEPROT",3,"brown"
"SNX10",5,"green"
"ATP23",1,"turquoise"
"WSB2",1,"turquoise"
"OAZ2",1,"turquoise"
"SRPK2",2,"blue"
"RBM8A",1,"turquoise"
"TSKU",3,"brown"
"SSR2",5,"green"
"RAB7B",2,"blue"
"SIAH2",3,"brown"
"CA8",1,"turquoise"
"NBAS",2,"blue"
"CERS2",7,"black"
"ARHGAP29",1,"turquoise"
"CUEDC2",1,"turquoise"
"FBXL15",2,"blue"
"TTC7A",1,"turquoise"
"PPP1CB",2,"blue"
"CFL2",6,"red"
"GPC4",1,"turquoise"
"DCTN5",2,"blue"
"TRAF6",5,"green"
"MAP2K5",1,"turquoise"
"DLD",2,"blue"
"SF3A1",1,"turquoise"
"KCTD2",8,"pink"
"RBM17",4,"yellow"
"STAMBPL1",6,"red"
"LAP3",1,"turquoise"
"RPL7",1,"turquoise"
"SNX11",2,"blue"
"MAP2K1",1,"turquoise"
"ENKUR",1,"turquoise"
"TRIM29",4,"yellow"
"CARD10",4,"yellow"
"CRTC1",1,"turquoise"
"TMED2",7,"black"
"ERLIN1",4,"yellow"
"YOD1",1,"turquoise"
"MRPL9",9,"magenta"
"PINK1",1,"turquoise"
"RNF126",1,"turquoise"
"MGMT",1,"turquoise"
"DLG5",9,"magenta"
"DCAF13",1,"turquoise"
"ARFGEF1",2,"blue"
"SIRT6",1,"turquoise"
"ZER1",1,"turquoise"
"BRAP",4,"yellow"
"FBXO2",2,"blue"
"SMURF1",4,"yellow"
"UBOX5",4,"yellow"
"NCALD",1,"turquoise"
"PDGFRB",1,"turquoise"
"AGPAT2",4,"yellow"
"NXNL2",3,"brown"
"ERP29",1,"turquoise"
"GNG12",1,"turquoise"
"E2F5",4,"yellow"
"LDLRAD3",1,"turquoise"
"SCARNA3",1,"turquoise"
"SLC7A2",1,"turquoise"
"PPP1R14C",1,"turquoise"
"C6orf62",1,"turquoise"
"PDLIM7",4,"yellow"
"HMMR",1,"turquoise"
"FGFR3",3,"brown"
"TACC3",3,"brown"
"EDF1",1,"turquoise"
"SHPRH",9,"magenta"
"L2HGDH",1,"turquoise"
"PLA2G6",4,"yellow"
"ATP5S",1,"turquoise"
"BAIAP2L2",1,"turquoise"
"GPAM",3,"brown"
"RPP38",1,"turquoise"
"SEC23B",1,"turquoise"
"NMT2",1,"turquoise"
"ZMYND19",5,"green"
"EVX2",1,"turquoise"
"TSPAN14",1,"turquoise"
"GOSR1",7,"black"
"MED10",3,"brown"
"BBOF1",3,"brown"
"PRPF38A",5,"green"
"MEMO1",1,"turquoise"
"SRD5A2",6,"red"
"ZC3H14",1,"turquoise"
"CRB2",1,"turquoise"
"POLR2C",1,"turquoise"
"MDH2",8,"pink"
"PANK4",9,"magenta"
"NDEL1",1,"turquoise"
"TBC1D2",1,"turquoise"
"EPHX2",4,"yellow"
"IGHMBP2",2,"blue"
"IRF8",1,"turquoise"
"INSIG1",4,"yellow"
"SPDYA",1,"turquoise"
"PKP2",1,"turquoise"
"DROSHA",1,"turquoise"
"TCF7",2,"blue"
"FAH",1,"turquoise"
"INSIG2",3,"brown"
"TXNRD2",1,"turquoise"
"AGO2",9,"magenta"
"CHIC1",4,"yellow"
"PARP6",3,"brown"
"PIGQ",9,"magenta"
"TRIT1",3,"brown"
"IFT81",3,"brown"
"REV3L",9,"magenta"
"EXOSC2",1,"turquoise"
"NPAS3",1,"turquoise"
"ZMIZ1",3,"brown"
"DNM1",7,"black"
"LRP3",1,"turquoise"
"FICD",3,"brown"
"ZNFX1",2,"blue"
"WLS",3,"brown"
"OXNAD1",1,"turquoise"
"FOXG1",3,"brown"
"DGKG",3,"brown"
"SETD3",1,"turquoise"
"ESRRB",2,"blue"
"TMEM50A",1,"turquoise"
"LIPG",4,"yellow"
"FOXP1",4,"yellow"
"AURKA",3,"brown"
"CREBBP",1,"turquoise"
"DIS3L2",2,"blue"
"KIAA1217",3,"brown"
"USP36",1,"turquoise"
"C3",1,"turquoise"
"SETX",1,"turquoise"
"SLC4A10",8,"pink"
"TAF2",1,"turquoise"
"CACNA2D2",1,"turquoise"
"SHISA4",2,"blue"
"RFNG",1,"turquoise"
"RILP",1,"turquoise"
"CTNNA3",7,"black"
"NEURL1B",1,"turquoise"
"gga-mir-6613",1,"turquoise"
"ARID2",9,"magenta"
"TRMT1L",1,"turquoise"
"RRAGC",1,"turquoise"
"CSRP1",1,"turquoise"
"PPA1",7,"black"
"SHCBP1",5,"green"
"MAEL",3,"brown"
"MAP7D1",3,"brown"
"WDR18",1,"turquoise"
"DHX8",1,"turquoise"
"DDX23",1,"turquoise"
"GIT1",5,"green"
"UBXN10",2,"blue"
"CPQ",1,"turquoise"
"CANX",2,"blue"
"MED30",0,"grey"
"RAB19",2,"blue"
"WRNIP1",2,"blue"
"GLI1",5,"green"
"PTCHD1",3,"brown"
"FBXO25",1,"turquoise"
"LPCAT1",1,"turquoise"
"CLPTM1L",1,"turquoise"
"TDRP",2,"blue"
"ARHGEF10",1,"turquoise"
"ACOT9",1,"turquoise"
"SOWAHC",3,"brown"
"FAM43B",1,"turquoise"
"ASAH1",4,"yellow"
"NAA20",1,"turquoise"
"GKAP1",4,"yellow"
"IDNK",1,"turquoise"
"C9orf64",2,"blue"
"KDSR",3,"brown"
"FLAD1",1,"turquoise"
"ERP44",4,"yellow"
"MAP4K5",1,"turquoise"
"MAMDC2",3,"brown"
"KCTD16",7,"black"
"PTAR1",3,"brown"
"FAM189A2",6,"red"
"SS18",1,"turquoise"
"SMC5",1,"turquoise"
"SERINC1",1,"turquoise"
"NNT",2,"blue"
"YES1",2,"blue"
"TMEM267",1,"turquoise"
"PAIP1",1,"turquoise"
"DHRS4",1,"turquoise"
"SEMA3F",3,"brown"
"TMEM33",1,"turquoise"
"PDIA3",1,"turquoise"
"FURIN",1,"turquoise"
"ATG13",7,"black"
"CD82",4,"yellow"
"GPR85",3,"brown"
"SLC39A9",1,"turquoise"
"PLEKHD1",1,"turquoise"
"BAG3",4,"yellow"
"C4orf46",1,"turquoise"
"ART4",0,"grey"
"MGP",1,"turquoise"
"GLT8D1",4,"yellow"
"KIF7",1,"turquoise"
"ASXL1",1,"turquoise"
"PSKH1",3,"brown"
"SIN3A",2,"blue"
"BCCIP",4,"yellow"
"KBTBD8",3,"brown"
"PPP2R2B",3,"brown"
"UBL7",1,"turquoise"
"MMP23B",5,"green"
"CAPN7",1,"turquoise"
"KCTD12",1,"turquoise"
"LIMA1",1,"turquoise"
"PCID2",1,"turquoise"
"CUL4A",6,"red"
"F7",4,"yellow"
"PROZ",1,"turquoise"
"MCF2L",6,"red"
"TUBGCP3",1,"turquoise"
"RAD23A",1,"turquoise"
"NAPA",1,"turquoise"
"SPRYD3",1,"turquoise"
"ELP6",1,"turquoise"
"ADIPOR2",1,"turquoise"
"TFCP2",1,"turquoise"
"GYG1",1,"turquoise"
"PSMG2",2,"blue"
"TTK",1,"turquoise"
"ELOVL4",2,"blue"
"SH3BGRL2",6,"red"
"LCA5",4,"yellow"
"HUNK",1,"turquoise"
"TRIM54",6,"red"
"HIBADH",2,"blue"
"SUN2",1,"turquoise"
"SRSF10",1,"turquoise"
"SLC25A46",1,"turquoise"
"MAN2A1",3,"brown"
"PSMF1",4,"yellow"
"AKR1B1",1,"turquoise"
"GP5",1,"turquoise"
"EPN3",6,"red"
"FZD9",6,"red"
"HEXIM1",2,"blue"
"PFDN5",7,"black"
"ESPL1",1,"turquoise"
"CWH43",8,"pink"
"UQCRC2",2,"blue"
"RHOT2",5,"green"
"CPZ",1,"turquoise"
"NFU1",1,"turquoise"
"THG1L",1,"turquoise"
"FANCD2",1,"turquoise"
"HAUS8",1,"turquoise"
"EGFLAM",4,"yellow"
"CHRD",4,"yellow"
"NHSL1",2,"blue"
"PRDM15",1,"turquoise"
"HOXA7",1,"turquoise"
"NUDT2",1,"turquoise"
"gga-mir-6669",1,"turquoise"
"FUBP1",1,"turquoise"
"DCLRE1A",1,"turquoise"
"PPP1R21",1,"turquoise"
"PIK3CA",1,"turquoise"
"CASP7",1,"turquoise"
"COMMD1",1,"turquoise"
"B3GNT2",1,"turquoise"
"SRP54",9,"magenta"
"PDXP",6,"red"
"PRIM2",1,"turquoise"
"OXLD1",2,"blue"
"MCM3",1,"turquoise"
"PAQR8",5,"green"
"EFHC1",4,"yellow"
"TRAM2",1,"turquoise"
"gga-mir-1586",1,"turquoise"
"IMPACT",5,"green"
"PLIN2",4,"yellow"
"HAUS6",1,"turquoise"
"SH3GL2",2,"blue"
"ZBTB20",4,"yellow"
"TMEM18",4,"yellow"
"HOXA2",1,"turquoise"
"EIF3H",2,"blue"
"CLTA",1,"turquoise"
"TXNL4B",7,"black"
"NANS",6,"red"
"IMPG2",9,"magenta"
"TRMT10C",1,"turquoise"
"POLH",9,"magenta"
"NEK9",1,"turquoise"
"PLCH1",9,"magenta"
"TMED10",4,"yellow"
"INTS4",7,"black"
"ADIPOR1",2,"blue"
"EIF2AK4",1,"turquoise"
"GFER",1,"turquoise"
"HCCS",1,"turquoise"
"AKAP1",1,"turquoise"
"DCAF17",3,"brown"
"HOMER2",2,"blue"
"ARHGEF16",1,"turquoise"
"PRPF6",1,"turquoise"
"WHAMM",1,"turquoise"
"TPRG1L",1,"turquoise"
"SAMD10",3,"brown"
"TOB2",7,"black"
"GOLGA1",7,"black"
"PHF5A",3,"brown"
"ACO2",2,"blue"
"TEF",1,"turquoise"
"LHX4",3,"brown"
"GJD4",1,"turquoise"
"ST3GAL2",4,"yellow"
"NCBP3",1,"turquoise"
"ITGAV",2,"blue"
"CRK",1,"turquoise"
"CAPN10",1,"turquoise"
"SCARF2",2,"blue"
"ZNF592",4,"yellow"
"DCAKD",3,"brown"
"PHLPP2",1,"turquoise"
"MLLT6",1,"turquoise"
"TPM1",1,"turquoise"
"POLG2",1,"turquoise"
"IFT52",1,"turquoise"
"RBBP4",7,"black"
"ARRDC2",2,"blue"
"TUBGCP2",1,"turquoise"
"NEMP1",3,"brown"
"SEC61A1",3,"brown"
"MMP11",2,"blue"
"MYO1A",1,"turquoise"
"ZNF384",1,"turquoise"
"NDE1",1,"turquoise"
"NDUFB2",1,"turquoise"
"C8G",1,"turquoise"
"RGS11",3,"brown"
"RFC5",1,"turquoise"
"MCOLN1",1,"turquoise"
"SIK2",4,"yellow"
"TMEM230",3,"brown"
"SMKR1",1,"turquoise"
"MRPL33",1,"turquoise"
"DOCK10",1,"turquoise"
"KAT6B",6,"red"
"ACAD9",3,"brown"
"SH2D3C",8,"pink"
"CENPI",1,"turquoise"
"KCNT2",6,"red"
"SREBF2",4,"yellow"
"FBXO30",4,"yellow"
"SCAF4",1,"turquoise"
"PHPT1",5,"green"
"RSF1",1,"turquoise"
"CDCA3",1,"turquoise"
"ARF5",2,"blue"
"CPEB2",1,"turquoise"
"NAT10",1,"turquoise"
"KCTD18",4,"yellow"
"SOCS4",1,"turquoise"
"PGPEP1",1,"turquoise"
"RPL3",1,"turquoise"
"LGALS3",1,"turquoise"
"LYPD1",2,"blue"
"PSMD13",1,"turquoise"
"DAPP1",1,"turquoise"
"TINAG",1,"turquoise"
"C1orf216",1,"turquoise"
"PUS1",4,"yellow"
"ANKRD13A",5,"green"
"MRPL51",4,"yellow"
"CACNG3",3,"brown"
"FLRT3",1,"turquoise"
"ABI2",1,"turquoise"
"BIRC5",7,"black"
"SELENOT",5,"green"
"PPP1R3D",3,"brown"
"ABLIM1",4,"yellow"
"EBNA1BP2",6,"red"
"YPEL5",1,"turquoise"
"TBC1D8B",1,"turquoise"
"ISM1",4,"yellow"
"WNT5B",1,"turquoise"
"WNK1",1,"turquoise"
"ERC1",1,"turquoise"
"TPMT",1,"turquoise"
"GPR137B",4,"yellow"
"SNX13",3,"brown"
"VEGFC",1,"turquoise"
"GPR146",3,"brown"
"MRPL48",1,"turquoise"
"PAAF1",1,"turquoise"
"UCP3",3,"brown"
"PPME1",1,"turquoise"
"SAXO1",2,"blue"
"NKX2-8",2,"blue"
"FAM199X",1,"turquoise"
"POLE3",4,"yellow"
"ZDHHC6",1,"turquoise"
"PLCB1",6,"red"
"SNORA28",1,"turquoise"
"SNORD94",1,"turquoise"
"GBX2",3,"brown"
"PKNOX1",1,"turquoise"
"OTUD7B",2,"blue"
"U2AF1",1,"turquoise"
"CRYAA",5,"green"
"SH3GLB2",1,"turquoise"
"SEL1L3",6,"red"
"PRMT9",1,"turquoise"
"TUBGCP5",4,"yellow"
"HERC2",1,"turquoise"
"UQCRB",9,"magenta"
"LPL",4,"yellow"
"PPIG",1,"turquoise"
"NRG1",3,"brown"
"XPOT",1,"turquoise"
"DTL",5,"green"
"ELMOD2",3,"brown"
"WARS2",2,"blue"
"ERBIN",9,"magenta"
"SEC31A",1,"turquoise"
"SYT13",7,"black"
"LLGL2",1,"turquoise"
"HBP1",1,"turquoise"
"MTMR3",1,"turquoise"
"PRDM11",2,"blue"
"PAK3",1,"turquoise"
"PAK1",2,"blue"
"MAP3K14",1,"turquoise"
"KLHDC8A",4,"yellow"
"DLG1",1,"turquoise"
"CRH",5,"green"
"AATK",4,"yellow"
"RNH1",1,"turquoise"
"CHM",1,"turquoise"
"FMC1",1,"turquoise"
"UBN2",1,"turquoise"
"SRSF3",1,"turquoise"
"ERRFI1",3,"brown"
"ERI3",1,"turquoise"
"DMAP1",4,"yellow"
"FBXW7",4,"yellow"
"SSU72",5,"green"
"RNF220",4,"yellow"
"SDHAF4",1,"turquoise"
"VPS41",1,"turquoise"
"VIL1",1,"turquoise"
"CUTC",1,"turquoise"
"ATL2",6,"red"
"MYLK2",3,"brown"
"SCNN1G",4,"yellow"
"MYO18B",1,"turquoise"
"NDUFB9",1,"turquoise"
"MSS51",3,"brown"
"TFPI",1,"turquoise"
"POLR2E",1,"turquoise"
"CXCR1",1,"turquoise"
"NDUFV2",4,"yellow"
"ARHGEF39",1,"turquoise"
"ZCCHC4",1,"turquoise"
"HEY2",3,"brown"
"TMEM70",1,"turquoise"
"ATG4C",1,"turquoise"
"BCL9L",1,"turquoise"
"NPY",4,"yellow"
"AGPS",3,"brown"
"UBA5",4,"yellow"
"DCLK2",1,"turquoise"
"POLR3B",1,"turquoise"
"RPS16",2,"blue"
"TMEM17",1,"turquoise"
"EMC6",1,"turquoise"
"RALB",8,"pink"
"IGFBP3",1,"turquoise"
"SGPP1",3,"brown"
"TMEM223",1,"turquoise"
"GRB10",1,"turquoise"
"PFN4",2,"blue"
"TBC1D1",1,"turquoise"
"COG5",2,"blue"
"MUL1",3,"brown"
"ZBTB26",4,"yellow"
"LPCAT3",3,"brown"
"ASXL3",1,"turquoise"
"RPS15",2,"blue"
"CCDC80",3,"brown"
"GTPBP8",1,"turquoise"
"SUV39H2",1,"turquoise"
"FASTKD2",1,"turquoise"
"DCLRE1C",1,"turquoise"
"ABHD12",5,"green"
"EIF4G1",1,"turquoise"
"XPNPEP1",1,"turquoise"
"STIL",1,"turquoise"
"BNIP3",1,"turquoise"
"PPP2R2D",1,"turquoise"
"SKA3",1,"turquoise"
"SAP18",1,"turquoise"
"MICU2",1,"turquoise"
"SACS",1,"turquoise"
"SGCG",1,"turquoise"
"ANPEP",3,"brown"
"DNAJB2",2,"blue"
"CPPED1",4,"yellow"
"CPNE1",1,"turquoise"
"TECTA",2,"blue"
"PRMT3",1,"turquoise"
"AP1M1",1,"turquoise"
"VPS25",2,"blue"
"RAB8A",1,"turquoise"
"PXYLP1",2,"blue"
"H2AFY",2,"blue"
"STT3B",2,"blue"
"EIF5",1,"turquoise"
"IGFBP2",3,"brown"
"IGFBP5",1,"turquoise"
"NFIB",3,"brown"
"PALMD",1,"turquoise"
"MYL3",4,"yellow"
"RHOC",1,"turquoise"
"WDR45B",1,"turquoise"
"MXRA8",2,"blue"
"C5",5,"green"
"MSL3",3,"brown"
"STUB1",6,"red"
"PPP4R3A",1,"turquoise"
"CEP170",1,"turquoise"
"TC2N",1,"turquoise"
"UGGT1",2,"blue"
"DGKQ",9,"magenta"
"ANKLE2",1,"turquoise"
"THRAP3",1,"turquoise"
"CAMSAP2",1,"turquoise"
"SIKE1",1,"turquoise"
"FBXL2",1,"turquoise"
"SLC31A2",2,"blue"
"CACNA1S",4,"yellow"
"NR3C1",1,"turquoise"
"FTSJ3",1,"turquoise"
"PABPC1",2,"blue"
"RPL35",1,"turquoise"
"GNA11",1,"turquoise"
"ASH2L",2,"blue"
"P2RX6",1,"turquoise"
"DNAJB12",1,"turquoise"
"GRIA3",1,"turquoise"
"POU3F3",1,"turquoise"
"ALDH1A2",2,"blue"
"ASB1",1,"turquoise"
"RALGPS2",1,"turquoise"
"CHST12",2,"blue"
"C11orf52",1,"turquoise"
"SASS6",1,"turquoise"
"LRP1",2,"blue"
"CSF3",2,"blue"
"NCMAP",2,"blue"
"SHC1",1,"turquoise"
"YTHDF3",1,"turquoise"
"RGS7",1,"turquoise"
"FITM2",2,"blue"
"IKBIP",3,"brown"
"AGR3",1,"turquoise"
"CDR2",4,"yellow"
"NQO2",1,"turquoise"
"ARAP2",7,"black"
"ZNF335",1,"turquoise"
"SLC26A1",1,"turquoise"
"ZDHHC21",1,"turquoise"
"HSD17B1",2,"blue"
"CDK2AP2",1,"turquoise"
"AGRN",2,"blue"
"NECTIN1",4,"yellow"
"REPS2",3,"brown"
"RBBP7",1,"turquoise"
"NHS",5,"green"
"SNX9",3,"brown"
"CTPS2",1,"turquoise"
"SYAP1",1,"turquoise"
"STX18",1,"turquoise"
"MSX1",1,"turquoise"
"SLC22A15",1,"turquoise"
"ZNF148",1,"turquoise"
"TNPO1",1,"turquoise"
"MAPRE1",1,"turquoise"
"OGG1",1,"turquoise"
"DIP2C",1,"turquoise"
"RABL3",1,"turquoise"
"HMGCR",2,"blue"
"GCNT4",1,"turquoise"
"FAM169A",4,"yellow"
"NSA2",1,"turquoise"
"ZDHHC7",2,"blue"
"CSRNP2",2,"blue"
"ALDH7A1",3,"brown"
"PPIL3",2,"blue"
"NIF3L1",3,"brown"
"SLC26A5",1,"turquoise"
"BZW1",2,"blue"
"XPO1",1,"turquoise"
"GRK6",1,"turquoise"
"BPNT1",2,"blue"
"PUS7L",3,"brown"
"ATP6V1D",1,"turquoise"
"ADAMTS20",1,"turquoise"
"RASSF6",1,"turquoise"
"SOD2",4,"yellow"
"WTAP",3,"brown"
"FNDC1",1,"turquoise"
"TENM2",2,"blue"
"CAAP1",5,"green"
"STAG2",2,"blue"
"ABCF3",1,"turquoise"
"TMCC1",6,"red"
"CACNA2D1",2,"blue"
"RNF11",1,"turquoise"
"VEPH1",1,"turquoise"
"NEK1",1,"turquoise"
"PAQR7",1,"turquoise"
"BUB3",7,"black"
"ELAVL4",3,"brown"
"FAF1",2,"blue"
"CDKN2C",1,"turquoise"
"SLC46A3",1,"turquoise"
"SLC7A1",5,"green"
"UBL3",3,"brown"
"SLC25A30",2,"blue"
"GTF2F2",1,"turquoise"
"TSC22D1",7,"black"
"NUFIP1",1,"turquoise"
"MAP3K8",2,"blue"
"BCL6",1,"turquoise"
"CIT",1,"turquoise"
"MTFMT",1,"turquoise"
"MTPAP",6,"red"
"LRP6",1,"turquoise"
"ZNF292",1,"turquoise"
"RUNX1",0,"grey"
"SETD4",2,"blue"
"MICALL2",1,"turquoise"
"NETO2",2,"blue"
"ENOX2",1,"turquoise"
"SUOX",1,"turquoise"
"ATPAF2",1,"turquoise"
"COQ4",1,"turquoise"
"SLC6A1",8,"pink"
"GID4",1,"turquoise"
"FGD6",3,"brown"
"CNPPD1",4,"yellow"
"ZRANB2",1,"turquoise"
"IHH",4,"yellow"
"TJP1",1,"turquoise"
"TM9SF4",5,"green"
"TBCCD1",6,"red"
"UBASH3B",1,"turquoise"
"MCF2",4,"yellow"
"SEMA3D",1,"turquoise"
"SEMA3A",1,"turquoise"
"TARSL2",1,"turquoise"
"SMYD5",5,"green"
"GPR162",3,"brown"
"BEST4",1,"turquoise"
"CENPX",1,"turquoise"
"TEPSIN",1,"turquoise"
"F13B",4,"yellow"
"SPCS2",1,"turquoise"
"MRPS12",1,"turquoise"
"ATP6V1H",2,"blue"
"GMNN",5,"green"
"ITGA4",1,"turquoise"
"BDKRB1",1,"turquoise"
"FREM2",9,"magenta"
"AHCY",2,"blue"
"BAHD1",2,"blue"
"MIF4GD",1,"turquoise"
"GP1BB",6,"red"
"NAALADL2",3,"brown"
"CNDP1",1,"turquoise"
"ZDHHC14",2,"blue"
"THNSL2",1,"turquoise"
"gga-mir-1724",1,"turquoise"
"NFIL3",4,"yellow"
"ROR2",1,"turquoise"
"DAZAP1",1,"turquoise"
"ATG3",3,"brown"
"LRP5",9,"magenta"
"VPS11",4,"yellow"
"SNUPN",4,"yellow"
"LETM1",1,"turquoise"
"HSPA4L",1,"turquoise"
"RAB21",6,"red"
"SLC29A1",6,"red"
"LZTS2",3,"brown"
"KIF26A",5,"green"
"FGD3",3,"brown"
"FARSB",1,"turquoise"
"KANSL1",1,"turquoise"
"GPR37L1",1,"turquoise"
"MED13",1,"turquoise"
"ST7",2,"blue"
"CTNNB1",2,"blue"
"FMN1",3,"brown"
"EXOC6",1,"turquoise"
"EAF1",1,"turquoise"
"VWA9",5,"green"
"DDX54",6,"red"
"NSDHL",4,"yellow"
"YME1L1",8,"pink"
"CLIC4",2,"blue"
"GTF2IRD1",8,"pink"
"PLXNA2",3,"brown"
"ITGB1",2,"blue"
"SIK3",4,"yellow"
"LRRK1",2,"blue"
"NRP1",1,"turquoise"
"MCC",2,"blue"
"TMEM80",4,"yellow"
"SLC25A33",5,"green"
"TMEM35B",1,"turquoise"
"OLFM1",1,"turquoise"
"SFPQ",1,"turquoise"
"TAX1BP1",3,"brown"
"RARA",3,"brown"
"SVIP",7,"black"
"KAT6A",1,"turquoise"
"ANAPC13",1,"turquoise"
"ZBED4",1,"turquoise"
"SDCBP2",1,"turquoise"
"RHBDL1",1,"turquoise"
"NLRX1",2,"blue"
"SPEN",1,"turquoise"
"KLHL20",1,"turquoise"
"USP20",1,"turquoise"
"SLC18A3",2,"blue"
"HRH3",3,"brown"
"TUBD1",2,"blue"
"GAB1",1,"turquoise"
"AHCTF1",1,"turquoise"
"CRISPLD1",1,"turquoise"
"RAP1GAP2",4,"yellow"
"EEF2",2,"blue"
"IL17RA",0,"grey"
"NAA50",1,"turquoise"
"IDH3B",7,"black"
"RSU1",7,"black"
"SVBP",1,"turquoise"
"NFAT5",1,"turquoise"
"MINA",1,"turquoise"
"DCDC2",1,"turquoise"
"MRPS9",9,"magenta"
"TGFBRAP1",1,"turquoise"
"MTERF2",1,"turquoise"
"CRY1",2,"blue"
"PWP1",1,"turquoise"
"KBTBD11",3,"brown"
"ZADH2",1,"turquoise"
"TFEB",1,"turquoise"
"DTWD2",4,"yellow"
"HEMK1",1,"turquoise"
"CA9",1,"turquoise"
"B3GNT9",1,"turquoise"
"BTF3L4",1,"turquoise"
"SLC19A1",2,"blue"
"EMX1",2,"blue"
"ENO4",1,"turquoise"
"PLRG1",1,"turquoise"
"HNRNPA3",2,"blue"
"SDE2",3,"brown"
"IGF2BP3",1,"turquoise"
"GALNT3",6,"red"
"TFAM",1,"turquoise"
"DNAJC9",6,"red"
"CISD1",2,"blue"
"VAT1L",3,"brown"
"CMAS",1,"turquoise"
"TNFRSF1A",1,"turquoise"
"ICMT",2,"blue"
"SETDB1",1,"turquoise"
"TTC32",1,"turquoise"
"MATN3",3,"brown"
"WDSUB1",2,"blue"
"TLE1",1,"turquoise"
"RASEF",3,"brown"
"FRMD3",2,"blue"
"TANC1",1,"turquoise"
"BAZ2B",9,"magenta"
"CRTAP",2,"blue"
"MAN2A2",4,"yellow"
"TMX4",3,"brown"
"ORC1",1,"turquoise"
"TMEM150C",4,"yellow"
"PSMB1",1,"turquoise"
"SCRN1",1,"turquoise"
"TBP",1,"turquoise"
"SPAST",1,"turquoise"
"DPY30",1,"turquoise"
"ENOPH1",1,"turquoise"
"ACSL1",3,"brown"
"MPP4",1,"turquoise"
"CREB3L1",1,"turquoise"
"ARNTL",4,"yellow"
"SGSM1",2,"blue"
"SDF4",6,"red"
"SHKBP1",1,"turquoise"
"UBE2A",1,"turquoise"
"DIP2B",1,"turquoise"
"SYTL1",1,"turquoise"
"MLXIPL",1,"turquoise"
"DDX47",1,"turquoise"
"LRRTM4",1,"turquoise"
"HEBP1",4,"yellow"
"RPL36",1,"turquoise"
"TOE1",1,"turquoise"
"ABCD4",4,"yellow"
"KRR1",1,"turquoise"
"LRRC57",1,"turquoise"
"LSM8",3,"brown"
"HAUS2",1,"turquoise"
"THUMPD2",1,"turquoise"
"FTCD",1,"turquoise"
"STMN3",1,"turquoise"
"MOSPD1",2,"blue"
"REL",4,"yellow"
"ATRX",1,"turquoise"
"SEMA6C",3,"brown"
"RAB30",4,"yellow"
"PRSS23",1,"turquoise"
"ME3",1,"turquoise"
"FZD4",3,"brown"
"SPG21",1,"turquoise"
"ZEB1",1,"turquoise"
"ZNF438",1,"turquoise"
"MVD",7,"black"
"XPO6",1,"turquoise"
"CTRL",5,"green"
"DBN1",2,"blue"
"ZBTB7C",2,"blue"
"SLC16A3",4,"yellow"
"GK5",2,"blue"
"UAP1",5,"green"
"KIF1B",1,"turquoise"
"MST1",1,"turquoise"
"ANKS1A",7,"black"
"FAM32A",1,"turquoise"
"KNG1",3,"brown"
"ODF2",3,"brown"
"TMEM116",1,"turquoise"
"PAG1",4,"yellow"
"MPLKIP",1,"turquoise"
"UBA52",2,"blue"
"MPP2",4,"yellow"
"COL3A1",2,"blue"
"OTUD3",2,"blue"
"LUC7L",1,"turquoise"
"NTNG1",3,"brown"
"SENP2",4,"yellow"
"HMCN1",1,"turquoise"
"CLIP2",3,"brown"
"CHCHD5",3,"brown"
"JAZF1",2,"blue"
"NSRP1",4,"yellow"
"SPARC",1,"turquoise"
"MAFK",1,"turquoise"
"MYH7B",1,"turquoise"
"PLCXD1",8,"pink"
"BMP2",1,"turquoise"
"RGN",4,"yellow"
"LRRC58",1,"turquoise"
"FAM174A",1,"turquoise"
"CNTF",1,"turquoise"
"CD151",5,"green"
"SPATA20",1,"turquoise"
"NEURL2",3,"brown"
"MELTF",3,"brown"
"CACNA1C",2,"blue"
"HIVEP2",1,"turquoise"
"MPPE1",4,"yellow"
"CLOCK",1,"turquoise"
"PATL1",1,"turquoise"
"PARD3B",1,"turquoise"
"TMEM14A",1,"turquoise"
"PSMD11",3,"brown"
"GADD45B",1,"turquoise"
"SMIM14",1,"turquoise"
"FOXJ2",2,"blue"
"ADGRG6",1,"turquoise"
"PHF21A",6,"red"
"ASB13",4,"yellow"
"TWSG1",4,"yellow"
"IRAK2",3,"brown"
"RALBP1",1,"turquoise"
"GAB3",3,"brown"
"XPNPEP2",1,"turquoise"
"KIAA0513",1,"turquoise"
"CD83",1,"turquoise"
"FNDC3A",3,"brown"
"RCBTB2",1,"turquoise"
"SETDB2",4,"yellow"
"CAB39L",3,"brown"
"CDADC1",2,"blue"
"KPNA3",1,"turquoise"
"RCBTB1",2,"blue"
"MC3R",2,"blue"
"CAB39",1,"turquoise"
"ZZZ3",1,"turquoise"
"SRI",7,"black"
"GNB4",1,"turquoise"
"gga-mir-6550",1,"turquoise"
"WDR90",2,"blue"
"ATAD2",1,"turquoise"
"RDH10",3,"brown"
"MTHFD2",6,"red"
"MMS22L",1,"turquoise"
"CAMK2N2",1,"turquoise"
"DNASE2B",1,"turquoise"
"gga-mir-6578",1,"turquoise"
"THOC5",1,"turquoise"
"PCSK7",1,"turquoise"
"CBX4",7,"black"
"PPP1R27",1,"turquoise"
"EPN2",6,"red"
"ORMDL1",1,"turquoise"
"WNT7B",3,"brown"
"SAP30",1,"turquoise"
"SNX12",6,"red"
"PITPNB",1,"turquoise"
"DENND6A",1,"turquoise"
"KLHL36",6,"red"
"NFKB2",4,"yellow"
"HP1BP3",8,"pink"
"GLP1R",1,"turquoise"
"DDOST",4,"yellow"
"RPS3A",1,"turquoise"
"SGPP2",1,"turquoise"
"TMEM259",4,"yellow"
"GPRC5B",1,"turquoise"
"GRP",1,"turquoise"
"COMT",1,"turquoise"
"B4GALT1",4,"yellow"
"TRPS1",2,"blue"
"UROC1",2,"blue"
"NSMCE1",5,"green"
"DTYMK",1,"turquoise"
"STAM",1,"turquoise"
"SMAD5",1,"turquoise"
"WAC",2,"blue"
"RAE1",1,"turquoise"
"STAT1",3,"brown"
"SLC9A3R1",1,"turquoise"
"LMBR1L",5,"green"
"DDB1",1,"turquoise"
"NME4",1,"turquoise"
"DECR2",1,"turquoise"
"BRD3",1,"turquoise"
"ECD",1,"turquoise"
"UBL5",1,"turquoise"
"ESRP2",3,"brown"
"BRIX1",1,"turquoise"
"EXOSC10",5,"green"
"NUDT21",1,"turquoise"
"CDK1",4,"yellow"
"DPH1",6,"red"
"SUCO",1,"turquoise"
"RNF146",3,"brown"
"WDR81",1,"turquoise"
"SPHKAP",3,"brown"
"CDC42EP1",4,"yellow"
"gga-mir-6709",1,"turquoise"
"gga-mir-6690",1,"turquoise"
"CENPP",7,"black"
"XBP1",2,"blue"
"ZNF593",2,"blue"
"DCTN4",1,"turquoise"
"KIAA2013",3,"brown"
"PLOD1",1,"turquoise"
"MMD2",2,"blue"
"TNN",8,"pink"
"TYW3",3,"brown"
"MYEF2",1,"turquoise"
"NKX6-1",3,"brown"
"ALDH5A1",3,"brown"
"SPHK1",2,"blue"
"PCIF1",5,"green"
"KRT80",5,"green"
"CNDP2",2,"blue"
"ALDOC",1,"turquoise"
"STAC",1,"turquoise"
"MAPK9",4,"yellow"
"CBLN1",2,"blue"
"CLCF1",5,"green"
"KDM5B",2,"blue"
"RREB1",1,"turquoise"
"FBXO43",2,"blue"
"RASSF5",3,"brown"
"KLHL38",1,"turquoise"
"UTRN",9,"magenta"
"TAPT1",2,"blue"
"LDB2",1,"turquoise"
"LNP1",2,"blue"
"SESN1",3,"brown"
"TOMM70",1,"turquoise"
"RGMB",2,"blue"
"ARMC2",1,"turquoise"
"RIOK2",4,"yellow"
"RPUSD4",1,"turquoise"
"OGDH",2,"blue"
"PACSIN2",3,"brown"
"MARK3",1,"turquoise"
"NUP54",4,"yellow"
"DESI2",5,"green"
"HNRNPU",2,"blue"
"KCNK13",3,"brown"
"PSMC1",1,"turquoise"
"DCTD",1,"turquoise"
"NRDE2",1,"turquoise"
"DENND1A",1,"turquoise"
"AUTS2",2,"blue"
"FOCAD",2,"blue"
"UIMC1",7,"black"
"CD3E",1,"turquoise"
"MPZL2",1,"turquoise"
"MASP1",3,"brown"
"PMP22",2,"blue"
"SDC2",4,"yellow"
"DMRTA2",3,"brown"
"IKZF4",2,"blue"
"CCR7",2,"blue"
"UPRT",3,"brown"
"NT5C3A",1,"turquoise"
"STAU2",2,"blue"
"FAM3B",1,"turquoise"
"TMPRSS2",1,"turquoise"
"ZBTB21",4,"yellow"
"C2CD2",3,"brown"
"CNKSR1",3,"brown"
"FMOD",1,"turquoise"
"TIMM44",1,"turquoise"
"UBE2O",3,"brown"
"GNL2",1,"turquoise"
"TRIM33",1,"turquoise"
"MED16",4,"yellow"
"RAP2B",2,"blue"
"MYLK3",8,"pink"
"C15orf62",1,"turquoise"
"PLA2G12B",4,"yellow"
"RNF215",1,"turquoise"
"RRM2B",1,"turquoise"
"RAB10",1,"turquoise"
"OASL",1,"turquoise"
"CBL",1,"turquoise"
"HHIPL2",5,"green"
"PPIF",1,"turquoise"
"PHKA1",4,"yellow"
"C1orf50",9,"magenta"
"EDEM3",8,"pink"
"PPM1K",2,"blue"
"PIGX",8,"pink"
"CEP19",1,"turquoise"
"DDX46",1,"turquoise"
"OSBPL5",1,"turquoise"
"MESDC2",1,"turquoise"
"YEATS2",1,"turquoise"
"C7orf73",1,"turquoise"
"LMO3",1,"turquoise"
"COMMD9",2,"blue"
"STX1A",1,"turquoise"
"TYSND1",1,"turquoise"
"MT-ND2",1,"turquoise"
"COPS7B",1,"turquoise"
"POLL",1,"turquoise"
"RLIM",1,"turquoise"
"CSTF1",1,"turquoise"
"OSBP2",3,"brown"
"AP3B1",1,"turquoise"
"RFX7",4,"yellow"
"FAM43A",3,"brown"
"IGFBP1",4,"yellow"
"EGFL7",1,"turquoise"
"TAP1",1,"turquoise"
"P4HB",2,"blue"
"TMEM258",1,"turquoise"
"AHCYL2",2,"blue"
"BTAF1",1,"turquoise"
"KIF11",2,"blue"
"TM4SF18",1,"turquoise"
"LACTB2",1,"turquoise"
"EDEM2",4,"yellow"
"BRF2",3,"brown"
"ERBB4",3,"brown"
"NCOR2",2,"blue"
"CNTNAP1",4,"yellow"
"ZFAND2A",3,"brown"
"ASTN1",1,"turquoise"
"SEMA3G",1,"turquoise"
"PLEKHF1",3,"brown"
"HDHD2",6,"red"
"GOLT1B",6,"red"
"EMP2",1,"turquoise"
"AKAIN1",8,"pink"
"SENP8",1,"turquoise"
"NRTN",3,"brown"
"gga-mir-22",1,"turquoise"
"FBXW5",1,"turquoise"
"TRAPPC12",1,"turquoise"
"TSSC1",1,"turquoise"
"MBTPS2",1,"turquoise"
"TMEM173",2,"blue"
"ADCK2",1,"turquoise"
"HSD11B1L",3,"brown"
"BRAF",1,"turquoise"
"SLC3A1",1,"turquoise"
"MMAA",0,"grey"
"CCT2",1,"turquoise"
"TMF1",9,"magenta"
"MSANTD3",4,"yellow"
"AHRR",3,"brown"
"PDCD6",4,"yellow"
"EOGT",3,"brown"
"gga-mir-1798",1,"turquoise"
"DCK",1,"turquoise"
"gga-mir-3533",1,"turquoise"
"PSMD4",1,"turquoise"
"KCTD1",2,"blue"
"TAF4B",1,"turquoise"
"ZDHHC23",1,"turquoise"
"LMAN2",1,"turquoise"
"RPL37",1,"turquoise"
"PRKAA1",9,"magenta"
"TRMT11",7,"black"
"NCOA7",6,"red"
"TMEM165",1,"turquoise"
"PLEKHA7",3,"brown"
"SNX16",2,"blue"
"CRYZL1",2,"blue"
"TBC1D19",1,"turquoise"
"ABCB6",3,"brown"
"NAPB",7,"black"
"GSAP",4,"yellow"
"PLBD2",1,"turquoise"
"SLK",1,"turquoise"
"ISOC1",1,"turquoise"
"CAMSAP1",1,"turquoise"
"HSPA2",7,"black"
"TINAGL1",1,"turquoise"
"SLITRK2",2,"blue"
"MCM8",1,"turquoise"
"ADORA2A",4,"yellow"
"DUSP8",4,"yellow"
"TMEM41A",1,"turquoise"
"SPECC1L",1,"turquoise"
"MTMR8",1,"turquoise"
"ZDHHC16",3,"brown"
"HAPLN3",2,"blue"
"ASB12",1,"turquoise"
"LRCH3",1,"turquoise"
"AMER1",1,"turquoise"
"HCN2",3,"brown"
"ZBTB44",1,"turquoise"
"MGAT3",8,"pink"
"SUCLG2",2,"blue"
"TTPA",1,"turquoise"
"ZBTB39",2,"blue"
"FAU",1,"turquoise"
"AOAH",1,"turquoise"
"SAMD11",4,"yellow"
"ADAT1",4,"yellow"
"GFAP",1,"turquoise"
"RALGPS1",9,"magenta"
"KARS",2,"blue"
"PSMB4",7,"black"
"FLOT2",7,"black"
"TERF2IP",1,"turquoise"
"MED9",1,"turquoise"
"EIF4EBP2",2,"blue"
"BACH1",4,"yellow"
"CCT8",1,"turquoise"
"ZNF207",1,"turquoise"
"CNP",4,"yellow"
"DR1",1,"turquoise"
"TBC1D9B",8,"pink"
"FNBP1L",3,"brown"
"ARMC8",1,"turquoise"
"SURF4",3,"brown"
"HSPA4",1,"turquoise"
"CYBRD1",1,"turquoise"
"FAM81A",1,"turquoise"
"DHCR7",3,"brown"
"INTS1",1,"turquoise"
"P2RX2",2,"blue"
"SENP7",5,"green"
"HMBOX1",1,"turquoise"
"EXTL3",1,"turquoise"
"TEX9",1,"turquoise"
"ATF6",3,"brown"
"POLR1B",1,"turquoise"
"AAK1",5,"green"
"KLHL17",2,"blue"
"FHOD1",2,"blue"
"PTPRC",1,"turquoise"
"NPM1",1,"turquoise"
"MRPL38",4,"yellow"
"TEAD3",2,"blue"
"KIAA0319L",2,"blue"
"CTNNA1",2,"blue"
"ANKS4B",2,"blue"
"FECH",5,"green"
"SELENOO",1,"turquoise"
"CDC25A",5,"green"
"RNMT",1,"turquoise"
"FAM210A",1,"turquoise"
"LDLRAD4",3,"brown"
"SNRNP27",2,"blue"
"MXD1",1,"turquoise"
"ADCY8",1,"turquoise"
"SV2B",1,"turquoise"
"RBM12",1,"turquoise"
"AMBP",3,"brown"
"MYO9B",1,"turquoise"
"SFXN4",1,"turquoise"
"DPF3",3,"brown"
"SKIL",4,"yellow"
"HELZ",1,"turquoise"
"NDUFAF5",1,"turquoise"
"CAMKMT",1,"turquoise"
"PLCB4",5,"green"
"HABP2",4,"yellow"
"GIPC2",1,"turquoise"
"NEUROD1",1,"turquoise"
"USP13",5,"green"
"FGFR1",1,"turquoise"
"TXNDC15",1,"turquoise"
"MRPL57",1,"turquoise"
"MTMR9",1,"turquoise"
"MAP3K7",1,"turquoise"
"TRMT44",3,"brown"
"RASGRF2",1,"turquoise"
"JAK1",2,"blue"
"HNRNPA2B1",1,"turquoise"
"COX7C",2,"blue"
"FMO3",1,"turquoise"
"SEMA4B",6,"red"
"ITPR1",1,"turquoise"
"SH3PXD2A",2,"blue"
"AP3S2",1,"turquoise"
"SYT11",3,"brown"
"RIT1",1,"turquoise"
"CETN3",2,"blue"
"MBLAC2",2,"blue"
"TLE3",1,"turquoise"
"CYP17A1",1,"turquoise"
"JAG2",3,"brown"
"SEC22A",1,"turquoise"
"CDCA4",1,"turquoise"
"SMPDL3B",1,"turquoise"
"MATK",1,"turquoise"
"POLR1C",1,"turquoise"
"XPO5",1,"turquoise"
"TTLL5",1,"turquoise"
"TSPAN1",1,"turquoise"
"CCNG2",1,"turquoise"
"TGFB3",4,"yellow"
"SUV39H1",2,"blue"
"IKBKB",1,"turquoise"
"DYNLT1",3,"brown"
"RANGAP1",1,"turquoise"
"MAD2L1",1,"turquoise"
"ZC3H7B",3,"brown"
"PRDM5",1,"turquoise"
"PER2",1,"turquoise"
"APPL1",1,"turquoise"
"SRSF1",1,"turquoise"
"SLC35B4",2,"blue"
"TMEM65",6,"red"
"AADAT",3,"brown"
"MAN1B1",3,"brown"
"GGT7",8,"pink"
"TMEM57",1,"turquoise"
"HN1",1,"turquoise"
"FDXACB1",4,"yellow"
"ARMC7",5,"green"
"NFATC2",2,"blue"
"ELAVL1",2,"blue"
"IL16",1,"turquoise"
"PTPRJ",3,"brown"
"RNF32",1,"turquoise"
"STX12",1,"turquoise"
"DOHH",3,"brown"
"ZMYM3",2,"blue"
"HSPB8",2,"blue"
"GTF3C1",1,"turquoise"
"LUC7L3",1,"turquoise"
"ANKRD40",4,"yellow"
"TDO2",4,"yellow"
"HSPA14",5,"green"
"MCRS1",2,"blue"
"PPP6R3",1,"turquoise"
"PITRM1",1,"turquoise"
"AHDC1",2,"blue"
"POLR2M",1,"turquoise"
"CLSTN1",1,"turquoise"
"MRPL17",1,"turquoise"
"ARHGEF7",1,"turquoise"
"APRT",3,"brown"
"HKDC1",1,"turquoise"
"GLMN",1,"turquoise"
"RPAP2",4,"yellow"
"STAT2",7,"black"
"SFT2D2",1,"turquoise"
"PDXK",4,"yellow"
"MIA3",1,"turquoise"
"FTO",1,"turquoise"
"ASPHD2",2,"blue"
"DPYS",3,"brown"
"EXT1",1,"turquoise"
"PAX6",1,"turquoise"
"VPS53",1,"turquoise"
"NID1",1,"turquoise"
"CCDC93",9,"magenta"
"IMMP1L",2,"blue"
"LRPAP1",1,"turquoise"
"VSIG10",1,"turquoise"
"PUF60",1,"turquoise"
"PACRGL",1,"turquoise"
"FAM175B",1,"turquoise"
"LLGL1",6,"red"
"PTER",1,"turquoise"
"SNAP23",8,"pink"
"PNO1",4,"yellow"
"TRUB1",2,"blue"
"MAMLD1",1,"turquoise"
"PTPN6",1,"turquoise"
"DGKA",3,"brown"
"G6PC2",5,"green"
"TMEM161B",1,"turquoise"
"ABCB11",2,"blue"
"FAM168A",1,"turquoise"
"PLEKHB1",2,"blue"
"FAM60A",1,"turquoise"
"FCHSD2",2,"blue"
"PRDX4",1,"turquoise"
"TERT",1,"turquoise"
"SLC46A2",4,"yellow"
"PIT54",4,"yellow"
"SNORD15",2,"blue"
"C1QL1",1,"turquoise"
"MSRA",1,"turquoise"
"SNORA71",1,"turquoise"
"FOS",1,"turquoise"
"ANO3",2,"blue"
"MAEA",3,"brown"
"PENK",6,"red"
"NSUN3",1,"turquoise"
"HACE1",1,"turquoise"
"ARL13B",5,"green"
"BVES",1,"turquoise"
"MPG",4,"yellow"
"STXBP6",8,"pink"
"TBK1",7,"black"
"FASTKD1",1,"turquoise"
"RASSF3",3,"brown"
"INTS7",1,"turquoise"
"ARPC3",1,"turquoise"
"CHERP",1,"turquoise"
"ANAPC7",5,"green"
"PPP6R2",1,"turquoise"
"TMEM51",1,"turquoise"
"FDXR",1,"turquoise"
"CIAO1",1,"turquoise"
"RPF2",1,"turquoise"
"FUNDC1",1,"turquoise"
"ASCL1",7,"black"
"DNAJC27",5,"green"
"NEU3",1,"turquoise"
"MORN2",1,"turquoise"
"LRRC39",7,"black"
"TBX4",1,"turquoise"
"SLC25A36",4,"yellow"
"DBT",2,"blue"
"PPCS",1,"turquoise"
"SLC2A1",1,"turquoise"
"LIMK2",5,"green"
"ARIH2",2,"blue"
"CCNJ",3,"brown"
"SWAP70",9,"magenta"
"ABCA4",2,"blue"
"CPNE7",1,"turquoise"
"ALB",5,"green"
"SSTR1",1,"turquoise"
"HGSNAT",1,"turquoise"
"ZFAND3",1,"turquoise"
"PTCH2",3,"brown"
"INTS10",1,"turquoise"
"BTBD9",1,"turquoise"
"RPP30",3,"brown"
"CHCHD3",1,"turquoise"
"RYK",2,"blue"
"SMAD6",1,"turquoise"
"SEC11C",9,"magenta"
"CCDC91",5,"green"
"KIF1A",1,"turquoise"
"KCNC1",1,"turquoise"
"EFL1",1,"turquoise"
"CFAP36",1,"turquoise"
"SIPA1L2",3,"brown"
"CDH15",2,"blue"
"PIN1",1,"turquoise"
"SLC25A39",1,"turquoise"
"BCAR1",3,"brown"
"ITSN1",1,"turquoise"
"ETV4",5,"green"
"NAA40",4,"yellow"
"CRYBB1",3,"brown"
"RGS16",1,"turquoise"
"NUDT3",2,"blue"
"SH3PXD2B",3,"brown"
"IFI35",1,"turquoise"
"PEX14",2,"blue"
"RPL27",6,"red"
"GAPDH",1,"turquoise"
"DAAM2",1,"turquoise"
"CYB5R2",3,"brown"
"CAV2",3,"brown"
"ACAP3",1,"turquoise"
"SNORD127",1,"turquoise"
"SCARNA8",1,"turquoise"
"SNORD97",1,"turquoise"
"IGF2BP1",1,"turquoise"
"LRRC1",4,"yellow"
"FBXO32",2,"blue"
"ZNF830",3,"brown"
"NHLRC1",1,"turquoise"
"KIF13A",2,"blue"
"KDM1B",1,"turquoise"
"RNF144B",1,"turquoise"
"E2F3",5,"green"
"MBOAT1",1,"turquoise"
"ABCC6",3,"brown"
"YAP1",6,"red"
"AP3M2",1,"turquoise"
"TDRD7",1,"turquoise"
"DARS",2,"blue"
"TAB2",1,"turquoise"
"CXCR4",2,"blue"
"PRR5",4,"yellow"
"YKT6",1,"turquoise"
"RPL30",2,"blue"
"COG1",1,"turquoise"
"LMO2",2,"blue"
"IFRD1",2,"blue"
"BMT2",1,"turquoise"
"TAF1A",5,"green"
"ETFDH",2,"blue"
"INPP5F",3,"brown"
"CAMKK1",4,"yellow"
"CDC45",5,"green"
"PIP4K2B",6,"red"
"GNL3",1,"turquoise"
"SGK1",3,"brown"
"ATG16L1",4,"yellow"
"EFCAB14",1,"turquoise"
"LTBP1",1,"turquoise"
"COL4A2",2,"blue"
"RAB20",1,"turquoise"
"NAXD",4,"yellow"
"CARS2",1,"turquoise"
"ITGB2",3,"brown"
"SFRP5",4,"yellow"
"TBC1D25",2,"blue"
"EFTUD2",1,"turquoise"
"TRAF4",1,"turquoise"
"PITHD1",1,"turquoise"
"SWT1",9,"magenta"
"gga-mir-7455",1,"turquoise"
"UBAC1",1,"turquoise"
"gga-mir-6626",1,"turquoise"
"PEX11A",1,"turquoise"
"LAPTM4B",1,"turquoise"
"SFT2D3",1,"turquoise"
"HNRNPD",1,"turquoise"
"PLEKHA8",2,"blue"
"ERMARD",4,"yellow"
"FAM120B",1,"turquoise"
"FKBP14",1,"turquoise"
"DLL1",3,"brown"
"PLEKHM1",1,"turquoise"
"CDK17",8,"pink"
"CCNI",1,"turquoise"
"ARPC2",1,"turquoise"
"RBM39",9,"magenta"
"CCNL2",1,"turquoise"
"ACAD8",3,"brown"
"AURKAIP1",5,"green"
"MOV10",4,"yellow"
"ZP3",1,"turquoise"
"SPAG6",1,"turquoise"
"PHF11",1,"turquoise"
"UGDH",3,"brown"
"CSF3R",0,"grey"
"TSTD2",1,"turquoise"
"PARG",1,"turquoise"
"PLA2G4F",1,"turquoise"
"SNED1",4,"yellow"
"EXOC5",1,"turquoise"
"DMB2",1,"turquoise"
"PDE7A",5,"green"
"PLEKHA6",3,"brown"
"FNDC10",1,"turquoise"
"GRAMD1C",4,"yellow"
"DAD1",1,"turquoise"
"CEP192",1,"turquoise"
"SCTR",1,"turquoise"
"CLCN4",4,"yellow"
"GET4",1,"turquoise"
"USP4",1,"turquoise"
"GTF2A2",2,"blue"
"SLC35E1",5,"green"
"DENR",6,"red"
"USMG5",3,"brown"
"LIN52",1,"turquoise"
"LTA4H",2,"blue"
"ISCA2",2,"blue"
"IFT43",2,"blue"
"USP40",3,"brown"
"HK1",3,"brown"
"SERINC3",4,"yellow"
"FAM20B",1,"turquoise"
"MAD1L1",2,"blue"
"gga-mir-126",1,"turquoise"
"KCNT1",4,"yellow"
"ARL8A",3,"brown"
"MKS1",4,"yellow"
"SEC22B",2,"blue"
"GFPT2",3,"brown"
"RAI2",4,"yellow"
"PPAT",1,"turquoise"
"SYNJ2",4,"yellow"
"HADHA",2,"blue"
"SCML2",2,"blue"
"SEMA3B",1,"turquoise"
"ASXL2",1,"turquoise"
"FBXO15",1,"turquoise"
"IDH2",1,"turquoise"
"CHMP4B",1,"turquoise"
"TMEM38B",3,"brown"
"GSK3B",9,"magenta"
"MIB1",1,"turquoise"
"DRD5",4,"yellow"
"FSTL1",1,"turquoise"
"SLC2A9",4,"yellow"
"FRK",1,"turquoise"
"MTCH1",2,"blue"
"PLCXD2",6,"red"
"ATP5I",1,"turquoise"
"TAGLN3",2,"blue"
"ABHD10",0,"grey"
"CCDC149",1,"turquoise"
"DHX15",1,"turquoise"
"RNFT2",1,"turquoise"
"DCAF1",1,"turquoise"
"ACP2",3,"brown"
"DDB2",4,"yellow"
"CLK2",4,"yellow"
"FADS6",1,"turquoise"
"WFIKKN1",1,"turquoise"
"RFC2",1,"turquoise"
"DNAJB14",1,"turquoise"
"MCAT",1,"turquoise"
"SIVA1",1,"turquoise"
"GC",1,"turquoise"
"UHRF1",1,"turquoise"
"NTMT1",4,"yellow"
"GPSM1",6,"red"
"BBS4",2,"blue"
"PALB2",1,"turquoise"
"SOX6",4,"yellow"
"RASGEF1C",2,"blue"
"RAB35",4,"yellow"
"ATXN7",1,"turquoise"
"USP7",1,"turquoise"
"XKR4",1,"turquoise"
"DDX41",1,"turquoise"
"IFT27",1,"turquoise"
"ZDHHC9",1,"turquoise"
"KIF18B",1,"turquoise"
"NADK2",2,"blue"
"ACTR5",4,"yellow"
"ARHGAP40",6,"red"
"ABCA12",2,"blue"
"SEC61G",3,"brown"
"RERG",7,"black"
"MRPL53",3,"brown"
"MLLT11",1,"turquoise"
"CDC42EP4",2,"blue"
"TMEM35A",2,"blue"
"IQSEC1",1,"turquoise"
"SHMT1",2,"blue"
"MBNL3",1,"turquoise"
"TRA2B",2,"blue"
"TSSC4",1,"turquoise"
"FOPNL",1,"turquoise"
"ARHGAP26",1,"turquoise"
"BF1",1,"turquoise"
"ADPRM",1,"turquoise"
"CRELD1",1,"turquoise"
"GPCPD1",4,"yellow"
"EN1",2,"blue"
"TERF1",1,"turquoise"
"PFKFB4",1,"turquoise"
"GPSM2",4,"yellow"
"IRF5",5,"green"
"EEPD1",1,"turquoise"
"GOT2",8,"pink"
"PEX5L",3,"brown"
"NOA1",1,"turquoise"
"ABHD14B",1,"turquoise"
"RNF122",2,"blue"
"OTOP1",1,"turquoise"
"ILF3",8,"pink"
"LTC4S",1,"turquoise"
"MPZL3",2,"blue"
"LAPTM5",1,"turquoise"
"KIT",1,"turquoise"
"PRDX6",1,"turquoise"
"AGFG1",2,"blue"
"HLF",1,"turquoise"
"TMEM87A",7,"black"
"STEAP2",2,"blue"
"SLX4IP",3,"brown"
"PIGK",1,"turquoise"
"MKKS",1,"turquoise"
"ZNF385B",3,"brown"
"UNC119B",2,"blue"
"SLC30A10",3,"brown"
"LGMN",1,"turquoise"
"GOLGA5",7,"black"
"PLPP3",4,"yellow"
"FERMT1",4,"yellow"
"NDUFA5",2,"blue"
"IQUB",4,"yellow"
"AFTPH",9,"magenta"
"EXOC3",1,"turquoise"
"PPP3R1",5,"green"
"ASRGL1",1,"turquoise"
"CHST10",2,"blue"
"LONRF2",1,"turquoise"
"EIF5B",2,"blue"
"REV1",1,"turquoise"
"CHMP2B",1,"turquoise"
"gga-mir-1629",1,"turquoise"
"ACVR2A",4,"yellow"
"FBXL4",1,"turquoise"
"ORC4",1,"turquoise"
"MBD5",1,"turquoise"
"ATP1B1",3,"brown"
"NME7",1,"turquoise"
"ZBTB24",4,"yellow"
"PDE4D",6,"red"
"PLK2",1,"turquoise"
"GABARAPL1",1,"turquoise"
"DEPDC1B",1,"turquoise"
"PUDP",3,"brown"
"RAD51C",4,"yellow"
"CAPN6",1,"turquoise"
"ZC3HC1",9,"magenta"
"NME6",3,"brown"
"BCAP29",4,"yellow"
"ESR2",1,"turquoise"
"FAM234B",3,"brown"
"ACSL3",2,"blue"
"RNFT1",1,"turquoise"
"OLFM3",3,"brown"
"ADRM1",5,"green"
"S1PR1",1,"turquoise"
"LRIG3",3,"brown"
"C1GALT1",1,"turquoise"
"SLC7A11",7,"black"
"PCCB",4,"yellow"
"KCNJ5",2,"blue"
"MYH10",1,"turquoise"
"NCOA6",1,"turquoise"
"COQ9",4,"yellow"
"SOX13",8,"pink"
"DDX42",1,"turquoise"
"SLC26A2",2,"blue"
"STX8",4,"yellow"
"SAMHD1",3,"brown"
"ANKRD24",6,"red"
"NPR3",4,"yellow"
"PTPRG",1,"turquoise"
"TNFSF15",1,"turquoise"
"FHIT",1,"turquoise"
"SNRPA1",6,"red"
"UCHL5",1,"turquoise"
"RASGEF1A",3,"brown"
"DNAJC18",6,"red"
"NPB",1,"turquoise"
"MINPP1",1,"turquoise"
"MACF1",1,"turquoise"
"PAK4",8,"pink"
"TGFB1",1,"turquoise"
"CCNT1",1,"turquoise"
"UBE2B",1,"turquoise"
"CASD1",1,"turquoise"
"RNF44",2,"blue"
"KPNB1",1,"turquoise"
"KLHL14",1,"turquoise"
"GGACT",1,"turquoise"
"LMAN2L",4,"yellow"
"HSP90AA1",1,"turquoise"
"FOSB",3,"brown"
"SSBP2",2,"blue"
"CAMKV",2,"blue"
"FARS2",5,"green"
"RAB5B",3,"brown"
"PICK1",1,"turquoise"
"NAA25",1,"turquoise"
"S100A6",1,"turquoise"
"STT3A",4,"yellow"
"DAPK1",1,"turquoise"
"NDUFAF4",1,"turquoise"
"VASH2",2,"blue"
"RASSF10",3,"brown"
"CNGA3",5,"green"
"USP5",1,"turquoise"
"SOX2",3,"brown"
"LRRC23",1,"turquoise"
"RFC1",1,"turquoise"
"IRF7",2,"blue"
"UBE2K",5,"green"
"MAF1",1,"turquoise"
"OIP5",1,"turquoise"
"CLNS1A",6,"red"
"LAMP2",4,"yellow"
"RPS19BP1",3,"brown"
"SCG2",1,"turquoise"
"PARP1",1,"turquoise"
"ATP6V0C",9,"magenta"
"FNDC3B",1,"turquoise"
"ALG6",1,"turquoise"
"SLC6A15",7,"black"
"ITGB3BP",2,"blue"
"DICER1",9,"magenta"
"AMT",1,"turquoise"
"TPM2",1,"turquoise"
"MSANTD4",1,"turquoise"
"GUCY1A2",1,"turquoise"
"CWF19L2",1,"turquoise"
"ALKBH8",6,"red"
"MRPS6",4,"yellow"
"C2CD5",9,"magenta"
"PIGT",5,"green"
"N4BP1",8,"pink"
"MPHOSPH10",1,"turquoise"
"P2RX4",4,"yellow"
"FAM184A",7,"black"
"CHCHD1",1,"turquoise"
"HOXB4",1,"turquoise"
"GALNT2",6,"red"
"URB2",1,"turquoise"
"ST6GALNAC2",1,"turquoise"
"NAAA",1,"turquoise"
"DCTN2",1,"turquoise"
"ACSS1",1,"turquoise"
"SEPT6",1,"turquoise"
"JMJD4",4,"yellow"
"TTC39B",3,"brown"
"TEAD1",5,"green"
"MSRB1",1,"turquoise"
"CMTM3",8,"pink"
"MEIOB",1,"turquoise"
"FRRS1",4,"yellow"
"gga-mir-1643",1,"turquoise"
"FBXO8",4,"yellow"
"TRIP11",1,"turquoise"
"OPN3",2,"blue"
"MRPL37",1,"turquoise"
"HPGD",4,"yellow"
"PIGM",1,"turquoise"
"CDK10",2,"blue"
"NUCB2",2,"blue"
"POFUT2",1,"turquoise"
"MORN4",1,"turquoise"
"PDZRN3",3,"brown"
"PPP4R2",5,"green"
"EHF",4,"yellow"
"PIEZO2",2,"blue"
"SUGP1",2,"blue"
"ANKRD10",2,"blue"
"COX3",1,"turquoise"
"AARS2",1,"turquoise"
"FOLH1",2,"blue"
"CTSC",1,"turquoise"
"FRMD4B",4,"yellow"
"CCDC28B",4,"yellow"
"STAR",3,"brown"
"RAD54L2",1,"turquoise"
"LSM1",2,"blue"
"NFYA",1,"turquoise"
"DUSP19",3,"brown"
"ADGRA3",1,"turquoise"
"CALD1",1,"turquoise"
"DIRAS1",2,"blue"
"SEMA4G",1,"turquoise"
"FPGT",3,"brown"
"APBB1",2,"blue"
"FUT8",8,"pink"
"FER1L6",1,"turquoise"
"RPS27L",1,"turquoise"
"SLC12A4",2,"blue"
"HSP90B1",7,"black"
"GLE1",1,"turquoise"
"STAU1",2,"blue"
"TBX18",4,"yellow"
"TTC13",1,"turquoise"
"TBC1D31",1,"turquoise"
"CS",2,"blue"
"LLPH",1,"turquoise"
"CPSF6",1,"turquoise"
"COMMD2",1,"turquoise"
"C1orf21",1,"turquoise"
"ARPC5",8,"pink"
"LAMB2",4,"yellow"
"ODF2L",5,"green"
"PLSCR5",1,"turquoise"
"HINFP",4,"yellow"
"TSPAN6",1,"turquoise"
"CTTNBP2NL",1,"turquoise"
"NMNAT3",1,"turquoise"
"TMC6",3,"brown"
"RPLP0",1,"turquoise"
"GTF3C6",3,"brown"
"SLC25A17",7,"black"
"SLC16A10",4,"yellow"
"L3HYPDH",1,"turquoise"
"UGT8",4,"yellow"
"PPP2R5C",1,"turquoise"
"CCDC102A",2,"blue"
"gga-mir-1751",1,"turquoise"
"SLC35C1",3,"brown"
"AP2M1",8,"pink"
"SMARCA1",6,"red"
"CRY2",3,"brown"
"NET1",4,"yellow"
"SUMO1",1,"turquoise"
"TMEM192",2,"blue"
"VTI1B",2,"blue"
"HAT1",1,"turquoise"
"MARCH1",1,"turquoise"
"CCNG1",2,"blue"
"PPCDC",5,"green"
"CCDC28A",4,"yellow"
"PUSL1",1,"turquoise"
"PRELID3A",5,"green"
"SLC16A1",1,"turquoise"
"NRDC",1,"turquoise"
"TBCK",9,"magenta"
"GPATCH11",1,"turquoise"
"EIF2AK2",4,"yellow"
"CEP128",1,"turquoise"
"TXNDC12",4,"yellow"
"PIBF1",1,"turquoise"
"KLF12",4,"yellow"
"TBC1D4",5,"green"
"UCHL3",1,"turquoise"
"LMO7",3,"brown"
"PDIA4",6,"red"
"SUSD4",3,"brown"
"PROSER1",3,"brown"
"MRPS31",1,"turquoise"
"NHLRC3",5,"green"
"FOXO1",3,"brown"
"COG6",2,"blue"
"POLR1D",1,"turquoise"
"KIF27",4,"yellow"
"WRB",2,"blue"
"STX7",6,"red"
"KATNB1",1,"turquoise"
"WFS1",2,"blue"
"EHMT1",1,"turquoise"
"PPP1CA",8,"pink"
"THRA",8,"pink"
"NUP98",1,"turquoise"
"ITGB5",1,"turquoise"
"SIRT2",1,"turquoise"
"NRBP2",3,"brown"
"EDA",1,"turquoise"
"METTL18",4,"yellow"
"PPARG",8,"pink"
"URM1",1,"turquoise"
"DNPEP",4,"yellow"
"LRRC3B",2,"blue"
"PARPBP",2,"blue"
"CNN3",6,"red"
"HPS4",1,"turquoise"
"ZNF598",1,"turquoise"
"SCYL3",1,"turquoise"
"TPST2",1,"turquoise"
"TFIP11",1,"turquoise"
"COL9A3",4,"yellow"
"PARD6B",8,"pink"
"ANKRD44",1,"turquoise"
"GGA3",6,"red"
"DCX",4,"yellow"
"SLC26A4",2,"blue"
"MRPS7",1,"turquoise"
"CNOT2",1,"turquoise"
"RBKS",1,"turquoise"
"FAM177A1",7,"black"
"SLC4A1AP",3,"brown"
"KCNMB4",2,"blue"
"SUPT7L",1,"turquoise"
"PTPRB",1,"turquoise"
"DUSP7",3,"brown"
"PRKCD",1,"turquoise"
"SMU1",1,"turquoise"
"MEAF6",3,"brown"
"SNIP1",1,"turquoise"
"CAPN15",1,"turquoise"
"EGR1",5,"green"
"PSMD1",1,"turquoise"
"KDM3B",2,"blue"
"MYCBPAP",1,"turquoise"
"FZD3",3,"brown"
"CHURC1",1,"turquoise"
"ASAP1",1,"turquoise"
"HOXB6",4,"yellow"
"CCNF",2,"blue"
"MID1",2,"blue"
"REEP3",6,"red"
"NOTUM",4,"yellow"
"TRAIP",1,"turquoise"
"EYA2",2,"blue"
"URI1",1,"turquoise"
"CCDC137",3,"brown"
"LANCL2",4,"yellow"
"MECOM",7,"black"
"SLC6A19",4,"yellow"
"FAM206A",4,"yellow"
"SREK1IP1",2,"blue"
"DUSP14",2,"blue"
"TMEM163",1,"turquoise"
"MCUB",1,"turquoise"
"ACMSD",1,"turquoise"
"SALL4",9,"magenta"
"WDHD1",1,"turquoise"
"MTNR1A",3,"brown"
"ALG2",2,"blue"
"FAT1",2,"blue"
"CRLF1",3,"brown"
"TSPAN5",1,"turquoise"
"CDKN3",6,"red"
"RAP1GDS1",1,"turquoise"
"ZRANB3",1,"turquoise"
"RPS29",1,"turquoise"
"FRYL",9,"magenta"
"PPFIBP1",1,"turquoise"
"KBTBD4",1,"turquoise"
"ACSL4",3,"brown"
"ACTR1A",1,"turquoise"
"NDUFS3",1,"turquoise"
"PIK3CG",1,"turquoise"
"C1QTNF4",2,"blue"
"UHRF1BP1L",1,"turquoise"
"QKI",3,"brown"
"SCMH1",3,"brown"
"MYO1D",1,"turquoise"
"ANXA5",1,"turquoise"
"EXOSC9",5,"green"
"CCNA2",8,"pink"
"BBS7",8,"pink"
"GTSF1",1,"turquoise"
"CDK5RAP1",1,"turquoise"
"TP53BP2",2,"blue"
"MCU",1,"turquoise"
"SMPD1",1,"turquoise"
"ARHGAP35",1,"turquoise"
"SACM1L",2,"blue"
"COX15",1,"turquoise"
"SLC25A26",2,"blue"
"CTSZ",3,"brown"
"NTAN1",1,"turquoise"
"MYO7A",4,"yellow"
"C15orf48",1,"turquoise"
"OPCML",1,"turquoise"
"AZIN2",1,"turquoise"
"FABP6",3,"brown"
"NFKBIE",2,"blue"
"SNX4",1,"turquoise"
"CDKN1A",2,"blue"
"OIT3",1,"turquoise"
"P2RY4",6,"red"
"NEDD4",1,"turquoise"
"ORC6",3,"brown"
"GNB1L",1,"turquoise"
"GART",2,"blue"
"SEC14L5",4,"yellow"
"RBM41",2,"blue"
"P3H1",1,"turquoise"
"CCNDBP1",0,"grey"
"COPS3",1,"turquoise"
"GPATCH1",1,"turquoise"
"DHX40",2,"blue"
"LSM14B",1,"turquoise"
"PTPDC1",2,"blue"
"SCUBE2",1,"turquoise"
"CASK",2,"blue"
"SLCO2A1",4,"yellow"
"PLXNA4",3,"brown"
"BCHE",4,"yellow"
"PEX11G",1,"turquoise"
"GLUL",4,"yellow"
"DNAJC16",1,"turquoise"
"SEPT7",1,"turquoise"
"RNF145",2,"blue"
"FBRSL1",2,"blue"
"SLC7A4",2,"blue"
"SC5D",1,"turquoise"
"PPL",4,"yellow"
"ACSM3",1,"turquoise"
"RCC1",1,"turquoise"
"AP5S1",1,"turquoise"
"SYDE2",3,"brown"
"RNF19A",5,"green"
"TXNDC11",3,"brown"
"SRR",1,"turquoise"
"COPE",1,"turquoise"
"OSBP",1,"turquoise"
"gga-mir-1653",1,"turquoise"
"SEMA6D",6,"red"
"INIP",1,"turquoise"
"TOPORS",1,"turquoise"
"SPRY4",6,"red"
"C2orf88",2,"blue"
"C1QTNF6",4,"yellow"
"CHIA",4,"yellow"
"TGIF2",2,"blue"
"SMCR8",4,"yellow"
"COCH",5,"green"
"HAAO",4,"yellow"
"MTA3",3,"brown"
"SOST",1,"turquoise"
"RPS6KA3",2,"blue"
"KIDINS220",2,"blue"
"TEX10",1,"turquoise"
"gga-mir-2131",1,"turquoise"
"SNORD125",1,"turquoise"
"EIF3D",1,"turquoise"
"gga-mir-1804",1,"turquoise"
"VPS13A",1,"turquoise"
"GNAQ",1,"turquoise"
"CEP78",1,"turquoise"
"ATP6V1A",1,"turquoise"
"NDC80",2,"blue"
"MTX3",9,"magenta"
"THBS4",1,"turquoise"
"IVD",3,"brown"
"GLI3",4,"yellow"
"USP30",1,"turquoise"
"TUBA1C",8,"pink"
"IFT74",1,"turquoise"
"JMJD6",1,"turquoise"
"IWS1",1,"turquoise"
"RSBN1L",3,"brown"
"EDEM1",1,"turquoise"
"RNPEPL1",1,"turquoise"
"FCF1",1,"turquoise"
"GPBP1L1",1,"turquoise"
"AREL1",3,"brown"
"PPP2CB",1,"turquoise"
"TMEM69",1,"turquoise"
"MFSD14A",1,"turquoise"
"IBA57",1,"turquoise"
"NPY5R",4,"yellow"
"TMEM229B",1,"turquoise"
"DNAJB9",4,"yellow"
"RAD51B",1,"turquoise"
"NAF1",4,"yellow"
"FGFR2",3,"brown"
"THAP5",4,"yellow"
"FBXL7",1,"turquoise"
"ORMDL2",1,"turquoise"
"LARP4B",1,"turquoise"
"POU2F3",3,"brown"
"PPP1R3C",3,"brown"
"P4HA2",3,"brown"
"GATAD2B",1,"turquoise"
"IL17RD",4,"yellow"
"RPS2",1,"turquoise"
"FKBP7",2,"blue"
"NEU2",4,"yellow"
"NCSTN",1,"turquoise"
"PWWP2B",1,"turquoise"
"INPP5A",1,"turquoise"
"SLC5A9",1,"turquoise"
"ARID3B",2,"blue"
"POLRMT",1,"turquoise"
"COX10",5,"green"
"TRAF3IP3",4,"yellow"
"CPLX3",2,"blue"
"CLCN5",1,"turquoise"
"ALYREF",9,"magenta"
"BRPF1",4,"yellow"
"DCT",4,"yellow"
"TGDS",4,"yellow"
"MBNL2",1,"turquoise"
"GPR180",4,"yellow"
"ABCC4",1,"turquoise"
"DZIP1",8,"pink"
"DNAJC3",2,"blue"
"IGSF3",3,"brown"
"UBE2L3",1,"turquoise"
"KXD1",3,"brown"
"MRPS35",6,"red"
"GAS2L1",3,"brown"
"FASTKD3",4,"yellow"
"TLL1",8,"pink"
"FA2H",1,"turquoise"
"TSPAN3",1,"turquoise"
"SNRPC",1,"turquoise"
"SDR16C5",1,"turquoise"
"TOPBP1",1,"turquoise"
"MVB12B",1,"turquoise"
"TMEM222",2,"blue"
"SMIM8",1,"turquoise"
"USP16",9,"magenta"
"PBX1",1,"turquoise"
"RMND5A",5,"green"
"RHBDL3",3,"brown"
"USP3",4,"yellow"
"ADCY1",3,"brown"
"MARCH8",1,"turquoise"
"ACAA1",1,"turquoise"
"COPG1",3,"brown"
"AP5Z1",1,"turquoise"
"TMCC2",5,"green"
"SLC4A2",1,"turquoise"
"SLC41A3",1,"turquoise"
"BCKDHB",1,"turquoise"
"MIDN",7,"black"
"TM2D3",1,"turquoise"
"TMC7",1,"turquoise"
"SLC38A10",3,"brown"
"ST8SIA2",2,"blue"
"FAM174B",1,"turquoise"
"DACH2",4,"yellow"
"NUP88",6,"red"
"CALB1",1,"turquoise"
"ATP2A2",1,"turquoise"
"IKZF5",1,"turquoise"
"AAMDC",1,"turquoise"
"MLH1",1,"turquoise"
"NUP153",1,"turquoise"
"SUPT5H",1,"turquoise"
"ARHGEF11",2,"blue"
"MAP2K3",1,"turquoise"
"EPHA2",3,"brown"
"AAAS",1,"turquoise"
"NAA30",1,"turquoise"
"ESYT3",3,"brown"
"PNPT1",1,"turquoise"
"gga-mir-1756b",1,"turquoise"
"CAMK1",2,"blue"
"EMX2",3,"brown"
"NUMB",3,"brown"
"FAM204A",1,"turquoise"
"SLC2A2",4,"yellow"
"LBR",4,"yellow"
"RAB11FIP2",3,"brown"
"EIF5A2",1,"turquoise"
"CNIH3",8,"pink"
"SREBF1",3,"brown"
"HOXA13",1,"turquoise"
"NRARP",1,"turquoise"
"MIGA1",6,"red"
"EHD4",2,"blue"
"AASS",4,"yellow"
"NOXA1",1,"turquoise"
"MSH6",1,"turquoise"
"CCDC186",0,"grey"
"USH1G",1,"turquoise"
"MOB1A",2,"blue"
"ARID5A",2,"blue"
"WIF1",1,"turquoise"
"PHF2",4,"yellow"
"PTRHD1",1,"turquoise"
"PPP1R9B",1,"turquoise"
"PNPLA4",1,"turquoise"
"C6orf58",2,"blue"
"SPRTN",8,"pink"
"FIGN",7,"black"
"COBLL1",2,"blue"
"LAMA1",4,"yellow"
"TNKS2",1,"turquoise"
"TXNDC17",1,"turquoise"
"SLC5A6",6,"red"
"SARAF",3,"brown"
"AMN",4,"yellow"
"ZNF142",1,"turquoise"
"MSH4",1,"turquoise"
"BGLAP",1,"turquoise"
"NUDT19",2,"blue"
"NT5C2",1,"turquoise"
"ERLEC1",2,"blue"
"ORC5",1,"turquoise"
"SLC26A9",1,"turquoise"
"CHD5",1,"turquoise"
"APBA3",1,"turquoise"
"TJP3",1,"turquoise"
"KIF9",1,"turquoise"
"DBX2",5,"green"
"SNU13",1,"turquoise"
"XRCC6",5,"green"
"DESI1",4,"yellow"
"NFE2L1",1,"turquoise"
"NELL2",1,"turquoise"
"KCNG2",3,"brown"
"SCRN3",0,"grey"
"SUGCT",1,"turquoise"
"ISCA1",1,"turquoise"
"EIF4E2",1,"turquoise"
"ZCCHC6",9,"magenta"
"DNAJC1",1,"turquoise"
"LAMB4",1,"turquoise"
"ATP9A",4,"yellow"
"ABHD11",1,"turquoise"
"TMEM86A",4,"yellow"
"SPTY2D1",4,"yellow"
"XPC",7,"black"
"GOLM1",1,"turquoise"
"FAS",1,"turquoise"
"ZFAT",2,"blue"
"OSR2",2,"blue"
"LAMP1",4,"yellow"
"GORAB",6,"red"
"AMACR",1,"turquoise"
"PRRX1",1,"turquoise"
"TBC1D2B",1,"turquoise"
"TEX264",1,"turquoise"
"NR2F2",1,"turquoise"
"BTG2",1,"turquoise"
"FHL3",2,"blue"
"gga-mir-7444",1,"turquoise"
"ARMC1",1,"turquoise"
"ICE2",1,"turquoise"
"SHISA2",6,"red"
"KIFC3",1,"turquoise"
"HSBP1",3,"brown"
"TRRAP",1,"turquoise"
"VTN",4,"yellow"
"PPIL1",9,"magenta"
"KPNA2",3,"brown"
"RAB24",3,"brown"
"UTP18",1,"turquoise"
"SERPINF2",1,"turquoise"
"RTKN2",3,"brown"
"ERCC4",1,"turquoise"
"AKAP10",4,"yellow"
"RGS9BP",4,"yellow"
"ANKRD27",1,"turquoise"
"RC3H1",1,"turquoise"
"NPLOC4",1,"turquoise"
"NDST1",8,"pink"
"RPS14",1,"turquoise"
"PCMTD1",4,"yellow"
"TUB",6,"red"
"SMARCB1",2,"blue"
"FABP7",1,"turquoise"
"PLIN1",3,"brown"
"SMARCC2",1,"turquoise"
"CNOT7",1,"turquoise"
"TXNDC9",4,"yellow"
"gga-mir-6545",1,"turquoise"
"PPP4R1",1,"turquoise"
"ARTN",1,"turquoise"
"ENO2",3,"brown"
"MUSK",3,"brown"
"LPAR1",4,"yellow"
"SERINC4",4,"yellow"
"SVEP1",1,"turquoise"
"TMEM37",1,"turquoise"
"ZNF414",2,"blue"
"PDE3A",3,"brown"
"UBB",1,"turquoise"
"SLC25A38",3,"brown"
"gga-mir-1571",1,"turquoise"
"ACTR2",1,"turquoise"
"SPRED2",7,"black"
"SHOC2",2,"blue"
"MPPED1",2,"blue"
"SULT4A1",6,"red"
"NDUFAF7",9,"magenta"
"UFSP2",2,"blue"
"SPATA7",4,"yellow"
"ARPP19",1,"turquoise"
"FGD4",1,"turquoise"
"AMN1",1,"turquoise"
"FAM114A2",4,"yellow"
"PIP5K1A",1,"turquoise"
"KLF9",1,"turquoise"
"NR2C2AP",3,"brown"
"ELMOD3",2,"blue"
"LOX",2,"blue"
"WNT16",3,"brown"
"DSCAM",1,"turquoise"
"ACTR6",1,"turquoise"
"EGR2",1,"turquoise"
"RHOQ",2,"blue"
"CD247",4,"yellow"
"FKTN",9,"magenta"
"FSD1L",6,"red"
"POU2F1",0,"grey"
"MED7",4,"yellow"
"ABL1",4,"yellow"
"MFSD2A",4,"yellow"
"PIN4",1,"turquoise"
"SLC37A2",0,"grey"
"JPH1",3,"brown"
"BCL10",4,"yellow"
"TIMM13",1,"turquoise"
"FAM175A",1,"turquoise"
"HACL1",3,"brown"
"DEGS2",1,"turquoise"
"SERPINH1",2,"blue"
"BTD",1,"turquoise"
"GCGR",7,"black"
"HNF1A",4,"yellow"
"USP28",1,"turquoise"
"ZNF518A",7,"black"
"C12orf43",7,"black"
"LARS2",3,"brown"
"KIAA0895",1,"turquoise"
"SEC61A2",5,"green"
"HNF4beta",4,"yellow"
"SLC30A4",3,"brown"
"TMEM97",1,"turquoise"
"IP6K2",4,"yellow"
"GID8",1,"turquoise"
"IFT20",1,"turquoise"
"HSCB",1,"turquoise"
"LGR5",2,"blue"
"TCTE1",3,"brown"
"SMARCA2",2,"blue"
"PNN",1,"turquoise"
"VLDLR",8,"pink"
"ANKFY1",3,"brown"
"RPL38",1,"turquoise"
"PDIK1L",1,"turquoise"
"RTFDC1",1,"turquoise"
"TRAPPC4",1,"turquoise"
"B3GNT7",4,"yellow"
"CTTN",1,"turquoise"
"LIG3",1,"turquoise"
"SPSB3",1,"turquoise"
"TRAPPC3",4,"yellow"
"MAPKAPK3",2,"blue"
"TMEM200A",2,"blue"
"PRUNE1",2,"blue"
"SLC1A2",5,"green"
"CNIH1",2,"blue"
"ZNF704",3,"brown"
"CREB5",1,"turquoise"
"PTCD2",1,"turquoise"
"SYNC",1,"turquoise"
"ERGIC1",4,"yellow"
"IK",1,"turquoise"
"VPS13D",2,"blue"
"FNIP2",7,"black"
"VDR",6,"red"
"RUNX1T1",4,"yellow"
"SCAMP1",8,"pink"
"SEC16B",5,"green"
"SDK1",3,"brown"
"IRF2BP2",1,"turquoise"
"DFNA5",6,"red"
"ARHGAP1",4,"yellow"
"CAMK2G",1,"turquoise"
"NPM3",1,"turquoise"
"IDUA",4,"yellow"
"COPS5",6,"red"
"DMTF1",4,"yellow"
"FZD2",1,"turquoise"
"PPP3CA",1,"turquoise"
"LRRCC1",7,"black"
"EXOC2",2,"blue"
"PRC1",4,"yellow"
"VPS33B",2,"blue"
"GFOD1",7,"black"
"TULP3",2,"blue"
"TBC1D7",3,"brown"
"HDAC10",1,"turquoise"
"MYRF",4,"yellow"
"ADAM12",3,"brown"
"ACVR1C",1,"turquoise"
"TNFAIP8",1,"turquoise"
"gga-mir-6572",1,"turquoise"
"PGAP2",2,"blue"
"CTDSP1",1,"turquoise"
"CFAP99",2,"blue"
"GNG10",2,"blue"
"UGCG",3,"brown"
"NRIP1",6,"red"
"MXD4",1,"turquoise"
"SDC1",1,"turquoise"
"PUM2",2,"blue"
"RHOB",3,"brown"
"HS1BP3",2,"blue"
"LDAH",1,"turquoise"
"MANBA",1,"turquoise"
"RAB32",1,"turquoise"
"NFKB1",1,"turquoise"
"KCTD8",1,"turquoise"
"SNRPE",0,"grey"
"gga-mir-1778",1,"turquoise"
"UBA6",1,"turquoise"
"BROX",3,"brown"
"PEX1",3,"brown"
"SMOC1",3,"brown"
"PTPN9",3,"brown"
"ATP10B",4,"yellow"
"MAK16",5,"green"
"LNX1",1,"turquoise"
"PDE7B",3,"brown"
"RASL11B",3,"brown"
"RNF13",2,"blue"
"PFN2",1,"turquoise"
"CHAMP1",1,"turquoise"
"RASA3",1,"turquoise"
"CDC16",1,"turquoise"
"APCDD1L",2,"blue"
"ABI1",4,"yellow"
"VAPB",1,"turquoise"
"ABCB8",1,"turquoise"
"gga-mir-1634-2",2,"blue"
"RMDN1",1,"turquoise"
"MAPK8IP2",1,"turquoise"
"MYO6",3,"brown"
"IRAK1BP1",1,"turquoise"
"HTR1B",6,"red"
"SPATA18",5,"green"
"INTS8",6,"red"
"TUBA1A",0,"grey"
"ALPK3",1,"turquoise"
"OTOP3",4,"yellow"
"LGR4",5,"green"
"HBS1L",1,"turquoise"
"MYOM3",1,"turquoise"
"KIF1BP",2,"blue"
"MYO1E",3,"brown"
"NADSYN1",4,"yellow"
"C9orf78",2,"blue"
"RAB39B",8,"pink"
"FAM193B",3,"brown"
"UBTD1",2,"blue"
"TCFL5",6,"red"
"KCTD9",1,"turquoise"
"FBXL17",1,"turquoise"
"GnRH-I",1,"turquoise"
"FER",6,"red"
"USP44",2,"blue"
"SRP72",4,"yellow"
"CNOT9",1,"turquoise"
"SLC4A7",1,"turquoise"
"NTN4",1,"turquoise"
"SNRPF",8,"pink"
"NAT8B",1,"turquoise"
"GOLGB1",6,"red"
"CEP112",1,"turquoise"
"RDH5",1,"turquoise"
"ADAMTS2",4,"yellow"
"UBE2QL1",2,"blue"
"WDR47",1,"turquoise"
"OSCP1",3,"brown"
"PLEKHN1",1,"turquoise"
"LSM10",1,"turquoise"
"ZDHHC8",1,"turquoise"
"TMOD1",2,"blue"
"SCLY",1,"turquoise"
"ELMO3",3,"brown"
"PPM1D",4,"yellow"
"gga-mir-6553",1,"turquoise"
"MTTP",3,"brown"
"SPON2",4,"yellow"
"DDX55",4,"yellow"
"MBTPS1",1,"turquoise"
"HDAC1",1,"turquoise"
"ATAD5",1,"turquoise"
"CMC4",1,"turquoise"
"G0S2",1,"turquoise"
"ANO5",1,"turquoise"
"NECAP2",1,"turquoise"
"MYO18A",2,"blue"
"VPS37B",2,"blue"
"CPAMD8",1,"turquoise"
"PDHX",1,"turquoise"
"SURF1",1,"turquoise"
"RAVER2",6,"red"
"ADAM10",2,"blue"
"TOR3A",1,"turquoise"
"ZNF326",1,"turquoise"
"APPBP2",1,"turquoise"
"REEP5",3,"brown"
"CAPN1",2,"blue"
"FUCA2",1,"turquoise"
"CEP135",1,"turquoise"
"EXOC1",1,"turquoise"
"RCN2",1,"turquoise"
"SRL",1,"turquoise"
"FEZ1",1,"turquoise"
"SNTB2",3,"brown"
"GLRX",1,"turquoise"
"ERCC6",1,"turquoise"
"USP14",1,"turquoise"
"ROCK1",1,"turquoise"
"POLQ",1,"turquoise"
"EDN1",2,"blue"
"gga-mir-6652",1,"turquoise"
"ZFYVE26",1,"turquoise"
"ALCAM",3,"brown"
"NFKBIZ",1,"turquoise"
"ZPLD1",1,"turquoise"
"NXPE3",1,"turquoise"
"RTN4IP1",7,"black"
"TGS1",1,"turquoise"
"DNAJC2",9,"magenta"
"TAF5",1,"turquoise"
"CFLAR",6,"red"
"ARFGAP2",1,"turquoise"
"MCM9",5,"green"
"LMNB1",6,"red"
"PHAX",7,"black"
"SLC12A2",8,"pink"
"CLCN1",1,"turquoise"
"CASP2",1,"turquoise"
"MME",4,"yellow"
"CNOT6L",1,"turquoise"
"TULP4",2,"blue"
"AP1AR",4,"yellow"
"MRPL16",2,"blue"
"REXO4",3,"brown"
"B3GNT4",5,"green"
"EPRS",2,"blue"
"TMEM117",2,"blue"
"TWF1",2,"blue"
"SRP14",2,"blue"
"MFSD1",1,"turquoise"
"ARL14EP",1,"turquoise"
"FEZ2",2,"blue"
"ACTB",3,"brown"
"FSIP1",8,"pink"
"MAN1C1",2,"blue"
"THBS1",4,"yellow"
"GPATCH2",7,"black"
"AAR2",4,"yellow"
"SCAI",1,"turquoise"
"ELAC2",1,"turquoise"
"SCAMP4",1,"turquoise"
"COTL1",1,"turquoise"
"BTBD1",1,"turquoise"
"TM6SF1",6,"red"
"RPP40",3,"brown"
"CSNK1A1",4,"yellow"
"LPAR6",1,"turquoise"
"ATG2B",1,"turquoise"
"ITM2B",1,"turquoise"
"RB1",1,"turquoise"
"NUDT15",1,"turquoise"
"MED4",4,"yellow"
"HTR2A",1,"turquoise"
"SUCLA2",1,"turquoise"
"LRCH1",3,"brown"
"ESD",1,"turquoise"
"FAM110D",2,"blue"
"FAM181B",2,"blue"
"LIN7C",1,"turquoise"
"GPR39",1,"turquoise"
"CREM",4,"yellow"
"DUSP12",2,"blue"
"CDKN2A",1,"turquoise"
"ATP8B2",1,"turquoise"
"CIDEA",4,"yellow"
"DYNLRB1",1,"turquoise"
"ZMPSTE24",1,"turquoise"
"EIF2D",1,"turquoise"
"NMT1",2,"blue"
"SLC2A8",3,"brown"
"HSD17B7",3,"brown"
"CHL1",4,"yellow"
"TKFC",4,"yellow"
"MYBL2",1,"turquoise"
"TECPR1",4,"yellow"
"LACTB",1,"turquoise"
"ZDHHC4",1,"turquoise"
"TMED5",1,"turquoise"
"RPN1",3,"brown"
"PCMTD2",5,"green"
"E4F1",4,"yellow"
"RAB7A",1,"turquoise"
"GATA2",2,"blue"
"TMEM9B",1,"turquoise"
"GDF9",1,"turquoise"
"ATP6V0A4",4,"yellow"
"METTL6",1,"turquoise"
"EVA1B",1,"turquoise"
"SMARCD2",4,"yellow"
"PPP1R3E",1,"turquoise"
"ZNF608",1,"turquoise"
"RORC",1,"turquoise"
"HYI",1,"turquoise"
"BAIAP2",6,"red"
"ZNF282",2,"blue"
"TSPOAP1",1,"turquoise"
"NFATC1",4,"yellow"
"NMU",3,"brown"
"EGFR",3,"brown"
"CMTR2",1,"turquoise"
"TRAP1",1,"turquoise"
"RPS20",1,"turquoise"
"SMPD3",2,"blue"
"RUSC2",4,"yellow"
"ENO1",2,"blue"
"NOTCH1",1,"turquoise"
"SLC9A9",4,"yellow"
"RUNX3",4,"yellow"
"ARVCF",1,"turquoise"
"RPL14",1,"turquoise"
"SYF2",2,"blue"
"SNAP47",4,"yellow"
"LIPH",1,"turquoise"
"PHB",1,"turquoise"
"HSPB11",4,"yellow"
"ST6GALNAC3",4,"yellow"
"CLIP4",2,"blue"
"ING3",1,"turquoise"
"JAG1",2,"blue"
"ST6GALNAC5",4,"yellow"
"BTBD3",1,"turquoise"
"TSPAN12",3,"brown"
"MYSM1",7,"black"
"EREG",1,"turquoise"
"AREG",8,"pink"
"TACSTD2",8,"pink"
"OMA1",1,"turquoise"
"TWISTNB",2,"blue"
"PNKD",1,"turquoise"
"MDH1",2,"blue"
"WDR31",1,"turquoise"
"PDLIM5",3,"brown"
"UGP2",3,"brown"
"PRPF4",4,"yellow"
"TTLL7",1,"turquoise"
"DNAJC19",1,"turquoise"
"BET1L",1,"turquoise"
"PTPRA",5,"green"
"GTPBP6",4,"yellow"
"CYP39A1",5,"green"
"PLA2G7",4,"yellow"
"TNFRSF21",6,"red"
"MTHFD1L",1,"turquoise"
"GNPNAT1",1,"turquoise"
"ZNF770",1,"turquoise"
"TMEM5",6,"red"
"NSL1",1,"turquoise"
"TATDN3",9,"magenta"
"MAP3K1",9,"magenta"
"IL6ST",2,"blue"
"SLC38A9",1,"turquoise"
"DDX4",1,"turquoise"
"PLPP1",4,"yellow"
"PCBP4",1,"turquoise"
"gga-mir-6646-2",1,"turquoise"
"COX19",5,"green"
"CABP7",2,"blue"
"STRN3",1,"turquoise"
"RARB",1,"turquoise"
"KIF25",1,"turquoise"
"RPL15",2,"blue"
"NR1D2",4,"yellow"
"MRPL42",1,"turquoise"
"THRB",2,"blue"
"SOCS2",2,"blue"
"CRADD",4,"yellow"
"ACVR1B",8,"pink"
"SF3B1",2,"blue"
"MFSD13A",1,"turquoise"
"TMEM209",1,"turquoise"
"HORMAD2",1,"turquoise"
"CASKIN2",5,"green"
"VIPR1",1,"turquoise"
"SLC48A1",1,"turquoise"
"CMTM4",1,"turquoise"
"EPHA4",1,"turquoise"
"TMEM248",1,"turquoise"
"TRPC3",3,"brown"
"APP",3,"brown"
"HIF1A",1,"turquoise"
"SLC1A6",8,"pink"
"ETNK2",2,"blue"
"STRADA",1,"turquoise"
"UBE2J1",1,"turquoise"
"CCDC71",1,"turquoise"
"IRF1",2,"blue"
"MRPL46",4,"yellow"
"PLOD2",2,"blue"
"ARFGAP1",1,"turquoise"
"ZNF143",7,"black"
"CCDC117",2,"blue"
"UQCRC1",2,"blue"
"FARP2",1,"turquoise"
"RFXANK",1,"turquoise"
"TRAPPC2L",1,"turquoise"
"LMO4",2,"blue"
"GFOD2",3,"brown"
"ENKD1",2,"blue"
"SPOCK1",1,"turquoise"
"PROK2",1,"turquoise"
"DOK5",9,"magenta"
"GAL3ST1",1,"turquoise"
"ABCB7",1,"turquoise"
"PARD3",2,"blue"
"POP5",1,"turquoise"
"SH3BGRL",1,"turquoise"
"RIMBP2",9,"magenta"
"ASL2",1,"turquoise"
"FRMPD4",1,"turquoise"
"MGLL",3,"brown"
"PADI3",4,"yellow"
"ANXA11",6,"red"
"ECSIT",1,"turquoise"
"HEXA",1,"turquoise"
"CFAP20",1,"turquoise"
"CP",1,"turquoise"
"CRIP2",2,"blue"
"RPRD1A",1,"turquoise"
"FHOD3",1,"turquoise"
"TMCO6",2,"blue"
"MICAL1",2,"blue"
"TXNRD3",1,"turquoise"
"CKAP4",1,"turquoise"
"ADRA2C",1,"turquoise"
"BACH2",1,"turquoise"
"KCNK15",3,"brown"
"MRPL45",1,"turquoise"
"TBRG4",5,"green"
"SPOPL",3,"brown"
"NUP43",5,"green"
"PIGF",2,"blue"
"COL18A1",3,"brown"
"PCMT1",1,"turquoise"
"EFHD2",1,"turquoise"
"ZC3H3",1,"turquoise"
"PHYHIPL",7,"black"
"PPARA",4,"yellow"
"TMPRSS6",4,"yellow"
"SENP5",1,"turquoise"
"ADD3",3,"brown"
"MDH1B",1,"turquoise"
"TUBGCP4",1,"turquoise"
"UQCRFS1",1,"turquoise"
"PYM1",4,"yellow"
"ASB16",2,"blue"
"PSPC1",1,"turquoise"
"CENPJ",1,"turquoise"
"WIPF1",3,"brown"
"CTSS",1,"turquoise"
"COL9A2",3,"brown"
"MFAP1",1,"turquoise"
"PPT1",1,"turquoise"
"SRBD1",1,"turquoise"
"PBLD",3,"brown"
"SDC4",4,"yellow"
"QSOX1",2,"blue"
"APBA2",4,"yellow"
"EPB41L1",1,"turquoise"
"SMYD2",1,"turquoise"
"FEN1",1,"turquoise"
"SNN",8,"pink"
"SLC38A3",3,"brown"
"TPT1",1,"turquoise"
"MRPS33",1,"turquoise"
"ING2",3,"brown"
"C7orf25",2,"blue"
"GPR61",1,"turquoise"
"CMTM7",4,"yellow"
"GPD1L",1,"turquoise"
"CMTM8",1,"turquoise"
"OGT",1,"turquoise"
"PDLIM1",1,"turquoise"
"GRHPR",4,"yellow"
"AATF",1,"turquoise"
"GMPS",1,"turquoise"
"MRPL14",1,"turquoise"
"DLST",1,"turquoise"
"IPP",1,"turquoise"
"TMEM63B",2,"blue"
"GTF2E2",1,"turquoise"
"DDX20",1,"turquoise"
"TBCD",8,"pink"
"UTP11",6,"red"
"NDUFS2",2,"blue"
"ACADSB",2,"blue"
"PPP3CC",6,"red"
"CDCP2",2,"blue"
"SFRP4",3,"brown"
"FKBP5",8,"pink"
"PCGF1",1,"turquoise"
"LGALS2",1,"turquoise"
"TSPO2",4,"yellow"
"POLDIP2",1,"turquoise"
"LITAF",1,"turquoise"
"RAPGEFL1",1,"turquoise"
"ZBTB14",1,"turquoise"
"RNF10",8,"pink"
"ANXA13",1,"turquoise"
"COX16",5,"green"
"AKAP6",5,"green"
"CPD",3,"brown"
"IFT46",1,"turquoise"
"DPP8",1,"turquoise"
"VSTM2B",2,"blue"
"UTP23",3,"brown"
"CYFIP1",4,"yellow"
"ZBTB34",4,"yellow"
"NIPA2",2,"blue"
"SLC9A7",6,"red"
"LHPP",1,"turquoise"
"RNF7",5,"green"
"PANX1",3,"brown"
"UTP4",1,"turquoise"
"FKBP10",1,"turquoise"
"TP53INP1",5,"green"
"AQR",1,"turquoise"
"FANCB",1,"turquoise"
"MOSPD2",1,"turquoise"
"PTK2B",1,"turquoise"
"ASB9",6,"red"
"SELENOI",1,"turquoise"
"ATP5B",3,"brown"
"ANKRD29",1,"turquoise"
"MFSD4B",1,"turquoise"
"RIC1",2,"blue"
"EVC",1,"turquoise"
"NPC1",3,"brown"
"DACT1",4,"yellow"
"DCUN1D4",1,"turquoise"
"ASPSCR1",4,"yellow"
"ATG9A",8,"pink"
"CLASP1",1,"turquoise"
"UTP20",1,"turquoise"
"ANKRD17",1,"turquoise"
"NRCAM",1,"turquoise"
"TFPI2",2,"blue"
"PIGH",1,"turquoise"
"ARG2",1,"turquoise"
"TNFAIP3",7,"black"
"NPTN",2,"blue"
"MGAT5B",1,"turquoise"
"PTPN2",2,"blue"
"IL20RA",3,"brown"
"ACSBG2",1,"turquoise"
"TCTN3",1,"turquoise"
"MYCBP2",1,"turquoise"
"EDNRB",1,"turquoise"
"SLAIN1",1,"turquoise"
"RBM26",1,"turquoise"
"FAM162A",5,"green"
"CLP1",3,"brown"
"IGDCC3",4,"yellow"
"ERBB2",1,"turquoise"
"SLC25A4",1,"turquoise"
"TSTA3",2,"blue"
"LZTS3",1,"turquoise"
"DDRGK1",4,"yellow"
"PDZD3",1,"turquoise"
"ZDHHC12",2,"blue"
"RBFOX1",1,"turquoise"
"GPR107",2,"blue"
"C7orf50",2,"blue"
"HMGCL",3,"brown"
"FOXL2",2,"blue"
"ABCA2",2,"blue"
"SLC16A8",4,"yellow"
"BUB1B",3,"brown"
"GLA",1,"turquoise"
"POLR3A",1,"turquoise"
"SLC12A1",5,"green"
"SS18L2",3,"brown"
"TAMM41",1,"turquoise"
"WDR20",1,"turquoise"
"MOK",6,"red"
"CRYZ",3,"brown"
"ZNF839",1,"turquoise"
"LHX8",1,"turquoise"
"HDAC11",2,"blue"
"B9D1",1,"turquoise"
"SLC25A25",1,"turquoise"
"ASCC2",1,"turquoise"
"LUC7L2",1,"turquoise"
"R3HDM4",1,"turquoise"
"ESYT2",3,"brown"
"PFKL",8,"pink"
"CD81",1,"turquoise"
"PROCR",3,"brown"
"LSM5",1,"turquoise"
"MEIS1",3,"brown"
"NDRG4",2,"blue"
"MEGF11",5,"green"
"PCK1",1,"turquoise"
"HMOX2",2,"blue"
"ALKBH2",1,"turquoise"
"PPP1R3B",4,"yellow"
"SOX21",2,"blue"
"DCTN1",1,"turquoise"
"DHX36",1,"turquoise"
"CCDC85A",3,"brown"
"WDR26",1,"turquoise"
"MTF2",1,"turquoise"
"RNF14",1,"turquoise"
"VWCE",1,"turquoise"
"UBE2E3",2,"blue"
"ADAM9",1,"turquoise"
"NFATC3",2,"blue"
"RHOT1",1,"turquoise"
"SBNO1",1,"turquoise"
"EIF2AK1",3,"brown"
"ADAMTS17",6,"red"
"EEFSEC",1,"turquoise"
"CHRNA5",1,"turquoise"
"ARMC6",3,"brown"
"PLPP6",1,"turquoise"
"DQX1",1,"turquoise"
"NR2F6",1,"turquoise"
"DCUN1D3",1,"turquoise"
"PPTC7",5,"green"
"SGPL1",4,"yellow"
"RBM22",6,"red"
"CACYBP",1,"turquoise"
"WIPI2",1,"turquoise"
"DPY19L3",1,"turquoise"
"SETD2",1,"turquoise"
"OGDHL",4,"yellow"
"SOD3",1,"turquoise"
"LGI3",1,"turquoise"
"LRRC31",4,"yellow"
"GGA1",1,"turquoise"
"ATP6AP2",4,"yellow"
"BCOR",6,"red"
"EEF1A1",2,"blue"
"SLC17A5",1,"turquoise"
"CD109",1,"turquoise"
"TRERF1",1,"turquoise"
"GRIP1",3,"brown"
"MRPS10",1,"turquoise"
"SLC9A2",8,"pink"
"MFSD9",1,"turquoise"
"SCT",4,"yellow"
"CCDC59",1,"turquoise"
"MRPL54",1,"turquoise"
"ANAPC10",8,"pink"
"NUDT12",1,"turquoise"
"PPIP5K2",3,"brown"
"CMSS1",6,"red"
"TGIF1",4,"yellow"
"DLGAP1",1,"turquoise"
"CDK7",9,"magenta"
"WDR3",1,"turquoise"
"SERINC5",9,"magenta"
"METTL4",4,"yellow"
"MAPK8IP3",4,"yellow"
"SPTBN1",2,"blue"
"NFXL1",1,"turquoise"
"SCYL2",1,"turquoise"
"PACRG",2,"blue"
"GYPC",4,"yellow"
"RUFY3",1,"turquoise"
"TM6SF2",1,"turquoise"
"DNAJC11",1,"turquoise"
"MAPT",1,"turquoise"
"ZNRF1",2,"blue"
"RYR3",1,"turquoise"
"CHST15",2,"blue"
"NDUFS7",1,"turquoise"
"PDK4",3,"brown"
"DAAM1",3,"brown"
"NOX1",1,"turquoise"
"VPS8",1,"turquoise"
"MFGE8",1,"turquoise"
"GTPBP4",1,"turquoise"
"KLF15",3,"brown"
"VSX1",3,"brown"
"SRRM1",1,"turquoise"
"PNPO",3,"brown"
"PLTP",5,"green"
"gga-mir-1630",1,"turquoise"
"OSGIN2",3,"brown"
"FSTL4",3,"brown"
"Pou5f3",1,"turquoise"
"PLCD3",1,"turquoise"
"KLHL10",4,"yellow"
"NDUFS5",1,"turquoise"
"MLXIP",1,"turquoise"
"SPG7",2,"blue"
"DNAJB5",4,"yellow"
"DOK6",1,"turquoise"
"SQLE",2,"blue"
"TMX3",1,"turquoise"
"ZNF512",4,"yellow"
"ZNF740",1,"turquoise"
"SMPD2",1,"turquoise"
"NOLC1",1,"turquoise"
"DSTYK",1,"turquoise"
"GRB14",8,"pink"
"PLA2G15",2,"blue"
"TPPP",3,"brown"
"MFN1",2,"blue"
"ATP6V0D1",6,"red"
"UNC13D",1,"turquoise"
"CAPZA2",9,"magenta"
"NSMCE2",1,"turquoise"
"GPRC5C",1,"turquoise"
"DCTN3",1,"turquoise"
"FAM173A",1,"turquoise"
"MAP1LC3A",1,"turquoise"
"TPST1",1,"turquoise"
"SYT17",3,"brown"
"HAND2",3,"brown"
"PGLS",2,"blue"
"CARS",2,"blue"
"SLC6A6",4,"yellow"
"SLC22A5",1,"turquoise"
"STOM",1,"turquoise"
"SFMBT2",1,"turquoise"
"LRAT",1,"turquoise"
"TMEM63A",1,"turquoise"
"FAM13B",1,"turquoise"
"RPL21",6,"red"
"ACSS3",1,"turquoise"
"GPNMB",3,"brown"
"PLPPR4",1,"turquoise"
"DGKB",1,"turquoise"
"NCAPD2",1,"turquoise"
"ROCK2",1,"turquoise"
"TRIB2",4,"yellow"
"E2F6",4,"yellow"
"STAM2",2,"blue"
"KCNG3",3,"brown"
"SMARCA5",1,"turquoise"
"SCFD1",0,"grey"
"EML4",3,"brown"
"DNAL1",1,"turquoise"
"SCN9A",1,"turquoise"
"SZT2",1,"turquoise"
"gga-mir-1772",1,"turquoise"
"SNORD71",1,"turquoise"
"TIGD5",1,"turquoise"
"ARV1",1,"turquoise"
"NFKBIA",1,"turquoise"
"CISD2",1,"turquoise"
"RIMS2",1,"turquoise"
"UQCC1",1,"turquoise"
"FARSA",1,"turquoise"
"LRWD1",3,"brown"
"RARS",1,"turquoise"
"MOB3B",4,"yellow"
"ZBTB5",1,"turquoise"
"SLC27A6",1,"turquoise"
"COPB2",3,"brown"
"PRDM6",1,"turquoise"
"GATA5",1,"turquoise"
"FAR1",1,"turquoise"
"MRPL40",2,"blue"
"NEIL1",1,"turquoise"
"TRAF1",1,"turquoise"
"DSTN",3,"brown"
"DDAH1",1,"turquoise"
"CYR61",2,"blue"
"KCNC2",3,"brown"
"LARP1B",4,"yellow"
"TRHDE",3,"brown"
"ABHD18",1,"turquoise"
"ENTPD5",4,"yellow"
"RAD51D",2,"blue"
"ANKIB1",1,"turquoise"
"MRPS21",2,"blue"
"TMPRSS9",4,"yellow"
"CTTNBP2",2,"blue"
"PLEKHA3",4,"yellow"
"PBRM1",1,"turquoise"
"TMEM185A",4,"yellow"
"UBFD1",1,"turquoise"
"SCN5A",3,"brown"
"PLK1",2,"blue"
"EPB41",2,"blue"
"BSG",3,"brown"
"BCO2",1,"turquoise"
"MAGT1",2,"blue"
"KCTD14",1,"turquoise"
"NARS2",3,"brown"
"KCTD21",1,"turquoise"
"SIRT4",1,"turquoise"
"ELMO2",4,"yellow"
"NUBP1",1,"turquoise"
"SLITRK4",6,"red"
"TXNRD1",5,"green"
"GNB3",4,"yellow"
"SLC35B1",1,"turquoise"
"CMC2",2,"blue"
"PCDH15",3,"brown"
"TMEM132B",4,"yellow"
"DRAM2",4,"yellow"
"DAGLA",6,"red"
"SOX4",1,"turquoise"
"ACTN4",4,"yellow"
"TMEM11",1,"turquoise"
"EPHB2",1,"turquoise"
"MAPKAPK5",1,"turquoise"
"NATD1",1,"turquoise"
"MCAM",6,"red"
"TUBB3",3,"brown"
"VRK2",2,"blue"
"G6PC3",2,"blue"
"ACAA2",4,"yellow"
"DCPS",9,"magenta"
"gga-mir-130b",1,"turquoise"
"ELOF1",1,"turquoise"
"MNT",3,"brown"
"PAFAH1B1",1,"turquoise"
"PSMD12",1,"turquoise"
"PIGY",1,"turquoise"
"GPR142",3,"brown"
"PSMD3",1,"turquoise"
"WDR41",4,"yellow"
"SLCO3A1",1,"turquoise"
"PISD",1,"turquoise"
"CTSA",1,"turquoise"
"ROPN1L",7,"black"
"SNRNP48",3,"brown"
"SMAP2",5,"green"
"MARS",7,"black"
"TMEM233",1,"turquoise"
"ACSM5",3,"brown"
"MRPL18",1,"turquoise"
"PNLDC1",4,"yellow"
"NUP37",1,"turquoise"
"PAH",3,"brown"
"CEP85",2,"blue"
"PMCH",1,"turquoise"
"HNF4G",4,"yellow"
"TBC1D22B",1,"turquoise"
"TNS3",5,"green"
"CHMP4C",1,"turquoise"
"SGK3",1,"turquoise"
"gga-mir-1683",1,"turquoise"
"gga-mir-1583",1,"turquoise"
"TSPAN9",1,"turquoise"
"TEAD4",1,"turquoise"
"SNX24",1,"turquoise"
"SORCS1",4,"yellow"
"ZFYVE19",7,"black"
"FAM222A",1,"turquoise"
"ZFYVE1",1,"turquoise"
"DEGS1",2,"blue"
"FBXO28",1,"turquoise"
"FAM45A",1,"turquoise"
"ARRDC3",1,"turquoise"
"RFC3",1,"turquoise"
"gga-mir-6585",1,"turquoise"
"CCT7",1,"turquoise"
"PRADC1",2,"blue"
"EGR4",2,"blue"
"WRAP73",1,"turquoise"
"PPP6C",2,"blue"
"RAD17",4,"yellow"
"GPR63",2,"blue"
"CCDC125",1,"turquoise"
"PEX6",4,"yellow"
"PARP9",3,"brown"
"GNPDA1",1,"turquoise"
"TNNT1",0,"grey"
"ZC2HC1A",1,"turquoise"
"CERS3",2,"blue"
"SLC30A8",1,"turquoise"
"LEPR",8,"pink"
"SLC38A11",1,"turquoise"
"PRPF19",1,"turquoise"
"COPG2",8,"pink"
"TYW5",2,"blue"
"EWSR1",1,"turquoise"
"TTC28",1,"turquoise"
"USP10",1,"turquoise"
"DTWD1",4,"yellow"
"SLMAP",1,"turquoise"
"FLNB",1,"turquoise"
"TMEM184C",4,"yellow"
"CRIPT",1,"turquoise"
"SOCS5",4,"yellow"
"EDNRA",1,"turquoise"
"SDK2",2,"blue"
"YBX3",7,"black"
"RALA",1,"turquoise"
"RPS13",4,"yellow"
"PLXNA1",2,"blue"
"PHF6",1,"turquoise"
"HPRT1",3,"brown"
"ZFPM1",1,"turquoise"
"CEP41",1,"turquoise"
"UBTD2",3,"brown"
"SLC25A44",3,"brown"
"ASB8",1,"turquoise"
"PPP1R7",1,"turquoise"
"TMEM98",1,"turquoise"
"EDARADD",4,"yellow"
"CHCHD4",1,"turquoise"
"ARNT",7,"black"
"BRD8",1,"turquoise"
"SLC23A1",3,"brown"
"COBL",3,"brown"
"SNRNP35",3,"brown"
"ADAP2",1,"turquoise"
"SARS",1,"turquoise"
"WNT1",3,"brown"
"TOMM6",1,"turquoise"
"ADAMTSL2",2,"blue"
"MBTD1",2,"blue"
"NRG4",1,"turquoise"
"NRBF2",2,"blue"
"DNER",3,"brown"
"SMOX",1,"turquoise"
"WDR43",1,"turquoise"
"B3GNT5",4,"yellow"
"ADAM33",1,"turquoise"
"ANTXR1",1,"turquoise"
"CHST11",6,"red"
"gga-mir-6663",1,"turquoise"
"ARL5A",1,"turquoise"
"ENTPD7",3,"brown"
"MMP24",3,"brown"
"ATP6",1,"turquoise"
"SNORD39",1,"turquoise"
"SCARNA14",1,"turquoise"
"SCAF8",1,"turquoise"
"TDP2",1,"turquoise"
"ACOT13",2,"blue"
"TRAPPC9",4,"yellow"
"LPAR2",1,"turquoise"
"XRCC4",1,"turquoise"
"ATG101",3,"brown"
"PM20D2",1,"turquoise"
"CARHSP1",2,"blue"
"DUT",1,"turquoise"
"RNASEL",4,"yellow"
"EPM2A",3,"brown"
"SOS2",1,"turquoise"
"TMEM184B",1,"turquoise"
"RFX5",1,"turquoise"
"CTBS",1,"turquoise"
"MCCC1",3,"brown"
"NBEAL1",9,"magenta"
"SNORA53",1,"turquoise"
"IQCH",6,"red"
"SDCBP",4,"yellow"
"CLRN3",1,"turquoise"
"PTPN14",7,"black"
"NAA15",1,"turquoise"
"SCP2",4,"yellow"
"TRAPPC11",1,"turquoise"
"RWDD4",1,"turquoise"
"RCC1L",4,"yellow"
"ATAD2B",9,"magenta"
"ERH",1,"turquoise"
"PRELID3B",1,"turquoise"
"TMEM251",2,"blue"
"SIX4",8,"pink"
"RAB18",4,"yellow"
"RHBDF1",3,"brown"
"MAGI1",3,"brown"
"ARCN1",8,"pink"
"PTGDR",3,"brown"
"SORD",1,"turquoise"
"ABCG1",3,"brown"
"BCL11A",1,"turquoise"
"TBC1D12",1,"turquoise"
"ZNF318",1,"turquoise"
"VAX1",1,"turquoise"
"FGB",1,"turquoise"
"PPP4R4",5,"green"
"gga-mir-196-4",1,"turquoise"
"CREG2",1,"turquoise"
"EFCAB5",7,"black"
"DNALI1",1,"turquoise"
"ZMAT3",1,"turquoise"
"LIMS2",1,"turquoise"
"MKNK2",1,"turquoise"
"NUDT13",2,"blue"
"TTYH3",1,"turquoise"
"H2AFJ",6,"red"
"DUSP1",1,"turquoise"
"NDUFAF6",9,"magenta"
"HERPUD2",1,"turquoise"
"CALR",1,"turquoise"
"PFKFB3",1,"turquoise"
"DECR1",1,"turquoise"
"SLC35F1",3,"brown"
"ITGA7",2,"blue"
"RASD1",3,"brown"
"PLCL2",1,"turquoise"
"OBSL1",3,"brown"
"RFTN1",5,"green"
"OSBPL2",2,"blue"
"PSMC5",1,"turquoise"
"RPS6KB1",1,"turquoise"
"SCD",2,"blue"
"GUCA1A",4,"yellow"
"PAK2",1,"turquoise"
"B3GNTL1",2,"blue"
"SLC16A12",1,"turquoise"
"ABHD17C",3,"brown"
"RANBP10",6,"red"
"WWC3",1,"turquoise"
"YTHDF2",1,"turquoise"
"gga-mir-1608",1,"turquoise"
"ELK3",3,"brown"
"SLC39A10",3,"brown"
"FAM210B",7,"black"
"PES1",2,"blue"
"ADCY9",1,"turquoise"
"HMBS",1,"turquoise"
"CAMK2N1",1,"turquoise"
"OPA3",1,"turquoise"
"MRPS14",1,"turquoise"
"FANCL",3,"brown"
"USP15",1,"turquoise"
"CDIP1",2,"blue"
"RBFOX3",3,"brown"
"EVA1C",2,"blue"
"GALNT10",1,"turquoise"
"SAMD5",1,"turquoise"
"PLXDC1",1,"turquoise"
"ZNF804A",0,"grey"
"CFDP1",1,"turquoise"
"RASA2",1,"turquoise"
"RUNDC1",3,"brown"
"CAPZB",4,"yellow"
"SARDH",1,"turquoise"
"AMFR",1,"turquoise"
"TOX2",4,"yellow"
"MST1R",1,"turquoise"
"SMG6",1,"turquoise"
"HOXA10",2,"blue"
"SMCO4",2,"blue"
"HIRA",1,"turquoise"
"UBE2E2",1,"turquoise"
"BMS1",1,"turquoise"
"PDAP1",1,"turquoise"
"NR4A2",4,"yellow"
"TMEM59L",3,"brown"
"CDV3",1,"turquoise"
"CSNK1G1",4,"yellow"
"FAM110C",1,"turquoise"
"ACP1",1,"turquoise"
"SH3YL1",1,"turquoise"
"PSMC3IP",1,"turquoise"
"SLC37A3",7,"black"
"AGTPBP1",3,"brown"
"RMI1",1,"turquoise"
"NAA35",1,"turquoise"
"TLR3",3,"brown"
"STX17",1,"turquoise"
"gga-mir-1581",1,"turquoise"
"gga-mir-1647",1,"turquoise"
"gga-mir-1723",1,"turquoise"
"ATG10",4,"yellow"
"CCDC171",1,"turquoise"
"STXBP5",1,"turquoise"
"PSIP1",1,"turquoise"
"PIP5K1B",1,"turquoise"
"FXN",3,"brown"
"BDH2",1,"turquoise"
"ATL1",1,"turquoise"
"FBXO4",4,"yellow"
