"gene","logFC_106839","logFC_299945","adjP_106839","adjP_299945","avg_logFC","direction_consistent","fisher_combined_p","stouffer_combined_p","effect_ratio","effect_consistent","integrated_score","fisher_FDR","stouffer_FDR"
"E2F7",-2.52905672288543,-0.893724644061109,0.000151454096929716,0.00145582328336631,-1.71139068347327,TRUE,3.6000375426733e-06,1.58387371484991e-06,0.353382601494777,TRUE,0.75,4.30987545362978e-05,2.03407781925271e-05
"DTL",-1.97006755569042,-1.04668170891897,0.000151454096929716,7.11570421797461e-05,-1.50837463230469,TRUE,2.08490711713678e-07,7.83327510633924e-08,0.531292292944828,TRUE,0.75,1.15504554227944e-05,5.35268336250283e-06
"RASSF10",-1.91667579730219,-4.29622170775618,0.000200427228990759,2.93536982550312e-05,-3.10644875252919,TRUE,1.17378217668534e-07,4.54746946765283e-08,0.446130560218045,TRUE,0.75,1.0460770248046e-05,4.89521725828834e-06
"HMX3",-3.40068591837475,-1.12611245517708,0.000200427228990759,0.00133497542857461,-2.26339918677592,TRUE,4.31687428483044e-06,1.85919356099351e-06,0.331142740672526,TRUE,0.75,4.83353057308096e-05,2.2641558366352e-05
"NKX3-2",-2.58827252056163,-2.81773007401406,0.000200427228990759,0.000268220144553688,-2.70300129728784,TRUE,9.53611361016048e-07,3.69679369338627e-07,0.918566524320921,TRUE,0.75,2.03597226598792e-05,8.90023044646798e-06
"GINS2",-2.47844599868966,-1.67788700619116,0.000200427228990759,1.08463911574559e-05,-2.07816650244041,TRUE,4.55363665499263e-08,1.83852277846341e-08,0.676991553206424,TRUE,0.75,9.95349288036787e-06,4.89521725828834e-06
"PRELID3A",-1.97562615425812,-1.3550921315999,0.000200427228990759,7.92157910567945e-05,-1.66535914292901,TRUE,3.01002453379452e-07,1.14634020831339e-07,0.685905138823573,TRUE,0.75,1.21490323564011e-05,5.74113067800963e-06
"NCS1",-2.28048500875651,-1.05759422566892,0.000200427228990759,0.00249049184300305,-1.66903961721271,TRUE,7.74217540965586e-06,3.58532089650421e-06,0.463758464365261,TRUE,0.75,7.10971600999383e-05,3.53773922220834e-05
"LAMA1",-2.07465415332014,-3.59308511478172,0.000200427228990759,3.70274884369557e-05,-2.83386963405093,TRUE,1.46340275027522e-07,5.63398006026006e-08,0.577401894763124,TRUE,0.75,1.06929325097696e-05,4.92264795735861e-06
"MTHFD2",-2.56446640817637,-0.859935446806194,0.00020629876716056,0.000219670586469874,-1.71220092749128,TRUE,8.11621640112084e-07,3.12897703302895e-07,0.335327241590857,TRUE,0.75,1.89512535030028e-05,8.08170995570723e-06
"CDT1",-1.29310590139743,-1.32281564434946,0.00020629876716056,1.9225443715084e-05,-1.30796077287344,TRUE,8.06938693870468e-08,3.18132463705822e-08,0.977540526467964,TRUE,0.75,9.95349288036787e-06,4.89521725828834e-06
"WDR76",-1.81203134693706,-1.06950050728779,0.000209190189881565,0.000166471562853089,-1.44076592711242,TRUE,6.32858866364888e-07,2.42598566901897e-07,0.590221857417423,TRUE,0.75,1.65437415848418e-05,7.2149665019666e-06
"CCNE2",-1.49785679859017,-2.20094715761342,0.000232919196236695,3.80855390804075e-06,-1.84940197810179,TRUE,1.93766754637601e-08,8.53132597899986e-09,0.680551004329592,TRUE,0.75,9.95349288036787e-06,4.89521725828834e-06
"SETD6",-1.22339314177965,-1.50201215064427,0.000232919196236695,2.44534151459255e-05,-1.36270264621196,TRUE,1.13819757129273e-07,4.49468603447301e-08,0.814502826262024,TRUE,0.75,1.0460770248046e-05,4.89521725828834e-06
"MYBL2",-1.27262767391928,-1.30018096063411,0.000267941509023174,2.52553323530914e-05,-1.2864043172767,TRUE,1.34061538856398e-07,5.35664914647072e-08,0.978808113986386,TRUE,0.75,1.0460770248046e-05,4.92264795735861e-06
"SHISA2",-1.30294727583344,-1.78683415867786,0.000280072277770166,2.01248468268533e-05,-1.54489071725565,TRUE,1.12694517918303e-07,4.56904933887614e-08,0.729193176381594,TRUE,0.75,1.0460770248046e-05,4.89521725828834e-06
"MCM10",-1.34783002091328,-1.2082541099056,0.000288976153936284,2.75114704395096e-05,-1.27804206540944,TRUE,1.56221210381387e-07,6.26500735734226e-08,0.8964439811831,TRUE,0.75,1.10680309339001e-05,4.92264795735861e-06
"RRM2",-1.45653091138718,-1.255699753107,0.000299284854509734,3.81381412979152e-05,-1.35611533224709,TRUE,2.20161158558789e-07,8.74763583791349e-08,0.862116789482409,TRUE,0.75,1.15504554227944e-05,5.48312264110675e-06
"CBLN1",-1.2667014213377,-3.16805284009121,0.000316002176046465,0.000298242426120617,-2.21737713071445,TRUE,1.61888518868161e-06,6.35685150962573e-07,0.39983595137928,TRUE,0.75,2.61863947695903e-05,1.18381500326976e-05
"DCLRE1B",-1.40512434083352,-2.06583646820214,0.000316002176046465,1.7656184081457e-05,-1.73548040451783,TRUE,1.11611206706311e-07,4.61514878535851e-08,0.68017210580873,TRUE,0.75,1.0460770248046e-05,4.89521725828834e-06
"FGFR3",1.23432918594485,3.43458021458246,0.000334105682153413,8.32756833356885e-06,2.33445470026366,TRUE,5.75933379766264e-08,2.51435785525445e-08,0.359382838317232,TRUE,1,9.95349288036787e-06,4.89521725828834e-06
"AGTPBP1",-1.82628984569632,-2.41860014413331,0.000334702223532322,0.000706459325013684,-2.12244499491482,TRUE,3.84414625496015e-06,1.56173482324107e-06,0.755102016398317,TRUE,0.75,4.50041210732627e-05,2.01787566490721e-05
"IGFBP2",-1.32703026479982,-1.90040870421307,0.000334702223532322,8.85883656987974e-05,-1.61371948450645,TRUE,5.43609812004335e-07,2.13227906220581e-07,0.698286774764759,TRUE,0.75,1.50085888161197e-05,6.77035335707162e-06
"SNX10",-1.72998165115492,-1.32980350477834,0.000345560931972089,4.54892946089748e-05,-1.52989257796663,TRUE,2.9817001596545e-07,1.19252626662458e-07,0.768680698948787,TRUE,0.75,1.21490323564011e-05,5.74113067800963e-06
"RRBP1",1.00536917285649,1.86233658489162,0.000365853168668539,1.16032044273309e-05,1.43385287887406,TRUE,8.60794216535876e-08,3.71673093413349e-08,0.53984289468007,TRUE,1,9.95349288036787e-06,4.89521725828834e-06
"PCK1",1.62523894565246,3.57375414739676,0.000365853168668539,2.10419771118565e-05,2.59949654652461,TRUE,1.51519505034856e-07,6.30891738850892e-08,0.454770775666351,TRUE,1,1.08837230904699e-05,4.92264795735861e-06
"GBX2",-1.97979588858554,-3.72621356841433,0.000365853168668539,1.16032044273309e-05,-2.85300472849994,TRUE,8.60794216535876e-08,3.71673093413349e-08,0.531315731703492,TRUE,0.75,9.95349288036787e-06,4.89521725828834e-06
"PLEKHG1",1.06488775370111,2.70713456039803,0.000365853168668539,1.22784059788428e-05,1.88601115704957,TRUE,9.08343890066447e-08,3.90726088150828e-08,0.393363436483387,TRUE,1,9.95349288036787e-06,4.89521725828834e-06
"DUSP4",-1.63388842353855,-1.95322254004129,0.000365853168668539,3.43268621448661e-05,-1.79355548178992,TRUE,2.41035294913305e-07,9.79867250672228e-08,0.836509097168219,TRUE,0.75,1.15504554227944e-05,5.57406363536766e-06
"ITIH2",0.992357536430876,3.12738521284497,0.000365853168668539,5.76639506334051e-06,2.05987137463792,TRUE,4.42536655389851e-08,2.01272559730015e-08,0.317312217361331,TRUE,1,9.95349288036787e-06,4.89521725828834e-06
"TNFSF10",1.29830389579633,1.80962767495668,0.000371310226441277,3.23967307610906e-05,1.55396578537651,TRUE,2.31393517495621e-07,9.44473697028769e-08,0.717442551174187,TRUE,1,1.15504554227944e-05,5.48312264110675e-06
"KIF5C",-1.10545150376428,-0.990681182835459,0.000382755094946185,7.06191799391423e-05,-1.04806634329987,TRUE,4.98060790553897e-07,1.98243645610496e-07,0.896177877963886,TRUE,0.75,1.4528387253326e-05,6.66102932271916e-06
"PDK4",1.35571715831059,4.05290265405585,0.000399401074999676,1.16032044273309e-05,2.70430990618322,TRUE,9.35661208247378e-08,4.08688396458246e-08,0.334505235884185,TRUE,1,9.95349288036787e-06,4.89521725828834e-06
"GPR158",-2.0701023017567,-2.39649521382603,0.000399401074999676,0.00353238252226198,-2.23329875779136,TRUE,2.04166892275837e-05,9.51985537589461e-06,0.863804062621831,TRUE,0.75,0.000137889926607968,6.9143354041202e-05
"PPRC1",-1.3528962524008,-1.1560276518466,0.000399401074999676,3.64900083774899e-05,-1.2544619521237,TRUE,2.77550326233047e-07,1.13520521427546e-07,0.854483593841845,TRUE,0.75,1.20026355364862e-05,5.74113067800963e-06
"GMNN",-1.1841830885354,-1.49044417149113,0.000399401074999676,0.000122535441187938,-1.33731363001326,TRUE,8.72744154149587e-07,3.44764376269957e-07,0.7945169038775,TRUE,0.75,1.94619906971923e-05,8.64562974338508e-06
"SLBP",-1.61780271409799,-1.01637458438426,0.000399401074999676,0.000271856940509689,-1.31708864924113,TRUE,1.84974410824306e-06,7.30772048207484e-07,0.628243836858034,TRUE,0.75,2.8198617017029e-05,1.2985375011754e-05
"NEU2",1.19996148752945,2.36364621167976,0.000399401074999676,0.00331378644584438,1.7818038496046,TRUE,1.92377822646465e-05,8.89863436337457e-06,0.507673898741675,TRUE,1,0.000132747222567889,6.62784049771203e-05
"GPSM1",-1.20298738297191,-0.988085725181271,0.000399401074999676,0.000922512546211785,-1.09553655407659,TRUE,5.82669093829502e-06,2.40299332987526e-06,0.821360006902372,TRUE,0.75,5.8428724390849e-05,2.65495471947081e-05
"HEY1",-1.2679102797747,-1.43580622435837,0.000399401074999676,3.64900083774899e-05,-1.35185825206654,TRUE,2.77550326233047e-07,1.13520521427546e-07,0.883065039184725,TRUE,0.75,1.20026355364862e-05,5.74113067800963e-06
"KMO",1.08338976133328,3.44729405195931,0.000399401074999676,6.23043140461783e-05,2.2653419066463,TRUE,4.60586150352085e-07,1.84629036281692e-07,0.314272512006198,TRUE,1,1.40936036475967e-05,6.56564813053483e-06
"NCF4",-4.11999767541614,-1.44224693354166,0.000399401074999676,0.00640916448678538,-2.7811223044789,TRUE,3.55190633719398e-05,1.80666294452569e-05,0.350060132836357,TRUE,0.75,0.000203556173861097,0.000109615426755904
"PIM1",-1.01533063299404,-2.21615035271076,0.000399401074999676,7.11387729539935e-05,-1.6157404928524,TRUE,5.22127498390651e-07,2.08493153186495e-07,0.458150608667913,TRUE,0.75,1.48508479072455e-05,6.71934587988112e-06
"HAL",1.16600261589561,1.38706209486522,0.000399401074999676,0.000111451405102385,1.27653235538042,TRUE,7.98019848343665e-07,3.1564884195312e-07,0.840627553886768,TRUE,1,1.88412708483591e-05,8.1066058274361e-06
"BAMBI",1.01286160724,1.62764403612004,0.000399401074999676,1.02964459322397e-05,1.32025282168002,TRUE,8.35200203504187e-08,3.67915188315138e-08,0.622286928077007,TRUE,1,9.95349288036787e-06,4.89521725828834e-06
"PLSCR5",1.05546091944203,3.46276458777293,0.000399401074999676,0.0063778345387023,2.25911275360748,TRUE,3.53579179527409e-05,1.79700675619898e-05,0.304802966730361,TRUE,1,0.000202888312068592,0.000109185872871273
"RBM38",-1.13750800555242,-1.97209448390875,0.000399401074999676,5.82174212225194e-06,-1.55480124473058,TRUE,4.85491199077609e-08,2.23567914181544e-08,0.576801981260983,TRUE,0.75,9.95349288036787e-06,4.89521725828834e-06
"TP73",-1.54592829463813,-1.47506882598285,0.000399401074999676,5.22145671400087e-05,-1.51049856031049,TRUE,3.89681808381956e-07,1.57122902688656e-07,0.954163806367313,TRUE,0.75,1.31591354894242e-05,6.23353319074401e-06
"SEPT5",-2.18507310796871,-0.943278661288572,0.000399401074999676,5.5691558160373e-05,-1.56417588462864,TRUE,4.14196933585708e-07,1.66635979126362e-07,0.431692037144452,TRUE,0.75,1.35028200348941e-05,6.33008971796007e-06
"RBP4",0.901254069780689,1.37571844281425,0.000399401074999676,0.00600776345213601,1.13848625629747,TRUE,3.34497232220354e-05,1.6835004513216e-05,0.655115205068438,TRUE,1,0.000195530933813774,0.000104308112758785
"TDRKH",-1.37871942467022,-1.4778939007937,0.000399401074999676,0.000491688387967825,-1.42830666273196,TRUE,3.22913186685169e-06,1.29341519350401e-06,0.932894725345159,TRUE,0.75,3.98981365939285e-05,1.77682126096272e-05
"ELP2",-1.29766424975493,-0.9482344313629,0.000399401074999676,8.35719739618838e-05,-1.12294934055891,TRUE,6.0800525566772e-07,2.41804507861154e-07,0.730724015508619,TRUE,0.75,1.61045392094987e-05,7.2149665019666e-06
"PRKCB",-2.29559543075312,-4.48962575116907,0.000405393623023655,0.000207540667931947,-3.3926105909611,TRUE,1.45477589707263e-06,5.73838202178045e-07,0.511311088714992,TRUE,0.75,2.50408864357577e-05,1.14323645535601e-05
"NOC2L",-0.977214006882952,-1.03487745113113,0.000405393623023655,4.27686717079528e-05,-1.00604572900704,TRUE,3.27177014987214e-07,1.3311292867968e-07,0.944279929778014,TRUE,0.75,1.24277276836844e-05,5.92545532319244e-06
"SLC18A2",1.47189059498126,0.965883993806629,0.000405393623023655,0.00415402685638725,1.21888729439394,TRUE,2.40718789487911e-05,1.14571609934888e-05,0.656219964377806,TRUE,1,0.000153987355449022,7.92095404411184e-05
"WDR3",-1.0029738053191,-1.18377453854961,0.000405393623023655,3.16955651925631e-05,-1.09337417193435,TRUE,2.46318598797546e-07,1.01559729737133e-07,0.847267594172091,TRUE,0.75,1.15504554227944e-05,5.64918754147482e-06
"SLC9A7",-1.73401434004562,-1.74398505660084,0.000405393623023655,0.000170397282813771,-1.73899969832323,TRUE,1.20803763987563e-06,4.76471811006185e-07,0.994282797024272,TRUE,0.75,2.29581323667845e-05,1.03725640164602e-05
"JDP2",-2.03747710108868,-0.768586485358498,0.000405393623023655,0.000332566226464812,-1.40303179322359,TRUE,2.2675850324315e-06,8.99236830109729e-07,0.377224600437385,TRUE,0.75,3.17266162565996e-05,1.43000588593059e-05
"DONSON",-1.87630887378183,-1.60096173644724,0.000405393623023655,1.88769612343744e-05,-1.73863530511454,TRUE,1.50666069776024e-07,6.388523776657e-08,0.85325063416685,TRUE,0.75,1.08837230904699e-05,4.92264795735861e-06
"CAT",1.01919546629087,2.96886839864489,0.000405393623023655,2.63710492904981e-06,1.99403193246788,TRUE,2.31521970622723e-08,1.14833783593227e-08,0.343294255399151,TRUE,1,9.95349288036787e-06,4.89521725828834e-06
"ALDOB",1.27306341826321,3.58788634444227,0.000413525540617609,6.84416576587545e-06,2.43047488135274,TRUE,5.85375309407979e-08,2.6739944036791e-08,0.354822671636524,TRUE,1,9.95349288036787e-06,4.89521725828834e-06
"SLCO2A1",1.10622556492552,1.74884153213407,0.000414036436137407,2.37079657551283e-05,1.4275335485298,TRUE,1.90814991745629e-07,8.00519014410028e-08,0.63254762915861,TRUE,1,1.14011267411847e-05,5.35268336250283e-06
"MAD2L1BP",-1.60683707524581,-2.06005627833854,0.000418627563249575,1.38691490520992e-05,-1.83344667679218,TRUE,1.15913308358527e-07,5.03255764838784e-08,0.779996688508792,TRUE,0.75,1.0460770248046e-05,4.92264795735861e-06
"PGBD5",-1.55040445980657,-2.44645242617368,0.000425413597060339,0.00392020171717528,-1.99842844299012,TRUE,2.38549840523501e-05,1.12357023818177e-05,0.633735789512755,TRUE,0.75,0.000153294044600242,7.80605027772843e-05
"CYP1B1",-3.40990225317628,-5.32639811478046,0.000425413597060339,7.30570621980168e-06,-4.36815018397837,TRUE,6.39904592507425e-08,2.92000665869097e-08,0.640189144651803,TRUE,0.75,9.95349288036787e-06,4.89521725828834e-06
"CCNO",-1.91044474696473,-1.83248875572351,0.000427457027494298,2.2284737134625e-05,-1.87146675134412,TRUE,1.85459694931604e-07,7.83683710148253e-08,0.959194846453905,TRUE,0.75,1.14011267411847e-05,5.35268336250283e-06
"GLI3",-1.75168820015486,-3.16426095539683,0.000427457027494298,3.04537099389723e-05,-2.45797457777585,TRUE,2.49378638788506e-07,1.0361123092828e-07,0.55358525255866,TRUE,0.75,1.15504554227944e-05,5.66586318289097e-06
"KRT80",1.34268869755431,1.70667971096222,0.000427457027494298,0.00228266832687484,1.52468420425826,TRUE,1.44800858190365e-05,6.4069955677537e-06,0.78672564566746,TRUE,1,0.000109387885385163,5.24186239693826e-05
"SALL3",0.855553625975796,1.34758642822989,0.000427457027494298,0.000327145415970671,1.10157002710284,TRUE,2.34691170802799e-06,9.32103931039485e-07,0.634878482042597,TRUE,1,3.25571581624308e-05,1.47123145614352e-05
"CACNA1S",-2.22745094815623,-3.54847926218684,0.000427457027494298,2.7456215103678e-05,-2.88796510517153,TRUE,2.26048887339641e-07,9.44231917099358e-08,0.627719871972284,TRUE,0.75,1.15504554227944e-05,5.48312264110675e-06
"PAPLN",1.23365619155064,1.68654631008699,0.000427457027494298,0.00195646985236569,1.46010125081882,TRUE,1.2539810042274e-05,5.46692540082105e-06,0.731468910264916,TRUE,1,9.84142869614019e-05,4.68525757675331e-05
"LZTS3",1.17524157791788,2.99600398780941,0.000427457027494298,0.000310019356493318,2.08562278286365,TRUE,2.23117650425777e-06,8.85373399817091e-07,0.392269697470324,TRUE,1,3.14666423462377e-05,1.41515626776415e-05
"RFX2",-2.71077984579782,-2.34285960533894,0.000427457027494298,0.000100602900145766,-2.52681972556838,TRUE,7.72426779381303e-07,3.07530945709011e-07,0.864275130631056,TRUE,0.75,1.85469954165324e-05,8.04516140688142e-06
"CFAP65",1.13341941488157,1.96664495736877,0.000427457027494298,0.00426590837542596,1.55003218612517,TRUE,2.59205028501625e-05,1.23437556592831e-05,0.57632131851496,TRUE,1,0.000162665193502999,8.36944431345952e-05
"FBLN1",0.903436544084984,1.97211955799329,0.000427457027494298,8.708601144729e-06,1.43777805103914,TRUE,7.59730438744034e-08,3.42138398723435e-08,0.458104347894743,TRUE,1,9.95349288036787e-06,4.89521725828834e-06
"TBX3",1.03918483256549,2.95273216914972,0.000428811080192765,3.21886579284819e-06,1.99595850085761,TRUE,2.95394524135677e-08,1.45112156735294e-08,0.351940092441481,TRUE,1,9.95349288036787e-06,4.89521725828834e-06
"ARL9",-1.21807925593005,-1.02701731292637,0.000428811080192765,2.40367037286527e-05,-1.12254828442821,TRUE,1.99861059493739e-07,8.41221398095726e-08,0.843144900404863,TRUE,0.75,1.14433812386086e-05,5.44289509180105e-06
"EGFR",1.32487436359206,2.95363788749684,0.000435712357024334,1.65624576186078e-05,2.13925612554445,TRUE,1.42502863030676e-07,6.14646900043425e-08,0.448556801495688,TRUE,1,1.05952128688422e-05,4.92264795735861e-06
"MCAM",0.956970928196635,1.06051110042365,0.000438880528999068,0.00020089133814492,1.00874101431014,TRUE,1.52035948628372e-06,6.02071546951244e-07,0.90236766764096,TRUE,1,2.56495493565273e-05,1.15195449931349e-05
"DMRTA2",-1.74773988975403,-3.20922727401194,0.000438880528999068,0.000396534760493951,-2.47848358188298,TRUE,2.8826611205193e-06,1.1502731199764e-06,0.54459835359966,TRUE,0.75,3.68712361547515e-05,1.64644422099099e-05
"HSPH1",-1.25249552639429,-1.47739857699488,0.000438880528999068,1.07339961072093e-05,-1.36494705169459,TRUE,9.50356113486274e-08,4.22844643743758e-08,0.847770903463264,TRUE,0.75,9.95349288036787e-06,4.89521725828834e-06
"E2F1",-1.89956103794221,-0.987039328889239,0.000438880528999068,5.76788267851923e-05,-1.44330018341572,TRUE,4.68106159329037e-07,1.89692574537048e-07,0.519614431531243,TRUE,0.75,1.42721863542191e-05,6.56564813053483e-06
"GPATCH3",-0.938603440719851,-1.99755979216135,0.000445902133753217,1.96080651723319e-05,-1.4680816164406,TRUE,1.70974634037464e-07,7.31737764825269e-08,0.469875016709406,TRUE,0.75,1.10976665573536e-05,5.21194058374704e-06
"KCNK12",-1.32640634489512,-2.7205347407253,0.000449958045676951,4.51876383737646e-05,-2.02347054281021,TRUE,3.80443061609872e-07,1.5601768621476e-07,0.487553540500461,TRUE,0.75,1.30625769498324e-05,6.23353319074401e-06
"SNCB",-1.96822235705368,-2.79464126703617,0.000453789558821414,0.00136388304818334,-2.38143181204492,TRUE,9.46650197070719e-06,4.00200961336861e-06,0.704284439033229,TRUE,0.75,8.12746274881157e-05,3.80556400684135e-05
"ST8SIA6",-2.90490022767543,-1.81379893488849,0.000453789558821414,0.00772761467318265,-2.35934958128196,TRUE,4.75539168895337e-05,2.47199858558478e-05,0.624392850951694,TRUE,0.75,0.000252865118918248,0.000140009388754385
"RFTN1",-1.29661596543125,-1.89484290093286,0.000456878081868786,8.89568107019945e-06,-1.59572943318205,TRUE,8.25896127715031e-08,3.74932832558628e-08,0.684286789576544,TRUE,0.75,9.95349288036787e-06,4.89521725828834e-06
"CECR2",-0.995973126216484,-1.93600760687412,0.000456878081868786,2.72678489830886e-05,-1.4659903665453,TRUE,2.39206350010453e-07,1.00713814954467e-07,0.514446907481206,TRUE,0.75,1.15504554227944e-05,5.64918754147482e-06
"TMEM123",0.803666567560363,2.48609102293647,0.000456878081868786,4.20238764125372e-06,1.64487879524841,TRUE,4.04557806421248e-08,1.95889249265946e-08,0.323265142002365,TRUE,1,9.95349288036787e-06,4.89521725828834e-06
"SLC40A1",1.07407767199246,1.8962047414943,0.000456878081868786,5.66876649705544e-06,1.48514120674338,TRUE,5.37971827016078e-08,2.53551065698687e-08,0.566435495328441,TRUE,1,9.95349288036787e-06,4.89521725828834e-06
"FAM131B",-1.27942496007848,-3.33404297993337,0.000456878081868786,0.000242866813787115,-2.30673397000592,TRUE,1.8878924908297e-06,7.49455710158387e-07,0.383745790854816,TRUE,0.75,2.8625718698162e-05,1.31519391289907e-05
"IL20RA",1.0203839295777,3.39583485024328,0.000456878081868786,9.53049281420452e-06,2.20810938991049,TRUE,8.81832131378489e-08,3.98175312721349e-08,0.30048102295216,TRUE,1,9.95349288036787e-06,4.89521725828834e-06
"PLXNA2",0.840057241500941,1.85768048989768,0.000456878081868786,6.01154932144871e-05,1.34886886569931,TRUE,5.05648211388766e-07,2.05355372262517e-07,0.45220760301316,TRUE,1,1.4528387253326e-05,6.69082503411528e-06
"KLF11",-1.02813745109938,-1.30500181389385,0.000456878081868786,0.000155467462502642,-1.16656963249661,TRUE,1.24019008230881e-06,4.92843659105624e-07,0.787843695045627,TRUE,0.75,2.32754656441066e-05,1.0629371131245e-05
"SH3BP2",1.4615668892412,2.28586399502381,0.000456878081868786,4.91197683305832e-05,1.8737154421325,TRUE,4.1769346483039e-07,1.70955086531421e-07,0.639393635151933,TRUE,1,1.3548555319118e-05,6.38332737198382e-06
"FBP1",1.05353684505961,3.29487582347667,0.000456878081868786,7.85551843169443e-06,2.17420633426814,TRUE,7.33787886862243e-08,3.36450882709727e-08,0.319750091203117,TRUE,1,9.95349288036787e-06,4.89521725828834e-06
"IQCH",0.987398447625024,1.29759040750626,0.000458841017106602,0.000107228576325037,1.14249442756564,TRUE,8.77121336282146e-07,3.50588069686353e-07,0.760947708855704,TRUE,1,1.94619906971923e-05,8.66351159959629e-06
"ANGPTL3",1.56324452471723,3.22268354277688,0.000458841017106602,0.002798765072748,2.39296403374705,TRUE,1.87046941631068e-05,8.43234438419049e-06,0.485075405005554,TRUE,1,0.000130962462504685,6.38682238610539e-05
"KCNT1",0.924105324643329,1.92657167592717,0.000480499495605596,6.11045727260418e-05,1.42533850028525,TRUE,5.38581478630514e-07,2.19620049146663e-07,0.479663090758667,TRUE,1,1.49183549440269e-05,6.89444272802634e-06
"SLC35F1",-2.11058438642803,-4.18302920381827,0.000480854715369689,9.02149394343241e-05,-3.14680679512315,TRUE,7.78817467206472e-07,3.13695443066031e-07,0.50455884565699,TRUE,0.75,1.85494922474923e-05,8.08170995570723e-06
"RNF208",-2.21441312597699,-2.19831088011723,0.000480854715369689,2.83287502167012e-05,-2.20636200304711,TRUE,2.60338176393945e-07,1.10027639110832e-07,0.99272843641014,TRUE,0.75,1.18234046742142e-05,5.74113067800963e-06
"TNFRSF21",-1.24342827320635,-1.45877484187518,0.000480854715369689,3.70274884369557e-05,-1.35110155754077,TRUE,3.35510807046664e-07,1.39817256328278e-07,0.852378473711534,TRUE,0.75,1.24727614058225e-05,5.92545532319244e-06
"GDF11",-1.0932483464975,-2.64648252064834,0.000480854715369689,0.000109154738687641,-1.86986543357292,TRUE,9.323204197363e-07,3.73818079157928e-07,0.413094867609278,TRUE,0.75,2.01141988661228e-05,8.90023044646798e-06
"LRP8",-1.57564810876547,-0.544719659413767,0.000480854715369689,0.00529345504767679,-1.06018388408962,TRUE,3.53330430903434e-05,1.72214832072637e-05,0.345711492549283,TRUE,0.75,0.000202888312068592,0.00010613084458935
"MAP4K4",0.950210770711876,2.00989130382594,0.000480854715369689,3.46422381474692e-05,1.48005103726891,TRUE,3.15006945595197e-07,1.31711938800017e-07,0.472767243135536,TRUE,1,1.24048522082989e-05,5.92545532319244e-06
"FAM60A",-0.99810006186388,-1.23070421116133,0.000480854715369689,3.34047171116376e-05,-1.1144021365126,TRUE,3.04338295733086e-07,1.27489220402843e-07,0.810999144077069,TRUE,0.75,1.21800840025162e-05,5.87281865290489e-06
"AATF",-1.00366230403877,-1.1983410738432,0.00048508034834841,2.57410125366609e-05,-1.10100168894099,TRUE,2.39722800691263e-07,1.01973300359326e-07,0.83754310516948,TRUE,0.75,1.15504554227944e-05,5.64918754147482e-06
"ABAT",0.891546240240981,1.6647803161375,0.00048508034834841,1.38596637741425e-05,1.27816327818924,TRUE,1.33235558778305e-07,5.90000113209754e-08,0.535533866900518,TRUE,1,1.0460770248046e-05,4.92264795735861e-06
"CDH17",0.799208338322277,2.16475676870935,0.000496018493490577,2.17979543917864e-05,1.48198255351581,TRUE,2.09135748316984e-07,9.01034763467479e-08,0.369190825442608,TRUE,1,1.15504554227944e-05,5.48312264110675e-06
"MPZL3",-0.962734905369823,-2.78790056687979,0.000496176350475009,0.000155636396296927,-1.87531773612481,TRUE,1.34187237220525e-06,5.36054824085141e-07,0.34532612705313,TRUE,0.75,2.42509812938416e-05,1.10957516686769e-05
"SOBP",-0.927600984879856,-1.31871800003821,0.000496176350475009,5.32039772453843e-05,-1.12315949245903,TRUE,4.87052197623126e-07,2.00302898489824e-07,0.703411180292509,TRUE,0.75,1.44851032528197e-05,6.66102932271916e-06
"CIDEA",1.13236969241104,3.54074652286613,0.00050030640522599,2.21650519228779e-05,2.33655810763859,TRUE,2.14215489918747e-07,9.22950761372832e-08,0.319811001747287,TRUE,1,1.15504554227944e-05,5.48312264110675e-06
"SHH",0.934966468018054,2.12303929892607,0.000505616983424681,2.63385100434752e-05,1.52900288347206,TRUE,2.54814057137377e-07,1.08786420427442e-07,0.44039056106545,TRUE,1,1.17380649363935e-05,5.74113067800963e-06
"VAV2",0.777777186599678,1.33392731807541,0.00050711718409257,1.80682562944922e-05,1.05585225233754,TRUE,1.78747526783986e-07,7.81754305734239e-08,0.583073137539348,TRUE,1,1.13064480374706e-05,5.35268336250283e-06
"CENPL",-0.946109192780726,-1.08700535960946,0.000507595659166929,0.000101245872470951,-1.01655727619509,TRUE,9.13943611169149e-07,3.68631187463997e-07,0.870381350392462,TRUE,0.75,1.98122405326591e-05,8.90023044646798e-06
"CRKL",-0.890652444220234,-1.26518836759288,0.000515054196269615,0.000111030394930808,-1.07792040590656,TRUE,1.01088563448039e-06,4.07298710647375e-07,0.703968252502015,TRUE,0.75,2.10229233221995e-05,9.35572864890826e-06
"SDR42E1",0.874426054684514,1.80645743385049,0.000515745054458359,5.47739287502001e-05,1.3404417442675,TRUE,5.19285642583398e-07,2.1411914552516e-07,0.48405572049415,TRUE,1,1.48197478334575e-05,6.77035335707162e-06
"INSIG1",0.805929459302553,2.36945579970685,0.000515745054458359,5.66876649705544e-06,1.5876926295047,TRUE,6.03744082537591e-08,2.90188383322842e-08,0.340132725582922,TRUE,1,9.95349288036787e-06,4.89521725828834e-06
"MAFB",1.09458555773716,1.62251323673597,0.000527588064992576,0.000296343503286192,1.35854939723656,TRUE,2.6064948513983e-06,1.04296165692741e-06,0.674623499490918,TRUE,1,3.47278086217135e-05,1.57018525828006e-05
"PLK3",-1.7788191536323,-2.30966319917197,0.00054557784715401,8.34150814855736e-06,-2.04424117640214,TRUE,9.1965125725627e-08,4.31147635371332e-08,0.770163872494491,TRUE,0.75,9.95349288036787e-06,4.89521725828834e-06
"TTPA",1.08885709535874,1.70835404989554,0.00054557784715401,3.72339592505064e-05,1.39860557262714,TRUE,3.80115077906707e-07,1.60590725717391e-07,0.63737203387396,TRUE,1,1.30625769498324e-05,6.23353319074401e-06
"FEN1",-0.900807061388033,-1.2716532986715,0.00054557784715401,2.02846195525559e-05,-1.08623018002977,TRUE,2.13803724198625e-07,9.36803418172261e-08,0.708374729440096,TRUE,0.75,1.15504554227944e-05,5.48312264110675e-06
"LIFR",1.23238506514801,0.953981187193957,0.00054576908301153,0.0166511757613969,1.09318312617098,TRUE,0.000114583035912849,6.82870524224555e-05,0.774093434083755,TRUE,1,0.000483186971341944,0.000307487490243236
"HGFAC",0.868932339858497,2.73519286039153,0.00054576908301153,0.00013059353203063,1.80206260012501,TRUE,1.24420983116781e-06,5.01770916594424e-07,0.317685949112237,TRUE,1,2.32754656441066e-05,1.07399249723594e-05
"TRIB1",1.19470491875254,2.89887253624104,0.000546477851272309,4.91529022093297e-05,2.04678872749679,TRUE,4.9511732974339e-07,2.06348103715115e-07,0.41212744051924,TRUE,1,1.4528387253326e-05,6.69082503411528e-06
"EOMES",-3.04285757791043,-6.34455506785115,0.000546477851272309,4.66881495509621e-05,-4.69370632288079,TRUE,4.71602451873622e-07,1.97023121595308e-07,0.479601413396041,TRUE,0.75,1.43272486812933e-05,6.66102932271916e-06
"CITED4",1.1161943526593,1.31303549356519,0.000548616368976961,0.000238588867620238,1.21461492311225,TRUE,2.20541320539156e-06,8.83779495031156e-07,0.850086961189889,TRUE,1,3.12593349981586e-05,1.41515626776415e-05
"GFPT2",0.919503512658687,1.62890852519967,0.000553271343814951,2.2284737134625e-05,1.27420601892918,TRUE,2.36865484347061e-07,1.03331358691783e-07,0.5644905766246,TRUE,1,1.15504554227944e-05,5.66586318289097e-06
"IGSF3",0.781731523644618,1.79523949278959,0.000554284094723627,1.22285457526426e-05,1.2884855082171,TRUE,1.34271021748573e-07,6.11629834557093e-08,0.435446928827251,TRUE,1,1.0460770248046e-05,4.92264795735861e-06
"COL18A1",0.835922658295934,1.72600920197811,0.000560885201398333,8.32756833356885e-06,1.28096593013702,TRUE,9.42659729979811e-08,4.43925785020838e-08,0.48430950271755,TRUE,1,9.95349288036787e-06,4.89521725828834e-06
"ACOX1",0.734406548796847,2.39003653305639,0.000562740812404983,2.48025397878949e-05,1.56222154092662,TRUE,2.66408492081853e-07,1.15674142264766e-07,0.30727837781529,TRUE,1,1.18234046742142e-05,5.74113067800963e-06
"KCNK13",-1.51096892592194,-4.04840065037821,0.000566185757487391,0.000134905565568177,-2.77968478815008,TRUE,1.32808706482673e-06,5.36722296384795e-07,0.373226134567679,TRUE,0.75,2.41563647241875e-05,1.10957516686769e-05
"FOXO1",0.819243791852973,1.95319661763386,0.000566187779462497,6.73403509496843e-05,1.38622020474341,TRUE,6.89430344562632e-07,2.84495468294566e-07,0.419437441400765,TRUE,1,1.73398326164979e-05,7.82916749761278e-06
"LPL",0.842228765255756,1.62444604206923,0.000566187779462497,0.00030852465298,1.23333740366249,TRUE,2.89279991067835e-06,1.16169249131381e-06,0.518471370205021,TRUE,1,3.68712361547515e-05,1.65282643043126e-05
"DAB2",1.28728910135234,2.55539461816061,0.000567962819163646,0.000151791265685422,1.92134185975648,TRUE,1.48857241249708e-06,6.00398104233513e-07,0.503753546400963,TRUE,1,2.54005732191681e-05,1.15135165870662e-05
"SNCAIP",-1.57887729101942,-2.27540715195288,0.000567962819163646,0.000552788928911856,-1.92714222148615,TRUE,5.01525040223308e-06,2.0329014843723e-06,0.693887812413855,TRUE,0.75,5.38580791747069e-05,2.40991230511043e-05
"CACNA1G",-2.73557076978494,-0.998330126309339,0.000570010798691376,0.00328099558219343,-1.86695044804714,TRUE,2.65371761931987e-05,1.20708329319763e-05,0.364943995357803,TRUE,0.75,0.000165267527857129,8.21786184188202e-05
"KCNK15",-2.03295203195711,-4.33677555828526,0.000576002083968041,0.00279846922992745,-3.18486379512118,TRUE,2.31119000340258e-05,1.03364249932625e-05,0.468770404332598,TRUE,0.75,0.000149653525354013,7.3315094763927e-05
"TRHDE",1.24589720743872,2.07090828974901,0.000576002083968041,8.29511453530675e-05,1.65840274859386,TRUE,8.53191701823141e-07,3.49937623322916e-07,0.601618726240029,TRUE,1,1.92898370356197e-05,8.66351159959629e-06
"APPL2",0.723194832488491,1.60317114192788,0.000585007050055825,1.16124532946589e-05,1.16318298720819,TRUE,1.34558389079426e-07,6.20405986584416e-08,0.451102701124484,TRUE,1,1.0460770248046e-05,4.92264795735861e-06
"PLPP1",0.95720149941342,2.75008532141056,0.000604637129549464,4.83057731788634e-06,1.85364341041199,TRUE,6.03175800743992e-08,3.0242617521381e-08,0.348062473538987,TRUE,1,9.95349288036787e-06,4.89521725828834e-06
"DAAM1",0.730879569386665,2.30901370463469,0.000612595226938095,4.59119174920729e-06,1.51994663701068,TRUE,5.81891826243279e-08,2.93903815729024e-08,0.316533231448402,TRUE,1,9.95349288036787e-06,4.89521725828834e-06
"RHBDF1",0.730963779664183,2.25114376890707,0.000616292165538698,8.32756833356885e-06,1.49105377428563,TRUE,1.03094543836667e-07,4.9288550574289e-08,0.324707728471321,TRUE,1,1.0460770248046e-05,4.92264795735861e-06
"CLCF1",-1.0894239801872,-0.975355537441765,0.000616292165538698,0.000111644516908559,-1.03238975881448,TRUE,1.20354690500594e-06,4.91966823945589e-07,0.895294720127393,TRUE,0.75,2.29581323667845e-05,1.0629371131245e-05
"RIT1",-0.76974978357857,-1.23355898648717,0.000619231981969189,1.60146906208832e-05,-1.00165438503287,TRUE,1.92674018469621e-07,8.73640630949524e-08,0.624007276515089,TRUE,0.75,1.14011267411847e-05,5.48312264110675e-06
"BDH2",0.90863133435677,2.30800405004835,0.000619231981969189,1.42809252743653e-05,1.60831769220256,TRUE,1.72828219156522e-07,7.90573563280716e-08,0.393687062350578,TRUE,1,1.10976665573536e-05,5.35268336250283e-06
"PPARA",1.37348185284887,2.71795965910012,0.000619231981969189,4.01004337009343e-05,2.04572075597449,TRUE,4.59659184309762e-07,1.96259737572646e-07,0.50533562860297,TRUE,1,1.40936036475967e-05,6.66102932271916e-06
"SDCBP",0.740105079523437,1.36175188476962,0.000619231981969189,3.2047861437312e-05,1.05092848214653,TRUE,3.71803378904188e-07,1.60814033089984e-07,0.543494808269458,TRUE,1,1.30223365272393e-05,6.23353319074401e-06
"NKX6-2",-1.63923809930678,-2.09672302032241,0.000619231981969189,6.17643250592747e-05,-1.8679805598146,TRUE,6.91465717835806e-07,2.88954383420581e-07,0.781809558734521,TRUE,0.75,1.73398326164979e-05,7.87516834042715e-06
"TOB1",0.77859720400981,2.28491448466347,0.000619231981969189,6.52939768790646e-06,1.53175584433664,TRUE,8.21832400547288e-08,4.02008705213674e-08,0.340755511523874,TRUE,1,9.95349288036787e-06,4.89521725828834e-06
"SLC16A10",0.794180989720399,1.39741460611885,0.000619231981969189,0.000126654879532996,1.09579779791962,TRUE,1.36160746591532e-06,5.54923301754329e-07,0.568321660760467,TRUE,1,2.4372548923434e-05,1.12794482150352e-05
"CNTF",1.07460118887019,1.56365554866455,0.000619231981969189,8.18199781935051e-05,1.31912836876737,TRUE,9.01746408196242e-07,3.72534435522098e-07,0.68723651432565,TRUE,1,1.97498774053523e-05,8.90023044646798e-06
"AQP11",1.11819147685286,1.60966681476347,0.000619231981969189,0.000188926872715276,1.36392914580817,TRUE,1.9842811476343e-06,8.02531880061963e-07,0.694672628271322,TRUE,1,2.95066087848216e-05,1.35087306861115e-05
"IRF2",0.755729751444621,2.01318415691795,0.000619231981969189,1.10736636317921e-05,1.38445695418129,TRUE,1.35757990477237e-07,6.33848107334245e-08,0.375390273586094,TRUE,1,1.0460770248046e-05,4.92264795735861e-06
"RHOF",-1.39296335818342,-2.12266905638937,0.000619231981969189,1.40039531066954e-05,-1.75781620728639,TRUE,1.6964612901953e-07,7.7720569646722e-08,0.656231999044086,TRUE,0.75,1.10976665573536e-05,5.35268336250283e-06
"PLA2R1",0.962835098827309,3.05467302343606,0.000619231981969189,8.17478920795071e-05,2.00875406113169,TRUE,9.00996558065736e-07,3.7223681625953e-07,0.315200707715767,TRUE,1,1.97498774053523e-05,8.90023044646798e-06
"GTF2A1L",1.25779797201705,1.80403174784005,0.000619231981969189,0.00336427368059889,1.53091485992855,TRUE,2.93356618799212e-05,1.33389924498184e-05,0.697214987221264,TRUE,1,0.000178526686284326,8.79170295526133e-05
"DKK3",0.866602342945092,1.97842198634247,0.000625498608620959,0.000101295752034083,1.42251216464378,TRUE,1.11352191402595e-06,4.57085294613968e-07,0.438027048287707,TRUE,1,2.20004935740886e-05,1.01420286836335e-05
"ACO1",0.750826375774737,2.10479183572538,0.000625498608620959,5.66876649705544e-06,1.42780910575006,TRUE,7.25383188224203e-08,3.60230838492015e-08,0.356722390799268,TRUE,1,9.95349288036787e-06,4.89521725828834e-06
"FMOD",0.891207146304118,2.31630381550596,0.000652388169240582,5.90816125951886e-05,1.60375548090504,TRUE,6.96549038706105e-07,2.93278773599859e-07,0.384753994850822,TRUE,1,1.7415780684581e-05,7.92725821290746e-06
"ANXA7",0.787450946833057,1.94149401609705,0.000652388169240582,0.000344948642868707,1.36447248146506,TRUE,3.66973083689676e-06,1.48482348116818e-06,0.405590200280943,TRUE,1,4.36862901313721e-05,1.94819873473398e-05
"PXDC1",0.740312622018939,1.97896483018447,0.000652388169240582,2.3953267578692e-05,1.3596387261017,TRUE,2.96507764614353e-07,1.3155595213199e-07,0.374090843216213,TRUE,1,1.21490323564011e-05,5.92545532319244e-06
"C1QTNF4",-0.929481304794903,-1.59252289652593,0.000652388169240582,0.147158469159653,-1.26100210066042,TRUE,0.000984152701867312,0.00128558039199844,0.583653338248733,TRUE,0.75,0.00254707734382514,0.00328111394236037
"PDXP",-0.876429181988404,-1.26829731152925,0.000652388169240582,5.1509238152803e-05,-1.07236324675883,TRUE,6.11882793476485e-07,2.59362238796967e-07,0.69102817929311,TRUE,0.75,1.6156755630862e-05,7.50291582267268e-06
"CDC25A",-1.24714849720334,-1.63907493778164,0.000652388169240582,1.01640119568874e-05,-1.44311171749249,TRUE,1.31500506157408e-07,6.2352845442426e-08,0.760885587629847,TRUE,0.75,1.0460770248046e-05,4.92264795735861e-06
"SLC16A3",-1.24300873663526,-3.14648142131536,0.000652388169240582,1.99312599992016e-05,-2.19474507897531,TRUE,2.49111103896018e-07,1.11966916405137e-07,0.395047219479731,TRUE,0.75,1.15504554227944e-05,5.74113067800963e-06
"SERPINF2",0.98001442324599,3.03761688674653,0.000652388169240582,6.44968822182008e-06,2.00881565499626,TRUE,8.53588790673315e-08,4.21769743574885e-08,0.322626078200284,TRUE,1,9.95349288036787e-06,4.89521725828834e-06
"PABPN1L",-2.07434877382845,-4.06027772411583,0.000652388169240582,3.40829186152512e-06,-3.06731324897214,TRUE,4.65255051157053e-08,2.45128619624779e-08,0.510888396009946,TRUE,0.75,9.95349288036787e-06,4.89521725828834e-06
"BTG2",1.00762189041617,1.05326059383796,0.000652890823731234,6.30037319475963e-05,1.03044124212706,TRUE,7.40686022035125e-07,3.10960697191831e-07,0.956669124726778,TRUE,1,1.79886954807155e-05,8.08170995570723e-06
"ST6GALNAC2",1.03519253640517,1.06129148590722,0.000664344659697309,0.0076529282680363,1.04824201115619,TRUE,6.70571904340444e-05,3.38276818361294e-05,0.975408311619747,TRUE,1,0.000326076553790444,0.000178755256385931
"NKX6-1",-2.15914183160829,-4.03108695936597,0.000664344659697309,3.21886579284819e-06,-3.09511439548713,TRUE,4.48284485420106e-08,2.38463503388076e-08,0.535622737334322,TRUE,0.75,9.95349288036787e-06,4.89521725828834e-06
"AP5M1",-0.890721884966041,-1.55302319796081,0.000665225846113053,9.51493060909897e-05,-1.22187254146342,TRUE,1.1124515989688e-06,4.60169396254706e-07,0.573540618154062,TRUE,0.75,2.20004935740886e-05,1.0170534312314e-05
"HDAC4",0.75578936685956,1.56542436747077,0.000673566078831293,0.00055843283472805,1.16060686716517,TRUE,5.94051445469889e-06,2.42146944240407e-06,0.48280158566886,TRUE,1,5.88221968668549e-05,2.66373437180083e-05
"TCFL5",-1.46296539320902,-1.73820116708713,0.000677668805252978,5.16027931666654e-05,-1.60058328014808,TRUE,6.35355259053945e-07,2.7043885808542e-07,0.841654821611151,TRUE,0.75,1.65437415848418e-05,7.6663537161606e-06
"SLC38A11",-1.41976795735211,-1.57519837359411,0.000677668805252978,0.0267827070539746,-1.49748316547311,TRUE,0.000216288518155542,0.000141424975776294,0.901326449514194,TRUE,0.75,0.000788215623386765,0.000552150204827209
"ACYP1",-0.874987672057173,-1.19906138871072,0.000679909015405044,0.000128359438895617,-1.03702453038395,TRUE,1.50582372157698e-06,6.18246534633826e-07,0.729727168513029,TRUE,0.75,2.55778794871473e-05,1.16523866336977e-05
"PPP1R3B",1.19832498758572,2.04954201302157,0.000691330733302727,7.51250079966155e-06,1.62393350030364,TRUE,1.04266308841902e-07,5.12917073258734e-08,0.584679396651683,TRUE,1,1.0460770248046e-05,4.92264795735861e-06
"BPNT1",0.724619580515508,1.31942115790571,0.000695383284157841,6.56115928619045e-05,1.02202036921061,TRUE,8.1681917116904e-07,3.4458116371372e-07,0.549195058889069,TRUE,1,1.90202178429362e-05,8.64562974338508e-06
"AHSG",1.2929497374114,4.23712068388703,0.000695557011095161,2.93429986998363e-05,2.76503521064921,TRUE,3.81809977945667e-07,1.68542131917526e-07,0.305148197059444,TRUE,1,1.30625769498324e-05,6.34916937836868e-06
"HOMER1",-1.87593535229369,-0.605536933800912,0.000698189626964182,0.00513368143979484,-1.2407361430473,TRUE,4.85274374864598e-05,2.30652233671469e-05,0.322792005097899,TRUE,0.75,0.000256180999169426,0.000132993764122406
"SUSD3",-2.91665888685577,-3.62423777655849,0.000699425000329071,0.000649479725087479,-3.27044833170713,TRUE,7.08857825352281e-06,2.90303997774188e-06,0.804764771704736,TRUE,0.75,6.69819278448822e-05,3.01546162393875e-05
"HDAC10",0.816517574183089,1.65172578604376,0.000699425000329071,4.17132736307091e-05,1.23412168011343,TRUE,5.35365214415977e-07,2.31403034733901e-07,0.494342088185729,TRUE,1,1.49183549440269e-05,7.05529540433291e-06
"VSX1",-2.37589526631329,-4.01012464716315,0.000709668552652657,0.00156637275366118,-3.19300995673822,TRUE,1.63513889884182e-05,6.95627967006729e-06,0.592474168600731,TRUE,0.75,0.000118456729116097,5.55192339769212e-05
"SERPIND1",1.47875047599139,4.08710626787522,0.00071023327578332,0.000110058299695481,2.7829283719333,TRUE,1.35732557500429e-06,5.62050472829867e-07,0.361808668302661,TRUE,1,2.4372548923434e-05,1.12944074633993e-05
"SLC4A4",0.86099674973567,2.5387301353715,0.000711788594453468,5.52116857300534e-05,1.69986344255359,TRUE,7.09428993369295e-07,3.02594653112109e-07,0.339144652572408,TRUE,1,1.7633783424628e-05,8.014975874307e-06
"JMJD6",-0.841727375109036,-2.1269506347833,0.000723664967448157,7.30570621980168e-06,-1.48433900494617,TRUE,1.06044507233138e-07,5.27184066401176e-08,0.395743728765381,TRUE,0.75,1.0460770248046e-05,4.92264795735861e-06
"GPR75",-1.8132790079807,-1.58019141947701,0.000723664967448157,8.43274698554068e-05,-1.69673521372886,TRUE,1.07476848613078e-06,4.50298271337246e-07,0.87145519940516,TRUE,0.75,2.16801129732113e-05,1.00684086998534e-05
"CRYAA",-3.06093583276356,-2.69228620796264,0.000724414803396542,0.00223922732746345,-2.8766110203631,TRUE,2.32479871356136e-05,1.01399559947479e-05,0.879563099345312,TRUE,0.75,0.00015041980073394,7.22237537911626e-05
"RCAN2",-1.22605959873969,-1.4324355344126,0.000724414803396542,0.000497969718073137,-1.32924756657615,TRUE,5.71230707568668e-06,2.33026595120034e-06,0.855926545582705,TRUE,0.75,5.78074706883726e-05,2.61607075528133e-05
"WNT16",-1.50042071348102,-3.488075523573,0.000725161663136544,0.000185982052481437,-2.49424811852701,TRUE,2.2683257965431e-06,9.28071043237999e-07,0.430157175021276,TRUE,0.75,3.17266162565996e-05,1.46759891091143e-05
"GINS1",-0.788012149691923,-1.81604016335782,0.000725384655744588,1.65839639889101e-05,-1.30202615652487,TRUE,2.31402919455889e-07,1.07106923996625e-07,0.433917798511077,TRUE,0.75,1.15504554227944e-05,5.70967476600876e-06
"CFI",1.15119323365744,1.94162985406182,0.000730325385880199,0.000286235737347177,1.54641154385963,TRUE,3.42431030408701e-06,1.39434102008895e-06,0.592900460017743,TRUE,1,4.17618045143043e-05,1.87000545668892e-05
"NCF2",0.758243187000963,1.2764815453459,0.000730325385880199,0.000213069364224745,1.01736236617343,TRUE,2.5949382771728e-06,1.05982113662861e-06,0.594010301022797,TRUE,1,3.47278086217135e-05,1.58991928390516e-05
"RBM15",-0.975555851935473,-1.29732053886298,0.000730596989450429,0.000752481132371897,-1.13643819539922,TRUE,8.47388838669211e-06,3.48871687416707e-06,0.751977497242501,TRUE,0.75,7.55522365027325e-05,3.46257192335364e-05
"DRD1",1.29808593485919,2.7208704410056,0.000735528926043606,4.88976836597266e-05,2.00947818793239,TRUE,6.52442305879354e-07,2.81169921123592e-07,0.477084801722286,TRUE,1,1.67851813025559e-05,7.78822304393322e-06
"HAO1",1.20517886508662,2.04579542612098,0.00073578197375689,0.000334080058899902,1.6254871456038,TRUE,3.98672165271075e-06,1.62329358466273e-06,0.589100381054107,TRUE,1,4.60543022390488e-05,2.06902803362426e-05
"CD82",0.972575072934449,2.04092223219433,0.00074130016824724,8.12433825666069e-06,1.50674865256439,TRUE,1.20016342682774e-07,5.93129175774365e-08,0.476537056430989,TRUE,1,1.0460770248046e-05,4.92264795735861e-06
"TIMP3",0.933821215234083,2.88525272967209,0.000747087135908303,8.61619273702088e-06,1.90953697245308,TRUE,1.27847447123672e-07,6.29197479673493e-08,0.323653177980084,TRUE,1,1.0460770248046e-05,4.92264795735861e-06
"RAB36",0.77849004269655,2.14811070436129,0.000747087135908303,3.84127436902081e-05,1.46330037352892,TRUE,5.27074260461776e-07,2.30822078672865e-07,0.362406854132792,TRUE,1,1.48916047722467e-05,7.05529540433291e-06
"SCG2",1.08388667792117,1.06100640393265,0.000749594133723143,0.00223685765237218,1.07244654092691,TRUE,2.39750721857146e-05,1.04513471047563e-05,0.978890529374895,TRUE,1,0.000153599933368191,7.37598818150825e-05
"HMOX1",1.02664136916522,1.11324743995087,0.000753098601927657,0.000100742890135999,1.06994440455804,TRUE,1.3196903404642e-06,5.51215835642438e-07,0.922204114128055,TRUE,1,2.40676401483762e-05,1.12310226512147e-05
"RHOB",0.854615885420572,1.66170371332621,0.000762566423165955,1.32903839500662e-05,1.25815979937339,TRUE,1.96689020854958e-07,9.34368440397293e-08,0.514301002378996,TRUE,1,1.14011267411847e-05,5.48312264110675e-06
"TIAM1",-1.07614266174677,-1.52854051428392,0.000769172176307065,0.000558370886436165,-1.30234158801535,TRUE,6.72600253761065e-06,2.75521835657599e-06,0.704032802330345,TRUE,0.75,6.44904949194433e-05,2.89025133543789e-05
"GP1BB",-1.30878915764906,-0.862274181277933,0.000770906674530716,0.000292454174572676,-1.0855316694635,TRUE,3.67607461284014e-06,1.50166850876321e-06,0.658833530395998,TRUE,0.75,4.37004325644222e-05,1.96398633467336e-05
"FJX1",-1.2538223741917,-2.44603633077201,0.000776768357789715,0.000214038903739177,-1.84992935248186,TRUE,2.76150977677573e-06,1.13279989644166e-06,0.512593520553302,TRUE,0.75,3.58996270980845e-05,1.63570901571372e-05
"SYT11",-1.28631048427953,-2.81296738998636,0.000778373928394108,9.18566261757557e-06,-2.04963893713294,TRUE,1.41254252206347e-07,6.9590557316701e-08,0.457278846835748,TRUE,0.75,1.05952128688422e-05,5.08491003289964e-06
"ATIC",0.939583340674843,2.57638773835496,0.000778373928394108,4.4482977577651e-06,1.7579855395149,TRUE,7.09152262168717e-08,3.75645361483379e-08,0.364690192662838,TRUE,1,9.95349288036787e-06,4.89521725828834e-06
"YPEL2",0.755314800002912,2.03009742809357,0.000780073666632614,5.1518289647959e-05,1.39270611404824,TRUE,7.2457851943191e-07,3.13535854501445e-07,0.372058399538103,TRUE,1,1.78028121314519e-05,8.08170995570723e-06
"LRRC20",-1.13344357960046,-1.70798308341329,0.000785573658289156,0.00059485778191923,-1.42071333150687,TRUE,7.27886947499554e-06,2.987343534544e-06,0.663615225822582,TRUE,0.75,6.8323031749792e-05,3.07663715659719e-05
"GLUL",1.21501819826718,2.02583287844862,0.000785573658289156,0.000144512805690894,1.6204255383579,TRUE,1.92893808533258e-06,7.99151395391995e-07,0.59976230576218,TRUE,1,2.88863590305282e-05,1.35087306861115e-05
"CLDN10",1.09642496674784,3.02480845919365,0.000785573658289156,2.44888918755747e-05,2.06061671297074,TRUE,3.61024537544129e-07,1.64101732091915e-07,0.362477486273667,TRUE,1,1.28035312980085e-05,6.26543369914896e-06
"METTL18",-0.734632450398123,-1.77003984550445,0.000785573658289156,1.65624576186078e-05,-1.25233614795129,TRUE,2.49258403443295e-07,1.16793786419933e-07,0.415037238999982,TRUE,0.75,1.15504554227944e-05,5.74113067800963e-06
"ARRDC3",1.24196383577843,1.36201372953452,0.000785757020139494,0.000101898529661055,1.30198878265647,TRUE,1.38840189663038e-06,5.82068815702108e-07,0.911858528917239,TRUE,1,2.4621526030466e-05,1.14913250026423e-05
"ADAM22",-1.01827107786894,-1.14896601982482,0.000788344402684647,0.0035728001389718,-1.08361854884688,TRUE,3.88126534279789e-05,1.76173908977839e-05,0.886249950215403,TRUE,0.75,0.000218228660591782,0.000107677673511815
"PLCD1",0.779801354990108,1.55565122149616,0.000790679162345258,1.99982529931415e-05,1.16772628824313,TRUE,2.99838624761784e-07,1.38528985837993e-07,0.501270043191384,TRUE,1,1.21490323564011e-05,5.92545532319244e-06
"BTG1",0.859995134334476,2.78750356575805,0.000799421369442859,5.76639506334051e-06,1.82374935004626,TRUE,9.30948913917256e-08,4.82349168384744e-08,0.308518039187012,TRUE,1,9.95349288036787e-06,4.92264795735861e-06
"PROC",0.626235000688492,1.79842736764824,0.000805890879059783,1.12102677134659e-05,1.21233118416837,TRUE,1.7636886950652e-07,8.58176736340255e-08,0.34821256168238,TRUE,1,1.12398687062952e-05,5.48312264110675e-06
"FAXC",-1.66619063888099,-1.53066610744479,0.000808119216737126,0.00108397829204042,-1.59842837316289,TRUE,1.3094132663728e-05,5.4723985382088e-06,0.918662049663649,TRUE,0.75,0.000101449605537256,4.68525757675331e-05
"FER1L6",1.30570938577042,1.61807857376541,0.000811567399160028,0.00340591223770298,1.46189397976791,TRUE,3.81416004420391e-05,1.72171260605092e-05,0.806950544269259,TRUE,1,0.0002149522641933,0.00010613084458935
"SLC16A12",0.944348414640986,1.8632799353093,0.000821686894949745,0.00220014807216971,1.40381417497514,TRUE,2.57134966059716e-05,1.11839851738571e-05,0.506820471119508,TRUE,1,0.000161922434793622,7.79799111164932e-05
"HOXB8",1.17190650081335,3.15306443970557,0.000821686894949745,3.83159163642061e-05,2.16248547025946,TRUE,5.75326471632904e-07,2.5510467283052e-07,0.37167223290964,TRUE,1,1.54318581441788e-05,7.43165885511317e-06
"EBF2",-2.88996121484746,-1.40901437264394,0.000821686894949745,0.000736746783274525,-2.1494877937457,TRUE,9.27278429214066e-06,3.82885944150146e-06,0.487554769041532,TRUE,0.75,8.02001221022288e-05,3.7132051059687e-05
"RHPN1",0.97898130708078,2.25329520981472,0.000821686894949745,2.27759772856287e-05,1.61613825844775,TRUE,3.51723650640991e-07,1.61795340014592e-07,0.434466510564889,TRUE,1,1.27110951681288e-05,6.23353319074401e-06
"FAM110C",1.02768215867451,2.07818250879797,0.000844911087448204,0.000214320210359398,1.55293233373624,TRUE,2.99224874562653e-06,1.23520892736373e-06,0.494510060749633,TRUE,1,3.76295257684428e-05,1.72481562905024e-05
"STAMBPL1",-1.30768158634261,-1.02632037594572,0.000845109057322595,0.00127436583256203,-1.16700098114417,TRUE,1.5876112825963e-05,6.68635280598462e-06,0.784839663312981,TRUE,0.75,0.00011570587473161,5.39753904939947e-05
"SYT2",-1.19751408811766,-2.6653627657263,0.000846933827885759,0.000127391790441338,-1.93143842692198,TRUE,1.83871672637789e-06,7.70083273371469e-07,0.449287467926095,TRUE,0.75,2.80836585209673e-05,1.33192136093902e-05
"PROZ",1.34564159972766,3.85009661632638,0.000848146379766638,0.000947834941264196,2.59786910802702,TRUE,1.20857034780358e-05,5.03111358507446e-06,0.349508527661736,TRUE,1,9.59569356917043e-05,4.46064003630661e-05
"PPP2R2B",-1.35643457973606,-2.16047716311535,0.000848146379766638,9.48622635244466e-05,-1.75845587142571,TRUE,1.39476717447529e-06,5.91004379102422e-07,0.627840276626725,TRUE,0.75,2.4621526030466e-05,1.15135165870662e-05
"TSPAN12",0.899722070167097,2.31071532430877,0.000860336786145105,1.08395276500579e-05,1.60521869723793,TRUE,1.81761451038122e-07,8.97016360079661e-08,0.389369499869588,TRUE,1,1.14011267411847e-05,5.48312264110675e-06
"CPB2",1.23271830000705,3.97339989743287,0.000868129225001608,6.15932926549845e-05,2.60305909871996,TRUE,9.48795134107188e-07,4.11723839133238e-07,0.310242696891265,TRUE,1,2.03080493855872e-05,9.38110553896055e-06
"MYO7B",0.665166147745761,2.06385366106823,0.000875077145023884,0.000333690234436522,1.364509904407,TRUE,4.6856521976825e-06,1.92772784013417e-06,0.322293271220343,TRUE,1,5.13785097381072e-05,2.32094050752518e-05
"GLOD5",0.981509903475215,3.20899020825141,0.000875077145023884,0.00172852336552754,2.09525005586331,TRUE,2.17838652706427e-05,9.32423978849961e-06,0.305862542350992,TRUE,1,0.000144362816289263,6.8426196058288e-05
"FRK",0.824954334181669,1.84667807644061,0.000875077145023884,0.000288799765327172,1.33581620531114,TRUE,4.09181690373074e-06,1.68560770785753e-06,0.446723413629153,TRUE,1,4.66856907173864e-05,2.11989016469345e-05
"CNTNAP5",1.1013086875501,2.83467934511604,0.000875077145023884,3.44535069207529e-05,1.96799401633307,TRUE,5.5225092357371e-07,2.48715640083219e-07,0.388512615879317,TRUE,1,1.51076330947983e-05,7.29451129877289e-06
"PALMD",1.32734670477741,3.86336720263495,0.00088028553651693,1.34757324701678e-05,2.59535695370618,TRUE,2.28351606143119e-07,1.10907795169979e-07,0.343572493930194,TRUE,1,1.15504554227944e-05,5.74113067800963e-06
"PCDH1",0.938870408096994,3.10243937953456,0.00088215951593208,3.21886579284819e-06,2.02065489381578,TRUE,5.87208764788164e-08,3.30581154672771e-08,0.302623288722517,TRUE,1,9.95349288036787e-06,4.89521725828834e-06
"ADCY1",1.10356181037718,3.04101855678896,0.000895381958617354,4.52045484272982e-05,2.07229018358307,TRUE,7.29469718098743e-07,3.23654299361209e-07,0.362892165821718,TRUE,1,1.78184015291209e-05,8.23811964380062e-06
"HNMT",0.905539342834249,2.0988913962275,0.00089898634934466,0.000239881155182295,1.50221536953087,TRUE,3.52579142444716e-06,1.45926616379466e-06,0.431436969279042,TRUE,1,4.25101111146716e-05,1.92359875650444e-05
"GAS2",0.762116396834652,2.3580979603468,0.000903165079268244,6.67351810374482e-05,1.56010717859073,TRUE,1.06227244124372e-06,4.61110731486691e-07,0.323191152212595,TRUE,1,2.15402421339277e-05,1.0170534312314e-05
"UBE2B",0.720409332420134,1.42793360362585,0.000910796131658686,9.01259505582573e-05,1.07417146802299,TRUE,1.42136598819547e-06,6.0826529180158e-07,0.504511785835735,TRUE,1,2.47079251719332e-05,1.160007093311e-05
"MIB2",0.65643700571989,1.44547200123493,0.000910796131658686,4.77887648806312e-05,1.05095450347741,TRUE,7.8128465459589e-07,3.46195041078801e-07,0.454133324726503,TRUE,1,1.85494922474923e-05,8.64801209018636e-06
"NFE2L2",0.86772485207849,1.90136034003085,0.000910796131658686,6.73934831341321e-06,1.38454259605467,TRUE,1.22203270486808e-07,6.38447192891078e-08,0.456370543662654,TRUE,1,1.0460770248046e-05,4.92264795735861e-06
"KANK1",0.733274492908577,1.41267928303588,0.000910796131658686,0.000115575848026716,1.07297688797223,TRUE,1.79655174181453e-06,7.60559400903027e-07,0.519066501302939,TRUE,1,2.77369263453915e-05,1.32804627424371e-05
"GOLGB1",1.04315123931919,1.066458858398,0.000913582406990113,0.000693419758032594,1.0548050488586,TRUE,9.67475991710746e-06,4.00491162588779e-06,0.978144849287656,TRUE,1,8.2747997030679e-05,3.80556400684135e-05
"COX11",-0.725371274825238,-1.30498104301382,0.000915063959283971,2.97957517684001e-05,-1.01517615891953,TRUE,5.02157878336625e-07,2.29957732633679e-07,0.555848131824206,TRUE,0.75,1.4528387253326e-05,7.05529540433291e-06
"CSRNP1",0.781830821305918,1.51979457311734,0.000923835571407262,8.11752052021457e-05,1.15081269721163,TRUE,1.30531097594038e-06,5.62321843977642e-07,0.514431907532251,TRUE,1,2.39476533161703e-05,1.12944074633993e-05
"NUDT5",0.657319359838577,2.01251272518265,0.000923835571407262,1.08463911574559e-05,1.33491604251061,TRUE,1.94580394628629e-07,9.72137073063095e-08,0.326616250229633,TRUE,1,1.14011267411847e-05,5.56745529140729e-06
"SESN1",0.653772413893623,1.72036941982565,0.000939072996018779,3.11923400817507e-05,1.18707091685964,TRUE,5.37387600549219e-07,2.46178706420075e-07,0.380018620628516,TRUE,1,1.49183549440269e-05,7.29451129877289e-06
"NKX2-1",-2.26542110639039,-3.51961834918237,0.000940462089962458,0.000289597892865629,-2.89251972778638,TRUE,4.38932930481269e-06,1.81723281811319e-06,0.643655328969591,TRUE,0.75,4.88240881726933e-05,2.23015077282343e-05
"TBX1",-1.88570530540636,-1.21035976136309,0.000947923652012753,4.11173243518829e-05,-1.54803253338473,TRUE,7.0392046066834e-07,3.16657580379243e-07,0.64186050593004,TRUE,0.75,1.75483230136025e-05,8.1066058274361e-06
"HRH3",-1.3193731632073,-3.19899037190095,0.000956988268895528,0.00317163086206467,-2.25918176755412,TRUE,4.15982958029716e-05,1.8586713970925e-05,0.412434240126605,TRUE,0.75,0.000229136127489939,0.000111810495115373
"PLEK",-0.901180497327803,-1.39191724845811,0.000972369411626153,0.000159712235191712,-1.14654887289295,TRUE,2.59006787627827e-06,1.09048049645732e-06,0.647438271438969,TRUE,0.75,3.47278086217135e-05,1.61382957427358e-05
"FAM107A",0.919805099055549,2.3446300754287,0.000972369411626153,8.38590459083268e-05,1.63221758724212,TRUE,1.41248208934906e-06,6.11043291631752e-07,0.392302866322044,TRUE,1,2.47079251719332e-05,1.160007093311e-05
"NPR3",0.854381821725179,2.0761442843161,0.00100398699231734,0.000106408116084188,1.46526305302064,TRUE,1.82170600365333e-06,7.81864317733749e-07,0.411523335916231,TRUE,1,2.80231943502099e-05,1.33589096536784e-05
"HEBP1",0.698081919296722,2.25603242322201,0.00100398699231734,8.15638933181718e-05,1.47705717125937,TRUE,1.41814704342211e-06,6.16652493623526e-07,0.309429027752951,TRUE,1,2.47079251719332e-05,1.16523866336977e-05
"RGS7BP",-3.01454036416426,-2.86244422624734,0.00101001826417023,2.2284737134625e-05,-2.9384922952058,TRUE,4.18860114096926e-07,1.9918432692112e-07,0.949545828039,TRUE,0.75,1.3548555319118e-05,6.66102932271916e-06
"FBXL14",-0.61078550565172,-1.4864690540131,0.00102319299878952,8.43068404162379e-05,-1.04862727983241,TRUE,1.48939179918907e-06,6.47942064224694e-07,0.410896886149598,TRUE,0.75,2.54005732191681e-05,1.19592604117381e-05
"FOXP1",0.83450793743966,2.22866624291875,0.00102319299878952,0.000118346290728735,1.5315870901792,TRUE,2.04967540695363e-06,8.77338983795717e-07,0.374442759247233,TRUE,1,3.00966100605736e-05,1.41375004308983e-05
"TOE1",-1.01287623730225,-1.09462213894712,0.00102328311050418,2.0294878614647e-05,-1.05374918812469,TRUE,3.88140357994631e-07,1.86425542225699e-07,0.925320438225836,TRUE,0.75,1.31591354894242e-05,6.56564813053483e-06
"GADL1",-1.69450380926227,-0.636477727131638,0.00102646425178936,0.0312524369964045,-1.16549076819695,TRUE,0.000364015594209216,0.000235473715951562,0.37561304002541,TRUE,0.75,0.00117004026413247,0.000827820496227888
"ANK3",0.965699764659958,3.15244142306624,0.00103089407436813,0.000101898529661055,2.0590705938631,TRUE,1.79302574137971e-06,7.73344669413589e-07,0.306333928235426,TRUE,1,2.77330039852818e-05,1.33192136093902e-05
"KBTBD8",0.723587814618933,1.83455910391163,0.00105392878445384,2.07342931111599e-05,1.27907345926528,TRUE,4.07307107386201e-07,1.9620799740494e-07,0.394420552096743,TRUE,1,1.3485683758615e-05,6.66102932271916e-06
"F2RL1",1.33520886600487,2.87031351573134,0.00106176554820623,8.77331003151519e-05,2.10276119086811,TRUE,1.60119255759373e-06,6.98142098576326e-07,0.465178754406787,TRUE,1,2.61839630200119e-05,1.26171693550809e-05
"FABP2",1.72773083646098,3.21447165245346,0.00107538891766896,0.0016014125026037,2.47110124445722,TRUE,2.45783003623592e-05,1.04963937765934e-05,0.537485168096686,TRUE,1,0.000156753704944587,7.40161677624007e-05
"LGI2",-1.25932060821337,-1.01340699172304,0.00108297284696536,8.99704325451475e-05,-1.13636379996821,TRUE,1.67044211346867e-06,7.29062727855556e-07,0.804725170948158,TRUE,0.75,2.67649666422693e-05,1.29822178178649e-05
"GDPD1",0.711007854193796,2.23886301307532,0.00108329904157885,2.81319423783447e-05,1.47493543363456,TRUE,5.57891594935333e-07,2.6316003498561e-07,0.317575416647377,TRUE,1,1.51076330947983e-05,7.58281596850609e-06
"PROS1",0.64505196554989,1.9122199394775,0.00108329904157885,8.12433825666069e-06,1.2786359525137,TRUE,1.72047102092465e-07,9.11023102512232e-08,0.337331471256463,TRUE,1,1.10976665573536e-05,5.48312264110675e-06
"TMPRSS7",0.915548237730159,2.38788562258013,0.00108329904157885,0.000171781373510323,1.65171693015515,TRUE,3.06994257545861e-06,1.3025600007488e-06,0.383413773705334,TRUE,1,3.8435499659656e-05,1.78360235320627e-05
"ARL4A",0.575136562886821,1.65610407123744,0.00108447666419802,4.12123518181729e-05,1.11562031706213,TRUE,8.01066814956758e-07,3.67114210031438e-07,0.347282862759391,TRUE,1,1.88606731210374e-05,8.90023044646798e-06
"VIPR1",0.985518467506774,1.96234863727758,0.0010910893997544,0.000323076450940029,1.47393355239218,TRUE,5.59009947693052e-06,2.33580714636972e-06,0.502213749782002,TRUE,1,5.70863652607989e-05,2.61882293288753e-05
"TMEM37",1.29390610024481,0.71740616060676,0.00109899841283096,0.00223685765237218,1.00565613042578,TRUE,3.42098412437639e-05,1.48800292101292e-05,0.554449940742244,TRUE,1,0.000198332841574653,9.54754940083688e-05
"NECTIN1",0.69234902285049,2.25495079507994,0.00110411262635415,1.64341758320915e-05,1.47364990896522,TRUE,3.415805076111e-07,1.69299398722345e-07,0.307035091125323,TRUE,1,1.25879842717899e-05,6.34947656447165e-06
"MCM9",-1.17490150399877,-1.16453497314025,0.00110752431846745,0.00128339636675383,-1.16971823856951,TRUE,2.05588438706698e-05,8.70465070967885e-06,0.991176680919006,TRUE,0.75,0.000138518887637359,6.53504157796616e-05
"CCND3",-0.884745667012959,-1.85519191589032,0.00110752431846745,1.70075314793016e-05,-1.36996879145164,TRUE,3.53885803517349e-07,1.74939211006198e-07,0.476902502342117,TRUE,0.75,1.27110951681288e-05,6.46575011667715e-06
"RABIF",-0.740622088140405,-1.82743680240061,0.00112226958889528,0.000358234241637933,-1.28402944527051,TRUE,6.32270038218535e-06,2.64348303380402e-06,0.405279179650692,TRUE,0.75,6.15283678982814e-05,2.81550455729473e-05
"CHST11",-1.47233061920541,-2.38447209953437,0.00112226958889528,9.13227071805442e-05,-1.92840135936989,TRUE,1.7518919077881e-06,7.67227247955304e-07,0.617466071208349,TRUE,0.75,2.73603124509021e-05,1.32986056312253e-05
"RHOC",0.94920197972832,2.78440499722961,0.00112226958889528,2.43033807425651e-05,1.86680348847897,TRUE,5.02330773496957e-07,2.41164821668249e-07,0.340899395264965,TRUE,1,1.4528387253326e-05,7.2149665019666e-06
"C12orf75",0.766752071509452,1.77389070121045,0.00113584703950114,0.00031306966766756,1.27032138635995,TRUE,5.63605667871616e-06,2.36342288351121e-06,0.43224313143208,TRUE,1,5.74173274144208e-05,2.63152565985738e-05
"LHX4",-1.60007550910984,-2.8902790031523,0.0011399357141716,0.000133077263391847,-2.24517725613107,TRUE,2.533589002526e-06,1.09140847814881e-06,0.553605900110235,TRUE,0.75,3.4304633203531e-05,1.61382957427358e-05
"PXDN",0.77652581274678,2.47529410810095,0.0011399357141716,0.000123984523702583,1.62590996042386,TRUE,2.37047972526058e-06,1.02437390880894e-06,0.313710524420281,TRUE,1,3.27208479305227e-05,1.57018525828006e-05
"NPTX2",-0.90887042628919,-1.1099575140091,0.00114361403295578,0.000719547751004496,-1.00941397014914,TRUE,1.23518723120455e-05,5.16571998254722e-06,0.818833527245927,TRUE,0.75,9.76415677872458e-05,4.53769698088147e-05
"PCBD1",0.738297406184875,1.84329751205367,0.00114441054820911,1.24552133921815e-05,1.29079745911927,TRUE,2.71767806174136e-07,1.39190904135944e-07,0.400530788631249,TRUE,1,1.19352534980931e-05,5.92545532319244e-06
"DNAJC18",-1.21278088324372,-1.05654799398465,0.00117254068432429,0.000261954357331802,-1.13466443861419,TRUE,4.91318189189727e-06,2.07344902758422e-06,0.87117797500138,TRUE,0.75,5.31853508502188e-05,2.45112328560723e-05
"SEMA6A",0.679290634353587,1.48990485449334,0.00117439482429267,5.49158024886721e-05,1.08459774442346,TRUE,1.13228209810241e-06,5.14339872026426e-07,0.455928868413943,TRUE,1,2.22023301335905e-05,1.07643080377679e-05
"WSB1",0.923077790244414,1.54163484390059,0.00117936020304622,1.70075314793016e-05,1.2323563170725,TRUE,3.7557888662185e-07,1.87688859898394e-07,0.598765520834282,TRUE,1,1.30625769498324e-05,6.56564813053483e-06
"CDC42EP1",1.03154811598164,2.9999639833094,0.00122889812772957,8.12433825666069e-06,2.01575604964552,TRUE,1.9391177032268e-07,1.05241526493494e-07,0.343853500148921,TRUE,1,1.14011267411847e-05,5.69933922418637e-06
"GRAMD1B",0.64796697925336,1.48293867148357,0.00122889812772957,0.000309921574006796,1.06545282536847,TRUE,6.0103186139718e-06,2.53661911209235e-06,0.436947927593739,TRUE,1,5.92365820604941e-05,2.74594509239743e-05
"FUT11",-0.863527503740885,-1.61497207185901,0.00123245177323664,5.98586178856817e-05,-1.23924978779995,TRUE,1.28529104482877e-06,5.84327639940874e-07,0.534701199350694,TRUE,0.75,2.37344812548336e-05,1.14913250026423e-05
"SERINC4",-0.662721667775746,-1.62317077113605,0.00123245177323664,6.15932926549845e-05,-1.1429462194559,TRUE,1.3203695928498e-06,5.99134026835202e-07,0.408288320342232,TRUE,0.75,2.40676401483762e-05,1.15135165870662e-05
"DNAJC12",0.835609241857887,1.51325803178205,0.00123245177323664,1.7864473062504e-05,1.17443363681997,TRUE,4.1021044532938e-07,2.05630485861086e-07,0.552192173646587,TRUE,1,1.35028200348941e-05,6.69082503411528e-06
"FNDC3A",0.559572604048791,1.73349838151551,0.00125147025268827,1.25611380767506e-05,1.14653549278215,TRUE,2.98180214861214e-07,1.55127679257738e-07,0.322799611476756,TRUE,1,1.21490323564011e-05,6.23353319074401e-06
"TM4SF4",1.00785120273286,2.43880721494853,0.0012544453982034,2.61768428537669e-05,1.7233292088407,TRUE,5.98681896571485e-07,2.9081992014568e-07,0.413255790189274,TRUE,1,1.59573199853456e-05,7.9006078306243e-06
"GPR137B",0.839728001714654,2.38390690554244,0.00125721858564344,0.000217386495449552,1.61181745362855,TRUE,4.40363514600715e-06,1.88012999935427e-06,0.35224865524838,TRUE,1,4.89190190007295e-05,2.27656883921812e-05
"CCDC85A",-2.1741528422451,-4.45218298263181,0.00125920806609715,2.0416004517876e-05,-3.31316791243846,TRUE,4.74992883940436e-07,2.36052536850551e-07,0.488334116258605,TRUE,0.75,1.43369535603442e-05,7.14564750837595e-06
"NEGR1",1.01716611131039,1.15633883851586,0.00126065682171844,7.90822007584033e-05,1.08675247491313,TRUE,1.70690139662069e-06,7.64613711456974e-07,0.879643645469789,TRUE,1,2.70930641156497e-05,1.32804627424371e-05
"TSPAN18",0.88067813445432,2.10514523713921,0.00128489212137404,7.90822007584033e-05,1.49291168579676,TRUE,1.73778056882132e-06,7.80369062147734e-07,0.41834554638668,TRUE,1,2.73320726905035e-05,1.33589096536784e-05
"GNG10",-1.07500027534301,-1.51278986881519,0.00130886604243157,0.0033555694547024,-1.2938950720791,TRUE,5.85703958460763e-05,2.61818080545817e-05,0.710607796563934,TRUE,0.75,0.000294101110895345,0.000146576621579019
"PRKG2",1.09202987775294,1.822714874542,0.00131141082407175,4.38677432153262e-05,1.45737237614747,TRUE,1.01658750318095e-06,4.76814675298698e-07,0.599122711404511,TRUE,1,2.10229233221995e-05,1.03725640164602e-05
"ZBTB18",-1.07854702459751,-1.0790848542326,0.0013179767460313,0.000737704531449828,-1.07881593941505,TRUE,1.44321210603405e-05,6.0799994971994e-06,0.999501587263525,TRUE,0.75,0.000109222587208055,5.03754406043617e-05
"SH3D19",0.860094866698662,2.08311078089739,0.00131871201136058,8.61619273702088e-06,1.47160282379803,TRUE,2.19212032585246e-07,1.19889113969762e-07,0.412889643021356,TRUE,1,1.15504554227944e-05,5.74113067800963e-06
"CARD10",0.924808994558453,2.17170465103998,0.00132296560019902,0.00068210308927701,1.54825682279922,TRUE,1.34621758684161e-05,5.67021286990155e-06,0.425844736352884,TRUE,1,0.00010345004774315,4.77857113651085e-05
"USP13",-1.53047051826017,-0.930505456265118,0.00134075528976106,0.0128631263361859,-1.23048798726264,TRUE,0.000206402268077984,0.000107860274135674,0.607986527778993,TRUE,0.75,0.000760306659812686,0.000447053146001942
"PRSS12",-1.36440102887401,-1.07136777693297,0.00135437199055018,0.000909093917730202,-1.21788440290349,TRUE,1.79854787632721e-05,7.60348392425669e-06,0.785229382168625,TRUE,0.75,0.000127249514188225,5.9125807102752e-05
"TMEM51",0.845295704987158,2.12804600070496,0.00135976278036667,0.000552788928911856,1.48667085284606,TRUE,1.13508294727981e-05,4.78953370852686e-06,0.397216838690111,TRUE,1,9.2066632164054e-05,4.30499339485405e-05
"PDE1A",1.13496606480058,2.2570708789067,0.00137553704232846,0.000196900200952637,1.69601847185364,TRUE,4.36646463987361e-06,1.88754601659902e-06,0.502849102085064,TRUE,1,4.87617316041748e-05,2.279037042264e-05
"TOM1",0.701511850561273,2.13316232916195,0.00138476412788304,1.8577783988884e-05,1.41733708986161,TRUE,4.75304854938264e-07,2.42343522027788e-07,0.328860040781272,TRUE,1,1.43369535603442e-05,7.2149665019666e-06
"FOXL2",-1.66430482804623,-2.2502793919009,0.00139041100639681,0.00055483420137251,-1.95729210997357,TRUE,1.16295700457559e-05,4.91419794212966e-06,0.739599195564923,TRUE,0.75,9.36108601213933e-05,4.39838878115005e-05
"GYPC",1.14679000991532,2.26284069650496,0.00140263321461545,0.00845535386184488,1.70481535321014,TRUE,0.00014637742223085,7.17435263029031e-05,0.506792197827529,TRUE,1,0.000583856485095851,0.000320220183751136
"SLC35G1",-1.26337108178701,-1.74480454593172,0.00140843814507031,6.68545064226733e-05,-1.50408781385937,TRUE,1.61751300856988e-06,7.43510100931211e-07,0.724075991624826,TRUE,0.75,2.61863947695903e-05,1.31004855240752e-05
"EIF2AK3",1.02728132800443,2.38751174829124,0.00141309919970731,1.66119965255053e-05,1.70739653814783,TRUE,4.35857509285344e-07,2.25514351859246e-07,0.430272784517046,TRUE,1,1.36144086968828e-05,6.97613009620062e-06
"UGP2",0.536653491916154,1.6421660614529,0.00141896508328454,8.32756833356885e-06,1.08940977668453,TRUE,2.27512684891616e-07,1.26779984066516e-07,0.326796116734597,TRUE,1,1.15504554227944e-05,5.87281865290489e-06
"STAC",1.1141490008098,1.27098729595678,0.00143091417207621,0.000105837995532314,1.19256814838329,TRUE,2.52959377268404e-06,1.1319015834621e-06,0.876601209433086,TRUE,1,3.4304633203531e-05,1.63570901571372e-05
"RGS17",-1.63994641927636,-1.25871627349554,0.00143412779357087,0.000280996652634676,-1.44933134638595,TRUE,6.33668544409676e-06,2.71705829946178e-06,0.767534999131837,TRUE,0.75,6.15937452111974e-05,2.8648041557527e-05
"DAAM2",0.588669211480499,1.4442124758052,0.00143772608054805,0.00044451747454476,1.01644084364285,TRUE,9.75463389873573e-06,4.14105333557124e-06,0.40760568222643,TRUE,1,8.3178558173661e-05,3.88699535684406e-05
"SLC26A5",0.640366071656471,1.43836055252351,0.00143772608054805,3.18779345638634e-05,1.03936331208999,TRUE,8.20309691435797e-07,4.00660196020475e-07,0.4452055296796,TRUE,1,1.90491642318077e-05,9.32965885019106e-06
"HMGCL",0.789340596355082,1.72486728159395,0.00143772608054805,3.23967307610906e-05,1.25710393897452,TRUE,8.32907865757236e-07,4.06247341988575e-07,0.457623960276903,TRUE,1,1.91320516806459e-05,9.35572864890826e-06
"MYH15",0.877649406770958,1.79382820454836,0.00143772608054805,0.00148882752329082,1.33573880565966,TRUE,3.00839369144043e-05,1.28912046701846e-05,0.489260568289442,TRUE,1,0.000181354628383527,8.62299240677314e-05
"CGN",0.718136743818955,1.72910333704692,0.00144084188988188,1.25324765675894e-05,1.22362004043294,TRUE,3.40014134220847e-07,1.81754011618906e-07,0.415323207371421,TRUE,1,1.25849772998074e-05,6.55067417650058e-06
"TMEM184A",0.911198811448411,1.58151698316352,0.00145406227668556,0.00021938048563973,1.24635789730597,TRUE,5.09051946441892e-06,2.2039035952881e-06,0.57615493298449,TRUE,1,5.43543367380473e-05,2.54804328053413e-05
"UTP23",-0.753983476200715,-1.62103333884032,0.00149390444039278,3.24062896055169e-05,-1.18750840752052,TRUE,8.6383871383828e-07,4.2401188260488e-07,0.465125212501866,TRUE,0.75,1.93595986465742e-05,9.63518690873717e-06
"KPNA2",0.54457823025021,1.7030418979141,0.00150851990360932,1.13522199014097e-05,1.12381006408216,TRUE,3.23367578764625e-07,1.76290929521095e-07,0.319767958097339,TRUE,1,1.24277276836844e-05,6.46575011667715e-06
"PAM",0.649721669431793,1.41466705707814,0.0015103318581662,1.22285457526426e-05,1.03219436325496,TRUE,3.47352551947844e-07,1.8789408817721e-07,0.459275322897341,TRUE,1,1.26903458203014e-05,6.56564813053483e-06
"ZNF365",-0.785552651255801,-1.29286030749827,0.00151058916589372,3.96525593599774e-05,-1.03920647937704,TRUE,1.0560511230571e-06,5.10445782087032e-07,0.607608298204986,TRUE,0.75,2.15170416322883e-05,1.07560094263591e-05
"GRK5",0.94070890944582,2.76083712446997,0.00152840958762339,1.16124532946589e-05,1.85077301695789,TRUE,3.34506871438516e-07,1.82392532521725e-07,0.340733214976026,TRUE,1,1.24727614058225e-05,6.55067417650058e-06
"CALR3",-1.76005945216232,-2.1540884527119,0.00153354193663917,0.000627829234186946,-1.95707395243711,TRUE,1.43009069770534e-05,6.07802632945909e-06,0.817078541944962,TRUE,0.75,0.000108659617424332,5.03754406043617e-05
"COL9A3",-1.01260414302247,-1.81846863148625,0.00153971347002467,0.000227387325998871,-1.41553638725436,TRUE,5.55452136011378e-06,2.41559981795092e-06,0.556844437946044,TRUE,0.75,5.69977276614097e-05,2.66249987736697e-05
"CDO1",0.83293362835136,2.33934953257442,0.00154991944812463,0.000186986256679382,1.58614158046289,TRUE,4.65267615250717e-06,2.04135742121192e-06,0.356053516908493,TRUE,1,5.12156922969491e-05,2.41655663438439e-05
"SGPL1",0.646023738962222,2.15337414535354,0.00155490648601076,1.7601454033154e-05,1.39969894215788,TRUE,5.03962089763475e-07,2.63913486397982e-07,0.300005338299517,TRUE,1,1.4528387253326e-05,7.58281596850609e-06
"CHAC2",-0.850040354698405,-1.70778196112661,0.00157202746436641,0.000290461720659761,-1.27891115791251,TRUE,7.12291407454795e-06,3.07741400285e-06,0.497745247372001,TRUE,0.75,6.72314250510784e-05,3.13135187132732e-05
"TRIL",-1.24051717649936,-3.33293376402523,0.00159517763939964,6.0469678392511e-05,-2.28672547026229,TRUE,1.65468613841395e-06,7.80089378760174e-07,0.37219976883104,TRUE,0.75,2.66131303779822e-05,1.33589096536784e-05
"DCX",1.42490982810148,2.47208868532834,0.00160031992708837,0.000612696238771455,1.94849925671491,TRUE,1.45460550832471e-05,6.20086487945759e-06,0.576399154511814,TRUE,1,0.000109535763042959,5.1077289327777e-05
"PPP4R4",1.15300107410127,0.898858233673667,0.00160031992708837,0.00279550757449108,1.02592965388747,TRUE,5.95776613173765e-05,2.63090615766348e-05,0.779581436534478,TRUE,1,0.000298335323540762,0.000147169907073886
"IQSEC3",-1.9569149070735,-2.04872240930625,0.00160627940399083,6.67295764159551e-05,-2.00281865818988,TRUE,1.82738750348575e-06,8.56124247938794e-07,0.955187925013305,TRUE,0.75,2.80323141692285e-05,1.4008704875539e-05
"GUCA1A",0.899374243182407,2.3024819284427,0.00161236798059698,0.00043545285710269,1.60092808581255,TRUE,1.06504334410398e-05,4.56387435021632e-06,0.390610771825126,TRUE,1,8.79854520918646e-05,4.18121272202467e-05
"USP12",0.970916907756538,1.18561463686403,0.00162660357375203,3.70274884369557e-05,1.07826577231028,TRUE,1.06154361144143e-06,5.22413464154603e-07,0.818914407403598,TRUE,1,2.15402421339277e-05,1.08795491945317e-05
"PLIN2",0.623127567657775,1.79444563509074,0.00162660357375203,9.13055120594154e-06,1.20878660137426,TRUE,2.82557414722454e-07,1.60318254560643e-07,0.347253522465319,TRUE,1,1.20129584106568e-05,6.23353319074401e-06
"NBR1",0.674214179840959,1.47400683059368,0.00162660357375203,1.36086210856891e-05,1.07411050521732,TRUE,4.1230351070817e-07,2.23748743310992e-07,0.457402344308953,TRUE,1,1.35028200348941e-05,6.972405692294e-06
"LRP2",1.21446162248288,1.9138970517067,0.00162863241841791,0.0128285423220439,1.56417933709479,TRUE,0.000246037765209734,0.000126911698864252,0.634549084758707,TRUE,1,0.00087146514747919,0.000505975333759829
"GYS2",1.18726205638671,1.37219954403661,0.00163237020455832,0.0177005515383685,1.27973080021166,TRUE,0.000330888985289017,0.000180114992835101,0.865225514427835,TRUE,1,0.00108489875044054,0.000667827943687802
"C1S",0.690648549186433,1.84357366569491,0.00164661734870715,0.000224539781974208,1.26711110744067,TRUE,5.84562981163756e-06,2.56145573340749e-06,0.374624872354153,TRUE,1,5.8428724390849e-05,2.76894932645283e-05
"COL5A2",0.802156648821911,1.69940210197642,0.00164661734870715,0.000149534166942353,1.25077937539917,TRUE,3.99304419320101e-06,1.78359953073581e-06,0.472022864917606,TRUE,1,4.60543022390488e-05,2.1941639510184e-05
"LRRC8C",-0.80241685408762,-1.91722303340282,0.00165630194872871,8.708601144729e-06,-1.35981994374522,TRUE,2.74841585603898e-07,1.57403110989662e-07,0.418530781295401,TRUE,0.75,1.20026355364862e-05,6.23353319074401e-06
"GIMD1",1.43340149733399,4.58929282564965,0.0016663844848936,3.78467547355396e-05,3.01134716149182,TRUE,1.10866315326339e-06,5.46772812692886e-07,0.312336029054994,TRUE,1,2.20004935740886e-05,1.12214197588012e-05
"FGGY",0.579986308633011,1.68897414080268,0.00167636471700826,0.000178805392339755,1.13448022471784,TRUE,4.80198565632351e-06,2.13005821370071e-06,0.343395611940735,TRUE,1,5.23830507374493e-05,2.49026216676597e-05
"PLXNB2",0.934007857377418,3.02614681584402,0.00169764218748179,6.74458107485386e-06,1.98007733661072,TRUE,2.20814315374773e-07,1.31082080412348e-07,0.308645916479407,TRUE,1,1.15504554227944e-05,5.92545532319244e-06
"HID1",0.60777643409029,1.9267810937632,0.00170618069551923,8.99026520576662e-06,1.26727876392674,TRUE,2.91331895303756e-07,1.67288826902201e-07,0.315436162446063,TRUE,1,1.21490323564011e-05,6.33008971796007e-06
"CNOT6",0.787947717621656,2.52757805801584,0.00170618069551923,5.1763411508586e-06,1.65776288781875,TRUE,1.72616215262981e-07,1.06018517298523e-07,0.311740211196563,TRUE,1,1.10976665573536e-05,5.69933922418637e-06
"HS3ST1",1.27491582460822,1.25081661737924,0.00170863812697386,0.00123057292513629,1.26286622099373,TRUE,2.9588543338281e-05,1.27002576514323e-05,0.981097413049696,TRUE,1,0.000179576603254588,8.53451312508482e-05
"ANTXR1",1.21644762409241,3.02175082386673,0.00170863812697386,0.00106793849617571,2.11909922397957,TRUE,2.59367290761303e-05,1.11104646316473e-05,0.402563842949763,TRUE,1,0.000162665193502999,7.76358600311977e-05
"TM6SF1",-1.04907238947107,-0.963099559317155,0.0017379521749367,0.000373532489371579,-1.00608597439411,TRUE,9.89843110907959e-06,4.2846579378919e-06,0.918048715210906,TRUE,0.75,8.38991020805586e-05,3.99085282215074e-05
"TNFRSF19",1.00421318713478,2.38332336381854,0.00174264317559366,1.08463911574559e-05,1.69376827547666,TRUE,3.55044275492485e-07,2.00396705674066e-07,0.421349952918616,TRUE,1,1.27110951681288e-05,6.66102932271916e-06
"VILL",1.07865286814302,2.68371812621458,0.00175148988160379,8.20942342764609e-05,1.8811854971788,TRUE,2.40914499907367e-06,1.12613143310458e-06,0.401924798885076,TRUE,1,3.31492094353059e-05,1.63547214847236e-05
"STK17A",-1.14523244162803,-3.37344740304902,0.00175701157317402,0.000341453604140548,-2.25933992233853,TRUE,9.19491252998112e-06,3.99460037692201e-06,0.339484303384408,TRUE,0.75,8.00987447113257e-05,3.80429581963943e-05
"P2RY4",1.01053903268387,0.992190029511381,0.00175722341775443,8.66149471151216e-05,1.00136453109762,TRUE,2.54147478043179e-06,1.1840810043573e-06,0.981842360780709,TRUE,1,3.43233905318955e-05,1.67271176548874e-05
"CHTF8",-0.948677906611224,-1.4543510001778,0.00176605814562173,1.71837347098544e-05,-1.20151445339451,TRUE,5.55679028859498e-07,2.98965238454407e-07,0.652303265508289,TRUE,0.75,1.51076330947983e-05,7.95002027692194e-06
"EPHX1",0.58312985323704,1.47480438257715,0.00177221186405179,6.83230273084839e-05,1.02896711790709,TRUE,2.04954454440218e-06,9.72723162240285e-07,0.395394711411184,TRUE,1,3.00966100605736e-05,1.5137348991259e-05
"KITLG",1.25871146266091,1.26503255752715,0.00177309923543882,0.000737008558113987,1.26187201009403,TRUE,1.90110890074924e-05,8.15152688116161e-06,0.99500321566538,TRUE,1,0.000131756329049473,6.24704718306743e-05
"SURF2",-1.03465788778585,-1.01411718824408,0.00177309923543882,0.000323656094723392,-1.02438753801497,TRUE,8.82093997902307e-06,3.84202334413608e-06,0.980147351328148,TRUE,0.75,7.7800507036628e-05,3.71746459644948e-05
"NT5C1A",-1.015246992694,-2.43489080961455,0.00177309923543882,0.000945170686004056,-1.72506890115427,TRUE,2.39637155296389e-05,1.02754773451119e-05,0.416957913958661,TRUE,0.75,0.000153599933368191,7.30049840546258e-05
"ST6GAL1",0.807827065567281,2.2253435403013,0.00177309923543882,1.25324765675894e-05,1.51658530293429,TRUE,4.13810250010222e-07,2.30611244989021e-07,0.363012294927688,TRUE,1,1.35028200348941e-05,7.05529540433291e-06
"NMRK2",-1.4770383667116,-2.78897885079271,0.00177309923543882,1.09971772722193e-05,-2.13300860875216,TRUE,3.65664386503142e-07,2.06818801196107e-07,0.529598267226653,TRUE,0.75,1.29140472500026e-05,6.69082503411528e-06
"PCMTD1",1.27019858520609,2.22214911258218,0.00178862340836728,0.00027119764067214,1.74617384889414,TRUE,7.53749597122682e-06,3.30671654891201e-06,0.571608168873105,TRUE,1,6.98227495651568e-05,3.31297038635677e-05
"SLC35F3",-1.77774093376239,-2.66968289896785,0.00180828538214707,3.78467547355396e-05,-2.22371191636512,TRUE,1.19747839240752e-06,5.98854626998602e-07,0.665899659637369,TRUE,0.75,2.29581323667845e-05,1.15135165870662e-05
"SERPINA10",1.66440341302928,3.75171694911505,0.00180828538214707,0.000126271901276059,2.70806018107216,TRUE,3.7201467087014e-06,1.69778070158166e-06,0.443637789205254,TRUE,1,4.39987577284222e-05,2.12561140717964e-05
"CNGA3",-2.53024542147936,-2.66530916812476,0.00180920324888428,0.000496537665466092,-2.59777729480206,TRUE,1.34056397829678e-05,5.784260643793e-06,0.949325298445422,TRUE,0.75,0.000103274680925447,4.85419734819698e-05
"EPM2A",-0.937494774863703,-1.53579664813174,0.00181946514978559,0.000591575836849698,-1.23664571149772,TRUE,1.58675038403933e-05,6.82979307753406e-06,0.610428975739819,TRUE,0.75,0.00011570587473161,5.47158091920404e-05
"DHRS7",0.621484466353538,1.88920302816888,0.00183898332231686,1.48607194300904e-05,1.25534374726121,TRUE,5.03265508377695e-07,2.77278579097207e-07,0.328966477973473,TRUE,1,1.4528387253326e-05,7.78216303452955e-06
"COL6A2",0.748152844126066,2.29722982048581,0.00183898332231686,1.65624576186078e-05,1.52269133230594,TRUE,5.57593524910797e-07,3.03606307983095e-07,0.325676097991733,TRUE,1,1.51076330947983e-05,8.01671983322341e-06
"SLC3A1",0.889540416263043,1.7664244452595,0.00183898332231686,0.000286584993565721,1.32798243076127,TRUE,8.14570814909888e-06,3.57631126446378e-06,0.503582487578384,TRUE,1,7.38428045687295e-05,3.53296203701574e-05
"PENK",-1.82477472164641,-1.82060112790135,0.00183898332231686,0.000434137122231735,-1.82268792477388,TRUE,1.20080516406305e-05,5.20383816893233e-06,0.997712816987464,TRUE,0.75,9.58382727928285e-05,4.55658391734198e-05
"LMO7",1.13430523686871,3.03747520657497,0.00184435130156956,8.40452311516506e-06,2.08589022172184,TRUE,2.94243661017242e-07,1.73237568179552e-07,0.373436870995152,TRUE,1,1.21490323564011e-05,6.44018257846439e-06
"ROS1",1.4618779245853,0.622316045402196,0.00184435130156956,0.177245044444443,1.04209698499375,TRUE,0.002950569488609,0.00338558786966903,0.425696314949644,TRUE,1,0.00608492140765203,0.00730184294740831
"HACL1",0.489409725070559,1.5298381055028,0.00184435130156956,1.08987424391673e-05,1.00962391528668,TRUE,3.7634284354657e-07,2.14868458359163e-07,0.319909488010633,TRUE,1,1.30625769498324e-05,6.77035335707162e-06
"ELMOD1",-0.840118336327983,-1.29774621682284,0.00184588591567656,0.000771623156132102,-1.06893227657541,TRUE,2.05983657879042e-05,8.85395860694693e-06,0.647367201258173,TRUE,0.75,0.000138674939172578,6.60617545356357e-05
"BAIAP2L1",0.781428599282451,1.591945559564,0.00186414923125796,0.000180743441189952,1.18668707942322,TRUE,5.35837034829352e-06,2.40562202047379e-06,0.49086389580839,TRUE,1,5.60019076105251e-05,2.65495471947081e-05
"FFAR4",1.65915888797944,1.58747068399726,0.0018650312097912,0.00217666283221769,1.62331478598835,TRUE,5.4456510464594e-05,2.38197581882149e-05,0.956792441940579,TRUE,1,0.000279911087142449,0.000136324287915807
"ALDH1A1",0.787960165651095,1.975283581282,0.00187733726384901,1.0124334484037e-05,1.38162187346655,TRUE,3.56918434404748e-07,2.06326477347751e-07,0.398909894821124,TRUE,1,1.27110951681288e-05,6.69082503411528e-06
"NEFH",-2.15560270454135,-3.06241848594778,0.00190677359067118,3.0282762677781e-05,-2.60901059524457,TRUE,1.02015034329834e-06,5.25844281451526e-07,0.703889006167037,TRUE,0.75,2.10229233221995e-05,1.09241571803508e-05
"CEBPD",0.904521765126492,2.17159470435616,0.00191478391765228,0.00182120949792704,1.53805823474133,TRUE,4.73090746806559e-05,2.05837851037227e-05,0.416524208367263,TRUE,1,0.000252196048423421,0.000121242642487251
"SLC1A2",-1.24237851876929,-1.70094764408719,0.00194737862234773,0.000564381660237091,-1.47166308142824,TRUE,1.61793886123778e-05,7.00654004814893e-06,0.73040373881467,TRUE,0.75,0.000117511994754511,5.57105379438184e-05
"PATL2",-0.914719925901486,-1.27770314595727,0.00195890833247131,0.00295609001393178,-1.09621153592938,TRUE,7.56223545573558e-05,3.3572092657641e-05,0.715909582594138,TRUE,0.75,0.000356006216939808,0.000177848160853853
"NFASC",-1.74068338020778,-2.80813175191123,0.00195890833247131,0.000111644516908559,-2.27440756605951,TRUE,3.57260912357145e-06,1.66133757417697e-06,0.619872404143096,TRUE,0.75,4.28915508943224e-05,2.09546090457202e-05
"LGMN",0.604721370442304,1.80742757493422,0.00197939000113264,1.17650037093697e-05,1.20607447268826,TRUE,4.32573981851851e-07,2.4852600466474e-07,0.334575713477377,TRUE,1,1.36144086968828e-05,7.29451129877289e-06
"SLC25A38",-0.840005821311851,-1.78803891751869,0.00197939000113264,2.40367037286527e-05,-1.31402236941527,TRUE,8.49785865609843e-07,4.51391612310559e-07,0.46979168802296,TRUE,0.75,1.92898370356197e-05,1.00684086998534e-05
"PNRC1",0.587156195613365,1.6892188361071,0.00197973427380425,1.34757324701678e-05,1.13818751586023,TRUE,4.91933465080081e-07,2.78246866103338e-07,0.347590367253126,TRUE,1,1.45283207317727e-05,7.78356579898314e-06
"SYBU",-1.43252517018584,-0.872361911980174,0.00198454668826555,0.000259515325528874,-1.15244354108301,TRUE,7.9720295854872e-06,3.54315589090604e-06,0.608967947046266,TRUE,0.75,7.27351160027874e-05,3.5042928041213e-05
"ZMYND19",-0.887675750343886,-1.21941894361496,0.00198694854490872,5.1509238152803e-05,-1.05354734697942,TRUE,1.74959862390341e-06,8.65275357364581e-07,0.72794977886138,TRUE,0.75,2.73603124509021e-05,1.41039883250427e-05
"TRAM2",0.759118839685541,1.43282013668144,0.00201172586769638,2.72053807452534e-05,1.09596948818349,TRUE,9.69858454081303e-07,5.10304639655956e-07,0.529807489615369,TRUE,1,2.03983132922906e-05,1.07560094263591e-05
"RASSF6",0.96723637434697,1.9414672100959,0.00201172586769638,0.000716614849751709,1.45435179222143,TRUE,2.08312084901136e-05,9.01320822677132e-06,0.498198666100157,TRUE,1,0.000139811136418302,6.68953462028189e-05
"DLC1",1.01114554520516,1.6071502844117,0.00201693149772623,0.00128453217109927,1.30914791480843,TRUE,3.59178417222027e-05,1.55489221245197e-05,0.629154320546502,TRUE,1,0.000205563556000939,9.82793914447646e-05
"NFATC1",-0.860817376699113,-1.17820693476242,0.00203404046256968,3.78467547355396e-05,-1.01951215573077,TRUE,1.3379208433603e-06,6.83093076325747e-07,0.730616457348126,TRUE,0.75,2.42509812938416e-05,1.24513912149183e-05
"NAXD",0.512421865572446,1.51444847985797,0.00203404046256968,6.029138069373e-05,1.01343517271521,TRUE,2.07425665212356e-06,1.01616720227238e-06,0.338355429311469,TRUE,1,3.02605841366598e-05,1.5660060375383e-05
"DPP4",0.75187054861321,1.69348609072505,0.00204420488434395,0.000171781373510323,1.22267831966913,TRUE,5.57005365349565e-06,2.53650467862965e-06,0.443977988795469,TRUE,1,5.70863652607989e-05,2.74594509239743e-05
"FAM163A",-2.29477073334105,-2.61780147552642,0.00205464378957723,0.00207350116139123,-2.45628610443373,TRUE,5.69439759241791e-05,2.49332747234154e-05,0.876602276679363,TRUE,0.75,0.000287949326214825,0.000140889624370446
"PPM1L",0.717521815415274,1.54945882794338,0.00207282326995878,0.000730703339071292,1.13349032167933,TRUE,2.18110370755888e-05,9.45611805969193e-06,0.463078981174124,TRUE,1,0.000144429961134915,6.88677606285956e-05
"GPRC5C",0.709728931002743,1.64431459338185,0.00210190489361848,0.000148227488153882,1.1770217621923,TRUE,4.97925155983812e-06,2.29574552113032e-06,0.431626000194432,TRUE,1,5.36266025682185e-05,2.60049821290499e-05
"C5",1.24762916465953,1.93751429968116,0.00211329022155438,1.38596637741425e-05,1.59257173217035,TRUE,5.37346103280581e-07,3.07192415283097e-07,0.643932880838527,TRUE,1,1.49183549440269e-05,8.04516140688142e-06
"MMP23B",1.30148011800726,1.99762073600268,0.00212803914580765,1.69299856175317e-05,1.64955042700497,TRUE,6.53505171052788e-07,3.65720733142005e-07,0.65151512224066,TRUE,1,1.67851813025559e-05,8.90023044646798e-06
"TRIM9",-1.14943103197157,-1.54653520393253,0.00213530295841228,9.41811837413786e-05,-1.34798311795205,TRUE,3.30203677034008e-06,1.57374129683419e-06,0.743229788141129,TRUE,0.75,4.06212825332402e-05,2.03029394702687e-05
"IL15",1.21180645077894,3.30340137491432,0.00216736837785251,0.00054860630352036,2.25760391284663,TRUE,1.74102470816363e-05,7.61248064784503e-06,0.366835970942335,TRUE,1,0.000124613705244897,5.91340208698089e-05
"RDH10",0.742290999287496,1.60797208107774,0.00217011666279186,4.10221176266741e-05,1.17513154018262,TRUE,1.53425186083617e-06,7.86530524266027e-07,0.461631770863819,TRUE,1,2.57002347281568e-05,1.33868126981503e-05
"RGS7",0.677421907917107,1.32767289393289,0.00217011666279186,0.00845665889366531,1.002547400925,TRUE,0.000218494033838115,0.000105330781719482,0.510232536201306,TRUE,1,0.000793468479353841,0.000439533488430957
"ZNF462",1.04404632501851,2.35285333767747,0.00217011666279186,2.07342931111599e-05,1.69844983134799,TRUE,8.06176692299141e-07,4.42960489621669e-07,0.443736253467077,TRUE,1,1.89284034457826e-05,9.95897376666648e-06
"NIF3L1",-0.590757103725534,-1.41723374007814,0.00217011666279186,7.58818225273414e-05,-1.00399542190184,TRUE,2.73674141698867e-06,1.32959772414232e-06,0.41683815945065,TRUE,0.75,3.57420959174052e-05,1.80893584427452e-05
"PDE8A",0.8278510902758,1.85894511787471,0.00221837722049943,1.34757324701678e-05,1.34339810407525,TRUE,5.47830195904523e-07,3.1753104468013e-07,0.445333798354556,TRUE,1,1.50760024041777e-05,8.1066058274361e-06
"CSPG5",-0.863668047068088,-2.29360187591511,0.00222001619253511,6.87398201978362e-05,-1.5786349614916,TRUE,2.54778016894269e-06,1.25243915438666e-06,0.376555345606133,TRUE,0.75,3.43233905318955e-05,1.73742623119171e-05
"OAF",0.78848378824299,2.44772575742106,0.00222001619253511,4.48678644526419e-06,1.61810477283202,TRUE,1.93483507830837e-07,1.29062963760695e-07,0.322129137977345,TRUE,1,1.14011267411847e-05,5.9131766531657e-06
"VWA1",0.965100719630169,1.04527429544345,0.00222001619253511,0.0562910355861244,1.00518750753681,TRUE,0.00124810311506157,0.000862977825475175,0.923299007578421,TRUE,1,0.00307679504478516,0.00236336027422539
"CPN1",0.603047288236952,1.78877397089884,0.00222001619253511,2.18303689665817e-05,1.1959106295679,TRUE,8.64712404194555e-07,4.74659742732975e-07,0.337128836872513,TRUE,1,1.93595986465742e-05,1.03725640164602e-05
"BHLHE40",0.781287743267271,1.40905259197095,0.00222138746840608,3.04537099389723e-05,1.09517016761911,TRUE,1.18446990958686e-06,6.27925350937808e-07,0.554477347204213,TRUE,1,2.28691730151669e-05,1.17454568210921e-05
"FZD3",0.847081837040424,2.48035068705999,0.00226042671120743,4.59119174920729e-06,1.66371626205021,TRUE,2.0116373343e-07,1.34375335858472e-07,0.341516964298499,TRUE,1,1.14433812386086e-05,5.92545532319244e-06
"CALN1",0.946096386966589,2.73525106509747,0.00226814333663876,0.000140172417558887,1.84067372603203,TRUE,5.07463588294053e-06,2.37282718862364e-06,0.345890144798417,TRUE,1,5.43088557371261e-05,2.63216722450758e-05
"NPY",1.60882463527631,3.07276364353467,0.00227218975179559,0.000559701531362816,2.34079413940549,TRUE,1.85358785887725e-05,8.13483194528342e-06,0.523575784509623,TRUE,1,0.000130058035528506,6.23989462155857e-05
"CPT1A",0.84043562430295,2.23658935297658,0.00230373748692049,2.89592539045067e-05,1.53851248863976,TRUE,1.16902805461655e-06,6.27361455451947e-07,0.375766621255015,TRUE,1,2.27263343828667e-05,1.17454568210921e-05
"REEP1",-1.23747301181647,-1.97656544213548,0.00233169727235815,0.000177387350438697,-1.60701922697598,TRUE,6.49304430482755e-06,3.00248445250784e-06,0.626072370505228,TRUE,0.75,6.2610971021295e-05,3.08099978443782e-05
"FAM181B",-0.779303226553894,-1.78100580896356,0.00241524082854483,6.25198564894832e-05,-1.28015451775873,TRUE,2.52261189588594e-06,1.26809723799415e-06,0.437563551242656,TRUE,0.75,3.42654782524507e-05,1.75627323353569e-05
"DNER",-1.7989001378186,-1.74976210366231,0.00242842889912556,0.00888580059973437,-1.77433112074045,TRUE,0.000253414246872653,0.000122435661046194,0.972684401361002,TRUE,0.75,0.000889047664111177,0.000492765746926658
"TRPS1",-0.879206327711208,-1.60295160445993,0.00243735912432559,0.00487160849121694,-1.24107896608557,TRUE,0.00014653733248078,6.71644785213976e-05,0.548492122447723,TRUE,0.75,0.000583979412516152,0.000304920257068755
"C25H1ORF43",-1.12556534816842,-1.08868943599462,0.00245415681412662,0.00015708374729786,-1.10712739208152,TRUE,6.07896369782658e-06,2.85269639921371e-06,0.967237875407403,TRUE,0.75,5.9704862459766e-05,2.96903308625751e-05
"SLC29A1",-0.928865754423635,-1.13426936066408,0.00245569673625851,5.31154579851311e-05,-1.03156755754386,TRUE,2.1981488380908e-06,1.1247152252869e-06,0.818911086410559,TRUE,0.75,3.12407169654073e-05,1.63547214847236e-05
"STAU2",0.507827306678977,1.54686891978121,0.0024655697616964,9.64299321668158e-06,1.02734811323009,TRUE,4.41144651793447e-07,2.72862286432307e-07,0.328293690683763,TRUE,1,1.36964910937775e-05,7.69240317030933e-06
"DPH2",-0.994584810448954,-1.08462923496266,0.00246610911426547,0.000105572294274474,-1.03960702270581,TRUE,4.20762097039614e-06,2.03261769982088e-06,0.916981377957413,TRUE,0.75,4.74825167868488e-05,2.40991230511043e-05
"TACC3",0.791234083048054,1.88279628481439,0.00246631826759009,6.31952375016399e-06,1.33701518393122,TRUE,2.95773075192722e-07,1.9336707002271e-07,0.420244128071485,TRUE,1,1.21490323564011e-05,6.66102932271916e-06
"TAT",1.05325333067389,3.35869226642089,0.00247259336424529,0.000520085111176159,2.20597279854739,TRUE,1.87287142817705e-05,8.30079517011306e-06,0.313590304537268,TRUE,1,0.000130977378095946,6.33739834225745e-05
"ENGASE",-0.735027620708264,-1.34495151978873,0.00247259336424529,0.000543555459938436,-1.0399895702485,TRUE,1.95145790132626e-05,8.63801244943563e-06,0.546508636105878,TRUE,0.75,0.000133823278087713,6.50187094571294e-05
"APOB",2.0124621539676,6.21764421098202,0.00247778958495993,3.21886579284819e-06,4.11505318247481,TRUE,1.56696992929213e-07,1.12740239588405e-07,0.323669558063977,TRUE,1,1.10680309339001e-05,5.74113067800963e-06
"GLRX",1.54231845471213,0.520822883434566,0.00247946653030119,0.524236289776376,1.03157066907335,TRUE,0.00993785423191472,0.0259618215817132,0.337688291184831,TRUE,1,0.0168264587434497,0.0406976881314225
"CLRN3",0.885257608730594,1.91021551521638,0.0024921687301886,0.00101168819426982,1.39773656197348,TRUE,3.50226825913305e-05,1.53460226075541e-05,0.463433367428344,TRUE,1,0.000201665935899536,9.76523180342559e-05
"SPEF2",1.84204948480427,4.12740611941628,0.0024921687301886,0.000152121977886872,2.98472780211027,TRUE,5.9844717114768e-06,2.82051213218448e-06,0.446297125000333,TRUE,1,5.90505031740132e-05,2.94219752184477e-05
"AKAP12",-0.915010186456651,-2.10621792725333,0.0024921687301886,0.000150878934783594,-1.51061405685499,TRUE,5.9386556337858e-06,2.80046543632562e-06,0.434432816574634,TRUE,0.75,5.88221968668549e-05,2.92684895663328e-05
"SLC2A10",0.665773990611927,1.6548826841809,0.00249468142863665,0.00059485778191923,1.16032833739641,TRUE,2.14001622679705e-05,9.45753579184583e-06,0.40230887480792,TRUE,1,0.000142365130981142,6.88677606285956e-05
"ADAM12",0.71937530553178,2.20631080258481,0.00250279029279279,0.000147657355245864,1.4628430540583,TRUE,5.84302749120919e-06,2.76109651498047e-06,0.326053475643138,TRUE,1,5.8428724390849e-05,2.89283733757409e-05
"SMOC1",0.771106547048919,2.10325023988637,0.00256919321423184,2.2284737134625e-05,1.43717839346764,TRUE,1.01200502844019e-06,5.71267780857809e-07,0.366626154332725,TRUE,1,2.10229233221995e-05,1.14323645535601e-05
"COBL",0.59804246418224,1.63658462327434,0.00258473211210687,2.8347456735544e-05,1.11731354372829,TRUE,1.27704078307687e-06,7.02852835265944e-07,0.365421045558725,TRUE,1,2.37119553059591e-05,1.26752779398173e-05
"PIT54",0.786155301279228,2.55992673180208,0.00258473211210687,0.000126830891741602,1.67304101654065,TRUE,5.22249314811912e-06,2.50650234434602e-06,0.307100703904056,TRUE,1,5.5194329081618e-05,2.734248889405e-05
"GRIN2C",-0.961139471982435,-1.50242015978366,0.00258666906802116,0.00106290536354945,-1.23177981588305,TRUE,3.79528697061357e-05,1.66690332827901e-05,0.639727486165278,TRUE,0.75,0.000214602083808677,0.000103430985435526
"CD81",0.686530568110638,1.44408272718122,0.00258666906802116,0.000145322207562433,1.06530664764593,TRUE,5.93694984916187e-06,2.82209365887187e-06,0.47540944517127,TRUE,1,5.88221968668549e-05,2.94219752184477e-05
"FZD9",-0.963403270309197,-1.65794238365822,0.00258882834759944,9.49466576967526e-05,-1.31067282698371,TRUE,3.98657728521331e-06,1.95700861238546e-06,0.581083685298801,TRUE,0.75,4.60543022390488e-05,2.34148044167557e-05
"STARD8",0.598709655934169,1.65853699995388,0.00259402880496384,9.28364183434405e-06,1.12862332794403,TRUE,4.4652425788596e-07,2.80915822048478e-07,0.360986614076633,TRUE,1,1.38129182840927e-05,7.78822304393322e-06
"C8B",0.8740490378331,2.87836475746451,0.00260787557063081,0.00200080732019932,1.87620689764881,TRUE,6.8684857203685e-05,3.03197750338713e-05,0.303661666078427,TRUE,1,0.000331533513472912,0.000164449070801801
"ABHD17C",0.689677482324951,1.4359825294421,0.00260787557063081,6.90902581888361e-05,1.06283000588352,TRUE,2.97823229359782e-06,1.50380737518052e-06,0.480282641455883,TRUE,1,3.7539549807532e-05,1.96398633467336e-05
"INSR",0.680760970346934,2.23515733351269,0.00264510998874876,7.72432952339565e-06,1.45795915192981,TRUE,3.82199042420767e-07,2.47504490125117e-07,0.304569597915989,TRUE,1,1.30625769498324e-05,7.29451129877289e-06
"CDH1",0.701975888972284,1.41433969962171,0.00267707024704996,1.16032044273309e-05,1.058157794297,TRUE,5.68049768201423e-07,3.49922303577443e-07,0.496327642616578,TRUE,1,1.52850470961119e-05,8.66351159959629e-06
"GPA33",0.997364396404014,2.23585562489587,0.0026989795911762,0.0109297488327592,1.61661001064994,TRUE,0.000337209380797218,0.000166217175057048,0.446077280347859,TRUE,1,0.00110179591605161,0.000626436983451998
"F10",0.915766768336283,1.75193743783048,0.00274775205972245,7.5326566571838e-05,1.33385210308338,TRUE,3.39251585615169e-06,1.71544530558343e-06,0.522716592819849,TRUE,1,4.15534167582973e-05,2.13511224818284e-05
"APOA4",1.06817057016219,3.43874880096299,0.00275464167627461,0.00714089005204235,2.25345968556259,TRUE,0.000232828730958964,0.000109876182299407,0.31062768233116,TRUE,1,0.00083195592438769,0.000453435544764384
"BDKRB2",1.3741460301926,2.70571543676231,0.00276231017870664,9.58143396983399e-05,2.03993073347745,TRUE,4.27302320216055e-06,2.11848853504115e-06,0.507867904925332,TRUE,1,4.8034674617391e-05,2.4870233826882e-05
"SYNE2",0.958179780029277,1.82565969668477,0.00279705832919162,0.000358234241637933,1.39191973835702,TRUE,1.4843168165748e-05,6.76226196882901e-06,0.524840298424315,TRUE,1,0.000110374760196557,5.43288459220803e-05
"SLC24A3",-1.17058677334867,-2.96862234519177,0.00280020279877885,7.72432952339565e-06,-2.06960455927022,TRUE,4.03376376583253e-07,2.64958005757876e-07,0.394319868690825,TRUE,0.75,1.34607014485026e-05,7.58710830001269e-06
"FAM124A",-2.37276185559741,-3.0949103648607,0.00280060461357417,0.000118256357187979,-2.73383611022906,TRUE,5.27272432178823e-06,2.57598698560901e-06,0.766665775699843,TRUE,0.75,5.53532488853642e-05,2.76894932645283e-05
"TRIM2",1.23146873610954,2.23591184421562,0.00281320740037042,9.48622635244466e-05,1.73369029016258,TRUE,4.306306819973e-06,2.14327574266093e-06,0.550768018558243,TRUE,1,4.82807627064698e-05,2.49898824675899e-05
"ST14",0.610849826124939,1.8440590405441,0.00281320740037042,3.91679889707195e-05,1.22745443333452,TRUE,1.87551334099267e-06,1.01454502743348e-06,0.331252857253802,TRUE,1,2.84889804269782e-05,1.5660060375383e-05
"KIF1A",-0.786301990466673,-1.51231416931383,0.00281643008633547,3.72151506816801e-05,-1.14930807989025,TRUE,1.78928593197342e-06,9.73319395969341e-07,0.519932965267023,TRUE,0.75,2.77330039852818e-05,1.5137348991259e-05
"VIP",-1.9423123817368,-1.02185143012254,0.00281715691860671,0.14341437664219,-1.48208190592967,TRUE,0.00356105721382818,0.00335754903987695,0.526100456204069,TRUE,0.75,0.00711372164610126,0.00724690238400739
"DIO2",0.88033278689965,2.27267508383968,0.00281946833086115,4.87032835999131e-06,1.57650393536966,TRUE,2.62325000570226e-07,1.84055831020657e-07,0.387355321118903,TRUE,1,1.18234046742142e-05,6.56564813053483e-06
"PLCB2",-1.07443592346661,-1.42479442263351,0.00284419417626422,0.00307840893578535,-1.24961517305006,TRUE,0.000110721631640273,4.96505929009627e-05,0.754098911673645,TRUE,0.75,0.000470959842796442,0.000240204580724064
"BBOF1",0.835141920297171,1.64878866226578,0.00287610549994382,3.17472089284719e-05,1.24196529128148,TRUE,1.5713270992374e-06,8.73171332127498e-07,0.506518475903097,TRUE,1,2.60631378754025e-05,1.41375004308983e-05
"RAPGEF4",-0.912722588306393,-1.37059644248617,0.00292951058735315,0.000164747114464069,-1.14165951539628,TRUE,7.50198517470422e-06,3.60056214543381e-06,0.665930948026375,TRUE,0.75,6.96460310413943e-05,3.54864706333685e-05
"DCLK2",-1.214327040092,-0.965982811104137,0.00293762416858848,0.000287019882185357,-1.09015492559807,TRUE,1.26356393944286e-05,5.85739878955494e-06,0.795488183340584,TRUE,0.75,9.88916708284183e-05,4.89136080199681e-05
"HPRT1",-0.729122986335607,-1.48330119271169,0.00295183841026492,4.52045484272982e-05,-1.10621208952365,TRUE,2.24568862895114e-06,1.20832760863721e-06,0.491554237209684,TRUE,0.75,3.15662633814094e-05,1.6956597368889e-05
"CDK6",0.633931968818762,1.96925738935271,0.0029541051409253,0.000200109900719869,1.30159467908574,TRUE,9.06888618054367e-06,4.30029031062151e-06,0.321914226269392,TRUE,1,7.91389816857912e-05,4.00101653927859e-05
"ZHX3",0.697868042898734,1.94097300921807,0.00295427099615588,0.000218296988407023,1.3194205260584,TRUE,9.83753521136252e-06,4.63861894306472e-06,0.359545464869639,TRUE,1,8.3550048548606e-05,4.20953052915065e-05
"SLC6A9",0.775668023596555,2.32300322336323,0.00298056968577479,0.000331416938630893,1.54933562347989,TRUE,1.46470425908009e-05,6.75024844054573e-06,0.333907424576685,TRUE,1,0.000109671672261156,5.43288459220803e-05
"ACSL1",0.895939506740018,2.13923242493953,0.00298066423425647,7.20869818141211e-06,1.51758596583978,TRUE,4.00852415106606e-07,2.70060771634384e-07,0.4188135409201,TRUE,1,1.34293481045201e-05,7.6663537161606e-06
"KCNG2",-1.58105293762727,-2.63166220473722,0.00299141326119452,0.000317565132723822,-2.10635757118224,TRUE,1.41230275388452e-05,6.52625696306863e-06,0.600781108905708,TRUE,0.75,0.000107456715816204,5.30539125984819e-05
"AR",0.676448554513831,1.53482939757348,0.00301540750816669,1.1678145206208e-05,1.10563897604366,TRUE,6.39556697506242e-07,4.05013680038202e-07,0.440732081092059,TRUE,1,1.65437415848418e-05,9.35572864890826e-06
"VAV3",0.937595618004804,1.71624986178964,0.00301593072618511,1.70075314793016e-05,1.32692273989722,TRUE,9.12291512324907e-07,5.5085268202415e-07,0.546304846910295,TRUE,1,1.98122405326591e-05,1.12310226512147e-05
"HABP2",1.18292830595406,3.62146079350804,0.00302512400879212,0.00267321722549138,2.40219454973105,TRUE,0.000102906933300508,4.60327272522321e-05,0.326643963141784,TRUE,1,0.000446158141511562,0.000226844997784837
"SDC4",0.67666304470655,1.54643869015434,0.00302684611071568,3.90460500146473e-05,1.11155086743044,TRUE,2.00337775182741e-06,1.10010202702959e-06,0.437562154267504,TRUE,1,2.96864157770789e-05,1.61772479706858e-05
"ST6GAL2",-1.09515194722869,-2.67398976298876,0.00302684611071568,1.16032044273309e-05,-1.88457085510872,TRUE,6.37956191331988e-07,4.04712197310531e-07,0.409557269959261,TRUE,0.75,1.65437415848418e-05,9.35572864890826e-06
"SEMA7A",0.932708081366121,2.00536843630329,0.00305086235824923,0.000177387350438697,1.4690382588347,TRUE,8.35020768000283e-06,4.01105418446068e-06,0.465105595800382,TRUE,1,7.49749579403644e-05,3.80713272872214e-05
"MSANTD3",-0.721389302682216,-1.67918173463467,0.00305086235824923,1.65624576186078e-05,-1.20028551865845,TRUE,8.99465579940564e-07,5.46349077312769e-07,0.429607640318433,TRUE,0.75,1.97498774053523e-05,1.12214197588012e-05
"PRR7",-0.899693316275783,-1.68710069653964,0.00306248997228277,0.000146503033600507,-1.29339700640771,TRUE,7.00678294315678e-06,3.41512494639318e-06,0.533277781297296,TRUE,0.75,6.635697455441e-05,3.4094934093791e-05
"ADAMTS20",-1.34271739721698,-1.97492948623748,0.00309809636749467,0.00024783033706988,-1.65882344172723,TRUE,1.15782536456511e-05,5.45209791846801e-06,0.679881183897378,TRUE,0.75,9.34640741909893e-05,4.67732610900151e-05
"CER1",1.32783304427957,0.680858568778794,0.00310612922939206,0.103917438166418,1.00434580652918,TRUE,0.00291746778136314,0.00236011926347501,0.51275916931876,TRUE,1,0.00602986025721384,0.00538330755576271
"CSGALNACT1",-1.14193514544071,-1.26814866560189,0.00311270832736178,0.0182458432252886,-1.2050419055213,TRUE,0.000612016564353802,0.000320958796463655,0.900474192352461,TRUE,0.75,0.00175543832518278,0.00106558823299097
"BORCS5",-0.66426471026861,-1.4235261544942,0.00313755395930172,1.08463911574559e-05,-1.04389543238141,TRUE,6.19230235352289e-07,3.99855430432972e-07,0.466633302220311,TRUE,0.75,1.62729601102043e-05,9.32965885019106e-06
"FLT4",-1.00223884832424,-1.49476174936094,0.00316240813348947,0.00381360582615418,-1.24850029884259,TRUE,0.000148648950275343,6.74382239158611e-05,0.670500732810922,TRUE,0.75,0.000589863531148785,0.000305617844414329
"F5",1.24066463364885,1.9673518892015,0.00320488063166692,1.76831209120467e-05,1.60400826142518,TRUE,1.00230504213499e-06,6.10848128856922e-07,0.630626702044852,TRUE,1,2.09766358941634e-05,1.160007093311e-05
"OTOP3",1.02982978317354,2.67927881641677,0.00324031260816859,0.000372144667733673,1.85455429979516,TRUE,1.76397719485778e-05,8.1658780256566e-06,0.384368277337715,TRUE,1,0.000125642610954744,6.25239224439615e-05
"CTDSPL",0.673821810177892,1.50097449276578,0.00326708310034379,8.78104175216817e-05,1.08739815147184,TRUE,4.60855743930184e-06,2.36988914537051e-06,0.448922892044801,TRUE,1,5.07960115156338e-05,2.63216722450758e-05
"HSPA12A",-1.05497827326275,-1.98761286094559,0.0032902766173193,0.000115988622845848,-1.52129556710417,TRUE,6.0217376702727e-06,3.02565297849444e-06,0.530776538023029,TRUE,0.75,5.928019569481e-05,3.0935385579878e-05
"ALCAM",0.87146495482,1.51884193315321,0.0032902766173193,2.6157723642405e-05,1.1951534439866,TRUE,1.48620310048477e-06,8.68952122146105e-07,0.573769354004327,TRUE,1,2.54005732191681e-05,1.41367335648952e-05
"RASSF2",-1.41397330908984,-3.83221480556232,0.00332065051472998,0.00103099522974245,-2.62309405732608,TRUE,4.65086660315371e-05,2.08352991688532e-05,0.368970264150513,TRUE,0.75,0.000249810935195838,0.000122553779150034
"MICAL2",0.82166388362184,1.83079371898524,0.0033737199802491,0.000445023338429101,1.32622880130354,TRUE,2.1633628762945e-05,9.97628315779764e-06,0.44880200052099,TRUE,1,0.000143591728578482,7.15994716727289e-05
"FOXP2",0.632117156789622,1.42566965623481,0.00343312994735732,1.10832186609031e-05,1.02889340651222,TRUE,6.88112298060034e-07,4.53179963777472e-07,0.443382626560939,TRUE,1,1.73398326164979e-05,1.0081767383144e-05
"IGDCC3",-0.588280831918999,-1.79662418189841,0.00345006978576875,2.68402532885295e-05,-1.1924525069087,TRUE,1.59226693822207e-06,9.38016513352125e-07,0.327436777176955,TRUE,0.75,2.61045542908515e-05,1.4750701237797e-05
"ZMYND11",0.818649258992027,2.25992544147104,0.0034616006309428,8.32756833356885e-06,1.53928735023153,TRUE,5.29315096035754e-07,3.63412215098613e-07,0.362246136075688,TRUE,1,1.49052317408606e-05,8.88506770129264e-06
"PRR15L",0.86574863741997,1.62381368708857,0.00346205715763435,0.00656915507754575,1.24478116225427,TRUE,0.000265891929081096,0.000124568426537852,0.533157617960604,TRUE,1,0.000921381844191076,0.000499925181503236
"SH3PXD2B",0.726724072560034,1.89905388738447,0.00355578233242044,0.00011490182373776,1.31288897997225,TRUE,6.41882021152126e-06,3.27124794119449e-06,0.382676909479875,TRUE,1,6.21506342101212e-05,3.28520113146499e-05
"RIPK2",-0.789157555823932,-2.46959934915825,0.00357027162583211,0.000276535281753924,-1.62937845249109,TRUE,1.4640056522837e-05,6.9839559844187e-06,0.319548819160854,TRUE,0.75,0.000109671672261156,5.56876866640949e-05
"CAPN6",1.01392811172465,2.62549661951996,0.00363048640681993,0.000336939034165485,1.81971236562231,TRUE,1.78766098233009e-05,8.44488924744979e-06,0.386185266507804,TRUE,1,0.000126584916342772,6.38682238610539e-05
"PTK2B",0.970134099812498,1.03586416464947,0.00383695007048749,0.000863620769424128,1.00299913223098,TRUE,4.51237466547401e-05,2.05735136417085e-05,0.936545671642949,TRUE,1,0.000244492749698537,0.000121242642487251
"NR2F2",0.71390939753493,1.61233226250598,0.00384302047502082,9.57873351502147e-05,1.16312083002045,TRUE,5.8216568158654e-06,3.05921483700899e-06,0.442780569573998,TRUE,1,5.8428724390849e-05,3.11657511520291e-05
"TAL1",-1.39797827189611,-2.81471004496927,0.00386525084629252,8.19280744904852e-05,-2.10634415843269,TRUE,5.05580329637153e-06,2.70021179338276e-06,0.496668661979843,TRUE,0.75,5.4175712692851e-05,2.85730276663074e-05
"TOX2",0.755889908141147,1.3735032998211,0.0039018270884378,4.90442800930605e-05,1.06469660398112,TRUE,3.1515643565327e-06,1.77956246083522e-06,0.550337162087343,TRUE,1,3.92256380117052e-05,2.19237956657548e-05
"IHH",0.767247103462514,2.10291613582556,0.00390943047830424,0.000183753319953179,1.43508161964404,TRUE,1.08806456741976e-05,5.41899256711886e-06,0.364849120890552,TRUE,1,8.90323470568493e-05,4.66308436537051e-05
"SRD5A2",-1.56742496064936,-1.3078244074217,0.00391349748851114,0.00129474172790626,-1.43762468403553,TRUE,6.68473391198358e-05,3.02567312433499e-05,0.83437768330542,TRUE,0.75,0.000325631061137775,0.000164394906422201
"JAG2",0.761340179778255,2.04337473369868,0.00391349748851114,2.09048534247065e-05,1.40235745673847,TRUE,1.41687426620983e-06,8.86559672230725e-07,0.372589602495556,TRUE,1,2.47079251719332e-05,1.41515626776415e-05
"SGPP2",0.898150424967473,1.32421098183686,0.00394913608339592,0.00258143696767166,1.11118070340216,TRUE,0.000127366017202951,5.76500324195317e-05,0.678253267256264,TRUE,1,0.000520769108447762,0.000270565711399751
"DENND4C",1.38797420530453,3.35068896105673,0.00396386793696407,1.22383385694857e-05,2.36933158318063,TRUE,8.6551046491622e-07,5.83529666253746e-07,0.414235466626778,TRUE,1,1.93595986465742e-05,1.14913250026423e-05
"ROR2",-0.932601373252573,-1.31688045880779,0.00397019144629001,0.0253530536970902,-1.12474091603018,TRUE,0.00102707826301809,0.00055954268778402,0.708189848983624,TRUE,0.75,0.00263643711609367,0.00166060357901168
"ARHGEF3",1.23486302016376,1.58456620722281,0.00397274084641757,0.00052447771022371,1.40971461369329,TRUE,2.93402163749488e-05,1.36944067865574e-05,0.779306673671938,TRUE,1,0.000178526686284326,8.97167397130087e-05
"TBL1XR1",0.883214067389038,2.4378597792897,0.00398594213807268,6.52939768790646e-06,1.66053692333937,TRUE,4.80545014452035e-07,3.55200410528944e-07,0.362290758021518,TRUE,1,1.43871754784198e-05,8.75197290593991e-06
"MFSD12",-1.32335087732208,-2.10452689983491,0.00402914708435345,0.000334080058899902,-1.71393888857849,TRUE,1.95425104425835e-05,9.37127792588477e-06,0.628811576333802,TRUE,0.75,0.000133899609852753,6.84749583618959e-05
"SLC25A14",-0.870190961903682,-1.50765289393198,0.00407535278320119,4.22583337911819e-05,-1.18892192791783,TRUE,2.85442210811714e-06,1.65463487511452e-06,0.577182563311514,TRUE,0.75,3.67133259308056e-05,2.09212766893989e-05
"MFSD4A",0.757559470635423,2.48236894946605,0.00411856548509296,0.00894620345035008,1.61996421005074,TRUE,0.000412993247992483,0.00019808226064677,0.305176017770594,TRUE,1,0.00128648686879246,0.00072157507810265
"RASEF",-0.61604864659417,-1.42165271833813,0.00416727405482871,7.90822007584033e-05,-1.01885068246615,TRUE,5.24836848015769e-06,2.85483950601684e-06,0.433332725107657,TRUE,0.75,5.5253991457797e-05,2.96903308625751e-05
"CHL1",0.732164646827958,1.86631331367089,0.00421582352423786,0.0602602431192241,1.29923898024942,TRUE,0.0023570421270319,0.00153537918190183,0.392305322726252,TRUE,1,0.00510953684622055,0.00379150206629437
"ANKRD34B",-1.22342842651163,-3.65748555326307,0.00426950938061692,0.00018350073930125,-2.44045698988735,TRUE,1.17985254531897e-05,5.9635870732766e-06,0.334499865739765,TRUE,0.75,9.45220243300903e-05,4.96535992466527e-05
"FBXO43",-1.44904433037273,-2.17214914362985,0.00426950938061692,0.00163406373440891,-1.81059673700129,TRUE,8.98100139597584e-05,4.08248072332196e-05,0.667101674220792,TRUE,0.75,0.000405011098763783,0.000207826466131393
"QKI",0.695177314782495,1.55651156631632,0.00428477648128804,9.58143396983399e-05,1.12584444054941,TRUE,6.44790058929066e-06,3.45913788213359e-06,0.446625216173447,TRUE,1,6.23174519895412e-05,3.44127378978454e-05
"MYO1D",0.55690195115523,1.48103072487583,0.00429426467805661,0.000111650510886431,1.01896633801553,TRUE,7.45584734448601e-06,3.94263273562068e-06,0.376023226123091,TRUE,1,6.94370300730086e-05,3.76750338975432e-05
"PDXK",0.717979790166421,2.28608110196305,0.00430166257804051,4.05468727369313e-05,1.50203044606473,TRUE,2.88869299073297e-06,1.70300666746392e-06,0.314065756262932,TRUE,1,3.68712361547515e-05,2.12900951525431e-05
"FLRT2",0.84957895627949,1.21270726403393,0.00430166257804051,0.017966772147173,1.03114311015671,TRUE,0.000809039059169679,0.000417154117772101,0.700563921299082,TRUE,1,0.00217793111959618,0.00131491197554345
"TSPAN2",-0.94805534815808,-1.22411696064038,0.00443187004841217,0.0270457016968312,-1.08608615439923,TRUE,0.00120212565963557,0.000657588639798146,0.774481016635958,TRUE,0.75,0.00298979374738003,0.00189840644105214
"TBX6",0.633285289019339,1.81410843101237,0.00444526939728118,0.00219435396370222,1.22369686001586,TRUE,0.000122299729759703,5.5692762673698e-05,0.349088995008932,TRUE,1,0.000506900982612832,0.000264158845227904
"KCNH7",1.16583015482505,1.65978017922914,0.00449519943914742,0.00115492092163669,1.4128051670271,TRUE,6.83654202339158e-05,3.14106526502211e-05,0.702400335547148,TRUE,1,0.000330367903023187,0.000168184896944583
"EHHADH",0.529455556009642,1.64351641619439,0.00449519943914742,8.32756833356885e-06,1.08648598610202,TRUE,6.77582473389386e-07,4.99687266897197e-07,0.322148017989142,TRUE,1,1.73021542343065e-05,1.07224032258751e-05
"DBX2",-2.8896116025591,-3.31747682836327,0.00451440775985966,1.58224731628677e-05,-3.10354421546118,TRUE,1.2467634745633e-06,8.39294764798382e-07,0.871026913542824,TRUE,0.75,2.32754656441066e-05,1.38942625516232e-05
"FRRS1",0.685672844841496,1.79332955942603,0.00461229798087105,6.21921994390932e-06,1.23950120213376,TRUE,5.26852469366421e-07,4.09215927144047e-07,0.382346257126856,TRUE,1,1.48916047722467e-05,9.36996178008984e-06
"AEBP1",-0.90906956357694,-1.32814088009564,0.00462931227559782,0.033151899490872,-1.11860522183629,TRUE,0.00150124872586213,0.000848646726777424,0.684467722664691,TRUE,0.75,0.00357532570958342,0.00233240261224561
"NEURL2",-0.747872473927069,-2.23161582206007,0.00467899141130031,0.000629151840287237,-1.48974414799357,TRUE,4.04354251843043e-05,1.90921160315716e-05,0.335125995493564,TRUE,0.75,0.000225036548826108,0.00011436379892834
"C1QL3",-1.58479692542505,-4.66654921354385,0.00471218115133964,0.00013129011713894,-3.12567306948445,TRUE,9.46288418856022e-06,5.01465958546721e-06,0.339607888592594,TRUE,0.75,8.12746274881157e-05,4.45537260444655e-05
"BRPF1",-0.683650451300077,-1.35048543808161,0.00477317452665316,1.07198985842411e-05,-1.01706794469084,TRUE,9.10183243686969e-07,6.57580838669958e-07,0.50622571115703,TRUE,0.75,1.98122405326591e-05,1.20567491968567e-05
"SULT1C3",0.938584639834532,2.6361093340122,0.00480349656326779,2.11576808364314e-05,1.78734698692337,TRUE,1.73808248940318e-06,1.14274022700034e-06,0.356049207718555,TRUE,1,2.73320726905035e-05,1.64167223119574e-05
"VTN",0.663870161201563,2.13046706344357,0.00481153615702708,1.12875076940897e-05,1.39716861232256,TRUE,9.62842161357586e-07,6.91921977158394e-07,0.311607803092961,TRUE,1,2.03886972682247e-05,1.25314758085354e-05
"LIN28B",-1.38136394420246,-2.5219777885805,0.00496037031755528,0.00020010410074602,-1.95167086639148,TRUE,1.47131162090641e-05,7.57653819016824e-06,0.547730416364993,TRUE,0.75,0.000109826015750103,5.89703743800422e-05
"SARDH",0.689571858744113,1.81339636497176,0.00499908575580658,0.00025049841698287,1.25148411185794,TRUE,1.8271217164372e-05,9.24772552879372e-06,0.380265380511475,TRUE,1,0.000128733862581228,6.79824124735954e-05
"WDR72",1.31735533286221,1.05662956446872,0.005037609585606,0.0299992917806746,1.18699244866547,TRUE,0.00148063010129113,0.000817799243774342,0.802083946609137,TRUE,1,0.00353891121133207,0.00226300454911299
"GPR183",0.728399274231416,2.1367251957482,0.0050574651743318,0.00316577522105671,1.43256223498981,TRUE,0.000192805986428623,8.8748852052678e-05,0.340895158479357,TRUE,1,0.000722787943816455,0.000381651582952054
"NRBP2",0.585637845424645,1.52636295018867,0.00507085079948507,4.38677432153262e-05,1.05600039780666,TRUE,3.63001513182648e-06,2.20168444342583e-06,0.383681905638666,TRUE,1,4.33551644346164e-05,2.54804328053413e-05
"BBOX1",0.500505421573594,1.53603335648439,0.00517680638887528,0.000103155473533198,1.01826938902899,TRUE,8.24672242879052e-06,4.55978570090831e-06,0.325842807684287,TRUE,1,7.44400631591357e-05,4.18121272202467e-05
"CPNE4",-1.58431013293629,-0.836920494438964,0.00520091652609895,0.221143669014934,-1.21061531368763,TRUE,0.00893420592112763,0.00926064160041262,0.528255470340173,TRUE,0.75,0.0154012950934078,0.0169935479985056
"ASPM",1.08654074371625,1.97053831605443,0.00522983080172415,6.73403509496843e-05,1.52853952988534,TRUE,5.5852459043171e-06,3.24261326234421e-06,0.551392852838208,TRUE,1,5.70863652607989e-05,3.26959506356785e-05
"FGD6",0.94472384003247,1.76786151984416,0.00522983080172415,0.000107228576325037,1.35629267993831,TRUE,8.63271732169791e-06,4.76395012283248e-06,0.53438791977086,TRUE,1,7.66187560405356e-05,4.29858456637752e-05
"NAF1",-0.75174688046053,-1.2492792656034,0.00522983080172415,0.000239091106650645,-1.00051307303197,TRUE,1.82459776552457e-05,9.3415090126614e-06,0.601744462714216,TRUE,0.75,0.00012866298386511,6.84749583618959e-05
"IL7R",1.07660760579701,3.32404452202312,0.00523165359237737,0.000362546893838567,2.20032606391006,TRUE,2.68867320817878e-05,1.33314366175252e-05,0.323884833269848,TRUE,1,0.000166587676261136,8.79170295526133e-05
"RTKN2",0.711972427555266,1.54084602489731,0.00523165359237737,5.09519465143414e-05,1.12640922622629,TRUE,4.30170079057285e-06,2.58078099091286e-06,0.462065914472353,TRUE,1,4.82807627064698e-05,2.76894932645283e-05
"KCNC2",-0.952437356066796,-2.99962730837681,0.00523988731022825,0.00011522319201141,-1.9760323322218,TRUE,9.24960745260006e-06,5.06876688921576e-06,0.317518564191959,TRUE,0.75,8.01632645892005e-05,4.48932791567323e-05
"IL13RA1",1.08586491709495,1.41337338388766,0.00529774654294715,5.82084724474447e-05,1.24961915049131,TRUE,4.93149836907163e-06,2.92042111749158e-06,0.768278877665112,TRUE,1,5.33155359390958e-05,3.02609894765998e-05
"BMP4",-2.52985060762518,-3.6210699862355,0.00532342721904482,0.000344584212229134,-3.07546029693034,TRUE,2.60642002646438e-05,1.3006639118629e-05,0.698647255436021,TRUE,0.75,0.000163255335767926,8.66700260766504e-05
"RASSF9",1.49443969379651,1.27220934574186,0.00538032186128902,0.00056231704961261,1.38332451976918,TRUE,4.14741904752142e-05,2.00699401743387e-05,0.851295205168103,TRUE,1,0.000228864087544216,0.000119043256065567
"ABCA12",0.763848944531249,1.52500669878189,0.00543367189414005,0.000342455708185133,1.14442782165657,TRUE,2.64130270165763e-05,1.32300409141362e-05,0.500882353593187,TRUE,1,0.000164615306612133,8.76761741893808e-05
"MRM1",-0.902067354403476,-1.63194921098135,0.00553268029440439,4.54891923935752e-05,-1.26700828269241,TRUE,4.0759414508615e-06,2.51253974314913e-06,0.552754551632787,TRUE,0.75,4.66230495782754e-05,2.73731193610952e-05
"CLGN",-1.02208000421494,-2.14219484479551,0.00555943330552568,1.16032044273309e-05,-1.58213742450522,TRUE,1.13252062787266e-06,8.44463138083285e-07,0.477118132693716,TRUE,0.75,2.22023301335905e-05,1.39114008267475e-05
"HPGD",1.81614180836551,4.42496457083798,0.00559735787838457,6.12843971852306e-05,3.12055318960174,TRUE,5.44919567396904e-06,3.24799320849944e-06,0.410430813465605,TRUE,1,5.63948504671082e-05,3.26959506356785e-05
"MC5R",1.38529277270674,3.46828243454719,0.00561840289049322,7.24529339840943e-05,2.42678760362697,TRUE,6.39680890529482e-06,3.74191662599888e-06,0.39941752116494,TRUE,1,6.20902966214195e-05,3.645171682821e-05
"IFIH1",0.687385498029555,2.24220952606676,0.00562106885741007,3.96525593599774e-05,1.46479751204816,TRUE,3.63680060323411e-06,2.28997436391154e-06,0.306566130434453,TRUE,1,4.33551644346164e-05,2.60049821290499e-05
"SPNS2",-2.08243339846178,-2.45602694308265,0.0056594375184604,0.0013021448824141,-2.26923017077221,TRUE,9.4462343279181e-05,4.42831835771873e-05,0.847887033294526,TRUE,0.75,0.000420516187833161,0.000219756594847915
"HEY2",-0.810351795443464,-1.90284054974849,0.00570653526625138,0.0172575807488968,-1.35659617259598,TRUE,0.00100703187134416,0.000512348648434635,0.425864266740885,TRUE,0.75,0.00259204437944522,0.00154897066757542
"MAP7",1.0308957955007,1.68396879037258,0.00572880392055725,0.00148951310399982,1.35743229293664,TRUE,0.000108128002953362,5.05581618032158e-05,0.612182245534736,TRUE,1,0.000462174963707864,0.000243621932600374
"SLC12A1",1.48081372115316,1.36339257086323,0.00572984246850316,9.41811837413786e-05,1.42210314600819,TRUE,8.32796898126848e-06,4.75000094701805e-06,0.920704982259018,TRUE,1,7.48976596640811e-05,4.29221833975746e-05
"RGS9BP",-0.995236911571636,-2.78993595165791,0.00575319711687272,6.50800752079762e-06,-1.89258643161477,TRUE,6.77715338106389e-07,5.58896250724139e-07,0.356723928009967,TRUE,0.75,1.73021542343065e-05,1.12944074633993e-05
"MAN1A1",1.20115041399498,3.9278164289805,0.00579820344507498,1.05728911500392e-05,2.56448342148774,TRUE,1.07940156615092e-06,8.26455806790527e-07,0.305806148457591,TRUE,1,2.16801129732113e-05,1.37353714085422e-05
"OTUD7A",-0.835023358440027,-1.60410779508238,0.00580729999593192,2.73289612236496e-05,-1.2195655767612,TRUE,2.64346396049274e-06,1.76331569057275e-06,0.520553145493033,TRUE,0.75,3.48784842947181e-05,2.17552602522484e-05
"GRIN2A",0.899265826246531,1.57567133578769,0.00580729999593192,0.0174271215782888,1.23746858101711,TRUE,0.00103212087923827,0.000525485979707141,0.570719163204795,TRUE,1,0.00264777741296112,0.00158056038466917
"APELA",0.627815981884665,2.08507289867961,0.00582916672596163,2.4286026921992e-05,1.35644444028214,TRUE,2.37415307660116e-06,1.61130605458304e-06,0.301100255191191,TRUE,1,3.27208479305227e-05,2.05994421095714e-05
"ZNRF2",0.836660743460428,1.4594229563487,0.00586296497284285,1.50885601931346e-05,1.14804184990456,TRUE,1.52517377013801e-06,1.11022302873298e-06,0.573281885022319,TRUE,1,2.56495493565273e-05,1.62525913498113e-05
"PRLR",1.54184804731562,1.95319193739345,0.00600422060292979,0.0155402125722675,1.74751999235454,TRUE,0.000959158819180872,0.000482167524371357,0.789399145981129,TRUE,1,0.00249302920006837,0.00147273943660239
"MOCOS",0.58264270202128,1.869315492592,0.00601553822451313,0.000260163151465143,1.22597909730664,TRUE,2.24856185383925e-05,1.17148556999513e-05,0.311687729722597,TRUE,1,0.000146945337495308,8.03357622794273e-05
"SLC25A29",1.47898505487066,2.41313547680568,0.0062269878941267,0.000297701258663762,1.94606026583817,TRUE,2.63205226310497e-05,1.36398692851536e-05,0.612889358714506,TRUE,1,0.000164280375420308,8.94826099543048e-05
"KCNMB4",-1.21320841015439,-1.45100858205145,0.00624712887082985,0.0240345377101431,-1.33210849610292,TRUE,0.00147202425261986,0.000777982061692439,0.836113876348784,TRUE,0.75,0.00352205920153945,0.00217773314230684
"GIN1",0.890321670067451,1.59027900542097,0.00626555931995331,0.00529345504767679,1.24030033774421,TRUE,0.000375244346017553,0.000176512270811835,0.559852495714594,TRUE,1,0.00119525406871281,0.000657118935924395
"KLHL42",-0.76740547914808,-2.11628769694233,0.00630065863168044,6.14646338636334e-05,-1.4418465880452,TRUE,6.10494562222771e-06,3.73988622859311e-06,0.3626186932225,TRUE,0.75,5.98906470995394e-05,3.645171682821e-05
"RPA3",-1.55105370965245,-0.853824183362872,0.00630962217607074,0.000242866813787115,-1.20243894650766,TRUE,2.20491772214256e-05,1.16582548703725e-05,0.550480088503312,TRUE,0.75,0.000145214132682833,8.0034289903516e-05
"RGS20",-1.38538870908936,-3.82053827023565,0.00632777525893388,1.80406947215962e-05,-2.60296348966251,TRUE,1.93904292462007e-06,1.40480585808511e-06,0.362616105663014,TRUE,0.75,2.89864688343558e-05,1.87809691689738e-05
"TPH2",-1.09949353763299,-1.90643832278886,0.00635568732864816,1.39744661087286e-05,-1.50296593021092,TRUE,1.53091637167377e-06,1.15394022104365e-06,0.576726519022433,TRUE,0.75,2.56951429035779e-05,1.6465988743377e-05
"ACKR2",1.18854833535411,2.70961757123895,0.00636906064554431,0.0175613861781419,1.94908295329653,TRUE,0.0011294964130849,0.0005745133681615,0.438640621455172,TRUE,1,0.0028427227146131,0.00169730753173122
"CFAP45",-2.39188995859013,-0.943130894773821,0.00643945037303623,0.0519457669236609,-1.66751042668198,TRUE,0.00301147875725824,0.00181528716978352,0.394303630644336,TRUE,0.75,0.00619395630830401,0.00432931177576959
"GPR157",1.08728819825264,2.5029675836253,0.00671560692393557,7.14685196906188e-05,1.79512789093897,TRUE,7.4630880599942e-06,4.55671583288186e-06,0.434399632406667,TRUE,1,6.94370300730086e-05,4.18121272202467e-05
"G2E3",0.918313515009934,1.96187618126586,0.00671560692393557,7.13968382007024e-05,1.4400948481379,TRUE,7.45608387577411e-06,4.55299902846207e-06,0.468079241584661,TRUE,1,6.94370300730086e-05,4.18121272202467e-05
"PIK3C2G",0.88277841596354,2.63030926021715,0.00677617070615846,8.47429397798953e-06,1.75654383809035,TRUE,1.0148307739504e-06,8.4413135348349e-07,0.335617727282251,TRUE,1,2.10229233221995e-05,1.39114008267475e-05
"ALB",1.1578784436204,1.63593688091875,0.00681144972399927,2.49649466299203e-05,1.39690766226958,TRUE,2.82060952609926e-06,1.98960449415697e-06,0.707776966902371,TRUE,1,3.6333565871151e-05,2.37185480906814e-05
"WNT4",-1.75763452065402,-3.31595866453512,0.00688174441435873,0.000144512805690894,-2.53679659259457,TRUE,1.47395127696147e-05,8.3457987620772e-06,0.530053205865408,TRUE,0.75,0.000109878724921068,6.34999912992516e-05
"PACSIN2",0.832117615442367,1.72046726804162,0.00696916752305392,2.22727332074674e-05,1.276292441742,TRUE,2.58886248854023e-06,1.86881453967391e-06,0.483657917182901,TRUE,1,3.47278086217135e-05,2.26935129488196e-05
"MASP1",0.964804778929266,2.82068279495384,0.00703616758402113,4.83698333121994e-05,1.89274378694155,TRUE,5.40910675778589e-06,3.51160676459461e-06,0.342046535915094,TRUE,1,5.62717568370649e-05,3.4812139107256e-05
"B3GAT2",-0.811087967763244,-2.17062674190761,0.00705773941139523,0.0195698715854488,-1.49085735483543,TRUE,0.0013656375793264,0.000701532959216711,0.373665334580019,TRUE,0.75,0.00330529529479457,0.00200141143127595
"LAMP5",1.19426069226607,1.25532994827429,0.00706389695280894,0.000988318581373348,1.22479532027018,TRUE,8.98661734219688e-05,4.37576432411602e-05,0.951352028132387,TRUE,1,0.000405011098763783,0.000217914091722722
"CDC14A",1.08678712450917,0.991628684327752,0.00716409219437377,0.000638417230343315,1.03920790441846,TRUE,6.08079544218385e-05,3.04441806125988e-05,0.912440589297194,TRUE,1,0.000303169260325274,0.00016476502534959
"ARL4C",-0.884364350183727,-2.83504739309345,0.00716692369478425,8.12433825666069e-06,-1.85970587163859,TRUE,1.02821761745459e-06,8.76821872775047e-07,0.311939882323715,TRUE,0.75,2.11021126526516e-05,1.41375004308983e-05
"ASAP3",0.638538778903855,1.80209203622656,0.00724075157204729,1.10736636317921e-05,1.22031540756521,TRUE,1.39026727291464e-06,1.13073483298809e-06,0.354331946464235,TRUE,1,2.4621526030466e-05,1.63570901571372e-05
"PI15",1.30454705471556,3.54094761081981,0.00725048817210442,1.08463911574559e-05,2.42274733276768,TRUE,1.36509010198885e-06,1.11444650308101e-06,0.368417496697593,TRUE,1,2.4372548923434e-05,1.62862906208873e-05
"ZFAND6",0.697146819939187,2.19182732473617,0.00736375068169064,7.85551843169443e-06,1.44448707233768,TRUE,1.0218787645996e-06,8.84070656015368e-07,0.318066488208921,TRUE,1,2.10229233221995e-05,1.41515626776415e-05
"NKX2-8",-1.13201551953657,-3.47007426471711,0.00736617426919426,7.7283906566821e-05,-2.30104489212684,TRUE,8.75499313652094e-06,5.41313786006636e-06,0.326222274562431,TRUE,0.75,7.73798976278952e-05,4.6627801323092e-05
"SCUBE3",-1.16966559633451,-2.27828565989631,0.00737796637773119,0.000603221429394814,-1.72397562811541,TRUE,5.92923444167505e-05,2.99375410975911e-05,0.513397251680785,TRUE,0.75,0.000297198055160483,0.000162974051601273
"RGS10",-0.701573185925217,-2.03656828804059,0.00738413980458334,9.64860292613254e-05,-1.36907073698291,TRUE,1.07970946285372e-05,6.50134692392612e-06,0.344487926108389,TRUE,0.75,8.85926176877843e-05,5.29859774299979e-05
"PREX1",0.686395361440197,1.34685046034706,0.00746112499298475,0.000294813167208599,1.01662291089363,TRUE,3.08547997802614e-05,1.65409630668023e-05,0.509629971291191,TRUE,1,0.000183655395321275,0.000102937740788705
"PLCB1",1.00999496271686,1.38060301083166,0.00755577796379034,0.000480944864414113,1.19529898677426,TRUE,4.91493971237107e-05,2.53337992814906e-05,0.731560741786627,TRUE,1,0.000258430701005317,0.000142772129461379
"ZBTB21",-0.895338328520451,-1.12235055666088,0.00770270491656075,0.00400585344844381,-1.00884444259067,TRUE,0.00035133098425317,0.000166574525135799,0.797735006417409,TRUE,0.75,0.00113713443443722,0.000627504744467124
"TCF7L2",0.66478723150787,2.00982880102146,0.0077219987855292,0.000126143962715849,1.33730801626466,TRUE,1.44571224789678e-05,8.52345359436679e-06,0.330768088888966,TRUE,1,0.000109311837762472,6.43892982761613e-05
"TRPV2",0.628140613079431,1.69797829252356,0.00773709692800094,0.00870515250066718,1.16305945280149,TRUE,0.000714312733388164,0.00034513550032278,0.369934418976511,TRUE,1,0.00198183788157056,0.00112774421770851
"KCNG1",-1.61246259646733,-3.04203435887609,0.00783044887742745,8.61619273702088e-06,-2.32724847767171,TRUE,1.18148431104777e-06,1.0269516160788e-06,0.530060612814074,TRUE,0.75,2.28636096357098e-05,1.57018525828006e-05
"TACC1",-1.04401941809919,-1.51670437575489,0.00818205875331565,0.00370201069347585,-1.28036189692704,TRUE,0.000345448866856024,0.000164547309706831,0.688347337021136,TRUE,0.75,0.00112098950822039,0.00062180249535225
"BARHL2",-2.31628651096315,-3.1702614342894,0.00841040441819053,0.00443739771154916,-2.74327397262628,TRUE,0.000417837171515821,0.000199461228504116,0.730629495066339,TRUE,0.75,0.00129823602117599,0.000724153967579266
"TMEM9",-1.02001919349392,-1.87091116192467,0.00855012994256588,0.000382251133274722,-1.4454651777093,TRUE,4.45509439472709e-05,2.39359894671498e-05,0.545199159774423,TRUE,0.75,0.000242813763434945,0.000136804751667945
"TNFAIP6",-2.46082415469695,-2.35276031128432,0.00861099589623155,0.00278943238887508,-2.40679223299063,TRUE,0.000279509477651922,0.000134180520437566,0.956086320427904,TRUE,0.75,0.000953752951923386,0.00052873737388601
"MME",-1.37513842152429,-3.34938752155491,0.00864509381508,4.24932537509488e-05,-2.3622629715396,TRUE,5.8104778465314e-06,4.0580064446516e-06,0.410564144242677,TRUE,0.75,5.8428724390849e-05,3.8264963465013e-05
"TCTE1",-1.17221513742962,-2.56093774175558,0.0087121647340416,0.000113772250138117,-1.8665764395926,TRUE,1.4693930971971e-05,9.02092740795446e-06,0.45772886951404,TRUE,0.75,0.000109826015750103,6.68953462028189e-05
"CLIP2",-0.83783215986121,-2.32638984225622,0.00894968844487518,5.88147242944683e-05,-1.58211100105871,TRUE,8.13628870822098e-06,5.48053150584149e-06,0.360142631575734,TRUE,0.75,7.38363844656114e-05,4.68748587724647e-05
"ODF2L",1.79763587130105,2.03025141144906,0.00896989998197898,0.000280683518058292,1.91394364137506,TRUE,3.49763429994264e-05,1.95381545118334e-05,0.885425253820175,TRUE,1,0.000201536018533744,0.000116316852473623
"CDC42EP3",-1.12814459003045,-3.13922070397582,0.00912865016724829,3.40840750211097e-05,-2.13368264700313,TRUE,4.97298166431588e-06,3.64326967405848e-06,0.359370906480598,TRUE,0.75,5.36266025682185e-05,3.5741150182083e-05
"BCO1",1.36553711347827,1.06142897597084,0.00919332275312221,0.00814622830750167,1.21348304472456,TRUE,0.000786315427178773,0.000381535996896498,0.777297786705472,TRUE,1,0.00213001264326215,0.00122371643443185
"SFRP4",-1.32562894739953,-2.01407331453816,0.00926745556568598,7.61862781196881e-05,-1.66985113096885,TRUE,1.07062872467167e-05,7.02759280279963e-06,0.658183065050692,TRUE,0.75,8.82147190062808e-05,5.57732926933798e-05
"DLL4",0.701209165797536,1.35406417185227,0.00947154937268349,0.000318733609970044,1.0276366688249,TRUE,4.13909990560136e-05,2.3085645522114e-05,0.517855195029883,TRUE,1,0.000228684074478599,0.000133021027495199
"LRR1",-0.501709656345245,-1.62880199620811,0.00962228778594993,1.34757324701678e-05,-1.06525582627668,TRUE,2.1859706568274e-06,1.88693030722664e-06,0.308023723886168,TRUE,0.75,3.12407169654073e-05,2.279037042264e-05
"SYNM",0.924228331843947,1.184772654866,0.00987954712834351,0.000214320210359398,1.05450049335497,TRUE,2.97817372045666e-05,1.74813283922992e-05,0.780089182551633,TRUE,1,0.000180307146104219,0.000107137917175075
"RBPJ",0.737675645351967,1.80189415270447,0.00994230357374533,2.30721219734729e-05,1.26978489902822,TRUE,3.73626875102513e-06,2.9841784684459e-06,0.409389000039091,TRUE,1,4.41067046430209e-05,3.07663715659719e-05
"CACNG5",-1.66143537486183,-5.0063109419394,0.0100761484781236,1.48007344297318e-05,-3.33387315840061,TRUE,2.49329118990293e-06,2.15130943514996e-06,0.331868194790595,TRUE,0.75,3.39761030958476e-05,2.50473884235317e-05
"HS1BP3",1.26129968696273,1.50946684691481,0.0101591794856651,9.24040846329947e-05,1.38538326693877,TRUE,1.39673908126661e-05,9.15332652207113e-06,0.835592838319502,TRUE,1,0.000106463673136833,6.74639961748477e-05
"TSHZ3",-1.09221736452455,-1.60283461049656,0.0101839359039509,0.0186820775262713,-1.34752598751055,TRUE,0.00182021504565248,0.00092860782398807,0.681428612392002,TRUE,0.75,0.00414735019541677,0.00250027951592214
"SERPINF1",0.730182284808832,1.51290877669067,0.0101911632435857,0.000280430031265677,1.12154553074975,TRUE,3.93403087523718e-05,2.25787918937126e-05,0.482634707431621,TRUE,1,0.000220680646581803,0.000130722568368243
"CAPSL",1.50231239196287,2.33698821331364,0.0104430706780165,0.0018458765168227,1.91965030263825,TRUE,0.000228555500233423,0.000113710118480492,0.64284123617069,TRUE,1,0.00082013482402181,0.000464038018411484
"FAM169A",-0.660897590820029,-1.600575042255,0.0104805607045193,0.000540017547608858,-1.13073631653751,TRUE,7.40408250714749e-05,4.00870905907791e-05,0.412912592894684,TRUE,0.75,0.000350807506353531,0.000205056234066049
"TRPM6",1.36779444014852,1.49145566493863,0.0105120554994469,0.000168888653231439,1.42962505254358,TRUE,2.52838937821991e-05,1.54804828815802e-05,0.917086891888804,TRUE,1,0.000160049502388289,9.8066197985257e-05
"SLC23A1",0.845505522145411,2.35510811798977,0.0105834736305361,9.53049281420452e-06,1.60030682006759,TRUE,1.72575957636953e-06,1.63416874832123e-06,0.359009217320818,TRUE,1,2.72901831516943e-05,2.07976190852414e-05
"GRIP1",-1.09511456996992,-2.76506419486116,0.0106752247007591,7.14685196906188e-05,-1.93008938241554,TRUE,1.15098141028755e-05,7.91836318647654e-06,0.39605394044926,TRUE,0.75,9.3000175725427e-05,6.11814460971515e-05
"FRZB",-0.62963197148005,-1.78689693904501,0.011039072560195,0.000195965449378936,-1.20826445526253,TRUE,3.03808139319238e-05,1.84884920420014e-05,0.352360540623316,TRUE,0.75,0.000182112997798434,0.000111298621127844
"ENDOD1",-1.0105852212731,-2.36364846234135,0.0110393561667084,0.000345687296404115,-1.68711684180722,TRUE,5.14276515056761e-05,2.93754742388685e-05,0.427553097414516,TRUE,0.75,0.000268081656926267,0.000160532894679981
"PALM",-1.32745088829885,-3.63251495761062,0.0115697718582115,0.00103192521011532,-2.47998292295473,TRUE,0.000147277503315533,7.70268045542366e-05,0.365435766621597,TRUE,0.75,0.000585792641061689,0.00033951076203937
"CEP57L1",1.21354211730552,1.77234781125317,0.0115708204052753,0.00733712813478391,1.49294496427935,TRUE,0.000880723748483385,0.000431945106088349,0.684708785488028,TRUE,1,0.00232627438209572,0.00134998772832037
"MOGAT2",1.39444241717666,1.59566644530525,0.0116599371257339,0.0047188606784604,1.49505443124095,TRUE,0.00059466179243335,0.000291590666384067,0.873893426335668,TRUE,1,0.00172202027764437,0.000988608995308542
"PARPBP",0.765998650578855,1.50648736223693,0.0121333890002768,2.82713231807237e-05,1.13624300640789,TRUE,5.44913997703807e-06,4.48961136068071e-06,0.508466695294045,TRUE,1,5.63948504671082e-05,4.14983052269681e-05
"ADGRG1",-0.756795384310457,-2.17717900779923,0.012170049498584,4.46616954963554e-05,-1.46698719605484,TRUE,8.38412136642286e-06,6.4268957982172e-06,0.347603656658188,TRUE,0.75,7.51998018008467e-05,5.25307317123327e-05
"MTTPL",1.19511207227615,2.3914695985929,0.0122406105678958,0.000984492315650543,1.79329083543453,TRUE,0.000148542587445084,7.87185655115596e-05,0.49973960487699,TRUE,1,0.000589717550906105,0.000345172561446446
"NBEAL1",0.811497810532696,1.49082221274825,0.0123355213477966,0.00381361831755841,1.15116001164047,TRUE,0.000515800252633291,0.000255249469758856,0.544329031049749,TRUE,1,0.00154212449429269,0.000886341434451598
"GPAT2",-0.758755268077145,-1.88815052342051,0.0125583474004073,1.541207243502e-05,-1.32345289574883,TRUE,3.18539610387622e-06,2.94419037072391e-06,0.401851048772643,TRUE,0.75,3.95885885285262e-05,3.04471409503407e-05
"EFNA2",-0.717446727524402,-1.77715129916187,0.0125583474004073,0.000276089439852099,-1.24729901334314,TRUE,4.7057744964457e-05,2.83620025379738e-05,0.403706047910924,TRUE,0.75,0.000251855888332531,0.000156000216425611
"CHIC1",-0.613487829302659,-1.60281202983046,0.0127743234730145,1.05938907965907e-05,-1.10814992956656,TRUE,2.2756449720445e-06,2.26358825028417e-06,0.382757190415866,TRUE,0.75,3.175211613134e-05,2.59112896309491e-05
"PKP1",-1.33700749009626,-0.913121773712436,0.0127750049370324,0.120106788076722,-1.12506463190435,TRUE,0.0114764945522589,0.00798891015776937,0.682959355483262,TRUE,0.75,0.0190398840917882,0.0149853690328361
"CASP7",0.575732778337306,1.64202431740715,0.0128748481309854,6.23043140461783e-05,1.10887854787223,TRUE,1.20612239534001e-05,8.93743123919766e-06,0.350623783237523,TRUE,1,9.59235864374672e-05,6.63923463483255e-05
"FAT1",0.840261715143236,1.78725291979398,0.0133341691126314,0.00103500004119873,1.31375731746861,TRUE,0.000168243305680243,9.01690985045667e-05,0.470141470094841,TRUE,1,0.000648195572248064,0.000385024321876427
"SLC4A5",0.917703932561256,1.28883770002282,0.0133341691126314,0.00287654389109761,1.10327081629204,TRUE,0.000428386087267529,0.000215866252645358,0.712039950837104,TRUE,1,0.00132373331231483,0.000773650045421588
"FAM102A",0.620315733755713,1.72871830278651,0.0137188659923029,9.43408513735364e-05,1.17451701827111,TRUE,1.88411400438034e-05,1.33773084313171e-05,0.358829852588378,TRUE,1,0.000131330183397432,8.80741493295141e-05
"FGD4",1.33529069849086,2.26326915960095,0.0138307585380236,0.0153064585522484,1.79927992904591,TRUE,0.00200275348571476,0.0010146846288005,0.589983163437041,TRUE,1,0.00448134597278729,0.00269269471312243
"CENPF",1.6511731021404,3.30621929392318,0.0138574111714793,1.36086210856891e-05,2.47869619803179,TRUE,3.10850834507607e-06,3.04445934740105e-06,0.499414272118988,TRUE,1,3.88037065285195e-05,3.10527526216261e-05
"MAFA",-1.03288070636748,-3.23774299605579,0.0139895595447208,0.000142419897293998,-2.13531185121163,TRUE,2.81448725153132e-05,1.89593091745044e-05,0.319012567589747,TRUE,0.75,0.000173369142034734,0.000113729019506794
"SLC5A9",0.912832784113815,1.87936452922498,0.01441865576519,0.024706905696223,1.3960986566694,TRUE,0.00318475500065432,0.00166777537069229,0.485713532376953,TRUE,1,0.00647182531420427,0.00404581111676814
"PAQR9",0.646435268097123,1.55737805290405,0.0144208031501085,0.0107548532806095,1.10190666050059,TRUE,0.00151549447587256,0.000759410077210365,0.415079220419033,TRUE,1,0.00360216802509699,0.00213208340988243
"SLC26A1",0.957952474484149,1.5710509154652,0.0144682336302058,0.0488195512999398,1.26450169497467,TRUE,0.00583107586509249,0.00330552130689266,0.60975265986239,TRUE,1,0.0106863133043295,0.00715647473747692
"LPAR5",0.84984157329177,1.38395617451229,0.0146582748851433,0.0970837945905856,1.11689887390203,TRUE,0.0107512784777747,0.00696621770590877,0.614066824472426,TRUE,1,0.0180308342654568,0.0133436522656006
"TRPC3",-0.681028992551526,-1.35061284579028,0.014690838522764,0.000159807364514859,-1.0158209191709,TRUE,3.27788164152011e-05,2.2030001736173e-05,0.504237017050611,TRUE,0.75,0.000192405296354048,0.000128158060889363
"MTHFD2L",-1.09287032095618,-1.64931452123187,0.0147548054883857,0.00232179372827211,-1.37109242109402,TRUE,0.000386480765416634,0.000199492627925624,0.662620929414915,TRUE,0.75,0.00121780109532588,0.000724153967579266
"PMEL",-1.01415658111464,-1.72136142210445,0.0148544896197534,0.00773361900738931,-1.36775900160955,TRUE,0.00115701858251967,0.000578454699795117,0.589159585018922,TRUE,0.75,0.0028988736344773,0.00170657223649962
"ESYT3",-0.970394800736439,-1.5538827040905,0.0148757393656254,0.000308889499076209,-1.26213875241347,TRUE,6.10695440388238e-05,3.78333644155404e-05,0.624496815739009,TRUE,0.75,0.000303770807085135,0.00019517686962028
"HNF1B",0.570712307934193,1.59964046384356,0.0154846323592817,0.001217582080646,1.08517638588888,TRUE,0.000223960563825918,0.000121750059972281,0.356775363485683,TRUE,1,0.000808470928018944,0.000490472199774265
"NMB",-0.91184877459254,-2.62033069395066,0.0155865354059426,6.17985484568249e-05,-1.7660897342716,TRUE,1.43067641629961e-05,1.12653845861788e-05,0.34798996046478,TRUE,0.75,0.000108659617424332,7.82026205998781e-05
"SSBP2",-0.869892522730527,-1.31523622881857,0.0157246772319899,0.0188492115051204,-1.09256437577455,TRUE,0.00270427637647873,0.00139178906524351,0.66139641204373,TRUE,0.75,0.00568206409693448,0.00350261404899168
"COL28A1",-1.64743202762227,-1.81307937141147,0.0160174769340489,0.00260811111289375,-1.73025569951687,TRUE,0.00046300482734063,0.000240402382021165,0.908637566340934,TRUE,0.75,0.00141115746729205,0.000842700822998924
"ESRRB",-0.855188594010104,-1.7039273053626,0.0160523325010185,0.00215879709317066,-1.27955794968635,TRUE,0.000390551169411518,0.000205072004814788,0.501892651945101,TRUE,0.75,0.00122786042727449,0.000739970333252509
"SATB2",-1.27471431499823,-3.34129450344954,0.0161778109753165,0.000271132532739471,-2.30800440922389,TRUE,5.8500571380767e-05,3.76234181557189e-05,0.381503131101501,TRUE,0.75,0.00029392462538434,0.000194448836760898
"BTK",-1.24981762903472,-1.48939158110645,0.0163076802753902,9.41811837413786e-05,-1.36960460507058,TRUE,2.20957497820313e-05,1.65247267304158e-05,0.839146430588957,TRUE,0.75,0.000145406502447591,0.000102912258462164
"PLCB4",1.06302390380412,1.01508984223914,0.0163466145331654,0.000115064449127233,1.03905687302163,TRUE,2.66784216692936e-05,1.93733377195082e-05,0.954907823433286,TRUE,1,0.000165660294555995,0.000115721219528225
"SMIM14",0.506488206563553,1.51464935780339,0.0163727431972841,8.77331003151519e-05,1.01056878218347,TRUE,2.07612455615595e-05,1.57160305964688e-05,0.334393042161311,TRUE,1,0.000139660569349031,9.88197888246804e-05
"MATN3",-1.65756940975405,-4.0731061609213,0.0163727431972841,8.12433825666069e-06,-2.86533778533767,TRUE,2.23905822583903e-06,2.58000566577543e-06,0.406954629775503,TRUE,0.75,3.15253447212817e-05,2.76894932645283e-05
"NAALADL2",0.678398006330734,1.98089664268488,0.0166516117461175,0.000959790833165172,1.32964732450781,TRUE,0.000192488676907213,0.000108336013179056,0.342470168161445,TRUE,1,0.000721917710382981,0.000448780107603794
"HSPA4L",-0.544520924862846,-1.46543716094076,0.0171467029406952,9.24643268401752e-06,-1.00497904290181,TRUE,2.6409331795936e-06,3.02341452806942e-06,0.371575758672096,TRUE,0.75,3.48784842947181e-05,3.0935385579878e-05
"IL31RA",-2.35020222399529,-1.7315917374956,0.01726852417717,0.0313780549661453,-2.04089698074545,TRUE,0.00461686480372801,0.00247315695427708,0.736784145558307,TRUE,0.75,0.00880966818469126,0.00559148528793079
"HTR4",-1.02091646970607,-1.51422917942973,0.0174372801988071,0.0150125813490782,-1.2675728245679,TRUE,0.00242093138689253,0.00123859812864546,0.674215292886214,TRUE,0.75,0.00521204329065306,0.00318942103160096
"AHI1",0.721827737487431,1.60091345450344,0.017664810449928,0.00046038186003466,1.16137059599544,TRUE,0.000103443173179772,6.37403952088444e-05,0.450884921640765,TRUE,1,0.000447567297535348,0.000293462025958808
"GNG4",-0.631107863254237,-1.56375461808339,0.018230326424615,0.000584732246901466,-1.09743124066881,TRUE,0.000132704863473339,8.0158016012466e-05,0.403584971680372,TRUE,0.75,0.000538442519291536,0.000349855480804151
"PCNT",0.987883500468446,1.49209095929843,0.0184432306087181,4.88997165551924e-05,1.23998722988344,TRUE,1.34547966431621e-05,1.16521903674727e-05,0.662079945134808,TRUE,1,0.00010345004774315,8.0034289903516e-05
"TRAF3IP3",1.257420057113,2.69147918736802,0.0185143948653371,0.00297604798717768,1.97444962224051,TRUE,0.00059542781086337,0.000313720788797989,0.46718550268361,TRUE,1,0.00172306115564286,0.00104524269097946
"DGKG",-1.69594404308135,-3.66087134901723,0.0190256684182337,0.00285933623566115,-2.67840769604929,TRUE,0.000588569253907497,0.000312145380929718,0.463262398864857,TRUE,0.75,0.00170963433725838,0.0010408120569474
"ADAMTS14",-1.00539922157146,-1.77640927140306,0.0193975076343701,0.0255576158299634,-1.39090424648726,TRUE,0.00426816008476857,0.00225318232385607,0.565972739366173,TRUE,0.75,0.00825203578432902,0.00516999820709369
"LIN7A",-1.27693749007912,-1.15752377843367,0.01943733760337,0.000311879710081694,-1.2172306342564,TRUE,7.88889959594314e-05,5.2314925762964e-05,0.90648429341827,TRUE,0.75,0.000367599301677922,0.000250662131581053
"PTPN3",0.525391948865632,1.61932519829472,0.0194648321434041,0.000279983531137182,1.07235857358018,TRUE,7.15013966190665e-05,4.81251260574522e-05,0.324451166089993,TRUE,1,0.000342592333376601,0.000234510532316241
"RGCC",-0.802515597140225,-1.37457350744511,0.0194939237507834,0.0135712136323204,-1.08854455229267,TRUE,0.0024438265135818,0.00125547907651014,0.583828796927596,TRUE,0.75,0.0052519963309126,0.00322370210617992
"RGS1",1.01380063189095,1.69801168636974,0.0195194794735584,0.0210021081401853,1.35590615913034,TRUE,0.00360734662865704,0.00188257008281789,0.597051622217277,TRUE,1,0.00718924759569646,0.00446340252362642
"GAB3",-1.08228038597798,-3.45251877623067,0.019782272823553,2.63152950213219e-05,-2.26739958110433,TRUE,8.0524463294674e-06,7.99133381435002e-06,0.313475597418641,TRUE,0.75,7.33898226758771e-05,6.16328893634493e-05
"PRMT8",0.987938210394317,1.41955261528879,0.0197846008436528,0.000854738256127838,1.20374541284155,TRUE,0.000202717606552613,0.000119739429411458,0.695950399973962,TRUE,1,0.000750320713161548,0.000484213455959696
"HS3ST5",-2.20241344239662,-2.62935330467324,0.0198182828180144,0.000210243465628818,-2.41588337353493,TRUE,5.57849485365769e-05,3.92777399098598e-05,0.837625525060553,TRUE,0.75,0.000283643205636488,0.000201402373548682
"PCDH15",0.650887101723157,2.04591393113805,0.0199612793193871,0.00572788899737507,1.3484005164306,TRUE,0.0011520916637744,0.000596202382601052,0.318140021345422,TRUE,1,0.00288738289241626,0.00174737600101194
"TBC1D32",1.2141963785351,2.00006864634259,0.0203794111593513,4.05468727369313e-05,1.60713251243885,TRUE,1.24000118501354e-05,1.15024268528829e-05,0.607077352447593,TRUE,1,9.78608011561899e-05,7.93929723168044e-05
"DYNLT1",-0.485402865846747,-1.51507874969629,0.0207346701477764,0.000210707945700617,-1.00024080777152,TRUE,5.82862292220105e-05,4.15772839285067e-05,0.320381277833942,TRUE,0.75,0.00029336940551411,0.000210897102679846
"SLC5A12",1.34792819980253,4.29446974976787,0.0207700587184449,3.31529795882427e-05,2.8211989747852,TRUE,1.0458722246333e-05,1.01339235663023e-05,0.313875350938353,TRUE,1,8.68248087756302e-05,7.22237537911626e-05
"SCN8A",0.998169445516315,3.13264824082848,0.0209965133427384,0.000194086788047147,2.0654088431724,TRUE,5.46501671325036e-05,3.96051282610665e-05,0.318634384961247,TRUE,1,0.000280566212365294,0.00020295832354341
"MAEL",1.37344007461426,2.10517651259128,0.0210125891441857,0.000574383793112573,1.73930829360277,TRUE,0.000148752152207141,9.3203726689417e-05,0.652410886402908,TRUE,1,0.000589996837673245,0.000396782916835509
"MYO1H",-0.755071682625316,-1.39374093062086,0.0218091824857157,0.00806051793798334,-1.07440630662309,TRUE,0.00169573768406032,0.000879485372318634,0.54175899267661,TRUE,0.75,0.00392844066036653,0.00239310369687728
"GPAM",0.549967052199515,1.50755053282638,0.0221952482115389,0.000229592066172315,1.02875879251295,TRUE,6.71994376784265e-05,4.83140886290423e-05,0.364808369752242,TRUE,1,0.000326408271497045,0.000234945619747425
"ITGA7",-0.952584416284909,-1.07335216019957,0.0225418022782359,0.00478912749683889,-1.01296828824224,TRUE,0.00109399911796481,0.000579362684513751,0.887485441970687,TRUE,0.75,0.00276903019464209,0.00170806195267428
"PANX1",-0.629123832747447,-1.40206057501144,0.0230538989126948,3.39226387497355e-05,-1.01559220387944,TRUE,1.17787136744193e-05,1.18323569593404e-05,0.448713731746087,TRUE,0.75,9.44525800419851e-05,8.0879885151104e-05
"MYOM1",0.961102768966168,2.34100328671402,0.0235526714114037,1.0124334484037e-05,1.65105302784009,TRUE,3.8746774981617e-06,4.98928057446335e-06,0.410551652968942,TRUE,1,4.52365929399705e-05,4.44213678037304e-05
"MAP3K13",0.857983059293023,1.26868811726346,0.0235901251609084,0.000388782506048389,1.06333558827824,TRUE,0.00011555465072633,7.85008134340792e-05,0.676275790415438,TRUE,1,0.000485836641673202,0.000344395908212865
"LY96",1.05234399127873,1.04695716764849,0.0235928733588031,0.000288799765327172,1.04965057946361,TRUE,8.78723990249226e-05,6.22351735404258e-05,0.994881119030581,TRUE,1,0.000398765526844879,0.000287468845192725
"RHBDL3",-0.92373909060778,-1.95826491843983,0.0237693467915799,0.00035492527409453,-1.4410020045238,TRUE,0.000106997802067762,7.37639736009266e-05,0.47171303632592,TRUE,0.75,0.000458727894997211,0.000328201280966642
"LIPC",1.3071011535985,1.71541582645083,0.0239651026900337,0.000988318581373348,1.51125849002466,TRUE,0.00027594775092762,0.000167741110040365,0.761973355639882,TRUE,1,0.000945405471650164,0.000629975884359839
"KIF21A",0.602800166626458,1.94145777933911,0.024022586251963,2.54045857444933e-05,1.27212897298279,TRUE,9.34304400140504e-06,1.00834431294716e-05,0.310488424235348,TRUE,1,8.04793099145418e-05,7.21851891599675e-05
"TPM4",-0.84217691040383,-1.21813373072819,0.0243626104493665,0.000578069134895541,-1.03015532056601,TRUE,0.000171400796453094,0.000111497230325774,0.691366546348226,TRUE,0.75,0.000656597391310877,0.000457873316008364
"DRD4",1.07365816636284,1.39378505326184,0.0246816442684556,0.00673287692962829,1.23372160981234,TRUE,0.00161233803010687,0.000852895095908912,0.770318324084615,TRUE,1,0.00377414447478207,0.00234255956996887
"RGS14",-0.951729521734144,-2.62125122469396,0.0246816442684556,7.58818225273414e-05,-1.78649037321405,TRUE,2.65725911120521e-05,2.36671269699951e-05,0.363082146712306,TRUE,0.75,0.000165323835389054,0.000135788846830084
"DOCK9",0.81725420336706,2.41956943882925,0.0247498668456152,2.77794336934456e-05,1.61841182109815,TRUE,1.04437943352603e-05,1.121418905492e-05,0.337768443530393,TRUE,1,8.68248087756302e-05,7.80389707959786e-05
"MAMDC2",-0.928834802366963,-1.73610065980338,0.0248318345584503,0.00645069172104619,-1.33246773108517,TRUE,0.00156004897018629,0.000827172836253887,0.535012066911003,TRUE,0.75,0.00368891725836338,0.00228152195251804
"USH1G",0.667789796801973,1.84588707543809,0.0249275504606819,0.00243255928800347,1.25683843612003,TRUE,0.000649466201551783,0.000365241474612144,0.361771749576547,TRUE,1,0.00184356179650131,0.00118024656454919
"CYP24A1",-1.3695663790163,-2.7225936572439,0.0259652622520414,0.00264510798162833,-2.0460800181301,TRUE,0.000727058929643055,0.000409346707052838,0.503037379585583,TRUE,0.75,0.00200603889572088,0.0012956021990216
"NFIL3",0.637118430261043,1.41342735371151,0.0260417324697996,0.000162376806999028,1.02527289198628,TRUE,5.65514428207217e-05,4.51350212068435e-05,0.450761355783894,TRUE,1,0.000286338129837776,0.000223199789818673
"NPTX1",-0.757943699498873,-2.34728471633491,0.0260417324697996,0.000152439268924726,-1.55261420791689,TRUE,5.33411725015898e-05,4.30128490357395e-05,0.322902328049211,TRUE,0.75,0.000276019400563782,0.000216494601203639
"CDH22",-1.93574522386024,-2.47283347498542,0.0264166701546863,0.000386448534650586,-2.20428934942283,TRUE,0.000127529649455174,8.9595777909679e-05,0.782804520984434,TRUE,0.75,0.000521186744832233,0.000383345362913468
"ROR1",-0.779985013723884,-1.49920845994597,0.0266319037006451,7.05128734910316e-05,-1.13959673683493,TRUE,2.66385760954551e-05,2.47279441912829e-05,0.520264549302231,TRUE,0.75,0.000165534142950937,0.000140009388754385
"VSTM4",1.19953735565781,0.858487059345045,0.0266960074789789,0.123721119313911,1.02901220750143,TRUE,0.022171988177709,0.0144894769423295,0.715681804568945,TRUE,1,0.0331855503786442,0.0249012178757471
"SLITRK4",1.3481442202979,1.20749719049497,0.026877165025043,0.0119779524790174,1.27782070539643,TRUE,0.00291065331099033,0.00153616798443246,0.895673602508308,TRUE,1,0.00602164936879524,0.00379165982412624
"NXNL2",-0.883870573649588,-2.59344124949058,0.0278079804552821,0.000151608953402071,-1.73865591157008,TRUE,5.63950884278982e-05,4.65559690663309e-05,0.340809946561622,TRUE,0.75,0.00028575556657202,0.000228781358585218
"GPR12",-1.11475849288801,-2.35534011287014,0.0281799300947367,2.87456354617833e-05,-1.73504930287908,TRUE,1.21719488670823e-05,1.37077882851333e-05,0.473289817804531,TRUE,0.75,9.64200360723266e-05,8.97198559882547e-05
"PCDH19",-0.724826195767372,-2.39673467149201,0.0284547977819084,8.48700442432074e-05,-1.56078043362969,TRUE,3.36496361767395e-05,3.0977734395865e-05,0.302422376739831,TRUE,0.75,0.00019602358504058,0.000166730741261497
"VPS13C",1.00403625802622,1.13302454411968,0.0287214974755789,0.0124029463487159,1.06853040107295,TRUE,0.00318468214387013,0.0016921461875129,0.886155788272281,TRUE,1,0.00647182531420427,0.00409789459581695
"KIF18A",0.992634609969874,1.60094625029983,0.0292659795908054,6.84613140891212e-06,1.29679043013485,TRUE,3.29052295077213e-06,5.1056179279918e-06,0.620029941532372,TRUE,1,4.05384775156171e-05,4.51724609161362e-05
"MSS51",-1.1858854702912,-1.49176231022771,0.0294047303407833,0.000480837962538524,-1.33882389025946,TRUE,0.000172022186431335,0.000120954791880346,0.79495604773,TRUE,0.75,0.000657079789180709,0.000487732072301527
"CEP85L",-0.586309540987374,-1.59467370879853,0.0295905059821289,0.000732241383631477,-1.09049162489295,TRUE,0.000254368738570417,0.000169215459562055,0.367667402900319,TRUE,0.75,0.000891658158859742,0.000634632847454859
"GBE1",0.54088895371792,1.52540947104826,0.0295943015156452,3.40840750211097e-05,1.03314921238309,TRUE,1.49355903498621e-05,1.66035401164555e-05,0.354586072778362,TRUE,1,0.00011074712209085,0.000103100077675514
"CUEDC1",-1.1411818979179,-1.12426647034863,0.0302583508391604,0.0415308383293909,-1.13272418413326,TRUE,0.00965023090772928,0.00534307385391941,0.985177273141004,TRUE,0.75,0.0164280693259517,0.0106635022335345
"SCTR",1.11105599932651,0.944579054561896,0.0304820650769705,0.04191354850983,1.0278175269442,TRUE,0.00979003416778459,0.00542548756444161,0.850163317721585,TRUE,1,0.0166027070040301,0.0108050828468532
"PPFIA4",-1.65107204186589,-3.05503100578516,0.0317543813701039,2.63152950213219e-05,-2.35305152382552,TRUE,1.25302814372131e-05,1.51371865707572e-05,0.540443628473601,TRUE,0.75,9.84142869614019e-05,9.66253050951387e-05
"FHL1",-0.9123892186879,-1.2195283849105,0.0320269972412406,0.00052437902372462,-1.0659588017992,TRUE,0.000201438585652554,0.000143539251058256,0.748149227174292,TRUE,0.75,0.000746891273836852,0.00055724608947257
"PUDP",0.702514590320023,1.3506539330979,0.0321853478423232,0.000220828503571279,1.02658426170896,TRUE,9.13616784821577e-05,7.45581223441372e-05,0.520129230075029,TRUE,1,0.000410594690781956,0.000330693168492363
"HIC1",-1.30475444638295,-1.98747452542987,0.0325605071113716,0.00485209888440211,-1.64611448590641,TRUE,0.00154084511592267,0.000865375479063513,0.65648863906859,TRUE,0.75,0.00365218210362431,0.0023691610337669
"ARHGAP15",1.01126997557749,1.91847119240375,0.0332205335760475,0.00341771455660663,1.46487058399062,TRUE,0.00114484873661107,0.000662747843910072,0.527122835923544,TRUE,1,0.00287347879523702,0.00191134764375018
"GPR162",-0.588142999143705,-1.72982448271712,0.0333940885146164,9.89992873945142e-05,-1.15898374093041,TRUE,4.50268507673095e-05,4.28751669164784e-05,0.34000154641116,TRUE,0.75,0.000244467223086649,0.00021618674288166
"MYO1F",0.895360349308997,1.24258900414683,0.0355714778292582,0.0319386471105927,1.06897467672791,TRUE,0.00883906595566568,0.00485043681712183,0.720560335171931,TRUE,1,0.0152804248501371,0.00982372818683981
"KIAA0232",0.651914614661763,1.64588281175904,0.0357723125831488,9.57685491826154e-05,1.1488987132104,TRUE,4.65374547751567e-05,4.58310211151058e-05,0.396088111501103,TRUE,1,0.000249810935195838,0.000225982393817125
"EFHD2",0.691600398706059,1.38879212910937,0.036622736641018,0.0123152293161764,1.04019626390771,TRUE,0.00392565754092678,0.00214768600908122,0.497986980347867,TRUE,1,0.00771121050217738,0.0049777923469982
"GABRP",0.592760606713681,1.76795450213383,0.036622736641018,0.00416041188216759,1.18035755442376,TRUE,0.00149154214988696,0.000866537105779219,0.335280464513226,TRUE,1,0.00355920925181359,0.00237004469460622
"RET",0.70157150029236,1.74303512041721,0.0368279597519246,0.00373351527108035,1.22230331035478,TRUE,0.0013601144075687,0.000798288772665634,0.402499922161313,TRUE,1,0.00329604922673169,0.00222137085919695
"CSDC2",-1.38073166169109,-1.02475731908188,0.0369718208927415,0.0183054103215214,-1.20274449038648,TRUE,0.00561606339554578,0.00305814478318645,0.742184269046732,TRUE,0.75,0.0103459581266347,0.00670135345974362
"TMEM86A",1.00955597496353,2.97278980407238,0.0383784854611436,0.000145635935104,1.99117288951795,TRUE,7.31898017374359e-05,6.85731814440427e-05,0.339598841997019,TRUE,1,0.000348780255655167,0.000308399077172129
"HS3ST2",-1.08850912817967,-3.08076498521519,0.0388039296486701,0.000744882966382521,-2.08463705669743,TRUE,0.000330999076054654,0.000237829006863755,0.353324298803545,TRUE,0.75,0.00108489875044054,0.000834370307192543
"SORCS1",0.772724173852066,1.36673300751538,0.0401252178355279,0.000616235913393603,1.06972859068372,TRUE,0.000287017250750324,0.000214362715025618,0.565380487339529,TRUE,1,0.000973405013226304,0.00076923724494375
"CNKSR1",0.722481309659854,2.26237709970721,0.0402073912590205,0.000122768067387317,1.49242920468353,TRUE,6.52510080770527e-05,6.43080751275837e-05,0.319346102713537,TRUE,1,0.000319323062621881,0.00029511383041765
"KCNAB1",-1.09893627143225,-1.86440402414336,0.0402656760349541,8.12433825666069e-06,-1.48167014778781,TRUE,5.21216170798619e-06,9.17339542827467e-06,0.589430325831428,TRUE,0.75,5.51539109074793e-05,6.75531708514822e-05
"TLR7",1.14251427579947,3.51908861503118,0.0403221924072419,0.0007425649302857,2.33080144541532,TRUE,0.0003418237048553,0.000248683294584828,0.324661979502141,TRUE,1,0.00111220641932957,0.000866710363857321
"MOK",1.19775221431029,1.10606555278669,0.0425551545548509,0.00824662721402918,1.15190888354849,TRUE,0.00314260307605961,0.00178993626058843,0.923451060721773,TRUE,1,0.00640305376747146,0.00427968963180467
"NSUN7",2.08543220324858,1.89751873023239,0.0441187070140076,0.0009063200513282,1.99147546674048,TRUE,0.000444920114866127,0.000323444930085848,0.909892312623028,TRUE,1,0.00136339222473076,0.00107216238850514
"ASB15",-1.0313947283111,-2.83805231381501,0.0441405685981702,3.36448740496181e-05,-1.93472352106306,TRUE,2.14152361964319e-05,2.86596496343883e-05,0.363416390631876,TRUE,0.75,0.000142365130981142,0.000157127548707034
"FGL2",-1.17587771283868,-2.87146797813347,0.0448306156547934,0.000173416495909399,-2.02367284548608,TRUE,9.92373104514213e-05,9.58155486061596e-05,0.409504031315379,TRUE,0.75,0.000434920084480996,0.000406269429707758
"SH3GL3",-1.40999688965072,-3.1300963983644,0.0455466864029546,1.69299856175317e-05,-2.27004664400756,TRUE,1.16247445737654e-05,1.84318192613109e-05,0.450464366013614,TRUE,0.75,9.36108601213933e-05,0.000111115291649268
"CCDC89",-0.897709231943012,-1.302350304392,0.0456031395334069,0.0036883867971807,-1.1000297681675,TRUE,0.00162993555059933,0.00100439232784633,0.689299360483591,TRUE,0.75,0.00380273430412329,0.00267207450433944
"LMX1A",1.14290914953324,3.02574197526481,0.0468058217852546,0.00212726462770921,2.08432556239902,TRUE,0.00101705763640619,0.000670783703368927,0.377728556789186,TRUE,1,0.00261546739265137,0.00192992622870164
"DOCK2",-1.60444180622285,-0.856052113923663,0.0470632470061176,0.000420288669429366,-1.23024696007326,TRUE,0.000234015618816021,0.000196459715750996,0.533551363847198,TRUE,0.75,0.000834813293385771,0.000717755409786829
"PRRX2",-1.06589192669125,-2.0934666613025,0.0478838676016751,0.00412317045691863,-1.57967929399688,TRUE,0.00188156142938364,0.00115995785495582,0.509151612678698,TRUE,0.75,0.00426192268184279,0.00301866833853408
"KRT5",0.665735816537128,1.85411977730911,0.0491381242260382,0.00915503361584711,1.25992779692312,TRUE,0.00391674852713316,0.00227480318944528,0.35905761034668,TRUE,1,0.00769963305001549,0.0052139620967383
"HMGA1",-0.75798664027387,-1.3756358655178,0.0525318180649794,1.88569074494187e-05,-1.06681125289583,TRUE,1.46854294442327e-05,2.45262940390401e-05,0.55100819866205,TRUE,0.75,0.000109826015750103,0.000139333021631973
"CPQ",0.76303541695754,1.8623304284372,0.0525372748142751,0.0132650009828163,1.31268292269737,TRUE,0.00576262544482858,0.00331726285669076,0.409720748426932,TRUE,1,0.0105791668335211,0.00717456493322554
"CRYBA2",0.869771112094334,2.50529246630329,0.0541669612389291,9.41811837413786e-05,1.68753178919881,TRUE,6.72683602135334e-05,7.97309228975918e-05,0.347173483253129,TRUE,1,0.000326555911322972,0.000348529810458993
"IL17RD",-0.578694933671285,-1.57609352916145,0.056013892855234,2.48537179821299e-05,-1.07739423141637,TRUE,2.01648682935625e-05,3.2700393784113e-05,0.367170426731704,TRUE,0.75,0.000136843413655914,0.000173857379549016
"GNB3",-0.889768740680801,-1.6293002477901,0.05659514593406,0.0101968999025141,-1.25953449423545,TRUE,0.00488078335865378,0.00289126662011996,0.546104833585852,TRUE,0.75,0.00921986176687084,0.00638020720440947
"TMEM132E",-1.17965576276306,-0.936254048503195,0.0575487792700696,0.00549964026176976,-1.05795490563313,TRUE,0.0028668968129298,0.00179471708035195,0.793667168047603,TRUE,0.75,0.00594709187136391,0.00428991031389259
"RAPSN",-1.09558244103319,-1.82359360779136,0.0580415465896306,0.000708573420316837,-1.45958802441227,TRUE,0.000456459169779806,0.000379070354981192,0.600782124017261,TRUE,0.75,0.00139371322876572,0.00121843015882464
"EN1",-0.535525216739738,-1.57241197283046,0.0599873150706391,0.0170420411209088,-1.0539685947851,TRUE,0.00806159471681181,0.00469007774821151,0.340575641748486,TRUE,0.75,0.0141119530813087,0.00957675234734781
"SEZ6L",-1.07651622762054,-1.1847276008353,0.0645559065793145,0.00781651687389379,-1.13062191422792,TRUE,0.00433541199787169,0.00269746710902408,0.908661389218536,TRUE,0.75,0.00836869781233443,0.00601202503709915
"GFRA1",0.572120164085944,1.80893405948087,0.0663645102200765,0.00331303850826956,1.19052711178341,TRUE,0.00207170403309891,0.00142751081627523,0.316274748152031,TRUE,1,0.00459963818808829,0.00356919813532416
"TENM1",-1.08320835587615,-1.17058722293224,0.0696555977856171,0.0315875725201068,-1.1268977894042,TRUE,0.0156639928587034,0.0091588467701238,0.925354672130106,TRUE,0.75,0.0247424531253019,0.0168249642877263
"GPR142",-0.883635038256507,-1.91802686388184,0.0699575116909633,0.00520336741431436,-1.40083095106917,TRUE,0.00324639773374894,0.00214925059208082,0.460700032359372,TRUE,0.75,0.00656874365988446,0.00498005686672418
"HIVEP3",-0.756200592679041,-1.69125695672262,0.0749880748831448,0.00229837020245611,-1.22372877470083,TRUE,0.00166593530818714,0.00125591724455898,0.447123418870917,TRUE,0.75,0.00387286551623537,0.00322385056477344
"RYR2",-1.09159874276778,-1.88203673682297,0.0752584739686332,0.00171570590550716,-1.48681773979537,TRUE,0.00128537230013936,0.00101522501085427,0.580009264118025,TRUE,0.75,0.00314970095865313,0.00269328550610354
"PCDH8",-1.08811592479986,-2.38693613564371,0.0835329210344623,0.00521266717115123,-1.73752603022179,TRUE,0.00380529432758723,0.00265022808122739,0.45586302396248,TRUE,0.75,0.0075323855022488,0.00592955057427048
"TNR",-0.793837269244282,-1.81069993504551,0.083779041566017,0.0137839130698402,-1.3022686021449,TRUE,0.00896568916910924,0.00564005540201196,0.438414589783662,TRUE,0.75,0.0154457685767012,0.0111668090603722
"GPC3",-1.00132867665733,-1.46063808881601,0.0867759396623939,0.00314372072957089,-1.23098338273667,TRUE,0.00251160172343122,0.00189949982710014,0.685541945211771,TRUE,0.75,0.00536051135543957,0.00449599568123451
"RGN",-0.92659701053775,-2.31791007690323,0.0873746387091452,0.000620481381737519,-1.62225354372049,TRUE,0.000586738190646167,0.000591244505051103,0.399755374365386,TRUE,0.75,0.00170841391409032,0.00173644782564558
"FRMD5",-0.614905408706661,-1.64473080457247,0.091554142688395,0.000138775948564114,-1.12981810663957,TRUE,0.000155940790591831,0.000222418228819965,0.373863860880565,TRUE,0.75,0.000610792116939168,0.000794444545924156
"TC2N",0.652629965350122,1.96478282038652,0.0983415658148402,0.0328752096494104,1.30870639286832,TRUE,0.0217721343430088,0.0134116704772601,0.332163920906909,TRUE,1,0.0326620549896181,0.0232802209635996
"COL8A2",-0.906513625461721,-1.30925971654532,0.114295486430143,8.55607964463793e-05,-1.10788667100352,TRUE,0.000122584893151974,0.000225048163445041,0.692386402793861,TRUE,0.75,0.000507834581796742,0.000801137435262564
"AGR3",0.590324718418057,1.88156164545831,0.117862201810912,0.0154736367133529,1.23594318193818,TRUE,0.0133259302340511,0.00903439305053422,0.313741896175964,TRUE,1,0.0215513422369427,0.0166323882485508
"CLMP",-0.607962621718416,-1.64492731572271,0.118323597914381,3.92332874760179e-05,-1.12644496872056,TRUE,6.16502029984148e-05,0.000142157931599884,0.369598471560005,TRUE,0.75,0.000305583111470505,0.000553736501948815
"HOXC4",-1.33638926645069,-2.67095964269233,0.124529327657113,0.000392761313467504,-2.00367445457151,TRUE,0.000534370608350756,0.000712855429665704,0.500340493764857,TRUE,0.75,0.00158923693908106,0.00202825197107973
"ASPA",1.00314519709166,1.83089577023494,0.13817825047788,0.00334732480146418,1.4170204836633,TRUE,0.00401418565205763,0.0036032270204065,0.547898582431556,TRUE,1,0.00785182474552552,0.0076755346129594
"PLCXD3",-1.29262946354564,-2.11825977737716,0.141318921499364,0.000192833836217261,-1.7054446204614,TRUE,0.000313671197929339,0.000538226912519368,0.610231793735033,TRUE,0.75,0.00104180136114776,0.00160521158005425
"PCSK1",-1.06225301126226,-3.04100822810289,0.145190122272539,0.000180535259725062,-2.05163061968258,TRUE,0.000302729403746067,0.00053797310432846,0.349309482771421,TRUE,0.75,0.00101597917549467,0.00160501937074552
"NRG1",0.584321256963737,1.68821492672361,0.154929209217617,0.000546769075511842,1.13626809184367,TRUE,0.000878979108924422,0.00123502713178036,0.346117812201646,TRUE,1,0.00232238993991378,0.00318566341112914
"PLAU",-0.892601007030885,-2.61081855932985,0.170111836264296,0.00669848283761857,-1.75170978318037,TRUE,0.00886202079297921,0.00769462718856606,0.341885499412108,TRUE,0.75,0.0153076193685127,0.0145061521464159
"ANKRD1",-0.632275967111265,-1.99781714076245,0.180897615421093,0.00673287692962829,-1.31504655393686,TRUE,0.00939118479176529,0.0083726342517273,0.316483402915425,TRUE,0.75,0.0160483230433473,0.015607312055782
"CRYBA4",-0.484768672286354,-1.57043272389416,0.195711232947757,0.000191568884947799,-1.02760069809026,TRUE,0.000419589192361279,0.000912695083390425,0.308684775164571,TRUE,0.75,0.0013022475263472,0.00246526562358739
"AMBP",0.559990270999102,1.85233131325861,0.217516742260785,0.0035599087829075,1.20616079212886,TRUE,0.00632132249557455,0.0070456084464503,0.302316473835326,TRUE,1,0.0114622200719877,0.0134700340506335
"PLCD4",-0.532781523229,-1.65449832386182,0.245013458350876,0.000166471562853089,-1.09363992354541,TRUE,0.000453035027171981,0.00124174186918946,0.32201998366817,TRUE,0.75,0.001386254473036,0.0031952046397237
"KLHL40",-0.551650444927026,-1.76541112998038,0.280755514296312,0.00112597972969024,-1.1585307874537,TRUE,0.00286389438899214,0.0050757029785925,0.312477040366884,TRUE,0.75,0.00594377297774177,0.0102043781894094
