#node1	node2	node1_string_id	node2_string_id	neighborhood_on_chromosome	gene_fusion	phylogenetic_cooccurrence	homology	coexpression	experimentally_determined_interaction	database_annotated	automated_textmining	combined_score
A1CF	F13B	9031.ENSGALP00000048156	9031.ENSGALP00000003726	0	0	0	0	0.411	0	0	0	0.411
A1CF	HNF4A	9031.ENSGALP00000048156	9031.ENSGALP00000006799	0	0	0	0	0.423	0	0	0.238	0.541
A1CF	PLA2G12B	9031.ENSGALP00000048156	9031.ENSGALP00000006895	0	0	0	0	0.437	0	0	0	0.437
A1CF	KMO	9031.ENSGALP00000048156	9031.ENSGALP00000012115	0	0	0	0	0.411	0	0	0	0.411
A1CF	AHSG	9031.ENSGALP00000048156	9031.ENSGALP00000013991	0	0	0	0	0.414	0	0	0	0.414
A1CF	FGA	9031.ENSGALP00000048156	9031.ENSGALP00000015061	0	0	0	0	0.418	0	0	0	0.418
A1CF	SLC2A2	9031.ENSGALP00000048156	9031.ENSGALP00000015129	0	0	0	0	0.424	0	0	0.061	0.436
A1CF	HAAO	9031.ENSGALP00000048156	9031.ENSGALP00000016119	0	0	0	0	0.425	0	0	0	0.425
A1CF	TM4SF4	9031.ENSGALP00000048156	9031.ENSGALP00000016960	0	0	0	0	0.453	0	0	0	0.453
A1CF	NR1H4	9031.ENSGALP00000048156	9031.ENSGALP00000018906	0	0	0	0	0.453	0	0	0	0.453
A1CF	ALDH8A1	9031.ENSGALP00000048156	9031.ENSGALP00000022601	0	0	0	0	0.422	0	0	0	0.422
A1CF	HGD	9031.ENSGALP00000048156	9031.ENSGALP00000024093	0	0	0	0	0.416	0	0	0	0.416
A1CF	APOB	9031.ENSGALP00000048156	9031.ENSGALP00000026550	0	0	0	0	0.448	0	0	0.625	0.784
A1CF	PLA2R1	9031.ENSGALP00000048156	9031.ENSGALP00000032471	0	0	0	0	0	0	0	0.654	0.654
A1CF	ALDOB	9031.ENSGALP00000048156	9031.ENSGALP00000036836	0	0	0	0	0.380	0	0	0.118	0.430
A1CF	FGB	9031.ENSGALP00000048156	9031.ENSGALP00000038105	0	0	0	0	0.404	0	0	0	0.404
A1CF	SPP2	9031.ENSGALP00000048156	9031.ENSGALP00000044476	0	0	0	0	0.424	0	0	0	0.424
A1CF	ANGPTL3	9031.ENSGALP00000048156	9031.ENSGALP00000064198	0	0	0	0	0.404	0	0	0	0.404
A1CF	FRMD4B	9031.ENSGALP00000048156	9031.ENSGALP00000057119	0	0	0	0	0	0	0	0.473	0.473
A1CF	HNF1A	9031.ENSGALP00000048156	9031.ENSGALP00000060662	0	0	0	0	0.496	0	0	0	0.496
ABCA1	CPT1A	9031.ENSGALP00000024845	9031.ENSGALP00000011452	0	0	0	0	0.088	0	0	0.517	0.541
ABCA1	PPARA	9031.ENSGALP00000024845	9031.ENSGALP00000053048	0	0	0	0	0	0.065	0	0.385	0.400
ABCA1	ELOVL2	9031.ENSGALP00000024845	9031.ENSGALP00000071756	0	0	0	0	0.046	0	0	0.403	0.407
ABCA1	INSIG1	9031.ENSGALP00000024845	9031.ENSGALP00000028029	0	0	0	0	0	0	0	0.477	0.477
ABCA1	MTTP	9031.ENSGALP00000024845	9031.ENSGALP00000056995	0	0	0	0	0.044	0	0	0.601	0.602
ABCA1	APOB	9031.ENSGALP00000024845	9031.ENSGALP00000026550	0	0	0	0	0	0	0	0.740	0.740
ABHD6	MTTPL	9031.ENSGALP00000009124	9031.ENSGALP00000059574	0	0	0	0	0	0	0	0.500	0.499
ABHD6	MGLL	9031.ENSGALP00000009124	9031.ENSGALP00000073246	0.054	0	0	0	0	0	0.131	0.683	0.716
ACOX1	PIGR	9031.ENSGALP00000003376	9031.ENSGALP00000001351	0	0	0	0	0	0	0	0.499	0.499
ACOX1	FBP1	9031.ENSGALP00000003376	9031.ENSGALP00000020563	0	0	0	0	0.169	0.042	0	0.307	0.400
ACOX1	MGLL	9031.ENSGALP00000003376	9031.ENSGALP00000073246	0.074	0	0	0	0.051	0	0.156	0.301	0.412
ACOX1	PDK4	9031.ENSGALP00000003376	9031.ENSGALP00000015774	0	0	0	0	0.063	0.052	0	0.431	0.451
ACOX1	ELOVL2	9031.ENSGALP00000003376	9031.ENSGALP00000071756	0	0	0	0	0.047	0	0.158	0.445	0.517
ACOX1	CAT	9031.ENSGALP00000003376	9031.ENSGALP00000063417	0.056	0	0	0	0.169	0.235	0	0.306	0.528
ACOX1	FABP2	9031.ENSGALP00000003376	9031.ENSGALP00000019528	0	0	0	0	0	0.043	0	0.551	0.552
ACOX1	BDH2	9031.ENSGALP00000003376	9031.ENSGALP00000020134	0.046	0	0	0	0.113	0.076	0.182	0.454	0.588
ACOX1	APOB	9031.ENSGALP00000003376	9031.ENSGALP00000026550	0	0	0	0	0.076	0	0	0.588	0.603
ACOX1	PCK1	9031.ENSGALP00000003376	9031.ENSGALP00000012342	0	0	0	0	0.065	0	0	0.593	0.604
ACOX1	MTTP	9031.ENSGALP00000003376	9031.ENSGALP00000056995	0	0	0	0	0.062	0	0	0.630	0.638
ACOX1	ACSL4	9031.ENSGALP00000003376	9031.ENSGALP00000013111	0.054	0	0	0	0.145	0.053	0.362	0.540	0.734
ACOX1	PPARA	9031.ENSGALP00000003376	9031.ENSGALP00000053048	0	0	0	0	0.054	0.049	0	0.801	0.806
ACOX1	ACSL5	9031.ENSGALP00000003376	9031.ENSGALP00000069185	0.054	0	0	0	0.225	0.068	0.310	0.662	0.811
ACOX1	CPT1A	9031.ENSGALP00000003376	9031.ENSGALP00000011452	0	0	0	0	0.060	0	0	0.876	0.878
ACSL4	ACOX1	9031.ENSGALP00000013111	9031.ENSGALP00000003376	0.054	0	0	0	0.145	0.053	0.362	0.540	0.734
ACSL4	CPT1A	9031.ENSGALP00000013111	9031.ENSGALP00000011452	0	0	0	0	0.058	0	0.900	0.684	0.967
ACSL4	PRPS2	9031.ENSGALP00000013111	9031.ENSGALP00000026729	0	0	0	0	0	0	0	0.416	0.416
ACSL4	ACSL5	9031.ENSGALP00000013111	9031.ENSGALP00000069185	0	0	0.134	0.803	0.046	0.048	0.600	0.266	0.727
ACSL5	ACOX1	9031.ENSGALP00000069185	9031.ENSGALP00000003376	0.054	0	0	0	0.225	0.068	0.310	0.662	0.811
ACSL5	CPT1A	9031.ENSGALP00000069185	9031.ENSGALP00000011452	0	0	0	0	0.084	0	0.900	0.717	0.971
ACSL5	ACSL4	9031.ENSGALP00000069185	9031.ENSGALP00000013111	0	0	0.134	0.803	0.046	0.048	0.600	0.266	0.727
ACSL5	NR1H4	9031.ENSGALP00000069185	9031.ENSGALP00000018906	0	0	0	0	0.295	0.096	0	0.171	0.426
ACSL5	ALDH8A1	9031.ENSGALP00000069185	9031.ENSGALP00000022601	0	0	0	0	0.291	0	0.184	0.076	0.418
ACSL5	APOB	9031.ENSGALP00000069185	9031.ENSGALP00000026550	0	0	0	0	0.261	0.078	0	0.346	0.515
ACSL5	INSIG1	9031.ENSGALP00000069185	9031.ENSGALP00000028029	0	0	0	0	0.042	0	0	0.443	0.443
ACSL5	ALDOB	9031.ENSGALP00000069185	9031.ENSGALP00000036836	0	0	0	0	0.203	0	0	0.296	0.415
ACSL5	ELOVL2	9031.ENSGALP00000069185	9031.ENSGALP00000071756	0	0	0	0	0.053	0	0	0.498	0.504
ADAMTS20	SEMA5B	9031.ENSGALP00000049194	9031.ENSGALP00000054807	0	0	0	0.549	0	0	0.500	0	0.499
ADCY1	PDLIM3	9031.ENSGALP00000054345	9031.ENSGALP00000021842	0	0	0	0	0	0	0	0.538	0.538
ADCY1	SCN8A	9031.ENSGALP00000054345	9031.ENSGALP00000050098	0	0	0	0	0	0	0	0.511	0.511
ADCY1	PDE1A	9031.ENSGALP00000054345	9031.ENSGALP00000071844	0	0	0	0	0	0	0.650	0.113	0.676
ADD3	BAIAP2L2	9031.ENSGALP00000070145	9031.ENSGALP00000020051	0	0	0	0	0	0	0.400	0	0.400
ADD3	FBP1	9031.ENSGALP00000070145	9031.ENSGALP00000020563	0	0	0	0	0.109	0	0.349	0.185	0.485
ADD3	AKAP12	9031.ENSGALP00000070145	9031.ENSGALP00000043594	0	0	0	0	0	0	0.400	0	0.400
ADD3	RHOF	9031.ENSGALP00000070145	9031.ENSGALP00000049823	0	0	0	0	0	0	0.500	0	0.499
ADD3	ANK3	9031.ENSGALP00000070145	9031.ENSGALP00000052756	0	0	0	0	0	0.063	0	0.751	0.757
ADGRG2	SLC30A10	9031.ENSGALP00000050330	9031.ENSGALP00000041013	0	0	0	0	0	0.045	0	0.538	0.539
AGT	SGK2	9031.ENSGALP00000018089	9031.ENSGALP00000005583	0	0	0	0	0.346	0	0	0.121	0.400
AGT	ITIH2	9031.ENSGALP00000018089	9031.ENSGALP00000011044	0	0	0	0	0.366	0	0	0.180	0.457
AGT	F2	9031.ENSGALP00000018089	9031.ENSGALP00000013544	0	0	0	0	0.214	0.069	0.400	0.386	0.694
AGT	AHSG	9031.ENSGALP00000018089	9031.ENSGALP00000013991	0	0	0	0	0.417	0	0	0.257	0.548
AGT	MME	9031.ENSGALP00000018089	9031.ENSGALP00000016796	0	0	0	0	0	0.081	0.750	0.421	0.855
AGT	SERPINA10	9031.ENSGALP00000018089	9031.ENSGALP00000017847	0	0	0.215	0.641	0.311	0	0	0.116	0.481
AGT	NPY	9031.ENSGALP00000018089	9031.ENSGALP00000017870	0	0	0	0	0	0	0.500	0.189	0.577
AGT	BDKRB2	9031.ENSGALP00000018089	9031.ENSGALP00000018030	0	0	0	0	0	0.053	0.500	0	0.506
AGT	NMU	9031.ENSGALP00000018089	9031.ENSGALP00000031462	0	0	0	0	0	0	0.400	0	0.400
AGT	FGB	9031.ENSGALP00000018089	9031.ENSGALP00000038105	0	0	0	0	0.236	0	0	0.258	0.408
AGT	SERPIND1	9031.ENSGALP00000018089	9031.ENSGALP00000053865	0	0	0.235	0.605	0.119	0	0	0.195	0.410
AGT	HABP2	9031.ENSGALP00000018089	9031.ENSGALP00000032462	0	0	0	0	0.384	0.080	0	0.052	0.415
AGT	NMB	9031.ENSGALP00000018089	9031.ENSGALP00000049913	0	0	0	0	0.042	0	0.400	0.075	0.421
AGT	HGD	9031.ENSGALP00000018089	9031.ENSGALP00000024093	0.046	0	0	0	0.240	0	0	0.320	0.464
AGT	GC	9031.ENSGALP00000018089	9031.ENSGALP00000018939	0	0	0	0	0.347	0	0	0.240	0.482
AGT	F2RL1	9031.ENSGALP00000018089	9031.ENSGALP00000024125	0	0	0	0	0	0.052	0.500	0.056	0.513
AGT	PENK	9031.ENSGALP00000018089	9031.ENSGALP00000024825	0	0	0	0	0.048	0	0.500	0.086	0.526
AGT	C5	9031.ENSGALP00000018089	9031.ENSGALP00000050353	0	0	0	0	0.112	0	0.500	0.083	0.557
AGT	HGFAC	9031.ENSGALP00000018089	9031.ENSGALP00000025139	0	0	0	0	0.300	0.080	0	0.377	0.564
AGT	KNG1	9031.ENSGALP00000018089	9031.ENSGALP00000060409	0	0	0	0	0.065	0	0.400	0.384	0.624
AGT	BDKRB1	9031.ENSGALP00000018089	9031.ENSGALP00000031881	0	0	0	0	0	0.053	0.500	0.339	0.659
AGT	ENPEP	9031.ENSGALP00000018089	9031.ENSGALP00000049914	0	0	0	0	0	0.058	0.750	0.341	0.831
AGTPBP1	EIF2AK3	9031.ENSGALP00000020540	9031.ENSGALP00000025668	0	0	0	0	0	0	0	0.440	0.440
AHSG	TAT	9031.ENSGALP00000013991	9031.ENSGALP00000001312	0	0	0	0	0.419	0.071	0	0.245	0.557
AHSG	F13B	9031.ENSGALP00000013991	9031.ENSGALP00000003726	0	0	0	0	0.401	0	0	0.148	0.468
AHSG	ITIH2	9031.ENSGALP00000013991	9031.ENSGALP00000011044	0	0	0	0	0.410	0	0	0.346	0.597
AHSG	F2	9031.ENSGALP00000013991	9031.ENSGALP00000013544	0	0	0	0	0.960	0.102	0	0.548	0.982
AHSG	PIT54	9031.ENSGALP00000013991	9031.ENSGALP00000064701	0	0	0	0	0.132	0.054	0	0.344	0.414
AHSG	A1CF	9031.ENSGALP00000013991	9031.ENSGALP00000048156	0	0	0	0	0.414	0	0	0	0.414
AHSG	HGD	9031.ENSGALP00000013991	9031.ENSGALP00000024093	0	0	0	0	0.419	0	0	0	0.419
AHSG	TM4SF4	9031.ENSGALP00000013991	9031.ENSGALP00000016960	0	0	0	0	0.420	0	0	0	0.420
AHSG	TMPRSS6	9031.ENSGALP00000013991	9031.ENSGALP00000020367	0	0	0	0	0.391	0.102	0	0.052	0.436
AHSG	ALDH8A1	9031.ENSGALP00000013991	9031.ENSGALP00000022601	0	0	0	0	0.401	0.098	0	0.052	0.443
AHSG	PAH	9031.ENSGALP00000013991	9031.ENSGALP00000020786	0	0	0	0	0.449	0	0	0	0.449
AHSG	PROZ	9031.ENSGALP00000013991	9031.ENSGALP00000070757	0	0	0	0	0.406	0.102	0	0.052	0.450
AHSG	SLC30A10	9031.ENSGALP00000013991	9031.ENSGALP00000041013	0	0	0	0	0.302	0	0	0.256	0.458
AHSG	ALDOB	9031.ENSGALP00000013991	9031.ENSGALP00000036836	0	0	0	0	0.255	0	0	0.303	0.459
AHSG	C8B	9031.ENSGALP00000013991	9031.ENSGALP00000017617	0	0	0	0	0.382	0	0	0.161	0.459
AHSG	CFI	9031.ENSGALP00000013991	9031.ENSGALP00000019783	0	0	0	0	0.423	0.102	0	0	0.460
AHSG	SLC38A4	9031.ENSGALP00000013991	9031.ENSGALP00000015821	0	0	0	0	0.393	0	0	0.150	0.462
AHSG	TDO2	9031.ENSGALP00000013991	9031.ENSGALP00000046174	0	0	0	0	0.314	0	0	0.253	0.466
AHSG	MBL2	9031.ENSGALP00000013991	9031.ENSGALP00000040351	0	0	0	0	0.433	0	0	0.101	0.469
AHSG	NR1H4	9031.ENSGALP00000013991	9031.ENSGALP00000018906	0	0	0	0	0.383	0.056	0	0.171	0.475
AHSG	CPB2	9031.ENSGALP00000013991	9031.ENSGALP00000027389	0	0	0	0	0.451	0	0	0.134	0.504
AHSG	SERPINA10	9031.ENSGALP00000013991	9031.ENSGALP00000017847	0	0	0	0	0.427	0	0	0.229	0.539
AHSG	AGT	9031.ENSGALP00000013991	9031.ENSGALP00000018089	0	0	0	0	0.417	0	0	0.257	0.548
AHSG	APOA4	9031.ENSGALP00000013991	9031.ENSGALP00000071485	0	0	0	0	0.510	0	0	0.163	0.573
AHSG	KNG1	9031.ENSGALP00000013991	9031.ENSGALP00000060409	0	0	0	0	0.288	0.053	0	0.420	0.575
AHSG	ANGPTL3	9031.ENSGALP00000013991	9031.ENSGALP00000064198	0	0	0	0	0.447	0.082	0	0.264	0.594
AHSG	HABP2	9031.ENSGALP00000013991	9031.ENSGALP00000032462	0	0	0	0	0.508	0.237	0	0.048	0.611
AHSG	SERPIND1	9031.ENSGALP00000013991	9031.ENSGALP00000053865	0	0	0	0	0.467	0	0	0.344	0.635
AHSG	SERPINF2	9031.ENSGALP00000013991	9031.ENSGALP00000068360	0	0	0	0	0.438	0	0	0.389	0.642
AHSG	HGFAC	9031.ENSGALP00000013991	9031.ENSGALP00000025139	0	0	0	0	0.447	0.237	0	0.270	0.665
AHSG	FETUB	9031.ENSGALP00000013991	9031.ENSGALP00000038974	0	0	0.121	0.639	0.604	0.101	0	0.340	0.766
AHSG	APOB	9031.ENSGALP00000013991	9031.ENSGALP00000026550	0	0	0	0	0.729	0	0	0.287	0.798
AHSG	SPP2	9031.ENSGALP00000013991	9031.ENSGALP00000044476	0	0	0	0	0.539	0	0	0.699	0.855
AHSG	FGB	9031.ENSGALP00000013991	9031.ENSGALP00000038105	0	0	0	0	0.706	0.082	0	0.516	0.858
AHSG	FGG	9031.ENSGALP00000013991	9031.ENSGALP00000015063	0	0	0	0	0.731	0.082	0	0.534	0.875
AHSG	GC	9031.ENSGALP00000013991	9031.ENSGALP00000018939	0	0	0	0	0.690	0	0	0.681	0.896
AHSG	APOH	9031.ENSGALP00000013991	9031.ENSGALP00000054536	0	0	0	0	0.832	0	0	0.722	0.951
AHSG	FGA	9031.ENSGALP00000013991	9031.ENSGALP00000015061	0	0	0	0	0.889	0.082	0	0.708	0.967
AKAP12	VILL	9031.ENSGALP00000043594	9031.ENSGALP00000009244	0	0	0	0	0	0	0	0.730	0.730
AKAP12	SLC35F3	9031.ENSGALP00000043594	9031.ENSGALP00000017896	0	0	0	0	0	0	0	0.500	0.499
AKAP12	BAIAP2L2	9031.ENSGALP00000043594	9031.ENSGALP00000020051	0	0	0	0	0	0	0.400	0	0.400
AKAP12	IL2RB	9031.ENSGALP00000043594	9031.ENSGALP00000020354	0	0	0.476	0	0	0	0	0	0.476
AKAP12	IQSEC3	9031.ENSGALP00000043594	9031.ENSGALP00000021140	0	0	0	0	0	0	0	0.531	0.531
AKAP12	MAD2L1BP	9031.ENSGALP00000043594	9031.ENSGALP00000041650	0	0	0	0	0.089	0	0	0.603	0.623
AKAP12	ADD3	9031.ENSGALP00000043594	9031.ENSGALP00000070145	0	0	0	0	0	0	0.400	0	0.400
AKAP12	RHOF	9031.ENSGALP00000043594	9031.ENSGALP00000049823	0	0	0	0	0	0	0.500	0	0.499
AKAP12	HSPA12A	9031.ENSGALP00000043594	9031.ENSGALP00000071944	0	0	0	0	0	0.403	0	0.225	0.517
ALDH8A1	TAT	9031.ENSGALP00000022601	9031.ENSGALP00000001312	0	0	0	0	0.344	0.059	0	0.147	0.428
ALDH8A1	F13B	9031.ENSGALP00000022601	9031.ENSGALP00000003726	0	0	0	0	0.447	0	0	0	0.447
ALDH8A1	FAH	9031.ENSGALP00000022601	9031.ENSGALP00000010465	0.054	0	0	0	0.445	0.094	0.239	0.141	0.632
ALDH8A1	KMO	9031.ENSGALP00000022601	9031.ENSGALP00000012115	0.044	0	0	0	0.457	0	0.239	0.185	0.635
ALDH8A1	PCK1	9031.ENSGALP00000022601	9031.ENSGALP00000012342	0	0	0	0	0.375	0	0	0.116	0.424
ALDH8A1	AHSG	9031.ENSGALP00000022601	9031.ENSGALP00000013991	0	0	0	0	0.401	0.098	0	0.052	0.443
ALDH8A1	HAO1	9031.ENSGALP00000022601	9031.ENSGALP00000014358	0.045	0.007	0	0	0.449	0	0.242	0.157	0.619
ALDH8A1	FGA	9031.ENSGALP00000022601	9031.ENSGALP00000015061	0	0	0	0	0.489	0.084	0	0	0.512
ALDH8A1	FGG	9031.ENSGALP00000022601	9031.ENSGALP00000015063	0	0	0	0	0.423	0.084	0	0	0.449
ALDH8A1	SLC2A2	9031.ENSGALP00000022601	9031.ENSGALP00000015129	0	0	0	0	0.411	0	0	0.075	0.431
ALDH8A1	HAAO	9031.ENSGALP00000022601	9031.ENSGALP00000016119	0	0	0	0	0.394	0	0	0.155	0.466
ALDH8A1	TM4SF4	9031.ENSGALP00000022601	9031.ENSGALP00000016960	0	0	0	0	0.483	0	0	0	0.483
ALDH8A1	SERPINA10	9031.ENSGALP00000022601	9031.ENSGALP00000017847	0	0	0	0	0.439	0.050	0	0	0.444
ALDH8A1	NR1H4	9031.ENSGALP00000022601	9031.ENSGALP00000018906	0	0	0	0	0.444	0.067	0	0	0.459
ALDH8A1	GC	9031.ENSGALP00000022601	9031.ENSGALP00000018939	0	0	0	0	0.394	0	0	0.077	0.416
ALDH8A1	PAH	9031.ENSGALP00000022601	9031.ENSGALP00000020786	0	0	0	0	0.425	0	0	0.171	0.503
ALDH8A1	FGB	9031.ENSGALP00000022601	9031.ENSGALP00000038105	0	0	0	0	0.380	0.083	0	0	0.407
ALDH8A1	ANGPTL3	9031.ENSGALP00000022601	9031.ENSGALP00000064198	0	0	0	0	0.413	0.047	0	0	0.416
ALDH8A1	ACSL5	9031.ENSGALP00000022601	9031.ENSGALP00000069185	0	0	0	0	0.291	0	0.184	0.076	0.418
ALDH8A1	CPB2	9031.ENSGALP00000022601	9031.ENSGALP00000027389	0	0	0	0	0.397	0	0	0.074	0.418
ALDH8A1	C5	9031.ENSGALP00000022601	9031.ENSGALP00000050353	0	0	0	0	0.421	0	0	0	0.421
ALDH8A1	A1CF	9031.ENSGALP00000022601	9031.ENSGALP00000048156	0	0	0	0	0.422	0	0	0	0.422
ALDH8A1	SPP2	9031.ENSGALP00000022601	9031.ENSGALP00000044476	0	0	0	0	0.423	0	0	0	0.423
ALDH8A1	HGFAC	9031.ENSGALP00000022601	9031.ENSGALP00000025139	0	0	0	0	0.385	0.097	0	0.053	0.428
ALDH8A1	CAT	9031.ENSGALP00000022601	9031.ENSGALP00000063417	0	0	0	0	0.142	0.101	0.201	0.189	0.433
ALDH8A1	SERPINF2	9031.ENSGALP00000022601	9031.ENSGALP00000068360	0	0	0	0	0.444	0.047	0	0	0.447
ALDH8A1	HNF1A	9031.ENSGALP00000022601	9031.ENSGALP00000060662	0	0	0	0	0.449	0	0	0	0.449
ALDH8A1	CYP1B1	9031.ENSGALP00000022601	9031.ENSGALP00000048510	0	0	0	0	0.045	0	0.162	0.388	0.467
ALDH8A1	FETUB	9031.ENSGALP00000022601	9031.ENSGALP00000038974	0	0	0	0	0.454	0.074	0	0.046	0.476
ALDH8A1	SGK1	9031.ENSGALP00000022601	9031.ENSGALP00000068769	0	0	0	0	0	0.052	0	0.513	0.519
ALDH8A1	HGD	9031.ENSGALP00000022601	9031.ENSGALP00000024093	0	0	0	0	0.447	0	0	0.185	0.530
ALDOB	TAT	9031.ENSGALP00000036836	9031.ENSGALP00000001312	0	0	0	0	0.239	0	0	0.252	0.406
ALDOB	SLC2A5	9031.ENSGALP00000036836	9031.ENSGALP00000003884	0	0	0	0	0.179	0	0	0.512	0.582
ALDOB	FAH	9031.ENSGALP00000036836	9031.ENSGALP00000010465	0	0	0	0	0.296	0	0	0.188	0.404
ALDOB	PCK1	9031.ENSGALP00000036836	9031.ENSGALP00000012342	0	0	0	0	0.330	0	0	0.461	0.624
ALDOB	AHSG	9031.ENSGALP00000036836	9031.ENSGALP00000013991	0	0	0	0	0.255	0	0	0.303	0.459
ALDOB	HAO1	9031.ENSGALP00000036836	9031.ENSGALP00000014358	0	0	0	0	0.245	0	0	0.257	0.415
ALDOB	FGA	9031.ENSGALP00000036836	9031.ENSGALP00000015061	0	0	0	0	0.354	0	0	0.215	0.471
ALDOB	FGG	9031.ENSGALP00000036836	9031.ENSGALP00000015063	0	0	0	0	0.292	0	0	0.197	0.407
ALDOB	SLC2A2	9031.ENSGALP00000036836	9031.ENSGALP00000015129	0	0	0	0	0.341	0	0	0.380	0.574
ALDOB	FBP1	9031.ENSGALP00000036836	9031.ENSGALP00000020563	0.056	0	0	0	0.303	0.056	0.944	0.551	0.981
ALDOB	PAH	9031.ENSGALP00000036836	9031.ENSGALP00000020786	0	0	0	0	0.339	0	0	0.280	0.504
ALDOB	CYB5A	9031.ENSGALP00000036836	9031.ENSGALP00000022250	0	0	0	0	0.110	0	0	0.401	0.444
ALDOB	APOB	9031.ENSGALP00000036836	9031.ENSGALP00000026550	0	0	0	0	0.401	0	0	0.077	0.424
ALDOB	ACSL5	9031.ENSGALP00000036836	9031.ENSGALP00000069185	0	0	0	0	0.203	0	0	0.296	0.415
ALDOB	FGB	9031.ENSGALP00000036836	9031.ENSGALP00000038105	0	0	0	0	0.321	0	0	0.184	0.422
ALDOB	A1CF	9031.ENSGALP00000036836	9031.ENSGALP00000048156	0	0	0	0	0.380	0	0	0.118	0.430
ALDOB	RPIA	9031.ENSGALP00000036836	9031.ENSGALP00000071334	0	0	0	0	0	0	0	0.441	0.441
AMDHD1	GAS2	9031.ENSGALP00000018600	9031.ENSGALP00000005781	0	0	0	0	0	0	0	0.433	0.433
AMDHD1	XDH	9031.ENSGALP00000018600	9031.ENSGALP00000014144	0.102	0	0	0	0.097	0	0.414	0.185	0.561
ANGPTL3	TAT	9031.ENSGALP00000064198	9031.ENSGALP00000001312	0	0	0	0	0.407	0	0	0.288	0.560
ANGPTL3	F13B	9031.ENSGALP00000064198	9031.ENSGALP00000003726	0	0	0	0	0.438	0.098	0	0.049	0.476
ANGPTL3	KMO	9031.ENSGALP00000064198	9031.ENSGALP00000012115	0	0	0	0	0.409	0	0	0	0.409
ANGPTL3	AHSG	9031.ENSGALP00000064198	9031.ENSGALP00000013991	0	0	0	0	0.447	0.082	0	0.264	0.594
ANGPTL3	FGA	9031.ENSGALP00000064198	9031.ENSGALP00000015061	0	0	0	0.656	0.444	0	0	0.130	0.495
ANGPTL3	FGG	9031.ENSGALP00000064198	9031.ENSGALP00000015063	0	0	0	0.661	0.413	0	0	0.166	0.489
ANGPTL3	SLC2A2	9031.ENSGALP00000064198	9031.ENSGALP00000015129	0	0	0	0	0.423	0	0	0	0.423
ANGPTL3	HAAO	9031.ENSGALP00000064198	9031.ENSGALP00000016119	0	0	0	0	0.414	0	0	0	0.414
ANGPTL3	TM4SF4	9031.ENSGALP00000064198	9031.ENSGALP00000016960	0	0	0	0	0.444	0	0	0.048	0.448
ANGPTL3	PLPP3	9031.ENSGALP00000064198	9031.ENSGALP00000017568	0	0	0	0	0	0	0	0.457	0.457
ANGPTL3	C8B	9031.ENSGALP00000064198	9031.ENSGALP00000017617	0	0	0	0	0.304	0	0	0.292	0.486
ANGPTL3	SERPINA10	9031.ENSGALP00000064198	9031.ENSGALP00000017847	0	0	0	0	0.389	0	0	0.372	0.600
ANGPTL3	NR1H4	9031.ENSGALP00000064198	9031.ENSGALP00000018906	0	0	0	0	0.384	0	0	0.110	0.428
ANGPTL3	GC	9031.ENSGALP00000064198	9031.ENSGALP00000018939	0	0	0	0	0.482	0	0	0.207	0.572
ANGPTL3	TMPRSS6	9031.ENSGALP00000064198	9031.ENSGALP00000020367	0	0	0	0	0.393	0.066	0	0.187	0.499
ANGPTL3	PAH	9031.ENSGALP00000064198	9031.ENSGALP00000020786	0	0	0	0	0.423	0	0	0	0.423
ANGPTL3	ALDH8A1	9031.ENSGALP00000064198	9031.ENSGALP00000022601	0	0	0	0	0.413	0.047	0	0	0.416
ANGPTL3	HGD	9031.ENSGALP00000064198	9031.ENSGALP00000024093	0	0	0	0	0.418	0	0	0	0.418
ANGPTL3	HGFAC	9031.ENSGALP00000064198	9031.ENSGALP00000025139	0	0	0	0	0.406	0.101	0	0.052	0.449
ANGPTL3	APOB	9031.ENSGALP00000064198	9031.ENSGALP00000026550	0	0	0	0	0.392	0	0	0.604	0.749
ANGPTL3	HABP2	9031.ENSGALP00000064198	9031.ENSGALP00000032462	0	0	0	0	0.426	0.101	0	0	0.462
ANGPTL3	FGB	9031.ENSGALP00000064198	9031.ENSGALP00000038105	0	0	0	0.624	0.425	0	0	0.107	0.464
ANGPTL3	FETUB	9031.ENSGALP00000064198	9031.ENSGALP00000038974	0	0	0	0	0.401	0.060	0	0	0.413
ANGPTL3	MBL2	9031.ENSGALP00000064198	9031.ENSGALP00000040351	0	0	0	0	0.415	0.098	0	0	0.450
ANGPTL3	SPP2	9031.ENSGALP00000064198	9031.ENSGALP00000044476	0	0	0	0	0.497	0	0	0	0.497
ANGPTL3	A1CF	9031.ENSGALP00000064198	9031.ENSGALP00000048156	0	0	0	0	0.404	0	0	0	0.404
ANGPTL3	APOH	9031.ENSGALP00000064198	9031.ENSGALP00000054536	0	0	0	0	0.205	0.098	0	0.300	0.455
ANGPTL3	F7	9031.ENSGALP00000064198	9031.ENSGALP00000056443	0	0	0	0	0.430	0.066	0	0.139	0.501
ANGPTL3	MTTPL	9031.ENSGALP00000064198	9031.ENSGALP00000059574	0	0	0	0	0.110	0	0	0.384	0.429
ANGPTL3	PROZ	9031.ENSGALP00000064198	9031.ENSGALP00000070757	0	0	0	0	0.445	0.066	0	0	0.459
ANK3	ADD3	9031.ENSGALP00000052756	9031.ENSGALP00000070145	0	0	0	0	0	0.063	0	0.751	0.757
APCDD1	ESRP2	9031.ENSGALP00000065748	9031.ENSGALP00000055344	0	0	0	0	0	0	0	0.523	0.523
APOA4	PLA2G12B	9031.ENSGALP00000071485	9031.ENSGALP00000006895	0	0	0	0	0.371	0.143	0	0.239	0.554
APOA4	MASP1	9031.ENSGALP00000071485	9031.ENSGALP00000011986	0	0	0	0	0.094	0.066	0	0.601	0.633
APOA4	F2	9031.ENSGALP00000071485	9031.ENSGALP00000013544	0	0	0	0	0.444	0.066	0	0.202	0.549
APOA4	AHSG	9031.ENSGALP00000071485	9031.ENSGALP00000013991	0	0	0	0	0.510	0	0	0.163	0.573
APOA4	FGA	9031.ENSGALP00000071485	9031.ENSGALP00000015061	0	0	0	0	0.286	0.142	0	0.110	0.407
APOA4	SERPINA10	9031.ENSGALP00000071485	9031.ENSGALP00000017847	0	0	0	0	0.064	0.052	0	0.488	0.507
APOA4	FABP2	9031.ENSGALP00000071485	9031.ENSGALP00000019528	0	0	0	0	0.215	0	0	0.391	0.502
APOA4	APOB	9031.ENSGALP00000071485	9031.ENSGALP00000026550	0	0	0	0	0.586	0.238	0.540	0.691	0.949
APOA4	SERPIND1	9031.ENSGALP00000071485	9031.ENSGALP00000053865	0	0	0	0	0.238	0.052	0	0.245	0.407
APOA4	APOH	9031.ENSGALP00000071485	9031.ENSGALP00000054536	0	0	0	0	0.469	0.088	0	0.212	0.585
APOB	CREB3L3	9031.ENSGALP00000026550	9031.ENSGALP00000001898	0	0	0	0	0.485	0	0	0.101	0.517
APOB	ACOX1	9031.ENSGALP00000026550	9031.ENSGALP00000003376	0	0	0	0	0.076	0	0	0.588	0.603
APOB	F13B	9031.ENSGALP00000026550	9031.ENSGALP00000003726	0	0	0	0	0.420	0	0	0.193	0.513
APOB	HNF4A	9031.ENSGALP00000026550	9031.ENSGALP00000006799	0	0	0	0	0.393	0	0	0.444	0.648
APOB	PLA2G12B	9031.ENSGALP00000026550	9031.ENSGALP00000006895	0	0	0	0	0.523	0	0	0.423	0.713
APOB	FAH	9031.ENSGALP00000026550	9031.ENSGALP00000010465	0	0	0	0	0.371	0	0	0.179	0.461
APOB	ITIH2	9031.ENSGALP00000026550	9031.ENSGALP00000011044	0	0	0	0	0.328	0	0	0.152	0.406
APOB	CPT1A	9031.ENSGALP00000026550	9031.ENSGALP00000011452	0	0	0	0	0.073	0	0	0.534	0.549
APOB	PCK1	9031.ENSGALP00000026550	9031.ENSGALP00000012342	0	0	0	0	0.421	0	0	0.345	0.604
APOB	F2	9031.ENSGALP00000026550	9031.ENSGALP00000013544	0	0	0	0	0.533	0.045	0	0.337	0.678
APOB	AHSG	9031.ENSGALP00000026550	9031.ENSGALP00000013991	0	0	0	0	0.729	0	0	0.287	0.798
APOB	XDH	9031.ENSGALP00000026550	9031.ENSGALP00000014144	0	0	0	0	0.369	0	0	0.215	0.483
APOB	FGA	9031.ENSGALP00000026550	9031.ENSGALP00000015061	0	0	0	0	0.593	0	0	0.421	0.755
APOB	FGG	9031.ENSGALP00000026550	9031.ENSGALP00000015063	0	0	0	0	0.521	0	0	0.324	0.662
APOB	SLC2A2	9031.ENSGALP00000026550	9031.ENSGALP00000015129	0	0	0	0	0.557	0.054	0	0.276	0.670
APOB	CENPF	9031.ENSGALP00000026550	9031.ENSGALP00000015880	0	0	0	0	0.082	0	0	0.625	0.641
APOB	HAAO	9031.ENSGALP00000026550	9031.ENSGALP00000016119	0	0	0	0	0.393	0	0	0.059	0.404
APOB	TM4SF4	9031.ENSGALP00000026550	9031.ENSGALP00000016960	0	0	0	0	0.430	0	0	0.075	0.450
APOB	LRP2	9031.ENSGALP00000026550	9031.ENSGALP00000017630	0	0	0	0	0	0.101	0	0.666	0.687
APOB	SERPINA10	9031.ENSGALP00000026550	9031.ENSGALP00000017847	0	0	0	0	0.447	0	0	0.089	0.475
APOB	NR1H4	9031.ENSGALP00000026550	9031.ENSGALP00000018906	0	0	0	0	0.422	0	0	0.466	0.678
APOB	GC	9031.ENSGALP00000026550	9031.ENSGALP00000018939	0	0	0	0	0.443	0	0	0.282	0.583
APOB	FABP2	9031.ENSGALP00000026550	9031.ENSGALP00000019528	0	0	0	0	0.164	0	0	0.671	0.713
APOB	TMPRSS6	9031.ENSGALP00000026550	9031.ENSGALP00000020367	0	0	0	0	0.394	0.045	0	0.178	0.483
APOB	FBP1	9031.ENSGALP00000026550	9031.ENSGALP00000020563	0	0	0	0	0.329	0	0	0.143	0.400
APOB	PAH	9031.ENSGALP00000026550	9031.ENSGALP00000020786	0	0	0	0	0.422	0	0	0.056	0.431
APOB	HGD	9031.ENSGALP00000026550	9031.ENSGALP00000024093	0	0	0	0	0.485	0	0	0	0.485
APOB	ABCA1	9031.ENSGALP00000026550	9031.ENSGALP00000024845	0	0	0	0	0	0	0	0.740	0.740
APOB	HGFAC	9031.ENSGALP00000026550	9031.ENSGALP00000025139	0	0	0	0	0.394	0.072	0	0.272	0.555
APOB	OTC	9031.ENSGALP00000026550	9031.ENSGALP00000026160	0	0	0	0	0.518	0	0	0.267	0.631
APOB	TINAG	9031.ENSGALP00000026550	9031.ENSGALP00000026245	0	0	0	0	0.366	0	0	0.230	0.490
APOB	BCHE	9031.ENSGALP00000026550	9031.ENSGALP00000069058	0	0	0	0	0	0.075	0	0.397	0.419
APOB	ALDOB	9031.ENSGALP00000026550	9031.ENSGALP00000036836	0	0	0	0	0.401	0	0	0.077	0.424
APOB	MBL2	9031.ENSGALP00000026550	9031.ENSGALP00000040351	0	0	0	0	0.382	0	0	0.116	0.430
APOB	SERPINF2	9031.ENSGALP00000026550	9031.ENSGALP00000068360	0	0	0	0	0.368	0	0	0.163	0.449
APOB	SULT1C3	9031.ENSGALP00000026550	9031.ENSGALP00000027077	0	0	0	0	0.380	0	0	0.152	0.452
APOB	ESR1	9031.ENSGALP00000026550	9031.ENSGALP00000073938	0	0	0	0	0.096	0	0	0.441	0.473
APOB	RBM47	9031.ENSGALP00000026550	9031.ENSGALP00000053358	0	0	0	0	0.173	0	0	0.396	0.480
APOB	SPP2	9031.ENSGALP00000026550	9031.ENSGALP00000044476	0	0	0	0	0.423	0	0	0.159	0.494
APOB	HNF1A	9031.ENSGALP00000026550	9031.ENSGALP00000060662	0	0	0	0	0.372	0	0	0.249	0.508
APOB	ACSL5	9031.ENSGALP00000026550	9031.ENSGALP00000069185	0	0	0	0	0.261	0.078	0	0.346	0.515
APOB	CPB2	9031.ENSGALP00000026550	9031.ENSGALP00000027389	0	0	0	0	0.439	0	0	0.220	0.544
APOB	FETUB	9031.ENSGALP00000026550	9031.ENSGALP00000038974	0	0	0	0	0.462	0.052	0	0.237	0.577
APOB	PPARA	9031.ENSGALP00000026550	9031.ENSGALP00000053048	0	0	0	0	0.045	0	0	0.595	0.597
APOB	COLEC12	9031.ENSGALP00000026550	9031.ENSGALP00000030293	0	0	0	0	0	0.052	0.700	0	0.703
APOB	FGB	9031.ENSGALP00000026550	9031.ENSGALP00000038105	0	0	0	0	0.581	0	0	0.353	0.718
APOB	ANGPTL3	9031.ENSGALP00000026550	9031.ENSGALP00000064198	0	0	0	0	0.392	0	0	0.604	0.749
APOB	A1CF	9031.ENSGALP00000026550	9031.ENSGALP00000048156	0	0	0	0	0.448	0	0	0.625	0.784
APOB	MTTPL	9031.ENSGALP00000026550	9031.ENSGALP00000059574	0	0	0	0	0.489	0.232	0	0.633	0.843
APOB	APOH	9031.ENSGALP00000026550	9031.ENSGALP00000054536	0	0	0	0	0.668	0	0	0.632	0.873
APOB	APOA4	9031.ENSGALP00000026550	9031.ENSGALP00000071485	0	0	0	0	0.586	0.238	0.540	0.691	0.949
APOB	MTTP	9031.ENSGALP00000026550	9031.ENSGALP00000056995	0	0	0	0	0.524	0.252	0.750	0.953	0.995
APOH	F2	9031.ENSGALP00000054536	9031.ENSGALP00000013544	0	0	0	0	0.719	0.059	0	0.663	0.903
APOH	AHSG	9031.ENSGALP00000054536	9031.ENSGALP00000013991	0	0	0	0	0.832	0	0	0.722	0.951
APOH	FGA	9031.ENSGALP00000054536	9031.ENSGALP00000015061	0	0	0	0	0.594	0.098	0	0.702	0.881
APOH	FGG	9031.ENSGALP00000054536	9031.ENSGALP00000015063	0	0	0	0	0.698	0.098	0	0.538	0.863
APOH	GC	9031.ENSGALP00000054536	9031.ENSGALP00000018939	0	0	0	0	0.548	0	0	0.293	0.667
APOH	APOB	9031.ENSGALP00000054536	9031.ENSGALP00000026550	0	0	0	0	0.668	0	0	0.632	0.873
APOH	CPB2	9031.ENSGALP00000054536	9031.ENSGALP00000027389	0	0	0	0	0.318	0	0	0.157	0.401
APOH	FGB	9031.ENSGALP00000054536	9031.ENSGALP00000038105	0	0	0	0	0.441	0.098	0	0.606	0.784
APOH	FETUB	9031.ENSGALP00000054536	9031.ENSGALP00000038974	0	0	0	0	0.581	0.101	0	0.169	0.660
APOH	TIMP3	9031.ENSGALP00000054536	9031.ENSGALP00000040866	0	0	0	0	0	0	0.400	0	0.400
APOH	SPP2	9031.ENSGALP00000054536	9031.ENSGALP00000044476	0	0	0	0	0.357	0	0.400	0.370	0.735
APOH	SERPIND1	9031.ENSGALP00000054536	9031.ENSGALP00000053865	0	0	0	0	0.497	0.053	0	0.138	0.553
APOH	ANGPTL3	9031.ENSGALP00000054536	9031.ENSGALP00000064198	0	0	0	0	0.205	0.098	0	0.300	0.455
APOH	APOA4	9031.ENSGALP00000054536	9031.ENSGALP00000071485	0	0	0	0	0.469	0.088	0	0.212	0.585
APOH	PIT54	9031.ENSGALP00000054536	9031.ENSGALP00000064701	0	0	0	0	0.166	0.092	0	0.519	0.604
APOH	SERPINF2	9031.ENSGALP00000054536	9031.ENSGALP00000068360	0	0	0	0	0.481	0	0	0.342	0.644
ARHGAP24	PALMD	9031.ENSGALP00000018112	9031.ENSGALP00000008724	0	0	0	0	0	0	0	0.580	0.580
ARHGAP24	SLC5A12	9031.ENSGALP00000018112	9031.ENSGALP00000021691	0	0	0	0	0	0	0	0.447	0.447
ARL4C	SPP2	9031.ENSGALP00000066958	9031.ENSGALP00000044476	0	0	0	0	0	0	0	0.630	0.630
ASB15	MYLK2	9031.ENSGALP00000014312	9031.ENSGALP00000010124	0	0	0	0	0.298	0.102	0	0.218	0.464
ASB15	PLXNA4	9031.ENSGALP00000014312	9031.ENSGALP00000010443	0	0	0	0	0	0	0	0.424	0.424
ASPM	CENPF	9031.ENSGALP00000057705	9031.ENSGALP00000015880	0	0	0	0	0.958	0	0	0.568	0.981
ASPM	DTL	9031.ENSGALP00000057705	9031.ENSGALP00000015973	0	0	0	0	0.694	0	0	0.069	0.703
ASPM	KIAA1217	9031.ENSGALP00000057705	9031.ENSGALP00000047734	0	0	0	0	0	0	0	0.410	0.410
ASPM	E2F7	9031.ENSGALP00000057705	9031.ENSGALP00000048416	0	0	0	0	0.343	0	0	0.147	0.416
ATIC	HAO1	9031.ENSGALP00000061123	9031.ENSGALP00000014358	0	0	0	0	0.061	0	0.825	0	0.828
ATIC	PSAT1	9031.ENSGALP00000061123	9031.ENSGALP00000024450	0	0	0	0	0.254	0	0	0.526	0.631
ATIC	PRPS2	9031.ENSGALP00000061123	9031.ENSGALP00000026729	0.093	0	0	0	0.106	0	0	0.494	0.555
ATIC	SLC23A1	9031.ENSGALP00000061123	9031.ENSGALP00000048696	0.053	0	0	0	0.208	0	0	0.344	0.465
ATIC	DPYS	9031.ENSGALP00000061123	9031.ENSGALP00000054123	0.079	0	0	0	0.073	0	0.197	0.479	0.595
ATIC	MTHFD2	9031.ENSGALP00000061123	9031.ENSGALP00000057027	0.142	0	0	0	0.487	0	0.913	0.890	0.995
ATIC	EML4	9031.ENSGALP00000061123	9031.ENSGALP00000073091	0	0	0	0	0	0	0.241	0.468	0.579
ATIC	GLUL	9031.ENSGALP00000061123	9031.ENSGALP00000067937	0.101	0	0	0	0.108	0	0.419	0.255	0.606
ATIC	NT5C1A	9031.ENSGALP00000061123	9031.ENSGALP00000067998	0	0	0	0	0	0	0.900	0.705	0.969
ATP10B	ITIH2	9031.ENSGALP00000002536	9031.ENSGALP00000011044	0	0	0	0	0	0	0	0.421	0.420
ATP1B1	OTOP3	9031.ENSGALP00000036140	9031.ENSGALP00000042554	0	0	0	0	0	0	0	0.476	0.476
ATP7B	SLC30A10	9031.ENSGALP00000027449	9031.ENSGALP00000041013	0.078	0	0	0	0.278	0	0	0.278	0.477
ATP7B	F5	9031.ENSGALP00000027449	9031.ENSGALP00000047983	0.089	0	0	0	0.163	0	0.241	0.217	0.486
BAG3	SOX6	9031.ENSGALP00000015342	9031.ENSGALP00000009790	0	0	0	0	0	0	0	0.451	0.451
BAG3	CRYAA	9031.ENSGALP00000015342	9031.ENSGALP00000054560	0	0	0	0	0.093	0.289	0	0.397	0.578
BAG3	HSPA12A	9031.ENSGALP00000015342	9031.ENSGALP00000071944	0	0	0	0	0.056	0.541	0	0.213	0.629
BAIAP2L2	ADD3	9031.ENSGALP00000020051	9031.ENSGALP00000070145	0	0	0	0	0	0	0.400	0	0.400
BAIAP2L2	AKAP12	9031.ENSGALP00000020051	9031.ENSGALP00000043594	0	0	0	0	0	0	0.400	0	0.400
BAIAP2L2	LMO7	9031.ENSGALP00000020051	9031.ENSGALP00000027304	0	0	0	0	0.064	0	0	0.539	0.550
BAIAP2L2	RHOF	9031.ENSGALP00000020051	9031.ENSGALP00000049823	0	0	0	0	0	0.163	0.500	0	0.563
BCHE	APOB	9031.ENSGALP00000069058	9031.ENSGALP00000026550	0	0	0	0	0	0.075	0	0.397	0.419
BDH2	ACOX1	9031.ENSGALP00000020134	9031.ENSGALP00000003376	0.046	0	0	0	0.113	0.076	0.182	0.454	0.588
BDKRB1	F2	9031.ENSGALP00000031881	9031.ENSGALP00000013544	0	0	0	0	0	0.053	0.500	0.060	0.516
BDKRB1	NPY	9031.ENSGALP00000031881	9031.ENSGALP00000017870	0	0	0	0	0	0.081	0.500	0	0.520
BDKRB1	BDKRB2	9031.ENSGALP00000031881	9031.ENSGALP00000018030	0	0	0	0.849	0.369	0	0.900	0.096	0.937
BDKRB1	AGT	9031.ENSGALP00000031881	9031.ENSGALP00000018089	0	0	0	0	0	0.053	0.500	0.339	0.659
BDKRB1	F2RL1	9031.ENSGALP00000031881	9031.ENSGALP00000024125	0	0	0	0.658	0	0.042	0.400	0	0.400
BDKRB1	PENK	9031.ENSGALP00000031881	9031.ENSGALP00000024825	0	0	0	0	0	0.096	0.500	0.133	0.573
BDKRB1	LPAR1	9031.ENSGALP00000031881	9031.ENSGALP00000025320	0	0	0	0.572	0	0	0.400	0	0.400
BDKRB1	NMU	9031.ENSGALP00000031881	9031.ENSGALP00000031462	0	0	0	0	0	0.094	0.500	0	0.527
BDKRB1	KCNB2	9031.ENSGALP00000031881	9031.ENSGALP00000052531	0	0	0	0	0	0	0	0.409	0.408
BDKRB1	C5	9031.ENSGALP00000031881	9031.ENSGALP00000050353	0	0	0	0	0	0	0.500	0.056	0.507
BDKRB1	NMB	9031.ENSGALP00000031881	9031.ENSGALP00000049913	0	0	0	0	0	0.053	0.500	0.142	0.558
BDKRB1	KNG1	9031.ENSGALP00000031881	9031.ENSGALP00000060409	0	0	0	0	0	0.624	0.900	0.282	0.970
BDKRB2	F2	9031.ENSGALP00000018030	9031.ENSGALP00000013544	0	0	0	0	0	0.053	0.500	0	0.506
BDKRB2	NPY	9031.ENSGALP00000018030	9031.ENSGALP00000017870	0	0	0	0	0	0.081	0.500	0.059	0.529
BDKRB2	LPAR1	9031.ENSGALP00000018030	9031.ENSGALP00000025320	0	0	0	0	0	0	0.400	0	0.400
BDKRB2	F2RL1	9031.ENSGALP00000018030	9031.ENSGALP00000024125	0	0	0	0.657	0	0.042	0.400	0.068	0.417
BDKRB2	C5	9031.ENSGALP00000018030	9031.ENSGALP00000050353	0	0	0	0	0	0	0.500	0	0.499
BDKRB2	AGT	9031.ENSGALP00000018030	9031.ENSGALP00000018089	0	0	0	0	0	0.053	0.500	0	0.506
BDKRB2	NMB	9031.ENSGALP00000018030	9031.ENSGALP00000049913	0	0	0	0	0	0.053	0.500	0	0.506
BDKRB2	NMU	9031.ENSGALP00000018030	9031.ENSGALP00000031462	0	0	0	0	0	0.094	0.500	0	0.527
BDKRB2	PENK	9031.ENSGALP00000018030	9031.ENSGALP00000024825	0	0	0	0	0.051	0.096	0.500	0.053	0.539
BDKRB2	KNG1	9031.ENSGALP00000018030	9031.ENSGALP00000060409	0	0	0	0	0	0.071	0.900	0.048	0.903
BDKRB2	BDKRB1	9031.ENSGALP00000018030	9031.ENSGALP00000031881	0	0	0	0.849	0.369	0	0.900	0.096	0.937
BMP4	FGFR3	9031.ENSGALP00000020289	9031.ENSGALP00000001710	0	0	0	0	0	0.094	0	0.537	0.562
BMP4	SHH	9031.ENSGALP00000020289	9031.ENSGALP00000010292	0	0	0	0	0	0.101	0	0.961	0.964
BMP4	LRP2	9031.ENSGALP00000020289	9031.ENSGALP00000017630	0	0	0	0	0	0	0	0.427	0.427
BMP4	PXDN	9031.ENSGALP00000020289	9031.ENSGALP00000026363	0	0	0	0	0	0	0	0.400	0.400
BMP4	MEIS1	9031.ENSGALP00000020289	9031.ENSGALP00000068200	0	0	0	0	0	0	0	0.400	0.400
BMP4	GBX2	9031.ENSGALP00000020289	9031.ENSGALP00000052169	0	0	0	0	0	0	0	0.409	0.409
BMP4	EGFR	9031.ENSGALP00000020289	9031.ENSGALP00000053328	0	0	0	0	0	0.054	0	0.410	0.418
BMP4	HOXB6	9031.ENSGALP00000020289	9031.ENSGALP00000058472	0	0	0	0	0	0	0	0.422	0.422
BMP4	DLL1	9031.ENSGALP00000020289	9031.ENSGALP00000067155	0	0	0	0	0.054	0.054	0	0.444	0.459
BMP4	HOXD13	9031.ENSGALP00000020289	9031.ENSGALP00000054291	0	0	0	0	0	0	0	0.511	0.511
BMP4	MYC	9031.ENSGALP00000020289	9031.ENSGALP00000072090	0	0	0	0	0	0	0	0.511	0.511
BMP4	EOMES	9031.ENSGALP00000020289	9031.ENSGALP00000041400	0	0	0	0	0	0	0	0.536	0.536
BMP4	NKX3-2	9031.ENSGALP00000020289	9031.ENSGALP00000064633	0	0	0	0	0.050	0	0	0.543	0.547
BMP4	NKX2-1	9031.ENSGALP00000020289	9031.ENSGALP00000055123	0	0	0	0	0	0	0	0.592	0.592
BMP4	GLI3	9031.ENSGALP00000020289	9031.ENSGALP00000048561	0	0	0	0	0	0.053	0	0.635	0.640
BMP4	WNT4	9031.ENSGALP00000020289	9031.ENSGALP00000046583	0	0	0	0	0	0.095	0	0.624	0.645
BMP4	PAX9	9031.ENSGALP00000020289	9031.ENSGALP00000037011	0	0	0	0	0	0	0	0.696	0.696
BMP4	TBX2	9031.ENSGALP00000020289	9031.ENSGALP00000057931	0	0	0	0	0.065	0.054	0	0.719	0.730
BMP4	TBX3	9031.ENSGALP00000020289	9031.ENSGALP00000045049	0	0	0	0	0	0.054	0	0.779	0.782
BMP4	CHRD	9031.ENSGALP00000020289	9031.ENSGALP00000050115	0	0	0	0	0	0.495	0	0.946	0.971
C1QL3	TPBG	9031.ENSGALP00000053154	9031.ENSGALP00000043295	0	0	0	0	0	0.079	0	0.433	0.455
C5	F13B	9031.ENSGALP00000050353	9031.ENSGALP00000003726	0	0	0	0	0.375	0.065	0	0.062	0.404
C5	KMO	9031.ENSGALP00000050353	9031.ENSGALP00000012115	0	0	0	0	0.421	0	0	0	0.421
C5	F2	9031.ENSGALP00000050353	9031.ENSGALP00000013544	0	0	0	0	0.315	0.130	0.750	0.240	0.871
C5	FGA	9031.ENSGALP00000050353	9031.ENSGALP00000015061	0	0	0	0	0.481	0	0	0.045	0.483
C5	C8B	9031.ENSGALP00000050353	9031.ENSGALP00000017617	0	0	0	0	0.128	0.142	0.500	0.166	0.646
C5	SERPINA10	9031.ENSGALP00000050353	9031.ENSGALP00000017847	0	0	0	0	0.421	0	0	0.046	0.424
C5	NPY	9031.ENSGALP00000050353	9031.ENSGALP00000017870	0	0	0	0	0	0	0.500	0	0.499
C5	BDKRB2	9031.ENSGALP00000050353	9031.ENSGALP00000018030	0	0	0	0	0	0	0.500	0	0.499
C5	AGT	9031.ENSGALP00000050353	9031.ENSGALP00000018089	0	0	0	0	0.112	0	0.500	0.083	0.557
C5	CFI	9031.ENSGALP00000050353	9031.ENSGALP00000019783	0	0	0	0	0.337	0.163	0	0.237	0.539
C5	ALDH8A1	9031.ENSGALP00000050353	9031.ENSGALP00000022601	0	0	0	0	0.421	0	0	0	0.421
C5	PENK	9031.ENSGALP00000050353	9031.ENSGALP00000024825	0	0	0	0	0	0	0.500	0	0.499
C5	HGFAC	9031.ENSGALP00000050353	9031.ENSGALP00000025139	0	0	0	0	0.365	0.128	0	0.344	0.605
C5	CPB2	9031.ENSGALP00000050353	9031.ENSGALP00000027389	0	0	0	0	0.393	0.091	0.400	0.294	0.735
C5	NMU	9031.ENSGALP00000050353	9031.ENSGALP00000031462	0	0	0	0	0	0	0.500	0	0.499
C5	BDKRB1	9031.ENSGALP00000050353	9031.ENSGALP00000031881	0	0	0	0	0	0	0.500	0.056	0.507
C5	FETUB	9031.ENSGALP00000050353	9031.ENSGALP00000038974	0	0	0	0	0.470	0.045	0	0	0.472
C5	MBL2	9031.ENSGALP00000050353	9031.ENSGALP00000040351	0	0	0	0	0.357	0.065	0	0.214	0.486
C5	SERPIND1	9031.ENSGALP00000050353	9031.ENSGALP00000053865	0	0	0	0	0.276	0	0	0.294	0.467
C5	SERPINF2	9031.ENSGALP00000050353	9031.ENSGALP00000068360	0	0	0	0	0.340	0	0	0.291	0.512
C5	KNG1	9031.ENSGALP00000050353	9031.ENSGALP00000060409	0	0	0	0	0.198	0	0.500	0.317	0.702
C8B	F13B	9031.ENSGALP00000017617	9031.ENSGALP00000003726	0	0	0	0	0.308	0	0	0.189	0.414
C8B	AHSG	9031.ENSGALP00000017617	9031.ENSGALP00000013991	0	0	0	0	0.382	0	0	0.161	0.459
C8B	FGA	9031.ENSGALP00000017617	9031.ENSGALP00000015061	0	0	0	0	0.388	0	0	0.099	0.425
C8B	SLC38A4	9031.ENSGALP00000017617	9031.ENSGALP00000015821	0	0	0	0	0.200	0	0	0.282	0.402
C8B	SPP2	9031.ENSGALP00000017617	9031.ENSGALP00000044476	0	0	0	0	0.404	0	0	0	0.404
C8B	TMPRSS6	9031.ENSGALP00000017617	9031.ENSGALP00000020367	0	0	0	0	0.366	0	0	0.110	0.411
C8B	FETUB	9031.ENSGALP00000017617	9031.ENSGALP00000038974	0	0	0	0	0.390	0.078	0	0	0.413
C8B	PROZ	9031.ENSGALP00000017617	9031.ENSGALP00000070757	0	0	0	0	0.375	0	0	0.110	0.419
C8B	GC	9031.ENSGALP00000017617	9031.ENSGALP00000018939	0	0	0	0	0.377	0	0	0.114	0.425
C8B	HABP2	9031.ENSGALP00000017617	9031.ENSGALP00000032462	0	0	0	0	0.379	0.078	0	0.092	0.434
C8B	MBL2	9031.ENSGALP00000017617	9031.ENSGALP00000040351	0	0	0	0	0.379	0	0	0.163	0.458
C8B	MYO6	9031.ENSGALP00000017617	9031.ENSGALP00000025573	0	0	0	0	0	0.418	0	0.116	0.463
C8B	ANGPTL3	9031.ENSGALP00000017617	9031.ENSGALP00000064198	0	0	0	0	0.304	0	0	0.292	0.486
C8B	CPB2	9031.ENSGALP00000017617	9031.ENSGALP00000027389	0	0	0	0	0.380	0	0	0.241	0.510
C8B	VAT1L	9031.ENSGALP00000017617	9031.ENSGALP00000021570	0	0	0	0	0	0	0	0.588	0.588
C8B	C5	9031.ENSGALP00000017617	9031.ENSGALP00000050353	0	0	0	0	0.128	0.142	0.500	0.166	0.646
C8B	HGFAC	9031.ENSGALP00000017617	9031.ENSGALP00000025139	0	0	0	0	0.371	0.078	0	0.460	0.659
CACNA1S	RASGRP3	9031.ENSGALP00000056760	9031.ENSGALP00000016973	0	0	0	0	0.043	0	0.650	0	0.650
CACNA1S	SCN8A	9031.ENSGALP00000056760	9031.ENSGALP00000050098	0	0	0	0.638	0	0.069	0.540	0	0.553
CACNA1S	PPP2R2B	9031.ENSGALP00000056760	9031.ENSGALP00000057392	0	0	0	0	0	0	0.650	0	0.650
CACNG5	RASGRP3	9031.ENSGALP00000006216	9031.ENSGALP00000016973	0	0	0	0	0	0.050	0.650	0	0.653
CACNG5	PPP2R2B	9031.ENSGALP00000006216	9031.ENSGALP00000057392	0	0	0	0	0	0.081	0.650	0.054	0.669
CALR3	PXDN	9031.ENSGALP00000006222	9031.ENSGALP00000026363	0	0	0	0	0	0	0	0.432	0.432
CALR3	MBL2	9031.ENSGALP00000006222	9031.ENSGALP00000040351	0	0	0	0	0	0.060	0	0.465	0.476
CALR3	CLGN	9031.ENSGALP00000006222	9031.ENSGALP00000015961	0	0	0	0.804	0.454	0.101	0	0.338	0.646
CAMK1D	DCX	9031.ENSGALP00000048859	9031.ENSGALP00000012962	0	0.877	0	0	0	0.162	0	0.057	0.894
CAMK1D	OTOP3	9031.ENSGALP00000048859	9031.ENSGALP00000042554	0	0	0	0	0	0	0	0.539	0.539
CAPSL	IL7R	9031.ENSGALP00000073682	9031.ENSGALP00000021778	0	0	0	0	0.061	0	0	0.588	0.597
CAPSL	SPEF2	9031.ENSGALP00000073682	9031.ENSGALP00000038362	0	0	0	0	0.063	0.053	0	0.581	0.596
CAPSL	CCDC85A	9031.ENSGALP00000073682	9031.ENSGALP00000046184	0	0	0	0	0	0	0	0.447	0.447
CAPSL	SDC3	9031.ENSGALP00000073682	9031.ENSGALP00000051243	0	0	0	0	0	0	0	0.422	0.422
CAT	ACOX1	9031.ENSGALP00000063417	9031.ENSGALP00000003376	0.056	0	0	0	0.169	0.235	0	0.306	0.528
CAT	HAO1	9031.ENSGALP00000063417	9031.ENSGALP00000014358	0	0	0	0	0.175	0	0.900	0.136	0.922
CAT	HAAO	9031.ENSGALP00000063417	9031.ENSGALP00000016119	0	0	0	0	0.139	0	0.900	0	0.910
CAT	ALDH8A1	9031.ENSGALP00000063417	9031.ENSGALP00000022601	0	0	0	0	0.142	0.101	0.201	0.189	0.433
CBLN1	PTCHD1	9031.ENSGALP00000047118	9031.ENSGALP00000026339	0	0	0	0	0.046	0	0	0.401	0.404
CCDC85A	CAPSL	9031.ENSGALP00000046184	9031.ENSGALP00000073682	0	0	0	0	0	0	0	0.447	0.447
CCNE1	CDK18	9031.ENSGALP00000007147	9031.ENSGALP00000065853	0	0	0	0	0.048	0.380	0	0.162	0.462
CCNE1	CCNO	9031.ENSGALP00000007147	9031.ENSGALP00000041991	0	0	0	0.600	0.414	0.101	0	0.128	0.500
CCNE1	MYC	9031.ENSGALP00000007147	9031.ENSGALP00000072090	0	0	0	0	0.044	0.054	0	0.500	0.508
CCNE1	CCNE2	9031.ENSGALP00000007147	9031.ENSGALP00000043603	0	0	0.072	0.931	0.064	0	0.900	0.201	0.921
CCNE2	CCNE1	9031.ENSGALP00000043603	9031.ENSGALP00000007147	0	0	0.072	0.931	0.064	0	0.900	0.201	0.921
CCNE2	CCNO	9031.ENSGALP00000043603	9031.ENSGALP00000041991	0	0	0	0.579	0.414	0.101	0	0.128	0.500
CCNE2	CDK18	9031.ENSGALP00000043603	9031.ENSGALP00000065853	0	0	0	0	0.048	0.380	0	0.162	0.462
CCNO	CCNE1	9031.ENSGALP00000041991	9031.ENSGALP00000007147	0	0	0	0.600	0.414	0.101	0	0.128	0.500
CCNO	SLC5A12	9031.ENSGALP00000041991	9031.ENSGALP00000021691	0	0	0	0	0	0	0	0.523	0.523
CCNO	PLK3	9031.ENSGALP00000041991	9031.ENSGALP00000047781	0	0	0	0	0.212	0.234	0	0.143	0.437
CCNO	CDK18	9031.ENSGALP00000041991	9031.ENSGALP00000065853	0	0	0	0	0.224	0.269	0	0.116	0.454
CCNO	CCNE2	9031.ENSGALP00000041991	9031.ENSGALP00000043603	0	0	0	0.579	0.414	0.101	0	0.128	0.500
CDC42EP1	DSG2	9031.ENSGALP00000048193	9031.ENSGALP00000024387	0	0	0	0	0	0	0.400	0	0.400
CDC42EP1	DOCK3	9031.ENSGALP00000048193	9031.ENSGALP00000053992	0	0	0	0	0	0	0.400	0	0.400
CDC42EP1	CDC42EP3	9031.ENSGALP00000048193	9031.ENSGALP00000072045	0	0	0	0.663	0	0	0.400	0.298	0.560
CDC42EP3	LRIG3	9031.ENSGALP00000072045	9031.ENSGALP00000015856	0	0	0	0	0	0.050	0	0.464	0.469
CDC42EP3	CDC42EP1	9031.ENSGALP00000072045	9031.ENSGALP00000048193	0	0	0	0.663	0	0	0.400	0.298	0.560
CDC42EP3	PI15	9031.ENSGALP00000072045	9031.ENSGALP00000051751	0	0	0	0	0	0	0	0.555	0.555
CDH20	DBX2	9031.ENSGALP00000071272	9031.ENSGALP00000037987	0	0	0	0	0	0	0	0.461	0.461
CDK18	CCNE1	9031.ENSGALP00000065853	9031.ENSGALP00000007147	0	0	0	0	0.048	0.380	0	0.162	0.462
CDK18	CCNO	9031.ENSGALP00000065853	9031.ENSGALP00000041991	0	0	0	0	0.224	0.269	0	0.116	0.454
CDK18	CCNE2	9031.ENSGALP00000065853	9031.ENSGALP00000043603	0	0	0	0	0.048	0.380	0	0.162	0.462
CDK18	PLK3	9031.ENSGALP00000065853	9031.ENSGALP00000047781	0	0	0.133	0.571	0.213	0.195	0	0.124	0.454
CDK18	PPP2R2B	9031.ENSGALP00000065853	9031.ENSGALP00000057392	0	0	0	0	0.082	0.344	0	0.145	0.440
CENPF	E2F7	9031.ENSGALP00000015880	9031.ENSGALP00000048416	0	0	0	0	0.324	0	0	0.167	0.413
CENPF	EML4	9031.ENSGALP00000015880	9031.ENSGALP00000073091	0	0	0	0	0.045	0	0.500	0	0.502
CENPF	DTL	9031.ENSGALP00000015880	9031.ENSGALP00000015973	0	0	0	0	0.568	0	0	0.158	0.621
CENPF	APOB	9031.ENSGALP00000015880	9031.ENSGALP00000026550	0	0	0	0	0.082	0	0	0.625	0.641
CENPF	ASPM	9031.ENSGALP00000015880	9031.ENSGALP00000057705	0	0	0	0	0.958	0	0	0.568	0.981
CFAP45	HGFAC	9031.ENSGALP00000063415	9031.ENSGALP00000025139	0	0	0	0	0.048	0.403	0	0.083	0.433
CFAP45	HABP2	9031.ENSGALP00000063415	9031.ENSGALP00000032462	0	0	0	0	0.048	0.403	0	0.083	0.433
CFI	F13B	9031.ENSGALP00000019783	9031.ENSGALP00000003726	0	0	0	0	0.412	0.059	0	0.177	0.505
CFI	ITIH2	9031.ENSGALP00000019783	9031.ENSGALP00000011044	0	0	0	0	0.404	0	0	0	0.404
CFI	F2	9031.ENSGALP00000019783	9031.ENSGALP00000013544	0	0	0.185	0.586	0.447	0	0	0	0.530
CFI	AHSG	9031.ENSGALP00000019783	9031.ENSGALP00000013991	0	0	0	0	0.423	0.102	0	0	0.460
CFI	FGA	9031.ENSGALP00000019783	9031.ENSGALP00000015061	0	0	0	0	0.531	0.065	0	0.082	0.562
CFI	FGG	9031.ENSGALP00000019783	9031.ENSGALP00000015063	0	0	0	0	0.481	0.065	0	0.071	0.509
CFI	SERPINA10	9031.ENSGALP00000019783	9031.ENSGALP00000017847	0	0	0	0	0.516	0.069	0	0.243	0.629
CFI	FGB	9031.ENSGALP00000019783	9031.ENSGALP00000038105	0	0	0	0	0.374	0.065	0	0.082	0.416
CFI	PAH	9031.ENSGALP00000019783	9031.ENSGALP00000020786	0	0	0	0	0.343	0	0.168	0	0.430
CFI	HGFAC	9031.ENSGALP00000019783	9031.ENSGALP00000025139	0	0	0.188	0.662	0.321	0.098	0	0	0.459
CFI	CPB2	9031.ENSGALP00000019783	9031.ENSGALP00000027389	0	0	0	0	0.381	0.142	0	0.083	0.470
CFI	FETUB	9031.ENSGALP00000019783	9031.ENSGALP00000038974	0	0	0	0	0.422	0.098	0	0.069	0.472
CFI	SERPINF2	9031.ENSGALP00000019783	9031.ENSGALP00000068360	0	0	0	0	0.408	0.069	0	0.160	0.497
CFI	SERPIND1	9031.ENSGALP00000019783	9031.ENSGALP00000053865	0	0	0	0	0.437	0.069	0	0.154	0.518
CFI	HABP2	9031.ENSGALP00000019783	9031.ENSGALP00000032462	0	0	0.200	0.653	0.370	0.098	0	0.085	0.528
CFI	C5	9031.ENSGALP00000019783	9031.ENSGALP00000050353	0	0	0	0	0.337	0.163	0	0.237	0.539
CFI	MBL2	9031.ENSGALP00000019783	9031.ENSGALP00000040351	0	0	0	0	0.364	0.059	0	0.723	0.820
CHRD	TSKU	9031.ENSGALP00000050115	9031.ENSGALP00000001104	0	0	0	0	0	0.042	0	0.490	0.490
CHRD	SHH	9031.ENSGALP00000050115	9031.ENSGALP00000010292	0	0	0	0	0	0	0	0.733	0.733
CHRD	BMP4	9031.ENSGALP00000050115	9031.ENSGALP00000020289	0	0	0	0	0	0.495	0	0.946	0.971
CHRD	MAD2L1BP	9031.ENSGALP00000050115	9031.ENSGALP00000041650	0	0	0.208	0	0	0	0	0.386	0.493
CHRD	WNT4	9031.ENSGALP00000050115	9031.ENSGALP00000046583	0	0	0	0	0.044	0	0	0.437	0.438
CHRD	NKX3-2	9031.ENSGALP00000050115	9031.ENSGALP00000064633	0	0	0	0	0.043	0	0	0.416	0.417
CHST1	SLC30A10	9031.ENSGALP00000013735	9031.ENSGALP00000041013	0	0	0	0	0	0	0	0.601	0.601
CHST11	SOX6	9031.ENSGALP00000054531	9031.ENSGALP00000009790	0	0	0	0	0	0	0	0.520	0.520
CHST11	GREB1L	9031.ENSGALP00000054531	9031.ENSGALP00000024043	0	0	0	0	0	0	0	0.426	0.426
CHST11	CSPG5	9031.ENSGALP00000054531	9031.ENSGALP00000049190	0	0	0	0	0	0	0.400	0	0.400
CIDEA	PPARA	9031.ENSGALP00000052763	9031.ENSGALP00000053048	0	0	0	0	0	0.047	0	0.400	0.403
CIDEA	DIO2	9031.ENSGALP00000052763	9031.ENSGALP00000068702	0	0	0	0	0	0	0	0.825	0.825
CLDN1	CLDN2	9031.ENSGALP00000043047	9031.ENSGALP00000011818	0	0	0.077	0.904	0.048	0	0.650	0.137	0.699
CLDN1	SLC2A2	9031.ENSGALP00000043047	9031.ENSGALP00000015129	0	0	0	0	0	0	0	0.478	0.478
CLDN1	FABP2	9031.ENSGALP00000043047	9031.ENSGALP00000019528	0	0	0	0	0	0	0	0.601	0.601
CLDN1	PXDN	9031.ENSGALP00000043047	9031.ENSGALP00000026363	0	0	0	0	0	0	0	0.426	0.426
CLDN1	CLDN10	9031.ENSGALP00000043047	9031.ENSGALP00000029552	0	0	0	0.873	0.071	0	0.650	0.132	0.693
CLDN1	MPZL3	9031.ENSGALP00000043047	9031.ENSGALP00000033649	0	0	0	0	0.353	0	0	0.175	0.443
CLDN1	EGFR	9031.ENSGALP00000043047	9031.ENSGALP00000053328	0	0	0	0	0.046	0	0	0.425	0.428
CLDN1	ESRP2	9031.ENSGALP00000043047	9031.ENSGALP00000055344	0	0	0	0	0.408	0	0	0.271	0.550
CLDN1	JAM2	9031.ENSGALP00000043047	9031.ENSGALP00000052977	0	0	0	0	0	0	0	0.843	0.843
CLDN10	CLDN2	9031.ENSGALP00000029552	9031.ENSGALP00000011818	0	0	0	0.771	0.051	0	0.650	0.110	0.678
CLDN10	JAM2	9031.ENSGALP00000029552	9031.ENSGALP00000052977	0	0	0	0	0	0	0	0.583	0.583
CLDN10	CLDN1	9031.ENSGALP00000029552	9031.ENSGALP00000043047	0	0	0	0.873	0.071	0	0.650	0.132	0.693
CLDN2	SERPINA10	9031.ENSGALP00000011818	9031.ENSGALP00000017847	0	0	0	0	0.296	0	0	0.185	0.401
CLDN2	CLDN10	9031.ENSGALP00000011818	9031.ENSGALP00000029552	0	0	0	0.771	0.051	0	0.650	0.110	0.678
CLDN2	CLDN1	9031.ENSGALP00000011818	9031.ENSGALP00000043047	0	0	0.077	0.904	0.048	0	0.650	0.137	0.699
CLGN	CALR3	9031.ENSGALP00000015961	9031.ENSGALP00000006222	0	0	0	0.804	0.454	0.101	0	0.338	0.646
CLGN	RFTN1	9031.ENSGALP00000015961	9031.ENSGALP00000018309	0	0	0	0	0	0	0	0.704	0.704
CMTM7	CMTM8	9031.ENSGALP00000018702	9031.ENSGALP00000018698	0	0.244	0	0	0	0	0	0.872	0.899
CMTM8	MPZL3	9031.ENSGALP00000018698	9031.ENSGALP00000033649	0	0	0	0	0	0	0	0.631	0.631
CMTM8	CMTM7	9031.ENSGALP00000018698	9031.ENSGALP00000018702	0	0.244	0	0	0	0	0	0.872	0.899
CNGA3	GUCA1A	9031.ENSGALP00000051385	9031.ENSGALP00000002177	0	0	0	0	0.062	0	0	0.634	0.642
CNTNAP5	SEPT5	9031.ENSGALP00000018862	9031.ENSGALP00000047074	0	0	0	0	0	0	0	0.632	0.632
COLEC12	APOB	9031.ENSGALP00000030293	9031.ENSGALP00000026550	0	0	0	0	0	0.052	0.700	0	0.703
CPB2	TAT	9031.ENSGALP00000027389	9031.ENSGALP00000001312	0	0	0	0	0.452	0	0	0	0.452
CPB2	F13B	9031.ENSGALP00000027389	9031.ENSGALP00000003726	0	0	0	0	0.461	0	0	0.112	0.501
CPB2	MASP1	9031.ENSGALP00000027389	9031.ENSGALP00000011986	0	0	0	0	0.231	0.146	0	0.162	0.402
CPB2	F2	9031.ENSGALP00000027389	9031.ENSGALP00000013544	0	0	0	0	0.483	0.146	0	0.477	0.749
CPB2	AHSG	9031.ENSGALP00000027389	9031.ENSGALP00000013991	0	0	0	0	0.451	0	0	0.134	0.504
CPB2	FGA	9031.ENSGALP00000027389	9031.ENSGALP00000015061	0	0	0	0	0.467	0	0	0.346	0.636
CPB2	FGG	9031.ENSGALP00000027389	9031.ENSGALP00000015063	0	0	0	0	0.491	0	0	0.208	0.579
CPB2	SLC2A2	9031.ENSGALP00000027389	9031.ENSGALP00000015129	0	0	0	0	0.411	0.067	0	0	0.427
CPB2	SLC38A4	9031.ENSGALP00000027389	9031.ENSGALP00000015821	0	0	0	0	0.398	0	0	0.098	0.433
CPB2	TM4SF4	9031.ENSGALP00000027389	9031.ENSGALP00000016960	0	0	0	0	0.417	0	0	0	0.417
CPB2	C8B	9031.ENSGALP00000027389	9031.ENSGALP00000017617	0	0	0	0	0.380	0	0	0.241	0.510
CPB2	SERPINA10	9031.ENSGALP00000027389	9031.ENSGALP00000017847	0	0	0	0	0.447	0	0	0.063	0.460
CPB2	NR1H4	9031.ENSGALP00000027389	9031.ENSGALP00000018906	0	0	0	0	0.406	0	0	0	0.406
CPB2	GC	9031.ENSGALP00000027389	9031.ENSGALP00000018939	0	0	0	0	0.451	0	0	0.069	0.467
CPB2	CFI	9031.ENSGALP00000027389	9031.ENSGALP00000019783	0	0	0	0	0.381	0.142	0	0.083	0.470
CPB2	TMPRSS6	9031.ENSGALP00000027389	9031.ENSGALP00000020367	0	0	0	0	0.391	0.146	0	0.054	0.465
CPB2	PAH	9031.ENSGALP00000027389	9031.ENSGALP00000020786	0	0	0	0	0.425	0	0	0	0.425
CPB2	ALDH8A1	9031.ENSGALP00000027389	9031.ENSGALP00000022601	0	0	0	0	0.397	0	0	0.074	0.418
CPB2	HGD	9031.ENSGALP00000027389	9031.ENSGALP00000024093	0	0	0	0	0.453	0	0	0.054	0.460
CPB2	HGFAC	9031.ENSGALP00000027389	9031.ENSGALP00000025139	0	0	0	0	0.437	0.152	0	0.342	0.658
CPB2	APOB	9031.ENSGALP00000027389	9031.ENSGALP00000026550	0	0	0	0	0.439	0	0	0.220	0.544
CPB2	APOH	9031.ENSGALP00000027389	9031.ENSGALP00000054536	0	0	0	0	0.318	0	0	0.157	0.401
CPB2	FETUB	9031.ENSGALP00000027389	9031.ENSGALP00000038974	0	0	0	0	0.442	0	0	0	0.442
CPB2	MBL2	9031.ENSGALP00000027389	9031.ENSGALP00000040351	0	0	0	0	0.429	0	0	0.072	0.448
CPB2	F7	9031.ENSGALP00000027389	9031.ENSGALP00000056443	0	0	0	0	0.392	0.146	0	0.086	0.484
CPB2	FGB	9031.ENSGALP00000027389	9031.ENSGALP00000038105	0	0	0	0	0.462	0	0	0.101	0.496
CPB2	PROZ	9031.ENSGALP00000027389	9031.ENSGALP00000070757	0	0	0	0	0.392	0.146	0	0.189	0.542
CPB2	HABP2	9031.ENSGALP00000027389	9031.ENSGALP00000032462	0	0	0	0	0.395	0.152	0	0.185	0.545
CPB2	SPP2	9031.ENSGALP00000027389	9031.ENSGALP00000044476	0	0	0	0	0.487	0	0	0.221	0.583
CPB2	SERPIND1	9031.ENSGALP00000027389	9031.ENSGALP00000053865	0	0	0	0	0.404	0	0	0.407	0.631
CPB2	SERPINF2	9031.ENSGALP00000027389	9031.ENSGALP00000068360	0	0	0	0	0.343	0	0	0.474	0.640
CPB2	C5	9031.ENSGALP00000027389	9031.ENSGALP00000050353	0	0	0	0	0.393	0.091	0.400	0.294	0.735
CPT1A	ACOX1	9031.ENSGALP00000011452	9031.ENSGALP00000003376	0	0	0	0	0.060	0	0	0.876	0.878
CPT1A	HNF4A	9031.ENSGALP00000011452	9031.ENSGALP00000006799	0	0	0	0	0	0	0	0.428	0.428
CPT1A	FABP2	9031.ENSGALP00000011452	9031.ENSGALP00000019528	0	0	0	0	0	0	0	0.446	0.446
CPT1A	ZBTB20	9031.ENSGALP00000011452	9031.ENSGALP00000024300	0	0	0	0	0.057	0	0	0.461	0.470
CPT1A	MTTP	9031.ENSGALP00000011452	9031.ENSGALP00000056995	0	0	0	0	0	0	0	0.484	0.484
CPT1A	SLC2A2	9031.ENSGALP00000011452	9031.ENSGALP00000015129	0	0	0	0	0.044	0	0	0.517	0.518
CPT1A	PDK4	9031.ENSGALP00000011452	9031.ENSGALP00000015774	0	0	0	0	0.068	0	0	0.526	0.540
CPT1A	ABCA1	9031.ENSGALP00000011452	9031.ENSGALP00000024845	0	0	0	0	0.088	0	0	0.517	0.541
CPT1A	APOB	9031.ENSGALP00000011452	9031.ENSGALP00000026550	0	0	0	0	0.073	0	0	0.534	0.549
CPT1A	PCK1	9031.ENSGALP00000011452	9031.ENSGALP00000012342	0	0	0	0	0.048	0	0	0.707	0.709
CPT1A	PPARA	9031.ENSGALP00000011452	9031.ENSGALP00000053048	0	0	0	0	0.042	0	0	0.760	0.761
CPT1A	ACSL4	9031.ENSGALP00000011452	9031.ENSGALP00000013111	0	0	0	0	0.058	0	0.900	0.684	0.967
CPT1A	ACSL5	9031.ENSGALP00000011452	9031.ENSGALP00000069185	0	0	0	0	0.084	0	0.900	0.717	0.971
CREB3L2	CREB3L3	9031.ENSGALP00000020974	9031.ENSGALP00000001898	0	0	0	0.667	0	0.093	0.900	0.220	0.923
CREB3L3	SERPINA10	9031.ENSGALP00000001898	9031.ENSGALP00000017847	0	0	0	0	0.417	0	0	0	0.417
CREB3L3	FETUB	9031.ENSGALP00000001898	9031.ENSGALP00000038974	0	0	0	0	0.420	0	0	0	0.420
CREB3L3	PCK1	9031.ENSGALP00000001898	9031.ENSGALP00000012342	0	0	0	0	0.290	0	0	0.217	0.420
CREB3L3	PLA2G12B	9031.ENSGALP00000001898	9031.ENSGALP00000006895	0	0	0	0	0.428	0	0	0	0.428
CREB3L3	HACD4	9031.ENSGALP00000001898	9031.ENSGALP00000042052	0	0	0	0	0	0	0	0.429	0.429
CREB3L3	NR1H4	9031.ENSGALP00000001898	9031.ENSGALP00000018906	0	0	0	0	0.290	0	0	0.241	0.439
CREB3L3	FGA	9031.ENSGALP00000001898	9031.ENSGALP00000015061	0	0	0	0	0.355	0	0	0.175	0.445
CREB3L3	PPARA	9031.ENSGALP00000001898	9031.ENSGALP00000053048	0	0	0	0	0.080	0	0	0.472	0.494
CREB3L3	APOB	9031.ENSGALP00000001898	9031.ENSGALP00000026550	0	0	0	0	0.485	0	0	0.101	0.517
CREB3L3	CREB3L2	9031.ENSGALP00000001898	9031.ENSGALP00000020974	0	0	0	0.667	0	0.093	0.900	0.220	0.923
CRYAA	BAG3	9031.ENSGALP00000054560	9031.ENSGALP00000015342	0	0	0	0	0.093	0.289	0	0.397	0.578
CRYAA	MNX1	9031.ENSGALP00000054560	9031.ENSGALP00000056537	0	0	0	0	0.065	0	0	0.517	0.529
CSPG5	CHST11	9031.ENSGALP00000049190	9031.ENSGALP00000054531	0	0	0	0	0	0	0.400	0	0.400
CSPG5	SDC3	9031.ENSGALP00000049190	9031.ENSGALP00000051243	0	0	0	0	0	0	0.500	0.095	0.528
CTSO	TDO2	9031.ENSGALP00000015254	9031.ENSGALP00000046174	0	0.285	0	0	0.055	0	0	0.193	0.407
CXCL14	NRP1	9031.ENSGALP00000010242	9031.ENSGALP00000063015	0	0	0	0	0	0	0	0.476	0.476
CYB5A	ALDOB	9031.ENSGALP00000022250	9031.ENSGALP00000036836	0	0	0	0	0.110	0	0	0.401	0.444
CYB5A	ELOVL2	9031.ENSGALP00000022250	9031.ENSGALP00000071756	0	0	0	0	0.044	0.042	0	0.449	0.452
CYP1B1	ALDH8A1	9031.ENSGALP00000048510	9031.ENSGALP00000022601	0	0	0	0	0.045	0	0.162	0.388	0.467
CYP1B1	MYOC	9031.ENSGALP00000048510	9031.ENSGALP00000033262	0	0	0	0	0	0	0	0.768	0.768
CYP1B1	ESR1	9031.ENSGALP00000048510	9031.ENSGALP00000073938	0	0	0	0	0	0.080	0	0.491	0.512
DAB2	SH3GL3	9031.ENSGALP00000072624	9031.ENSGALP00000009724	0	0	0	0	0.061	0	0.500	0.292	0.638
DAB2	LRP2	9031.ENSGALP00000072624	9031.ENSGALP00000017630	0	0	0	0	0	0.153	0.900	0.359	0.941
DAB2	IL7R	9031.ENSGALP00000072624	9031.ENSGALP00000021778	0	0	0	0	0.087	0	0.500	0	0.524
DAB2	MYO6	9031.ENSGALP00000072624	9031.ENSGALP00000025573	0	0	0	0	0	0.862	0.500	0.424	0.956
DAB2	SYT2	9031.ENSGALP00000072624	9031.ENSGALP00000047260	0	0	0	0	0	0	0.500	0.125	0.543
DAB2	EGFR	9031.ENSGALP00000072624	9031.ENSGALP00000053328	0	0	0	0	0	0.058	0.500	0	0.508
DAB2	SYT11	9031.ENSGALP00000072624	9031.ENSGALP00000061220	0	0	0	0	0	0	0.500	0.100	0.530
DBX2	SHH	9031.ENSGALP00000037987	9031.ENSGALP00000010292	0	0	0	0	0	0	0	0.533	0.533
DBX2	HOXD13	9031.ENSGALP00000037987	9031.ENSGALP00000054291	0	0	0	0.585	0	0.046	0	0.415	0.418
DBX2	CDH20	9031.ENSGALP00000037987	9031.ENSGALP00000071272	0	0	0	0	0	0	0	0.461	0.461
DCX	STK17A	9031.ENSGALP00000012962	9031.ENSGALP00000056836	0	0.353	0	0	0	0.162	0	0.056	0.444
DCX	ZBTB20	9031.ENSGALP00000012962	9031.ENSGALP00000024300	0	0	0	0	0.042	0	0	0.445	0.445
DCX	SATB2	9031.ENSGALP00000012962	9031.ENSGALP00000043071	0	0	0	0	0	0	0	0.500	0.499
DCX	TPPP	9031.ENSGALP00000012962	9031.ENSGALP00000047744	0	0	0	0	0.051	0	0	0.524	0.528
DCX	PXDN	9031.ENSGALP00000012962	9031.ENSGALP00000026363	0	0	0	0	0.046	0	0	0.651	0.653
DCX	CAMK1D	9031.ENSGALP00000012962	9031.ENSGALP00000048859	0	0.877	0	0	0	0.162	0	0.057	0.894
DGKG	FFAR4	9031.ENSGALP00000009166	9031.ENSGALP00000042701	0	0	0	0	0	0	0	0.483	0.483
DGKG	SEPT5	9031.ENSGALP00000009166	9031.ENSGALP00000047074	0	0	0	0	0.049	0	0	0.500	0.504
DGKG	NCS1	9031.ENSGALP00000009166	9031.ENSGALP00000072761	0	0	0	0	0	0	0	0.519	0.519
DGKG	ENOX1	9031.ENSGALP00000009166	9031.ENSGALP00000027367	0	0	0	0	0.064	0	0	0.584	0.593
DGKI	RASGRP3	9031.ENSGALP00000020990	9031.ENSGALP00000016973	0	0	0	0	0	0.077	0	0.400	0.423
DGKI	ST8SIA5	9031.ENSGALP00000020990	9031.ENSGALP00000052018	0	0	0	0	0	0	0	0.532	0.532
DIO2	SLC16A2	9031.ENSGALP00000068702	9031.ENSGALP00000012547	0	0	0	0	0.102	0	0	0.695	0.714
DIO2	CIDEA	9031.ENSGALP00000068702	9031.ENSGALP00000052763	0	0	0	0	0	0	0	0.825	0.825
DLL1	SHH	9031.ENSGALP00000067155	9031.ENSGALP00000010292	0	0	0	0	0.054	0.054	0	0.556	0.568
DLL1	BMP4	9031.ENSGALP00000067155	9031.ENSGALP00000020289	0	0	0	0	0.054	0.054	0	0.444	0.459
DLL1	MYO6	9031.ENSGALP00000067155	9031.ENSGALP00000025573	0	0	0	0	0	0.052	0	0.442	0.449
DLL1	NUMB	9031.ENSGALP00000067155	9031.ENSGALP00000043819	0	0	0	0	0.044	0.101	0	0.525	0.556
DLL1	HEYL	9031.ENSGALP00000067155	9031.ENSGALP00000070043	0	0	0	0	0	0.067	0	0.608	0.618
DOCK3	DSG2	9031.ENSGALP00000053992	9031.ENSGALP00000024387	0	0	0	0	0	0	0.400	0	0.400
DOCK3	CDC42EP1	9031.ENSGALP00000053992	9031.ENSGALP00000048193	0	0	0	0	0	0	0.400	0	0.400
DOCK3	SCN8A	9031.ENSGALP00000053992	9031.ENSGALP00000050098	0	0	0	0	0.154	0	0	0.325	0.404
DOCK3	NEDD9	9031.ENSGALP00000053992	9031.ENSGALP00000066385	0	0	0	0	0	0.091	0	0.718	0.732
DONSON	DTL	9031.ENSGALP00000057506	9031.ENSGALP00000015973	0	0	0	0	0.443	0	0	0	0.443
DPYS	SULT1C3	9031.ENSGALP00000054123	9031.ENSGALP00000027077	0	0	0	0	0.059	0	0	0.479	0.489
DPYS	SLC23A1	9031.ENSGALP00000054123	9031.ENSGALP00000048696	0.075	0	0	0	0.453	0	0	0.184	0.551
DPYS	ATIC	9031.ENSGALP00000054123	9031.ENSGALP00000061123	0.079	0	0	0	0.073	0	0.197	0.479	0.595
DRD1	TPH2	9031.ENSGALP00000054543	9031.ENSGALP00000037703	0	0	0	0	0	0	0	0.412	0.412
DSG2	DOCK3	9031.ENSGALP00000024387	9031.ENSGALP00000053992	0	0	0	0	0	0	0.400	0	0.400
DSG2	CDC42EP1	9031.ENSGALP00000024387	9031.ENSGALP00000048193	0	0	0	0	0	0	0.400	0	0.400
DTL	CENPF	9031.ENSGALP00000015973	9031.ENSGALP00000015880	0	0	0	0	0.568	0	0	0.158	0.621
DTL	GINS2	9031.ENSGALP00000015973	9031.ENSGALP00000055189	0	0	0	0	0.306	0	0	0.185	0.410
DTL	DONSON	9031.ENSGALP00000015973	9031.ENSGALP00000057506	0	0	0	0	0.443	0	0	0	0.443
DTL	ASPM	9031.ENSGALP00000015973	9031.ENSGALP00000057705	0	0	0	0	0.694	0	0	0.069	0.703
DUSP4	NKD1	9031.ENSGALP00000037153	9031.ENSGALP00000066666	0	0	0	0	0	0	0	0.444	0.444
DYNC1I1	EML4	9031.ENSGALP00000015808	9031.ENSGALP00000073091	0	0	0	0	0	0	0.500	0	0.499
E2F7	CENPF	9031.ENSGALP00000048416	9031.ENSGALP00000015880	0	0	0	0	0.324	0	0	0.167	0.413
E2F7	ASPM	9031.ENSGALP00000048416	9031.ENSGALP00000057705	0	0	0	0	0.343	0	0	0.147	0.416
EGFR	SH3GL3	9031.ENSGALP00000053328	9031.ENSGALP00000009724	0	0	0	0	0	0.161	0.650	0.075	0.704
EGFR	SHH	9031.ENSGALP00000053328	9031.ENSGALP00000010292	0	0	0	0	0.046	0.053	0	0.677	0.683
EGFR	LRP2	9031.ENSGALP00000053328	9031.ENSGALP00000017630	0	0	0	0	0	0.148	0.500	0.077	0.572
EGFR	BMP4	9031.ENSGALP00000053328	9031.ENSGALP00000020289	0	0	0	0	0	0.054	0	0.410	0.418
EGFR	PXDN	9031.ENSGALP00000053328	9031.ENSGALP00000026363	0	0	0	0	0	0.048	0	0.560	0.563
EGFR	CLDN1	9031.ENSGALP00000053328	9031.ENSGALP00000043047	0	0	0	0	0.046	0	0	0.425	0.428
EGFR	SYT2	9031.ENSGALP00000053328	9031.ENSGALP00000047260	0	0	0	0	0	0	0.500	0.062	0.510
EGFR	DAB2	9031.ENSGALP00000053328	9031.ENSGALP00000072624	0	0	0	0	0	0.058	0.500	0	0.508
EGFR	SYT11	9031.ENSGALP00000053328	9031.ENSGALP00000061220	0	0	0	0	0	0	0.500	0.062	0.510
EGFR	EML4	9031.ENSGALP00000053328	9031.ENSGALP00000073091	0	0	0	0	0.042	0.045	0	0.539	0.541
EGFR	MYC	9031.ENSGALP00000053328	9031.ENSGALP00000072090	0	0	0	0	0	0.042	0	0.746	0.747
EGFR	ESR1	9031.ENSGALP00000053328	9031.ENSGALP00000073938	0	0	0	0	0	0.133	0	0.813	0.831
EHF	HRH3	9031.ENSGALP00000012673	9031.ENSGALP00000008286	0	0	0	0	0	0	0	0.671	0.671
EIF2AK3	AGTPBP1	9031.ENSGALP00000025668	9031.ENSGALP00000020540	0	0	0	0	0	0	0	0.440	0.440
EIF2AK3	RPIA	9031.ENSGALP00000025668	9031.ENSGALP00000071334	0	0	0	0	0	0	0	0.680	0.680
ELAVL4	RBM38	9031.ENSGALP00000057286	9031.ENSGALP00000042182	0	0	0.493	0	0	0	0	0.185	0.569
ELOVL2	ACOX1	9031.ENSGALP00000071756	9031.ENSGALP00000003376	0	0	0	0	0.047	0	0.158	0.445	0.517
ELOVL2	FABP2	9031.ENSGALP00000071756	9031.ENSGALP00000019528	0	0	0	0	0.044	0	0	0.503	0.504
ELOVL2	CYB5A	9031.ENSGALP00000071756	9031.ENSGALP00000022250	0	0	0	0	0.044	0.042	0	0.449	0.452
ELOVL2	ABCA1	9031.ENSGALP00000071756	9031.ENSGALP00000024845	0	0	0	0	0.046	0	0	0.403	0.407
ELOVL2	HACD4	9031.ENSGALP00000071756	9031.ENSGALP00000042052	0	0	0	0	0	0.066	0.900	0.075	0.906
ELOVL2	MTTPL	9031.ENSGALP00000071756	9031.ENSGALP00000059574	0	0	0	0	0.045	0	0	0.443	0.446
ELOVL2	ACSL5	9031.ENSGALP00000071756	9031.ENSGALP00000069185	0	0	0	0	0.053	0	0	0.498	0.504
EML4	KBTBD12	9031.ENSGALP00000073091	9031.ENSGALP00000009588	0	0	0	0	0	0	0	0.626	0.626
EML4	DYNC1I1	9031.ENSGALP00000073091	9031.ENSGALP00000015808	0	0	0	0	0	0	0.500	0	0.499
EML4	CENPF	9031.ENSGALP00000073091	9031.ENSGALP00000015880	0	0	0	0	0.045	0	0.500	0	0.502
EML4	EGFR	9031.ENSGALP00000073091	9031.ENSGALP00000053328	0	0	0	0	0.042	0.045	0	0.539	0.541
EML4	ATIC	9031.ENSGALP00000073091	9031.ENSGALP00000061123	0	0	0	0	0	0	0.241	0.468	0.579
EMP2	NCALD	9031.ENSGALP00000067000	9031.ENSGALP00000044473	0	0	0	0	0	0	0	0.424	0.424
ENOX1	DGKG	9031.ENSGALP00000027367	9031.ENSGALP00000009166	0	0	0	0	0.064	0	0	0.584	0.593
ENOX1	NCS1	9031.ENSGALP00000027367	9031.ENSGALP00000072761	0	0	0	0	0	0	0	0.482	0.482
ENOX1	FFAR4	9031.ENSGALP00000027367	9031.ENSGALP00000042701	0	0	0	0	0	0	0	0.482	0.482
ENPEP	AGT	9031.ENSGALP00000049914	9031.ENSGALP00000018089	0	0	0	0	0	0.058	0.750	0.341	0.831
EOMES	BMP4	9031.ENSGALP00000041400	9031.ENSGALP00000020289	0	0	0	0	0	0	0	0.536	0.536
EOMES	IL2RB	9031.ENSGALP00000041400	9031.ENSGALP00000020354	0	0	0	0	0.270	0	0	0.678	0.755
EOMES	IL7R	9031.ENSGALP00000041400	9031.ENSGALP00000021778	0	0	0	0	0.084	0	0	0.459	0.483
EOMES	SATB2	9031.ENSGALP00000041400	9031.ENSGALP00000043071	0	0	0	0	0.062	0	0	0.437	0.450
EOMES	IL15	9031.ENSGALP00000041400	9031.ENSGALP00000069101	0	0	0	0	0	0	0	0.579	0.579
EOMES	FOXP1	9031.ENSGALP00000041400	9031.ENSGALP00000044290	0	0	0	0	0	0.065	0	0.586	0.596
EOMES	ESRP2	9031.ENSGALP00000041400	9031.ENSGALP00000055344	0	0	0	0	0	0	0	0.618	0.618
ESR1	TRHDE	9031.ENSGALP00000073938	9031.ENSGALP00000016562	0	0	0	0	0.123	0	0	0.526	0.566
ESR1	NPY	9031.ENSGALP00000073938	9031.ENSGALP00000017870	0	0	0	0	0	0.059	0	0.405	0.416
ESR1	NR1H4	9031.ENSGALP00000073938	9031.ENSGALP00000018906	0	0	0	0.626	0.093	0.162	0	0.273	0.400
ESR1	PXDN	9031.ENSGALP00000073938	9031.ENSGALP00000026363	0	0	0	0	0.046	0	0	0.652	0.654
ESR1	APOB	9031.ENSGALP00000073938	9031.ENSGALP00000026550	0	0	0	0	0.096	0	0	0.441	0.473
ESR1	FOXL2	9031.ENSGALP00000073938	9031.ENSGALP00000045929	0	0	0	0	0	0.081	0	0.752	0.762
ESR1	WNT4	9031.ENSGALP00000073938	9031.ENSGALP00000046583	0	0	0	0	0	0	0	0.574	0.574
ESR1	CYP1B1	9031.ENSGALP00000073938	9031.ENSGALP00000048510	0	0	0	0	0	0.080	0	0.491	0.512
ESR1	EGFR	9031.ENSGALP00000073938	9031.ENSGALP00000053328	0	0	0	0	0	0.133	0	0.813	0.831
ESR1	NR5A2	9031.ENSGALP00000073938	9031.ENSGALP00000056574	0	0	0	0.644	0.243	0.162	0.500	0.107	0.679
ESR1	HNF1A	9031.ENSGALP00000073938	9031.ENSGALP00000060662	0	0	0	0	0.088	0	0	0.372	0.403
ESR1	MYC	9031.ENSGALP00000073938	9031.ENSGALP00000072090	0	0	0	0	0.041	0.248	0	0.823	0.861
ESRP2	MPZL3	9031.ENSGALP00000055344	9031.ENSGALP00000033649	0	0	0	0	0.372	0	0	0.124	0.426
ESRP2	EOMES	9031.ENSGALP00000055344	9031.ENSGALP00000041400	0	0	0	0	0	0	0	0.618	0.618
ESRP2	RBM38	9031.ENSGALP00000055344	9031.ENSGALP00000042182	0	0	0	0	0	0	0	0.424	0.424
ESRP2	CLDN1	9031.ENSGALP00000055344	9031.ENSGALP00000043047	0	0	0	0	0.408	0	0	0.271	0.550
ESRP2	APCDD1	9031.ENSGALP00000055344	9031.ENSGALP00000065748	0	0	0	0	0	0	0	0.523	0.523
F13B	C5	9031.ENSGALP00000003726	9031.ENSGALP00000050353	0	0	0	0	0.375	0.065	0	0.062	0.404
F13B	HAAO	9031.ENSGALP00000003726	9031.ENSGALP00000016119	0	0	0	0	0.410	0	0	0	0.410
F13B	A1CF	9031.ENSGALP00000003726	9031.ENSGALP00000048156	0	0	0	0	0.411	0	0	0	0.411
F13B	C8B	9031.ENSGALP00000003726	9031.ENSGALP00000017617	0	0	0	0	0.308	0	0	0.189	0.414
F13B	KNG1	9031.ENSGALP00000003726	9031.ENSGALP00000060409	0	0	0	0	0.155	0	0	0.340	0.419
F13B	NR1H4	9031.ENSGALP00000003726	9031.ENSGALP00000018906	0	0	0	0	0.411	0.050	0	0.059	0.427
F13B	HAO1	9031.ENSGALP00000003726	9031.ENSGALP00000014358	0	0	0	0	0.431	0	0	0	0.431
F13B	F7	9031.ENSGALP00000003726	9031.ENSGALP00000056443	0	0	0	0	0.319	0.059	0	0.188	0.435
F13B	KMO	9031.ENSGALP00000003726	9031.ENSGALP00000012115	0	0	0	0	0.422	0	0	0.071	0.440
F13B	MBL2	9031.ENSGALP00000003726	9031.ENSGALP00000040351	0	0	0	0	0.444	0	0	0	0.444
F13B	ALDH8A1	9031.ENSGALP00000003726	9031.ENSGALP00000022601	0	0	0	0	0.447	0	0	0	0.447
F13B	GC	9031.ENSGALP00000003726	9031.ENSGALP00000018939	0	0	0	0	0.426	0	0	0.085	0.452
F13B	SLC51A	9031.ENSGALP00000003726	9031.ENSGALP00000012073	0	0	0	0	0.378	0	0	0.181	0.468
F13B	AHSG	9031.ENSGALP00000003726	9031.ENSGALP00000013991	0	0	0	0	0.401	0	0	0.148	0.468
F13B	HNF4A	9031.ENSGALP00000003726	9031.ENSGALP00000006799	0	0	0	0	0.392	0	0	0.166	0.472
F13B	TM4SF4	9031.ENSGALP00000003726	9031.ENSGALP00000016960	0	0	0	0	0.378	0	0	0.189	0.473
F13B	ANGPTL3	9031.ENSGALP00000003726	9031.ENSGALP00000064198	0	0	0	0	0.438	0.098	0	0.049	0.476
F13B	PCK1	9031.ENSGALP00000003726	9031.ENSGALP00000012342	0	0	0	0	0.385	0	0	0.206	0.490
F13B	SPP2	9031.ENSGALP00000003726	9031.ENSGALP00000044476	0	0	0	0	0.493	0	0	0	0.493
F13B	CPB2	9031.ENSGALP00000003726	9031.ENSGALP00000027389	0	0	0	0	0.461	0	0	0.112	0.501
F13B	CFI	9031.ENSGALP00000003726	9031.ENSGALP00000019783	0	0	0	0	0.412	0.059	0	0.177	0.505
F13B	APOB	9031.ENSGALP00000003726	9031.ENSGALP00000026550	0	0	0	0	0.420	0	0	0.193	0.513
F13B	HABP2	9031.ENSGALP00000003726	9031.ENSGALP00000032462	0	0	0	0	0.388	0.154	0	0.153	0.523
F13B	HGFAC	9031.ENSGALP00000003726	9031.ENSGALP00000025139	0	0	0	0	0.413	0.154	0	0.128	0.529
F13B	PAH	9031.ENSGALP00000003726	9031.ENSGALP00000020786	0	0	0	0	0.531	0	0	0	0.531
F13B	SLC2A2	9031.ENSGALP00000003726	9031.ENSGALP00000015129	0	0	0	0	0.444	0	0	0.222	0.549
F13B	F5	9031.ENSGALP00000003726	9031.ENSGALP00000047983	0	0	0	0	0.048	0.043	0.500	0.186	0.579
F13B	FETUB	9031.ENSGALP00000003726	9031.ENSGALP00000038974	0	0	0	0	0.537	0.101	0	0.123	0.603
F13B	PLA2G12B	9031.ENSGALP00000003726	9031.ENSGALP00000006895	0	0	0	0	0.407	0.061	0	0.424	0.651
F13B	SERPINA10	9031.ENSGALP00000003726	9031.ENSGALP00000017847	0	0	0	0	0.397	0	0	0.468	0.666
F13B	TMPRSS6	9031.ENSGALP00000003726	9031.ENSGALP00000020367	0	0	0	0	0.392	0.059	0	0.504	0.692
F13B	PROZ	9031.ENSGALP00000003726	9031.ENSGALP00000070757	0	0	0	0	0.392	0.059	0	0.554	0.723
F13B	SERPINF2	9031.ENSGALP00000003726	9031.ENSGALP00000068360	0	0	0	0	0.432	0	0	0.642	0.788
F13B	SERPIND1	9031.ENSGALP00000003726	9031.ENSGALP00000053865	0	0	0	0	0.118	0	0.500	0.584	0.800
F13B	HGD	9031.ENSGALP00000003726	9031.ENSGALP00000024093	0	0	0	0	0.800	0	0	0.047	0.802
F13B	FGB	9031.ENSGALP00000003726	9031.ENSGALP00000038105	0	0	0	0	0.423	0.098	0.500	0.504	0.853
F13B	F2	9031.ENSGALP00000003726	9031.ENSGALP00000013544	0	0	0	0	0.354	0.059	0.750	0.164	0.856
F13B	FGG	9031.ENSGALP00000003726	9031.ENSGALP00000015063	0	0	0	0	0.416	0.205	0.500	0.644	0.906
F13B	FGA	9031.ENSGALP00000003726	9031.ENSGALP00000015061	0	0	0	0	0.737	0.098	0.500	0.573	0.942
F2	F13B	9031.ENSGALP00000013544	9031.ENSGALP00000003726	0	0	0	0	0.354	0.059	0.750	0.164	0.856
F2	KMO	9031.ENSGALP00000013544	9031.ENSGALP00000012115	0	0	0	0	0.342	0.092	0	0.091	0.409
F2	FGL2	9031.ENSGALP00000013544	9031.ENSGALP00000013507	0	0	0	0	0	0.066	0	0.438	0.452
F2	NMU	9031.ENSGALP00000013544	9031.ENSGALP00000031462	0	0	0	0	0	0	0.400	0	0.400
F2	NMB	9031.ENSGALP00000013544	9031.ENSGALP00000049913	0	0	0	0	0	0	0.400	0	0.400
F2	HGD	9031.ENSGALP00000013544	9031.ENSGALP00000024093	0	0	0	0	0.425	0	0	0	0.425
F2	MBL2	9031.ENSGALP00000013544	9031.ENSGALP00000040351	0	0	0	0	0.287	0.059	0	0.218	0.430
F2	HABP2	9031.ENSGALP00000013544	9031.ENSGALP00000032462	0	0	0.161	0.641	0.337	0.098	0	0.074	0.474
F2	FETUB	9031.ENSGALP00000013544	9031.ENSGALP00000038974	0	0	0	0	0.453	0.098	0	0	0.485
F2	PROZ	9031.ENSGALP00000013544	9031.ENSGALP00000070757	0	0.001	0	0.609	0.221	0.305	0	0.161	0.506
F2	BDKRB2	9031.ENSGALP00000013544	9031.ENSGALP00000018030	0	0	0	0	0	0.053	0.500	0	0.506
F2	BDKRB1	9031.ENSGALP00000013544	9031.ENSGALP00000031881	0	0	0	0	0	0.053	0.500	0.060	0.516
F2	CFI	9031.ENSGALP00000013544	9031.ENSGALP00000019783	0	0	0.185	0.586	0.447	0	0	0	0.530
F2	HGFAC	9031.ENSGALP00000013544	9031.ENSGALP00000025139	0	0	0.121	0.696	0.378	0.098	0	0.174	0.538
F2	APOA4	9031.ENSGALP00000013544	9031.ENSGALP00000071485	0	0	0	0	0.444	0.066	0	0.202	0.549
F2	NR1H4	9031.ENSGALP00000013544	9031.ENSGALP00000018906	0	0	0	0	0.369	0.055	0	0.318	0.558
F2	PAH	9031.ENSGALP00000013544	9031.ENSGALP00000020786	0	0	0	0	0.514	0	0.168	0	0.579
F2	F7	9031.ENSGALP00000013544	9031.ENSGALP00000056443	0	0	0.133	0.742	0.210	0.305	0	0.286	0.615
F2	APOB	9031.ENSGALP00000013544	9031.ENSGALP00000026550	0	0	0	0	0.533	0.045	0	0.337	0.678
F2	SERPINA10	9031.ENSGALP00000013544	9031.ENSGALP00000017847	0	0	0	0	0.429	0.247	0	0.312	0.678
F2	AGT	9031.ENSGALP00000013544	9031.ENSGALP00000018089	0	0	0	0	0.214	0.069	0.400	0.386	0.694
F2	GC	9031.ENSGALP00000013544	9031.ENSGALP00000018939	0	0	0	0	0.661	0	0	0.208	0.720
F2	KNG1	9031.ENSGALP00000013544	9031.ENSGALP00000060409	0	0	0	0	0.234	0.081	0.400	0.424	0.724
F2	F2RL1	9031.ENSGALP00000013544	9031.ENSGALP00000024125	0	0	0	0	0.067	0.061	0.650	0.213	0.726
F2	CPB2	9031.ENSGALP00000013544	9031.ENSGALP00000027389	0	0	0	0	0.483	0.146	0	0.477	0.749
F2	SERPINF2	9031.ENSGALP00000013544	9031.ENSGALP00000068360	0	0	0	0	0.478	0.069	0	0.573	0.775
F2	C5	9031.ENSGALP00000013544	9031.ENSGALP00000050353	0	0	0	0	0.315	0.130	0.750	0.240	0.871
F2	APOH	9031.ENSGALP00000013544	9031.ENSGALP00000054536	0	0	0	0	0.719	0.059	0	0.663	0.903
F2	F5	9031.ENSGALP00000013544	9031.ENSGALP00000047983	0	0	0	0	0.054	0.823	0.750	0.578	0.980
F2	FGG	9031.ENSGALP00000013544	9031.ENSGALP00000015063	0	0	0	0	0.686	0.738	0.500	0.606	0.981
F2	AHSG	9031.ENSGALP00000013544	9031.ENSGALP00000013991	0	0	0	0	0.960	0.102	0	0.548	0.982
F2	FGB	9031.ENSGALP00000013544	9031.ENSGALP00000038105	0	0	0	0	0.707	0.738	0.500	0.697	0.986
F2	SERPIND1	9031.ENSGALP00000013544	9031.ENSGALP00000053865	0	0	0	0	0.530	0.864	0.700	0.837	0.996
F2	FGA	9031.ENSGALP00000013544	9031.ENSGALP00000015061	0	0	0	0	0.874	0.888	0.500	0.764	0.998
F2RL1	F2	9031.ENSGALP00000024125	9031.ENSGALP00000013544	0	0	0	0	0.067	0.061	0.650	0.213	0.726
F2RL1	BDKRB2	9031.ENSGALP00000024125	9031.ENSGALP00000018030	0	0	0	0.657	0	0.042	0.400	0.068	0.417
F2RL1	AGT	9031.ENSGALP00000024125	9031.ENSGALP00000018089	0	0	0	0	0	0.052	0.500	0.056	0.513
F2RL1	BDKRB1	9031.ENSGALP00000024125	9031.ENSGALP00000031881	0	0	0	0.658	0	0.042	0.400	0	0.400
F2RL1	NMU	9031.ENSGALP00000024125	9031.ENSGALP00000031462	0	0	0	0	0	0	0.500	0	0.499
F2RL1	NMB	9031.ENSGALP00000024125	9031.ENSGALP00000049913	0	0	0	0	0	0	0.500	0.062	0.510
F2RL1	KNG1	9031.ENSGALP00000024125	9031.ENSGALP00000060409	0	0	0	0	0	0	0.500	0.095	0.528
F5	F13B	9031.ENSGALP00000047983	9031.ENSGALP00000003726	0	0	0	0	0.048	0.043	0.500	0.186	0.579
F5	F2	9031.ENSGALP00000047983	9031.ENSGALP00000013544	0	0	0	0	0.054	0.823	0.750	0.578	0.980
F5	FGA	9031.ENSGALP00000047983	9031.ENSGALP00000015061	0	0	0	0	0.161	0	0.400	0.206	0.565
F5	FGG	9031.ENSGALP00000047983	9031.ENSGALP00000015063	0	0	0	0	0.107	0	0.400	0.242	0.558
F5	ATP7B	9031.ENSGALP00000047983	9031.ENSGALP00000027449	0.089	0	0	0	0.163	0	0.241	0.217	0.486
F5	FGB	9031.ENSGALP00000047983	9031.ENSGALP00000038105	0	0	0	0	0.115	0.053	0.400	0.396	0.656
F5	F7	9031.ENSGALP00000047983	9031.ENSGALP00000056443	0	0	0	0	0.125	0.301	0	0.100	0.401
F5	SERPIND1	9031.ENSGALP00000047983	9031.ENSGALP00000053865	0	0	0	0	0.076	0.052	0.400	0.140	0.487
F5	KNG1	9031.ENSGALP00000047983	9031.ENSGALP00000060409	0	0	0	0	0.093	0	0	0.505	0.532
F7	TAT	9031.ENSGALP00000056443	9031.ENSGALP00000001312	0	0	0	0	0.390	0	0	0.080	0.415
F7	F13B	9031.ENSGALP00000056443	9031.ENSGALP00000003726	0	0	0	0	0.319	0.059	0	0.188	0.435
F7	KMO	9031.ENSGALP00000056443	9031.ENSGALP00000012115	0	0	0	0	0.396	0.092	0	0.091	0.458
F7	F2	9031.ENSGALP00000056443	9031.ENSGALP00000013544	0	0	0.133	0.742	0.210	0.305	0	0.286	0.615
F7	FGA	9031.ENSGALP00000056443	9031.ENSGALP00000015061	0	0	0	0	0.420	0.127	0	0.055	0.480
F7	FGG	9031.ENSGALP00000056443	9031.ENSGALP00000015063	0	0	0	0	0.398	0.102	0	0.326	0.604
F7	TM4SF4	9031.ENSGALP00000056443	9031.ENSGALP00000016960	0	0	0	0	0.403	0	0	0.062	0.416
F7	SERPINA10	9031.ENSGALP00000056443	9031.ENSGALP00000017847	0	0	0	0	0.394	0.328	0	0.091	0.597
F7	NR1H4	9031.ENSGALP00000056443	9031.ENSGALP00000018906	0	0	0	0	0.371	0.055	0	0.137	0.443
F7	TMPRSS6	9031.ENSGALP00000056443	9031.ENSGALP00000020367	0	0	0.110	0.733	0.381	0.073	0	0	0.445
F7	PAH	9031.ENSGALP00000056443	9031.ENSGALP00000020786	0	0	0	0	0.386	0	0.168	0	0.467
F7	HGFAC	9031.ENSGALP00000056443	9031.ENSGALP00000025139	0	0	0.173	0.701	0.387	0.098	0	0.085	0.526
F7	CPB2	9031.ENSGALP00000056443	9031.ENSGALP00000027389	0	0	0	0	0.392	0.146	0	0.086	0.484
F7	HABP2	9031.ENSGALP00000056443	9031.ENSGALP00000032462	0	0	0.192	0.686	0.303	0.098	0	0	0.448
F7	FGB	9031.ENSGALP00000056443	9031.ENSGALP00000038105	0	0	0	0	0.300	0.102	0	0.299	0.521
F7	FETUB	9031.ENSGALP00000056443	9031.ENSGALP00000038974	0	0	0	0	0.388	0.098	0	0	0.424
F7	MBL2	9031.ENSGALP00000056443	9031.ENSGALP00000040351	0	0	0	0	0.383	0.059	0	0.052	0.402
F7	SPP2	9031.ENSGALP00000056443	9031.ENSGALP00000044476	0	0	0	0	0.441	0	0	0	0.441
F7	F5	9031.ENSGALP00000056443	9031.ENSGALP00000047983	0	0	0	0	0.125	0.301	0	0.100	0.401
F7	ANGPTL3	9031.ENSGALP00000056443	9031.ENSGALP00000064198	0	0	0	0	0.430	0.066	0	0.139	0.501
F7	TFPI2	9031.ENSGALP00000056443	9031.ENSGALP00000066163	0	0	0	0	0	0.155	0	0.451	0.516
FABP2	ACOX1	9031.ENSGALP00000019528	9031.ENSGALP00000003376	0	0	0	0	0	0.043	0	0.551	0.552
FABP2	CPT1A	9031.ENSGALP00000019528	9031.ENSGALP00000011452	0	0	0	0	0	0	0	0.446	0.446
FABP2	JAM2	9031.ENSGALP00000019528	9031.ENSGALP00000052977	0	0	0	0	0	0	0	0.431	0.431
FABP2	MTTP	9031.ENSGALP00000019528	9031.ENSGALP00000056995	0	0	0	0	0.186	0	0	0.360	0.456
FABP2	APOA4	9031.ENSGALP00000019528	9031.ENSGALP00000071485	0	0	0	0	0.215	0	0	0.391	0.502
FABP2	ELOVL2	9031.ENSGALP00000019528	9031.ENSGALP00000071756	0	0	0	0	0.044	0	0	0.503	0.504
FABP2	OTC	9031.ENSGALP00000019528	9031.ENSGALP00000026160	0	0	0	0	0.505	0	0	0	0.505
FABP2	PPARA	9031.ENSGALP00000019528	9031.ENSGALP00000053048	0	0	0	0	0	0.050	0	0.520	0.524
FABP2	CLDN1	9031.ENSGALP00000019528	9031.ENSGALP00000043047	0	0	0	0	0	0	0	0.601	0.601
FABP2	APOB	9031.ENSGALP00000019528	9031.ENSGALP00000026550	0	0	0	0	0.164	0	0	0.671	0.713
FAH	TAT	9031.ENSGALP00000010465	9031.ENSGALP00000001312	0.065	0	0	0	0.212	0	0	0.628	0.702
FAH	ALDOB	9031.ENSGALP00000010465	9031.ENSGALP00000036836	0	0	0	0	0.296	0	0	0.188	0.404
FAH	GC	9031.ENSGALP00000010465	9031.ENSGALP00000018939	0	0	0	0	0.359	0	0	0.145	0.428
FAH	FBP1	9031.ENSGALP00000010465	9031.ENSGALP00000020563	0	0	0	0	0.188	0	0	0.352	0.452
FAH	HAAO	9031.ENSGALP00000010465	9031.ENSGALP00000016119	0	0	0	0	0.319	0	0	0.228	0.452
FAH	APOB	9031.ENSGALP00000010465	9031.ENSGALP00000026550	0	0	0	0	0.371	0	0	0.179	0.461
FAH	PAH	9031.ENSGALP00000010465	9031.ENSGALP00000020786	0.081	0	0	0	0.344	0	0	0.238	0.501
FAH	OTC	9031.ENSGALP00000010465	9031.ENSGALP00000026160	0.068	0	0	0	0.104	0	0	0.519	0.563
FAH	ALDH8A1	9031.ENSGALP00000010465	9031.ENSGALP00000022601	0.054	0	0	0	0.445	0.094	0.239	0.141	0.632
FAH	KMO	9031.ENSGALP00000010465	9031.ENSGALP00000012115	0.096	0	0	0	0.352	0	0.212	0.527	0.752
FAH	HGD	9031.ENSGALP00000010465	9031.ENSGALP00000024093	0.131	0.162	0.245	0	0.678	0	0.168	0.628	0.932
FAM110C	NR5A2	9031.ENSGALP00000026342	9031.ENSGALP00000056574	0	0	0	0	0	0	0	0.444	0.444
FAM163A	PLEKHG1	9031.ENSGALP00000033078	9031.ENSGALP00000036794	0	0	0	0	0	0	0	0.449	0.449
FBP1	ACOX1	9031.ENSGALP00000020563	9031.ENSGALP00000003376	0	0	0	0	0.169	0.042	0	0.307	0.400
FBP1	FAH	9031.ENSGALP00000020563	9031.ENSGALP00000010465	0	0	0	0	0.188	0	0	0.352	0.452
FBP1	PCK1	9031.ENSGALP00000020563	9031.ENSGALP00000012342	0	0	0	0	0.194	0	0	0.772	0.809
FBP1	HAO1	9031.ENSGALP00000020563	9031.ENSGALP00000014358	0	0	0	0	0.190	0	0.164	0.282	0.471
FBP1	SLC2A2	9031.ENSGALP00000020563	9031.ENSGALP00000015129	0	0	0	0	0.252	0	0.155	0.389	0.580
FBP1	APOB	9031.ENSGALP00000020563	9031.ENSGALP00000026550	0	0	0	0	0.329	0	0	0.143	0.400
FBP1	OTC	9031.ENSGALP00000020563	9031.ENSGALP00000026160	0	0	0	0	0.083	0	0	0.387	0.413
FBP1	ADD3	9031.ENSGALP00000020563	9031.ENSGALP00000070145	0	0	0	0	0.109	0	0.349	0.185	0.485
FBP1	RPIA	9031.ENSGALP00000020563	9031.ENSGALP00000071334	0.099	0	0	0	0.096	0	0	0.494	0.551
FBP1	ALDOB	9031.ENSGALP00000020563	9031.ENSGALP00000036836	0.056	0	0	0	0.303	0.056	0.944	0.551	0.981
FBXO43	PLK3	9031.ENSGALP00000056901	9031.ENSGALP00000047781	0	0	0	0	0.058	0.494	0	0.126	0.547
FBXO43	SOCS2	9031.ENSGALP00000056901	9031.ENSGALP00000067577	0	0	0	0	0	0	0	0.435	0.435
FETUB	TAT	9031.ENSGALP00000038974	9031.ENSGALP00000001312	0	0	0	0	0.426	0	0	0.052	0.432
FETUB	CREB3L3	9031.ENSGALP00000038974	9031.ENSGALP00000001898	0	0	0	0	0.420	0	0	0	0.420
FETUB	F13B	9031.ENSGALP00000038974	9031.ENSGALP00000003726	0	0	0	0	0.537	0.101	0	0.123	0.603
FETUB	PLA2G12B	9031.ENSGALP00000038974	9031.ENSGALP00000006895	0	0	0	0	0.446	0.046	0	0	0.449
FETUB	ITIH2	9031.ENSGALP00000038974	9031.ENSGALP00000011044	0	0	0	0	0.444	0	0	0.239	0.558
FETUB	KMO	9031.ENSGALP00000038974	9031.ENSGALP00000012115	0	0	0	0	0.447	0.054	0	0.076	0.474
FETUB	GFRA3	9031.ENSGALP00000038974	9031.ENSGALP00000012311	0	0	0.238	0	0.296	0	0	0	0.440
FETUB	F2	9031.ENSGALP00000038974	9031.ENSGALP00000013544	0	0	0	0	0.453	0.098	0	0	0.485
FETUB	AHSG	9031.ENSGALP00000038974	9031.ENSGALP00000013991	0	0	0.121	0.639	0.604	0.101	0	0.340	0.766
FETUB	FGA	9031.ENSGALP00000038974	9031.ENSGALP00000015061	0	0	0	0	0.606	0.081	0	0.243	0.701
FETUB	FGG	9031.ENSGALP00000038974	9031.ENSGALP00000015063	0	0	0	0	0.451	0.060	0	0.263	0.587
FETUB	SLC2A2	9031.ENSGALP00000038974	9031.ENSGALP00000015129	0	0	0	0	0.393	0.070	0	0	0.411
FETUB	TM4SF4	9031.ENSGALP00000038974	9031.ENSGALP00000016960	0	0	0	0	0.454	0	0	0	0.454
FETUB	C8B	9031.ENSGALP00000038974	9031.ENSGALP00000017617	0	0	0	0	0.390	0.078	0	0	0.413
FETUB	SERPINA10	9031.ENSGALP00000038974	9031.ENSGALP00000017847	0	0	0	0	0.492	0	0	0.240	0.597
FETUB	GC	9031.ENSGALP00000038974	9031.ENSGALP00000018939	0	0	0	0	0.536	0	0	0.154	0.591
FETUB	CFI	9031.ENSGALP00000038974	9031.ENSGALP00000019783	0	0	0	0	0.422	0.098	0	0.069	0.472
FETUB	TMPRSS6	9031.ENSGALP00000038974	9031.ENSGALP00000020367	0	0	0	0	0.392	0.098	0	0	0.429
FETUB	PAH	9031.ENSGALP00000038974	9031.ENSGALP00000020786	0	0	0	0	0.411	0	0	0	0.411
FETUB	ALDH8A1	9031.ENSGALP00000038974	9031.ENSGALP00000022601	0	0	0	0	0.454	0.074	0	0.046	0.476
FETUB	HGD	9031.ENSGALP00000038974	9031.ENSGALP00000024093	0	0	0	0	0.450	0	0	0.043	0.451
FETUB	HGFAC	9031.ENSGALP00000038974	9031.ENSGALP00000025139	0	0	0	0	0.457	0.098	0	0.118	0.530
FETUB	APOB	9031.ENSGALP00000038974	9031.ENSGALP00000026550	0	0	0	0	0.462	0.052	0	0.237	0.577
FETUB	CPB2	9031.ENSGALP00000038974	9031.ENSGALP00000027389	0	0	0	0	0.442	0	0	0	0.442
FETUB	HABP2	9031.ENSGALP00000038974	9031.ENSGALP00000032462	0	0	0	0	0.414	0.098	0	0.265	0.577
FETUB	FGB	9031.ENSGALP00000038974	9031.ENSGALP00000038105	0	0	0	0	0.443	0.060	0	0.239	0.567
FETUB	HNF1A	9031.ENSGALP00000038974	9031.ENSGALP00000060662	0	0	0	0	0.412	0	0	0	0.412
FETUB	ANGPTL3	9031.ENSGALP00000038974	9031.ENSGALP00000064198	0	0	0	0	0.401	0.060	0	0	0.413
FETUB	F7	9031.ENSGALP00000038974	9031.ENSGALP00000056443	0	0	0	0	0.388	0.098	0	0	0.424
FETUB	PROZ	9031.ENSGALP00000038974	9031.ENSGALP00000070757	0	0	0	0	0.398	0.098	0	0	0.433
FETUB	MBL2	9031.ENSGALP00000038974	9031.ENSGALP00000040351	0	0	0	0	0.408	0.101	0	0	0.445
FETUB	C5	9031.ENSGALP00000038974	9031.ENSGALP00000050353	0	0	0	0	0.470	0.045	0	0	0.472
FETUB	SERPINF2	9031.ENSGALP00000038974	9031.ENSGALP00000068360	0	0	0	0	0.415	0	0	0.187	0.504
FETUB	SPP2	9031.ENSGALP00000038974	9031.ENSGALP00000044476	0	0	0	0	0.455	0	0	0.129	0.505
FETUB	APOH	9031.ENSGALP00000038974	9031.ENSGALP00000054536	0	0	0	0	0.581	0.101	0	0.169	0.660
FFAR4	DGKG	9031.ENSGALP00000042701	9031.ENSGALP00000009166	0	0	0	0	0	0	0	0.483	0.483
FFAR4	SLC2A2	9031.ENSGALP00000042701	9031.ENSGALP00000015129	0	0	0	0	0.245	0	0	0.295	0.444
FFAR4	TMPRSS6	9031.ENSGALP00000042701	9031.ENSGALP00000020367	0	0	0	0	0.378	0.053	0	0.072	0.405
FFAR4	ENOX1	9031.ENSGALP00000042701	9031.ENSGALP00000027367	0	0	0	0	0	0	0	0.482	0.482
FGA	TAT	9031.ENSGALP00000015061	9031.ENSGALP00000001312	0	0	0	0	0.441	0	0	0.063	0.454
FGA	CREB3L3	9031.ENSGALP00000015061	9031.ENSGALP00000001898	0	0	0	0	0.355	0	0	0.175	0.445
FGA	F13B	9031.ENSGALP00000015061	9031.ENSGALP00000003726	0	0	0	0	0.737	0.098	0.500	0.573	0.942
FGA	PLA2G12B	9031.ENSGALP00000015061	9031.ENSGALP00000006895	0	0	0	0	0.447	0.050	0	0.262	0.578
FGA	ITIH2	9031.ENSGALP00000015061	9031.ENSGALP00000011044	0	0	0	0	0.496	0	0	0.090	0.522
FGA	KMO	9031.ENSGALP00000015061	9031.ENSGALP00000012115	0	0	0	0	0.438	0	0	0	0.438
FGA	PCK1	9031.ENSGALP00000015061	9031.ENSGALP00000012342	0	0	0	0	0.311	0	0	0.243	0.456
FGA	F2	9031.ENSGALP00000015061	9031.ENSGALP00000013544	0	0	0	0	0.874	0.888	0.500	0.764	0.998
FGA	AHSG	9031.ENSGALP00000015061	9031.ENSGALP00000013991	0	0	0	0	0.889	0.082	0	0.708	0.967
FGA	HAO1	9031.ENSGALP00000015061	9031.ENSGALP00000014358	0	0	0	0	0.409	0	0	0.057	0.419
FGA	APOA4	9031.ENSGALP00000015061	9031.ENSGALP00000071485	0	0	0	0	0.286	0.142	0	0.110	0.407
FGA	A1CF	9031.ENSGALP00000015061	9031.ENSGALP00000048156	0	0	0	0	0.418	0	0	0	0.418
FGA	SLC2A2	9031.ENSGALP00000015061	9031.ENSGALP00000015129	0	0	0	0	0.423	0	0	0	0.423
FGA	C8B	9031.ENSGALP00000015061	9031.ENSGALP00000017617	0	0	0	0	0.388	0	0	0.099	0.425
FGA	TMPRSS6	9031.ENSGALP00000015061	9031.ENSGALP00000020367	0	0	0	0	0.394	0.127	0	0	0.448
FGA	ALDOB	9031.ENSGALP00000015061	9031.ENSGALP00000036836	0	0	0	0	0.354	0	0	0.215	0.471
FGA	F7	9031.ENSGALP00000015061	9031.ENSGALP00000056443	0	0	0	0	0.420	0.127	0	0.055	0.480
FGA	PAH	9031.ENSGALP00000015061	9031.ENSGALP00000020786	0	0	0	0	0.483	0	0	0	0.483
FGA	C5	9031.ENSGALP00000015061	9031.ENSGALP00000050353	0	0	0	0	0.481	0	0	0.045	0.483
FGA	TM4SF4	9031.ENSGALP00000015061	9031.ENSGALP00000016960	0	0	0	0	0.485	0	0	0	0.485
FGA	ANGPTL3	9031.ENSGALP00000015061	9031.ENSGALP00000064198	0	0	0	0.656	0.444	0	0	0.130	0.495
FGA	NR1H4	9031.ENSGALP00000015061	9031.ENSGALP00000018906	0	0	0	0	0.411	0	0	0.184	0.499
FGA	ALDH8A1	9031.ENSGALP00000015061	9031.ENSGALP00000022601	0	0	0	0	0.489	0.084	0	0	0.512
FGA	HGFAC	9031.ENSGALP00000015061	9031.ENSGALP00000025139	0	0	0	0	0.403	0.101	0	0.172	0.517
FGA	MBL2	9031.ENSGALP00000015061	9031.ENSGALP00000040351	0	0	0	0	0.510	0.098	0	0.069	0.552
FGA	HGD	9031.ENSGALP00000015061	9031.ENSGALP00000024093	0	0	0	0	0.560	0	0	0	0.560
FGA	CFI	9031.ENSGALP00000015061	9031.ENSGALP00000019783	0	0	0	0	0.531	0.065	0	0.082	0.562
FGA	F5	9031.ENSGALP00000015061	9031.ENSGALP00000047983	0	0	0	0	0.161	0	0.400	0.206	0.565
FGA	PROZ	9031.ENSGALP00000015061	9031.ENSGALP00000070757	0	0	0	0	0.420	0.127	0	0.302	0.616
FGA	CPB2	9031.ENSGALP00000015061	9031.ENSGALP00000027389	0	0	0	0	0.467	0	0	0.346	0.636
FGA	HABP2	9031.ENSGALP00000015061	9031.ENSGALP00000032462	0	0	0	0	0.489	0.101	0	0.301	0.650
FGA	KNG1	9031.ENSGALP00000015061	9031.ENSGALP00000060409	0	0	0	0	0.279	0.086	0	0.532	0.664
FGA	SPP2	9031.ENSGALP00000015061	9031.ENSGALP00000044476	0	0	0	0	0.594	0	0	0.261	0.688
FGA	FETUB	9031.ENSGALP00000015061	9031.ENSGALP00000038974	0	0	0	0	0.606	0.081	0	0.243	0.701
FGA	GC	9031.ENSGALP00000015061	9031.ENSGALP00000018939	0	0	0	0	0.694	0	0	0.193	0.743
FGA	SERPINA10	9031.ENSGALP00000015061	9031.ENSGALP00000017847	0	0	0	0	0.594	0.047	0	0.412	0.753
FGA	APOB	9031.ENSGALP00000015061	9031.ENSGALP00000026550	0	0	0	0	0.593	0	0	0.421	0.755
FGA	SERPINF2	9031.ENSGALP00000015061	9031.ENSGALP00000068360	0	0	0	0	0.652	0	0	0.452	0.801
FGA	SERPIND1	9031.ENSGALP00000015061	9031.ENSGALP00000053865	0	0	0	0	0.463	0	0.400	0.647	0.876
FGA	APOH	9031.ENSGALP00000015061	9031.ENSGALP00000054536	0	0	0	0	0.594	0.098	0	0.702	0.881
FGA	FGB	9031.ENSGALP00000015061	9031.ENSGALP00000038105	0	0	0	0.729	0.983	0.990	0.800	0.708	0.999
FGA	FGG	9031.ENSGALP00000015061	9031.ENSGALP00000015063	0	0	0	0.760	0.983	0.990	0.800	0.627	0.999
FGB	TAT	9031.ENSGALP00000038105	9031.ENSGALP00000001312	0	0	0	0	0.387	0	0	0.297	0.551
FGB	F13B	9031.ENSGALP00000038105	9031.ENSGALP00000003726	0	0	0	0	0.423	0.098	0.500	0.504	0.853
FGB	ITIH2	9031.ENSGALP00000038105	9031.ENSGALP00000011044	0	0	0	0	0.370	0	0	0.099	0.408
FGB	PCK1	9031.ENSGALP00000038105	9031.ENSGALP00000012342	0	0	0	0	0.293	0	0	0.429	0.579
FGB	F2	9031.ENSGALP00000038105	9031.ENSGALP00000013544	0	0	0	0	0.707	0.738	0.500	0.697	0.986
FGB	AHSG	9031.ENSGALP00000038105	9031.ENSGALP00000013991	0	0	0	0	0.706	0.082	0	0.516	0.858
FGB	FGA	9031.ENSGALP00000038105	9031.ENSGALP00000015061	0	0	0	0.729	0.983	0.990	0.800	0.708	0.999
FGB	FGG	9031.ENSGALP00000038105	9031.ENSGALP00000015063	0	0	0	0.811	0.983	0.989	0.800	0.737	0.999
FGB	SLC2A2	9031.ENSGALP00000038105	9031.ENSGALP00000015129	0	0	0	0	0.416	0	0	0	0.416
FGB	TM4SF4	9031.ENSGALP00000038105	9031.ENSGALP00000016960	0	0	0	0	0.438	0	0	0	0.438
FGB	SERPINA10	9031.ENSGALP00000038105	9031.ENSGALP00000017847	0	0	0	0	0.485	0.057	0	0.265	0.612
FGB	AGT	9031.ENSGALP00000038105	9031.ENSGALP00000018089	0	0	0	0	0.236	0	0	0.258	0.408
FGB	NR1H4	9031.ENSGALP00000038105	9031.ENSGALP00000018906	0	0	0	0	0.390	0	0	0.160	0.466
FGB	GC	9031.ENSGALP00000038105	9031.ENSGALP00000018939	0	0	0	0	0.737	0.068	0	0.161	0.776
FGB	CFI	9031.ENSGALP00000038105	9031.ENSGALP00000019783	0	0	0	0	0.374	0.065	0	0.082	0.416
FGB	TMPRSS6	9031.ENSGALP00000038105	9031.ENSGALP00000020367	0	0	0	0	0.383	0.102	0	0	0.422
FGB	PAH	9031.ENSGALP00000038105	9031.ENSGALP00000020786	0	0	0	0	0.453	0	0	0	0.453
FGB	ALDH8A1	9031.ENSGALP00000038105	9031.ENSGALP00000022601	0	0	0	0	0.380	0.083	0	0	0.407
FGB	HGD	9031.ENSGALP00000038105	9031.ENSGALP00000024093	0	0	0	0	0.514	0	0	0	0.514
FGB	HGFAC	9031.ENSGALP00000038105	9031.ENSGALP00000025139	0	0	0	0	0.423	0.101	0	0.175	0.535
FGB	APOB	9031.ENSGALP00000038105	9031.ENSGALP00000026550	0	0	0	0	0.581	0	0	0.353	0.718
FGB	CPB2	9031.ENSGALP00000038105	9031.ENSGALP00000027389	0	0	0	0	0.462	0	0	0.101	0.496
FGB	HABP2	9031.ENSGALP00000038105	9031.ENSGALP00000032462	0	0	0	0	0.408	0.101	0	0.379	0.641
FGB	ALDOB	9031.ENSGALP00000038105	9031.ENSGALP00000036836	0	0	0	0	0.321	0	0	0.184	0.422
FGB	A1CF	9031.ENSGALP00000038105	9031.ENSGALP00000048156	0	0	0	0	0.404	0	0	0	0.404
FGB	SPP2	9031.ENSGALP00000038105	9031.ENSGALP00000044476	0	0	0	0	0.443	0	0	0	0.443
FGB	MBL2	9031.ENSGALP00000038105	9031.ENSGALP00000040351	0	0	0	0	0.402	0.098	0	0.069	0.454
FGB	ANGPTL3	9031.ENSGALP00000038105	9031.ENSGALP00000064198	0	0	0	0.624	0.425	0	0	0.107	0.464
FGB	NPTX1	9031.ENSGALP00000038105	9031.ENSGALP00000067424	0	0	0	0	0	0	0	0.478	0.478
FGB	F7	9031.ENSGALP00000038105	9031.ENSGALP00000056443	0	0	0	0	0.300	0.102	0	0.299	0.521
FGB	FETUB	9031.ENSGALP00000038105	9031.ENSGALP00000038974	0	0	0	0	0.443	0.060	0	0.239	0.567
FGB	SERPINF2	9031.ENSGALP00000038105	9031.ENSGALP00000068360	0	0	0	0	0.471	0	0	0.297	0.613
FGB	F5	9031.ENSGALP00000038105	9031.ENSGALP00000047983	0	0	0	0	0.115	0.053	0.400	0.396	0.656
FGB	KNG1	9031.ENSGALP00000038105	9031.ENSGALP00000060409	0	0	0	0	0.305	0.094	0	0.547	0.690
FGB	APOH	9031.ENSGALP00000038105	9031.ENSGALP00000054536	0	0	0	0	0.441	0.098	0	0.606	0.784
FGB	SERPIND1	9031.ENSGALP00000038105	9031.ENSGALP00000053865	0	0	0	0	0.421	0.057	0.500	0.517	0.850
FGD4	RHOC	9031.ENSGALP00000067782	9031.ENSGALP00000002383	0	0	0	0	0.044	0.072	0.400	0.071	0.439
FGFR3	SOX6	9031.ENSGALP00000001710	9031.ENSGALP00000009790	0	0	0	0	0.050	0	0	0.452	0.457
FGFR3	SHH	9031.ENSGALP00000001710	9031.ENSGALP00000010292	0	0	0	0	0.051	0.046	0	0.546	0.553
FGFR3	BMP4	9031.ENSGALP00000001710	9031.ENSGALP00000020289	0	0	0	0	0	0.094	0	0.537	0.562
FGFR3	SH3GL3	9031.ENSGALP00000001710	9031.ENSGALP00000009724	0	0	0	0	0.061	0	0.650	0	0.657
FGFR3	KLB	9031.ENSGALP00000001710	9031.ENSGALP00000055913	0	0	0	0	0.050	0.203	0.400	0.686	0.838
FGFRL1	RHPN1	9031.ENSGALP00000057609	9031.ENSGALP00000043555	0	0	0	0	0	0	0	0.478	0.478
FGFRL1	KLB	9031.ENSGALP00000057609	9031.ENSGALP00000055913	0	0	0	0	0.044	0.190	0	0.298	0.409
FGG	TAT	9031.ENSGALP00000015063	9031.ENSGALP00000001312	0	0	0	0	0.415	0	0	0.122	0.465
FGG	F13B	9031.ENSGALP00000015063	9031.ENSGALP00000003726	0	0	0	0	0.416	0.205	0.500	0.644	0.906
FGG	ITIH2	9031.ENSGALP00000015063	9031.ENSGALP00000011044	0	0	0	0	0.398	0	0	0.111	0.442
FGG	F2	9031.ENSGALP00000015063	9031.ENSGALP00000013544	0	0	0	0	0.686	0.738	0.500	0.606	0.981
FGG	AHSG	9031.ENSGALP00000015063	9031.ENSGALP00000013991	0	0	0	0	0.731	0.082	0	0.534	0.875
FGG	FGA	9031.ENSGALP00000015063	9031.ENSGALP00000015061	0	0	0	0.760	0.983	0.990	0.800	0.627	0.999
FGG	ALDOB	9031.ENSGALP00000015063	9031.ENSGALP00000036836	0	0	0	0	0.292	0	0	0.197	0.407
FGG	NR1H4	9031.ENSGALP00000015063	9031.ENSGALP00000018906	0	0	0	0	0.389	0	0	0.111	0.434
FGG	PAH	9031.ENSGALP00000015063	9031.ENSGALP00000020786	0	0	0	0	0.440	0	0	0	0.440
FGG	ALDH8A1	9031.ENSGALP00000015063	9031.ENSGALP00000022601	0	0	0	0	0.423	0.084	0	0	0.449
FGG	MBL2	9031.ENSGALP00000015063	9031.ENSGALP00000040351	0	0	0	0	0.417	0.098	0	0.084	0.476
FGG	HGD	9031.ENSGALP00000015063	9031.ENSGALP00000024093	0	0	0	0	0.480	0	0	0	0.480
FGG	ANGPTL3	9031.ENSGALP00000015063	9031.ENSGALP00000064198	0	0	0	0.661	0.413	0	0	0.166	0.489
FGG	TMPRSS6	9031.ENSGALP00000015063	9031.ENSGALP00000020367	0	0	0	0	0.393	0.102	0	0.142	0.491
FGG	NPTX1	9031.ENSGALP00000015063	9031.ENSGALP00000067424	0	0	0	0	0	0	0	0.496	0.495
FGG	CFI	9031.ENSGALP00000015063	9031.ENSGALP00000019783	0	0	0	0	0.481	0.065	0	0.071	0.509
FGG	SPP2	9031.ENSGALP00000015063	9031.ENSGALP00000044476	0	0	0	0	0.512	0	0	0.053	0.518
FGG	HGFAC	9031.ENSGALP00000015063	9031.ENSGALP00000025139	0	0	0	0	0.435	0.101	0	0.187	0.551
FGG	F5	9031.ENSGALP00000015063	9031.ENSGALP00000047983	0	0	0	0	0.107	0	0.400	0.242	0.558
FGG	CPB2	9031.ENSGALP00000015063	9031.ENSGALP00000027389	0	0	0	0	0.491	0	0	0.208	0.579
FGG	FETUB	9031.ENSGALP00000015063	9031.ENSGALP00000038974	0	0	0	0	0.451	0.060	0	0.263	0.587
FGG	F7	9031.ENSGALP00000015063	9031.ENSGALP00000056443	0	0	0	0	0.398	0.102	0	0.326	0.604
FGG	PROZ	9031.ENSGALP00000015063	9031.ENSGALP00000070757	0	0	0	0	0.411	0.102	0	0.325	0.612
FGG	HABP2	9031.ENSGALP00000015063	9031.ENSGALP00000032462	0	0	0	0	0.425	0.101	0	0.360	0.640
FGG	APOB	9031.ENSGALP00000015063	9031.ENSGALP00000026550	0	0	0	0	0.521	0	0	0.324	0.662
FGG	SERPINA10	9031.ENSGALP00000015063	9031.ENSGALP00000017847	0	0	0	0	0.509	0.054	0	0.335	0.664
FGG	SERPINF2	9031.ENSGALP00000015063	9031.ENSGALP00000068360	0	0	0	0	0.506	0	0	0.407	0.694
FGG	KNG1	9031.ENSGALP00000015063	9031.ENSGALP00000060409	0	0	0	0	0.288	0.047	0	0.614	0.715
FGG	GC	9031.ENSGALP00000015063	9031.ENSGALP00000018939	0	0	0	0	0.676	0	0	0.199	0.729
FGG	SERPIND1	9031.ENSGALP00000015063	9031.ENSGALP00000053865	0	0	0	0	0.400	0.054	0.400	0.614	0.851
FGG	APOH	9031.ENSGALP00000015063	9031.ENSGALP00000054536	0	0	0	0	0.698	0.098	0	0.538	0.863
FGG	FGB	9031.ENSGALP00000015063	9031.ENSGALP00000038105	0	0	0	0.811	0.983	0.989	0.800	0.737	0.999
FGL2	F2	9031.ENSGALP00000013507	9031.ENSGALP00000013544	0	0	0	0	0	0.066	0	0.438	0.452
FMO3	NR1H4	9031.ENSGALP00000053108	9031.ENSGALP00000018906	0	0	0	0	0.045	0	0	0.423	0.425
FMO3	SULT1C3	9031.ENSGALP00000053108	9031.ENSGALP00000027077	0	0	0	0	0.051	0	0	0.428	0.433
FOXL2	ESR1	9031.ENSGALP00000045929	9031.ENSGALP00000073938	0	0	0	0	0	0.081	0	0.752	0.762
FOXL2	WNT4	9031.ENSGALP00000045929	9031.ENSGALP00000046583	0	0	0	0	0.050	0	0	0.882	0.883
FOXP1	SHH	9031.ENSGALP00000044290	9031.ENSGALP00000010292	0	0	0	0	0.091	0	0	0.396	0.428
FOXP1	IL2RB	9031.ENSGALP00000044290	9031.ENSGALP00000020354	0	0	0	0	0	0	0	0.585	0.585
FOXP1	IL7R	9031.ENSGALP00000044290	9031.ENSGALP00000021778	0	0	0	0	0.054	0	0	0.472	0.480
FOXP1	PXDN	9031.ENSGALP00000044290	9031.ENSGALP00000026363	0	0	0	0	0	0	0	0.500	0.499
FOXP1	EOMES	9031.ENSGALP00000044290	9031.ENSGALP00000041400	0	0	0	0	0	0.065	0	0.586	0.596
FOXP1	SATB2	9031.ENSGALP00000044290	9031.ENSGALP00000043071	0	0	0	0	0	0.061	0	0.556	0.565
FOXP1	MNX1	9031.ENSGALP00000044290	9031.ENSGALP00000056537	0	0	0	0	0	0	0	0.414	0.414
FOXP1	IL15	9031.ENSGALP00000044290	9031.ENSGALP00000069101	0	0	0	0	0	0	0	0.678	0.678
FRMD4B	A1CF	9031.ENSGALP00000057119	9031.ENSGALP00000048156	0	0	0	0	0	0	0	0.473	0.473
FRMD4B	SLC35F1	9031.ENSGALP00000057119	9031.ENSGALP00000066484	0	0	0	0	0.048	0	0	0.421	0.425
FRMD4B	MDGA1	9031.ENSGALP00000057119	9031.ENSGALP00000066872	0	0	0	0	0	0.046	0	0.430	0.433
FRMD4B	GPA33	9031.ENSGALP00000057119	9031.ENSGALP00000064471	0	0	0	0	0	0	0	0.841	0.841
FSTL4	OLFM3	9031.ENSGALP00000073385	9031.ENSGALP00000008340	0	0	0	0	0.055	0	0	0.409	0.417
FZD3	SHH	9031.ENSGALP00000043647	9031.ENSGALP00000010292	0	0	0	0	0.050	0.098	0	0.424	0.464
FZD3	PRICKLE1	9031.ENSGALP00000043647	9031.ENSGALP00000015542	0	0	0	0	0	0.101	0	0.764	0.779
FZD3	SFRP4	9031.ENSGALP00000043647	9031.ENSGALP00000046731	0	0	0	0.634	0.046	0	0.650	0.118	0.679
FZD3	WNT16	9031.ENSGALP00000043647	9031.ENSGALP00000054779	0	0	0	0	0	0.232	0.650	0.425	0.831
FZD3	WNT4	9031.ENSGALP00000043647	9031.ENSGALP00000046583	0	0	0	0	0	0.232	0.650	0.757	0.929
GAS2	AMDHD1	9031.ENSGALP00000005781	9031.ENSGALP00000018600	0	0	0	0	0	0	0	0.433	0.433
GAS2	TFCP2L1	9031.ENSGALP00000005781	9031.ENSGALP00000028533	0	0	0	0	0	0	0	0.517	0.517
GBX2	SHH	9031.ENSGALP00000052169	9031.ENSGALP00000010292	0	0	0	0	0	0	0	0.713	0.713
GBX2	BMP4	9031.ENSGALP00000052169	9031.ENSGALP00000020289	0	0	0	0	0	0	0	0.409	0.409
GBX2	MEIS1	9031.ENSGALP00000052169	9031.ENSGALP00000068200	0	0	0	0	0.044	0.097	0	0.539	0.568
GC	TAT	9031.ENSGALP00000018939	9031.ENSGALP00000001312	0	0	0	0	0.458	0	0	0	0.458
GC	PIGR	9031.ENSGALP00000018939	9031.ENSGALP00000001351	0	0	0	0	0.270	0	0	0.219	0.405
GC	F13B	9031.ENSGALP00000018939	9031.ENSGALP00000003726	0	0	0	0	0.426	0	0	0.085	0.452
GC	FAH	9031.ENSGALP00000018939	9031.ENSGALP00000010465	0	0	0	0	0.359	0	0	0.145	0.428
GC	KMO	9031.ENSGALP00000018939	9031.ENSGALP00000012115	0	0	0	0	0.378	0	0	0.188	0.473
GC	F2	9031.ENSGALP00000018939	9031.ENSGALP00000013544	0	0	0	0	0.661	0	0	0.208	0.720
GC	AHSG	9031.ENSGALP00000018939	9031.ENSGALP00000013991	0	0	0	0	0.690	0	0	0.681	0.896
GC	FGA	9031.ENSGALP00000018939	9031.ENSGALP00000015061	0	0	0	0	0.694	0	0	0.193	0.743
GC	FGG	9031.ENSGALP00000018939	9031.ENSGALP00000015063	0	0	0	0	0.676	0	0	0.199	0.729
GC	SLC2A2	9031.ENSGALP00000018939	9031.ENSGALP00000015129	0	0	0	0	0.422	0	0	0.089	0.451
GC	TM4SF4	9031.ENSGALP00000018939	9031.ENSGALP00000016960	0	0	0	0	0.483	0	0	0	0.483
GC	C8B	9031.ENSGALP00000018939	9031.ENSGALP00000017617	0	0	0	0	0.377	0	0	0.114	0.425
GC	LRP2	9031.ENSGALP00000018939	9031.ENSGALP00000017630	0	0	0	0	0	0.074	0	0.662	0.673
GC	SERPINA10	9031.ENSGALP00000018939	9031.ENSGALP00000017847	0	0	0	0	0.423	0.051	0	0.076	0.449
GC	AGT	9031.ENSGALP00000018939	9031.ENSGALP00000018089	0	0	0	0	0.347	0	0	0.240	0.482
GC	NR1H4	9031.ENSGALP00000018939	9031.ENSGALP00000018906	0	0	0	0	0.392	0	0	0.190	0.486
GC	HABP2	9031.ENSGALP00000018939	9031.ENSGALP00000032462	0	0	0	0	0.409	0	0	0	0.409
GC	MBL2	9031.ENSGALP00000018939	9031.ENSGALP00000040351	0	0	0	0	0.411	0	0	0	0.411
GC	PROZ	9031.ENSGALP00000018939	9031.ENSGALP00000070757	0	0	0	0	0.411	0	0	0	0.411
GC	ALDH8A1	9031.ENSGALP00000018939	9031.ENSGALP00000022601	0	0	0	0	0.394	0	0	0.077	0.416
GC	HGFAC	9031.ENSGALP00000018939	9031.ENSGALP00000025139	0	0	0	0	0.415	0	0	0.069	0.432
GC	KNG1	9031.ENSGALP00000018939	9031.ENSGALP00000060409	0	0	0	0	0.217	0	0	0.317	0.443
GC	HGD	9031.ENSGALP00000018939	9031.ENSGALP00000024093	0	0	0	0	0.466	0	0	0	0.466
GC	CPB2	9031.ENSGALP00000018939	9031.ENSGALP00000027389	0	0	0	0	0.451	0	0	0.069	0.467
GC	SERPINF2	9031.ENSGALP00000018939	9031.ENSGALP00000068360	0	0	0	0	0.380	0	0	0.176	0.467
GC	SPP2	9031.ENSGALP00000018939	9031.ENSGALP00000044476	0	0	0	0	0.485	0	0	0.077	0.504
GC	SGK1	9031.ENSGALP00000018939	9031.ENSGALP00000068769	0	0	0	0	0	0	0	0.518	0.518
GC	ANGPTL3	9031.ENSGALP00000018939	9031.ENSGALP00000064198	0	0	0	0	0.482	0	0	0.207	0.572
GC	APOB	9031.ENSGALP00000018939	9031.ENSGALP00000026550	0	0	0	0	0.443	0	0	0.282	0.583
GC	FETUB	9031.ENSGALP00000018939	9031.ENSGALP00000038974	0	0	0	0	0.536	0	0	0.154	0.591
GC	PAH	9031.ENSGALP00000018939	9031.ENSGALP00000020786	0	0	0	0	0.572	0	0	0.091	0.594
GC	APOH	9031.ENSGALP00000018939	9031.ENSGALP00000054536	0	0	0	0	0.548	0	0	0.293	0.667
GC	FGB	9031.ENSGALP00000018939	9031.ENSGALP00000038105	0	0	0	0	0.737	0.068	0	0.161	0.776
GCHFR	TPH2	9031.ENSGALP00000058501	9031.ENSGALP00000037703	0	0	0	0	0.062	0	0	0.534	0.544
GCHFR	MC5R	9031.ENSGALP00000058501	9031.ENSGALP00000049188	0	0	0	0	0	0	0	0.413	0.413
GDF11	SHH	9031.ENSGALP00000048799	9031.ENSGALP00000010292	0	0	0	0	0	0.067	0	0.509	0.523
GFRA3	MATN3	9031.ENSGALP00000012311	9031.ENSGALP00000036079	0	0	0	0	0	0	0	0.427	0.427
GFRA3	FETUB	9031.ENSGALP00000012311	9031.ENSGALP00000038974	0	0	0.238	0	0.296	0	0	0	0.440
GINS2	DTL	9031.ENSGALP00000055189	9031.ENSGALP00000015973	0	0	0	0	0.306	0	0	0.185	0.410
GLI3	SHH	9031.ENSGALP00000048561	9031.ENSGALP00000010292	0	0	0	0	0.049	0.135	0	0.951	0.956
GLI3	BMP4	9031.ENSGALP00000048561	9031.ENSGALP00000020289	0	0	0	0	0	0.053	0	0.635	0.640
GLI3	PAX9	9031.ENSGALP00000048561	9031.ENSGALP00000037011	0	0	0	0	0	0	0	0.495	0.495
GLI3	TBX3	9031.ENSGALP00000048561	9031.ENSGALP00000045049	0	0	0	0	0	0.053	0	0.545	0.551
GLI3	SLC35F1	9031.ENSGALP00000048561	9031.ENSGALP00000066484	0	0	0	0	0	0	0	0.433	0.433
GLI3	NKX2-1	9031.ENSGALP00000048561	9031.ENSGALP00000055123	0	0	0	0	0	0.046	0	0.463	0.465
GLI3	TBX2	9031.ENSGALP00000048561	9031.ENSGALP00000057931	0	0	0	0	0	0.053	0	0.546	0.551
GLI3	HOXD13	9031.ENSGALP00000048561	9031.ENSGALP00000054291	0	0	0	0	0	0	0	0.754	0.754
GLUL	PSAT1	9031.ENSGALP00000067937	9031.ENSGALP00000024450	0.121	0	0	0	0.064	0	0	0.345	0.414
GLUL	ATIC	9031.ENSGALP00000067937	9031.ENSGALP00000061123	0.101	0	0	0	0.108	0	0.419	0.255	0.606
GPA33	FRMD4B	9031.ENSGALP00000064471	9031.ENSGALP00000057119	0	0	0	0	0	0	0	0.841	0.841
GREB1L	CHST11	9031.ENSGALP00000024043	9031.ENSGALP00000054531	0	0	0	0	0	0	0	0.426	0.426
GRIP1	PRKCB	9031.ENSGALP00000068781	9031.ENSGALP00000056743	0	0	0	0	0	0	0.400	0.111	0.443
GUCA1A	CNGA3	9031.ENSGALP00000002177	9031.ENSGALP00000051385	0	0	0	0	0.062	0	0	0.634	0.642
GUCA1A	GUCY2C	9031.ENSGALP00000002177	9031.ENSGALP00000019294	0	0	0	0	0	0.053	0	0.851	0.853
GUCY2C	GUCA1A	9031.ENSGALP00000019294	9031.ENSGALP00000002177	0	0	0	0	0	0.053	0	0.851	0.853
GUCY2C	RGS9BP	9031.ENSGALP00000019294	9031.ENSGALP00000007438	0	0	0	0	0.046	0	0	0.404	0.407
GUCY2C	PDE1A	9031.ENSGALP00000019294	9031.ENSGALP00000071844	0	0	0	0	0	0	0.650	0.483	0.811
HAAO	TAT	9031.ENSGALP00000016119	9031.ENSGALP00000001312	0	0	0	0	0.296	0	0	0.197	0.410
HAAO	F13B	9031.ENSGALP00000016119	9031.ENSGALP00000003726	0	0	0	0	0.410	0	0	0	0.410
HAAO	FAH	9031.ENSGALP00000016119	9031.ENSGALP00000010465	0	0	0	0	0.319	0	0	0.228	0.452
HAAO	KMO	9031.ENSGALP00000016119	9031.ENSGALP00000012115	0	0	0.502	0	0.517	0	0	0.628	0.902
HAAO	SLC2A2	9031.ENSGALP00000016119	9031.ENSGALP00000015129	0	0	0	0	0.410	0	0	0.130	0.465
HAAO	APOB	9031.ENSGALP00000016119	9031.ENSGALP00000026550	0	0	0	0	0.393	0	0	0.059	0.404
HAAO	NR1H4	9031.ENSGALP00000016119	9031.ENSGALP00000018906	0	0	0	0	0.410	0	0	0	0.410
HAAO	ANGPTL3	9031.ENSGALP00000016119	9031.ENSGALP00000064198	0	0	0	0	0.414	0	0	0	0.414
HAAO	TMPRSS6	9031.ENSGALP00000016119	9031.ENSGALP00000020367	0	0	0	0	0.378	0	0	0.101	0.416
HAAO	TM4SF4	9031.ENSGALP00000016119	9031.ENSGALP00000016960	0	0	0	0	0.422	0	0	0	0.422
HAAO	A1CF	9031.ENSGALP00000016119	9031.ENSGALP00000048156	0	0	0	0	0.425	0	0	0	0.425
HAAO	HS3ST2	9031.ENSGALP00000016119	9031.ENSGALP00000043624	0	0	0	0	0	0	0	0.426	0.426
HAAO	SPP2	9031.ENSGALP00000016119	9031.ENSGALP00000044476	0	0	0	0	0.428	0	0	0	0.428
HAAO	SULT1C3	9031.ENSGALP00000016119	9031.ENSGALP00000027077	0	0	0	0	0.379	0	0	0.117	0.428
HAAO	ALDH8A1	9031.ENSGALP00000016119	9031.ENSGALP00000022601	0	0	0	0	0.394	0	0	0.155	0.466
HAAO	PAH	9031.ENSGALP00000016119	9031.ENSGALP00000020786	0	0	0	0	0.401	0	0	0.197	0.499
HAAO	HGD	9031.ENSGALP00000016119	9031.ENSGALP00000024093	0	0	0	0	0.423	0	0	0.188	0.511
HAAO	SUSD3	9031.ENSGALP00000016119	9031.ENSGALP00000069638	0	0	0	0	0.065	0	0	0.600	0.610
HAAO	TDO2	9031.ENSGALP00000016119	9031.ENSGALP00000046174	0	0	0	0	0.159	0	0	0.653	0.696
HAAO	CAT	9031.ENSGALP00000016119	9031.ENSGALP00000063417	0	0	0	0	0.139	0	0.900	0	0.910
HABP2	F13B	9031.ENSGALP00000032462	9031.ENSGALP00000003726	0	0	0	0	0.388	0.154	0	0.153	0.523
HABP2	ITIH2	9031.ENSGALP00000032462	9031.ENSGALP00000011044	0	0	0	0	0.394	0	0	0.171	0.476
HABP2	KMO	9031.ENSGALP00000032462	9031.ENSGALP00000012115	0	0	0	0	0.311	0.107	0	0.185	0.455
HABP2	F2	9031.ENSGALP00000032462	9031.ENSGALP00000013544	0	0	0.161	0.641	0.337	0.098	0	0.074	0.474
HABP2	AHSG	9031.ENSGALP00000032462	9031.ENSGALP00000013991	0	0	0	0	0.508	0.237	0	0.048	0.611
HABP2	FGA	9031.ENSGALP00000032462	9031.ENSGALP00000015061	0	0	0	0	0.489	0.101	0	0.301	0.650
HABP2	FGG	9031.ENSGALP00000032462	9031.ENSGALP00000015063	0	0	0	0	0.425	0.101	0	0.360	0.640
HABP2	TM4SF4	9031.ENSGALP00000032462	9031.ENSGALP00000016960	0	0	0	0	0.435	0	0	0	0.435
HABP2	C8B	9031.ENSGALP00000032462	9031.ENSGALP00000017617	0	0	0	0	0.379	0.078	0	0.092	0.434
HABP2	SERPINA10	9031.ENSGALP00000032462	9031.ENSGALP00000017847	0	0	0	0	0.393	0.080	0	0.091	0.448
HABP2	AGT	9031.ENSGALP00000032462	9031.ENSGALP00000018089	0	0	0	0	0.384	0.080	0	0.052	0.415
HABP2	GC	9031.ENSGALP00000032462	9031.ENSGALP00000018939	0	0	0	0	0.409	0	0	0	0.409
HABP2	CFI	9031.ENSGALP00000032462	9031.ENSGALP00000019783	0	0	0.200	0.653	0.370	0.098	0	0.085	0.528
HABP2	TMPRSS6	9031.ENSGALP00000032462	9031.ENSGALP00000020367	0	0	0.124	0.641	0.389	0.101	0	0	0.476
HABP2	PAH	9031.ENSGALP00000032462	9031.ENSGALP00000020786	0	0	0	0	0.387	0	0.168	0.052	0.474
HABP2	HGFAC	9031.ENSGALP00000032462	9031.ENSGALP00000025139	0	0	0.113	0.842	0.392	0.175	0	0.115	0.553
HABP2	CPB2	9031.ENSGALP00000032462	9031.ENSGALP00000027389	0	0	0	0	0.395	0.152	0	0.185	0.545
HABP2	PROZ	9031.ENSGALP00000032462	9031.ENSGALP00000070757	0	0	0	0.580	0.392	0.098	0	0	0.428
HABP2	CFAP45	9031.ENSGALP00000032462	9031.ENSGALP00000063415	0	0	0	0	0.048	0.403	0	0.083	0.433
HABP2	F7	9031.ENSGALP00000032462	9031.ENSGALP00000056443	0	0	0.192	0.686	0.303	0.098	0	0	0.448
HABP2	ANGPTL3	9031.ENSGALP00000032462	9031.ENSGALP00000064198	0	0	0	0	0.426	0.101	0	0	0.462
HABP2	SERPINF2	9031.ENSGALP00000032462	9031.ENSGALP00000068360	0	0	0	0	0.344	0.080	0	0.211	0.482
HABP2	SERPIND1	9031.ENSGALP00000032462	9031.ENSGALP00000053865	0	0	0	0	0.264	0.080	0	0.300	0.485
HABP2	MBL2	9031.ENSGALP00000032462	9031.ENSGALP00000040351	0	0	0	0	0.421	0.154	0	0.051	0.494
HABP2	SPP2	9031.ENSGALP00000032462	9031.ENSGALP00000044476	0	0	0	0	0.498	0	0	0	0.498
HABP2	FETUB	9031.ENSGALP00000032462	9031.ENSGALP00000038974	0	0	0	0	0.414	0.098	0	0.265	0.577
HABP2	FGB	9031.ENSGALP00000032462	9031.ENSGALP00000038105	0	0	0	0	0.408	0.101	0	0.379	0.641
HACD4	CREB3L3	9031.ENSGALP00000042052	9031.ENSGALP00000001898	0	0	0	0	0	0	0	0.429	0.429
HACD4	MDGA1	9031.ENSGALP00000042052	9031.ENSGALP00000066872	0	0	0	0	0	0	0	0.683	0.683
HACD4	ELOVL2	9031.ENSGALP00000042052	9031.ENSGALP00000071756	0	0	0	0	0	0.066	0.900	0.075	0.906
HAO1	TAT	9031.ENSGALP00000014358	9031.ENSGALP00000001312	0.069	0	0	0	0.249	0	0.210	0.196	0.496
HAO1	F13B	9031.ENSGALP00000014358	9031.ENSGALP00000003726	0	0	0	0	0.431	0	0	0	0.431
HAO1	KMO	9031.ENSGALP00000014358	9031.ENSGALP00000012115	0.043	0	0	0	0.391	0	0	0.182	0.482
HAO1	PCK1	9031.ENSGALP00000014358	9031.ENSGALP00000012342	0	0	0	0	0.248	0	0	0.273	0.430
HAO1	ALDOB	9031.ENSGALP00000014358	9031.ENSGALP00000036836	0	0	0	0	0.245	0	0	0.257	0.415
HAO1	FGA	9031.ENSGALP00000014358	9031.ENSGALP00000015061	0	0	0	0	0.409	0	0	0.057	0.419
HAO1	HGD	9031.ENSGALP00000014358	9031.ENSGALP00000024093	0	0	0	0	0.406	0	0	0.076	0.428
HAO1	PSAT1	9031.ENSGALP00000014358	9031.ENSGALP00000024450	0	0	0	0	0	0	0	0.447	0.447
HAO1	FBP1	9031.ENSGALP00000014358	9031.ENSGALP00000020563	0	0	0	0	0.190	0	0.164	0.282	0.471
HAO1	ALDH8A1	9031.ENSGALP00000014358	9031.ENSGALP00000022601	0.045	0.007	0	0	0.449	0	0.242	0.157	0.619
HAO1	ATIC	9031.ENSGALP00000014358	9031.ENSGALP00000061123	0	0	0	0	0.061	0	0.825	0	0.828
HAO1	CAT	9031.ENSGALP00000014358	9031.ENSGALP00000063417	0	0	0	0	0.175	0	0.900	0.136	0.922
HEYL	DLL1	9031.ENSGALP00000070043	9031.ENSGALP00000067155	0	0	0	0	0	0.067	0	0.608	0.618
HEYL	NT5C1A	9031.ENSGALP00000070043	9031.ENSGALP00000067998	0	0	0	0	0	0	0	0.424	0.424
HGD	TAT	9031.ENSGALP00000024093	9031.ENSGALP00000001312	0	0	0	0	0.484	0	0	0.627	0.799
HGD	F13B	9031.ENSGALP00000024093	9031.ENSGALP00000003726	0	0	0	0	0.800	0	0	0.047	0.802
HGD	FAH	9031.ENSGALP00000024093	9031.ENSGALP00000010465	0.131	0.162	0.245	0	0.678	0	0.168	0.628	0.932
HGD	KMO	9031.ENSGALP00000024093	9031.ENSGALP00000012115	0.131	0	0	0	0.427	0	0	0.530	0.745
HGD	PCK1	9031.ENSGALP00000024093	9031.ENSGALP00000012342	0	0	0	0	0.403	0	0	0.085	0.430
HGD	F2	9031.ENSGALP00000024093	9031.ENSGALP00000013544	0	0	0	0	0.425	0	0	0	0.425
HGD	AHSG	9031.ENSGALP00000024093	9031.ENSGALP00000013991	0	0	0	0	0.419	0	0	0	0.419
HGD	HAO1	9031.ENSGALP00000024093	9031.ENSGALP00000014358	0	0	0	0	0.406	0	0	0.076	0.428
HGD	FGA	9031.ENSGALP00000024093	9031.ENSGALP00000015061	0	0	0	0	0.560	0	0	0	0.560
HGD	FGG	9031.ENSGALP00000024093	9031.ENSGALP00000015063	0	0	0	0	0.480	0	0	0	0.480
HGD	SLC2A2	9031.ENSGALP00000024093	9031.ENSGALP00000015129	0	0	0	0	0.411	0	0	0.077	0.433
HGD	HAAO	9031.ENSGALP00000024093	9031.ENSGALP00000016119	0	0	0	0	0.423	0	0	0.188	0.511
HGD	SERPINA10	9031.ENSGALP00000024093	9031.ENSGALP00000017847	0.046	0	0	0	0.411	0	0	0.078	0.437
HGD	AGT	9031.ENSGALP00000024093	9031.ENSGALP00000018089	0.046	0	0	0	0.240	0	0	0.320	0.464
HGD	NR1H4	9031.ENSGALP00000024093	9031.ENSGALP00000018906	0	0	0	0	0.394	0	0	0.102	0.432
HGD	GC	9031.ENSGALP00000024093	9031.ENSGALP00000018939	0	0	0	0	0.466	0	0	0	0.466
HGD	PAH	9031.ENSGALP00000024093	9031.ENSGALP00000020786	0.105	0	0	0	0.647	0	0	0.348	0.776
HGD	ALDH8A1	9031.ENSGALP00000024093	9031.ENSGALP00000022601	0	0	0	0	0.447	0	0	0.185	0.530
HGD	MBL2	9031.ENSGALP00000024093	9031.ENSGALP00000040351	0	0	0	0	0.402	0	0	0.047	0.406
HGD	HGFAC	9031.ENSGALP00000024093	9031.ENSGALP00000025139	0	0	0	0	0.415	0	0	0.043	0.416
HGD	A1CF	9031.ENSGALP00000024093	9031.ENSGALP00000048156	0	0	0	0	0.416	0	0	0	0.416
HGD	ANGPTL3	9031.ENSGALP00000024093	9031.ENSGALP00000064198	0	0	0	0	0.418	0	0	0	0.418
HGD	PRPS2	9031.ENSGALP00000024093	9031.ENSGALP00000026729	0	0	0	0	0.292	0	0	0.240	0.438
HGD	FETUB	9031.ENSGALP00000024093	9031.ENSGALP00000038974	0	0	0	0	0.450	0	0	0.043	0.451
HGD	CPB2	9031.ENSGALP00000024093	9031.ENSGALP00000027389	0	0	0	0	0.453	0	0	0.054	0.460
HGD	APOB	9031.ENSGALP00000024093	9031.ENSGALP00000026550	0	0	0	0	0.485	0	0	0	0.485
HGD	TDO2	9031.ENSGALP00000024093	9031.ENSGALP00000046174	0.139	0	0	0	0.248	0	0	0.282	0.495
HGD	FGB	9031.ENSGALP00000024093	9031.ENSGALP00000038105	0	0	0	0	0.514	0	0	0	0.514
HGD	SERPINF2	9031.ENSGALP00000024093	9031.ENSGALP00000068360	0.046	0	0	0	0.497	0	0	0.078	0.519
HGD	SPP2	9031.ENSGALP00000024093	9031.ENSGALP00000044476	0	0	0	0	0.579	0	0	0	0.579
HGD	TPH2	9031.ENSGALP00000024093	9031.ENSGALP00000037703	0.105	0	0	0	0.456	0	0	0.298	0.628
HGFAC	TAT	9031.ENSGALP00000025139	9031.ENSGALP00000001312	0	0	0	0	0.387	0	0	0.112	0.433
HGFAC	F13B	9031.ENSGALP00000025139	9031.ENSGALP00000003726	0	0	0	0	0.413	0.154	0	0.128	0.529
HGFAC	SIGIRR	9031.ENSGALP00000025139	9031.ENSGALP00000006773	0	0	0	0	0.255	0.237	0	0.046	0.410
HGFAC	PLA2G12B	9031.ENSGALP00000025139	9031.ENSGALP00000006895	0	0	0	0	0.394	0.074	0	0.056	0.424
HGFAC	KMO	9031.ENSGALP00000025139	9031.ENSGALP00000012115	0	0	0	0	0.394	0.107	0	0.185	0.520
HGFAC	F2	9031.ENSGALP00000025139	9031.ENSGALP00000013544	0	0	0.121	0.696	0.378	0.098	0	0.174	0.538
HGFAC	AHSG	9031.ENSGALP00000025139	9031.ENSGALP00000013991	0	0	0	0	0.447	0.237	0	0.270	0.665
HGFAC	FGA	9031.ENSGALP00000025139	9031.ENSGALP00000015061	0	0	0	0	0.403	0.101	0	0.172	0.517
HGFAC	FGG	9031.ENSGALP00000025139	9031.ENSGALP00000015063	0	0	0	0	0.435	0.101	0	0.187	0.551
HGFAC	SLC2A2	9031.ENSGALP00000025139	9031.ENSGALP00000015129	0	0	0	0	0.387	0.073	0	0	0.407
HGFAC	C8B	9031.ENSGALP00000025139	9031.ENSGALP00000017617	0	0	0	0	0.371	0.078	0	0.460	0.659
HGFAC	SERPINA10	9031.ENSGALP00000025139	9031.ENSGALP00000017847	0	0	0	0	0.387	0.080	0	0.052	0.418
HGFAC	AGT	9031.ENSGALP00000025139	9031.ENSGALP00000018089	0	0	0	0	0.300	0.080	0	0.377	0.564
HGFAC	NR1H4	9031.ENSGALP00000025139	9031.ENSGALP00000018906	0	0	0	0	0.385	0.096	0	0	0.420
HGFAC	GC	9031.ENSGALP00000025139	9031.ENSGALP00000018939	0	0	0	0	0.415	0	0	0.069	0.432
HGFAC	CFI	9031.ENSGALP00000025139	9031.ENSGALP00000019783	0	0	0.188	0.662	0.321	0.098	0	0	0.459
HGFAC	TMPRSS6	9031.ENSGALP00000025139	9031.ENSGALP00000020367	0	0	0.131	0.701	0.418	0.098	0	0.074	0.521
HGFAC	PAH	9031.ENSGALP00000025139	9031.ENSGALP00000020786	0	0	0	0	0.385	0	0.168	0.052	0.472
HGFAC	ALDH8A1	9031.ENSGALP00000025139	9031.ENSGALP00000022601	0	0	0	0	0.385	0.097	0	0.053	0.428
HGFAC	HGD	9031.ENSGALP00000025139	9031.ENSGALP00000024093	0	0	0	0	0.415	0	0	0.043	0.416
HGFAC	SPP2	9031.ENSGALP00000025139	9031.ENSGALP00000044476	0	0	0	0	0.419	0	0	0	0.419
HGFAC	PROZ	9031.ENSGALP00000025139	9031.ENSGALP00000070757	0	0.002	0	0.572	0.387	0.098	0	0.051	0.429
HGFAC	CFAP45	9031.ENSGALP00000025139	9031.ENSGALP00000063415	0	0	0	0	0.048	0.403	0	0.083	0.433
HGFAC	TFPI2	9031.ENSGALP00000025139	9031.ENSGALP00000066163	0	0	0	0	0	0.234	0	0.298	0.439
HGFAC	ANGPTL3	9031.ENSGALP00000025139	9031.ENSGALP00000064198	0	0	0	0	0.406	0.101	0	0.052	0.449
HGFAC	KNG1	9031.ENSGALP00000025139	9031.ENSGALP00000060409	0	0	0	0	0.194	0.077	0	0.334	0.462
HGFAC	MBL2	9031.ENSGALP00000025139	9031.ENSGALP00000040351	0	0	0	0	0.428	0.154	0	0.055	0.503
HGFAC	F7	9031.ENSGALP00000025139	9031.ENSGALP00000056443	0	0	0.173	0.701	0.387	0.098	0	0.085	0.526
HGFAC	FETUB	9031.ENSGALP00000025139	9031.ENSGALP00000038974	0	0	0	0	0.457	0.098	0	0.118	0.530
HGFAC	FGB	9031.ENSGALP00000025139	9031.ENSGALP00000038105	0	0	0	0	0.423	0.101	0	0.175	0.535
HGFAC	SERPIND1	9031.ENSGALP00000025139	9031.ENSGALP00000053865	0	0	0	0	0.158	0.080	0	0.452	0.538
HGFAC	HABP2	9031.ENSGALP00000025139	9031.ENSGALP00000032462	0	0	0.113	0.842	0.392	0.175	0	0.115	0.553
HGFAC	APOB	9031.ENSGALP00000025139	9031.ENSGALP00000026550	0	0	0	0	0.394	0.072	0	0.272	0.555
HGFAC	SERPINF2	9031.ENSGALP00000025139	9031.ENSGALP00000068360	0	0	0	0	0.345	0.080	0	0.370	0.587
HGFAC	C5	9031.ENSGALP00000025139	9031.ENSGALP00000050353	0	0	0	0	0.365	0.128	0	0.344	0.605
HGFAC	CPB2	9031.ENSGALP00000025139	9031.ENSGALP00000027389	0	0	0	0	0.437	0.152	0	0.342	0.658
HMX3	NPY	9031.ENSGALP00000011796	9031.ENSGALP00000017870	0	0	0	0	0	0	0	0.432	0.432
HNF1A	TAT	9031.ENSGALP00000060662	9031.ENSGALP00000001312	0	0	0	0	0.295	0	0	0.208	0.418
HNF1A	HNF4A	9031.ENSGALP00000060662	9031.ENSGALP00000006799	0	0	0	0	0.409	0.063	0	0.856	0.913
HNF1A	KMO	9031.ENSGALP00000060662	9031.ENSGALP00000012115	0	0	0	0	0.420	0	0	0	0.420
HNF1A	PCK1	9031.ENSGALP00000060662	9031.ENSGALP00000012342	0	0	0	0	0.308	0	0	0.332	0.518
HNF1A	SLC2A2	9031.ENSGALP00000060662	9031.ENSGALP00000015129	0	0	0	0	0.388	0	0	0.483	0.670
HNF1A	TM4SF4	9031.ENSGALP00000060662	9031.ENSGALP00000016960	0	0	0	0	0.414	0	0	0.056	0.423
HNF1A	NKX6-2	9031.ENSGALP00000060662	9031.ENSGALP00000018279	0	0	0	0	0	0.048	0	0.434	0.438
HNF1A	NR1H4	9031.ENSGALP00000060662	9031.ENSGALP00000018906	0	0	0	0	0.427	0	0	0.484	0.692
HNF1A	ALDH8A1	9031.ENSGALP00000060662	9031.ENSGALP00000022601	0	0	0	0	0.449	0	0	0	0.449
HNF1A	APOB	9031.ENSGALP00000060662	9031.ENSGALP00000026550	0	0	0	0	0.372	0	0	0.249	0.508
HNF1A	FETUB	9031.ENSGALP00000060662	9031.ENSGALP00000038974	0	0	0	0	0.412	0	0	0	0.412
HNF1A	A1CF	9031.ENSGALP00000060662	9031.ENSGALP00000048156	0	0	0	0	0.496	0	0	0	0.496
HNF1A	ESR1	9031.ENSGALP00000060662	9031.ENSGALP00000073938	0	0	0	0	0.088	0	0	0.372	0.403
HNF4A	TAT	9031.ENSGALP00000006799	9031.ENSGALP00000001312	0	0	0	0	0.183	0	0	0.449	0.531
HNF4A	F13B	9031.ENSGALP00000006799	9031.ENSGALP00000003726	0	0	0	0	0.392	0	0	0.166	0.472
HNF4A	SLC51A	9031.ENSGALP00000006799	9031.ENSGALP00000012073	0	0	0	0	0.378	0	0	0.075	0.400
HNF4A	CPT1A	9031.ENSGALP00000006799	9031.ENSGALP00000011452	0	0	0	0	0	0	0	0.428	0.428
HNF4A	SULT1C3	9031.ENSGALP00000006799	9031.ENSGALP00000027077	0	0	0	0	0.381	0.051	0	0.183	0.478
HNF4A	SERPINA10	9031.ENSGALP00000006799	9031.ENSGALP00000017847	0	0	0	0	0.261	0.060	0	0.310	0.479
HNF4A	MTTP	9031.ENSGALP00000006799	9031.ENSGALP00000056995	0	0	0	0	0.136	0	0	0.442	0.498
HNF4A	PLA2G12B	9031.ENSGALP00000006799	9031.ENSGALP00000006895	0	0	0	0	0.390	0	0	0.253	0.525
HNF4A	A1CF	9031.ENSGALP00000006799	9031.ENSGALP00000048156	0	0	0	0	0.423	0	0	0.238	0.541
HNF4A	SLC2A2	9031.ENSGALP00000006799	9031.ENSGALP00000015129	0	0	0	0	0.378	0	0	0.297	0.544
HNF4A	MYC	9031.ENSGALP00000006799	9031.ENSGALP00000072090	0	0	0	0	0	0.077	0	0.529	0.547
HNF4A	NR1H4	9031.ENSGALP00000006799	9031.ENSGALP00000018906	0	0	0	0.637	0.410	0.138	0	0.357	0.645
HNF4A	APOB	9031.ENSGALP00000006799	9031.ENSGALP00000026550	0	0	0	0	0.393	0	0	0.444	0.648
HNF4A	PCK1	9031.ENSGALP00000006799	9031.ENSGALP00000012342	0	0	0	0	0.349	0	0	0.539	0.687
HNF4A	HNF1A	9031.ENSGALP00000006799	9031.ENSGALP00000060662	0	0	0	0	0.409	0.063	0	0.856	0.913
HOXB5	HOXB8	9031.ENSGALP00000048616	9031.ENSGALP00000050767	0	0	0.078	0.772	0.229	0	0	0.287	0.449
HOXB5	HOXB6	9031.ENSGALP00000048616	9031.ENSGALP00000058472	0	0	0	0.855	0.818	0.535	0	0.217	0.928
HOXB6	BMP4	9031.ENSGALP00000058472	9031.ENSGALP00000020289	0	0	0	0	0	0	0	0.422	0.422
HOXB6	HOXB5	9031.ENSGALP00000058472	9031.ENSGALP00000048616	0	0	0	0.855	0.818	0.535	0	0.217	0.928
HOXB6	HOXB8	9031.ENSGALP00000058472	9031.ENSGALP00000050767	0	0	0	0.809	0.224	0.177	0	0.360	0.555
HOXB6	MEIS1	9031.ENSGALP00000058472	9031.ENSGALP00000068200	0	0	0	0	0.044	0.124	0	0.553	0.593
HOXB8	SHH	9031.ENSGALP00000050767	9031.ENSGALP00000010292	0	0	0	0	0.077	0	0	0.517	0.535
HOXB8	HOXB5	9031.ENSGALP00000050767	9031.ENSGALP00000048616	0	0	0.078	0.772	0.229	0	0	0.287	0.449
HOXB8	MEIS1	9031.ENSGALP00000050767	9031.ENSGALP00000068200	0	0	0	0	0.044	0.238	0	0.281	0.430
HOXB8	HOXB6	9031.ENSGALP00000050767	9031.ENSGALP00000058472	0	0	0	0.809	0.224	0.177	0	0.360	0.555
HOXD13	SHH	9031.ENSGALP00000054291	9031.ENSGALP00000010292	0	0	0	0	0.065	0	0	0.801	0.806
HOXD13	BMP4	9031.ENSGALP00000054291	9031.ENSGALP00000020289	0	0	0	0	0	0	0	0.511	0.511
HOXD13	DBX2	9031.ENSGALP00000054291	9031.ENSGALP00000037987	0	0	0	0.585	0	0.046	0	0.415	0.418
HOXD13	SATB2	9031.ENSGALP00000054291	9031.ENSGALP00000043071	0	0	0	0	0	0	0	0.525	0.525
HOXD13	TBX3	9031.ENSGALP00000054291	9031.ENSGALP00000045049	0	0	0	0	0	0.071	0	0.400	0.419
HOXD13	GLI3	9031.ENSGALP00000054291	9031.ENSGALP00000048561	0	0	0	0	0	0	0	0.754	0.754
HOXD13	MEIS1	9031.ENSGALP00000054291	9031.ENSGALP00000068200	0	0	0	0	0	0.146	0	0.443	0.504
HRH3	EHF	9031.ENSGALP00000008286	9031.ENSGALP00000012673	0	0	0	0	0	0	0	0.671	0.671
HS3ST2	HAAO	9031.ENSGALP00000043624	9031.ENSGALP00000016119	0	0	0	0	0	0	0	0.426	0.426
HS3ST2	SDC3	9031.ENSGALP00000043624	9031.ENSGALP00000051243	0	0	0	0	0.045	0	0.400	0.061	0.414
HS3ST2	SUSD3	9031.ENSGALP00000043624	9031.ENSGALP00000069638	0	0	0	0	0	0	0	0.601	0.601
HSPA12A	BAG3	9031.ENSGALP00000071944	9031.ENSGALP00000015342	0	0	0	0	0.056	0.541	0	0.213	0.629
HSPA12A	SLC30A10	9031.ENSGALP00000071944	9031.ENSGALP00000041013	0	0	0	0	0.065	0	0	0.549	0.560
HSPA12A	AKAP12	9031.ENSGALP00000071944	9031.ENSGALP00000043594	0	0	0	0	0	0.403	0	0.225	0.517
HSPA12A	SLC35G1	9031.ENSGALP00000071944	9031.ENSGALP00000058279	0	0	0	0	0	0.073	0	0.757	0.765
IGFBP1	IGFBP2	9031.ENSGALP00000055736	9031.ENSGALP00000018675	0	0	0	0.813	0	0	0	0.548	0.548
IGFBP1	ZBTB20	9031.ENSGALP00000055736	9031.ENSGALP00000024300	0	0	0	0	0	0	0	0.482	0.482
IGFBP2	ZBTB20	9031.ENSGALP00000018675	9031.ENSGALP00000024300	0	0	0	0	0	0	0	0.404	0.404
IGFBP2	IGFBP1	9031.ENSGALP00000018675	9031.ENSGALP00000055736	0	0	0	0.813	0	0	0	0.548	0.548
IL15	IL2RB	9031.ENSGALP00000069101	9031.ENSGALP00000020354	0	0	0	0	0.304	0.901	0.500	0.883	0.995
IL15	IL7R	9031.ENSGALP00000069101	9031.ENSGALP00000021778	0	0	0.271	0	0.267	0	0	0.652	0.798
IL15	TNFSF15	9031.ENSGALP00000069101	9031.ENSGALP00000039261	0	0	0	0	0	0	0	0.524	0.524
IL15	EOMES	9031.ENSGALP00000069101	9031.ENSGALP00000041400	0	0	0	0	0	0	0	0.579	0.579
IL15	FOXP1	9031.ENSGALP00000069101	9031.ENSGALP00000044290	0	0	0	0	0	0	0	0.678	0.678
IL15	IL20RA	9031.ENSGALP00000069101	9031.ENSGALP00000068636	0	0	0.282	0	0.096	0	0	0.323	0.522
IL20RA	IL2RB	9031.ENSGALP00000068636	9031.ENSGALP00000020354	0	0	0	0	0.235	0	0	0.610	0.689
IL20RA	IL7R	9031.ENSGALP00000068636	9031.ENSGALP00000021778	0	0	0.209	0	0.242	0	0	0.241	0.505
IL20RA	IL15	9031.ENSGALP00000068636	9031.ENSGALP00000069101	0	0	0.282	0	0.096	0	0	0.323	0.522
IL2RB	AKAP12	9031.ENSGALP00000020354	9031.ENSGALP00000043594	0	0	0.476	0	0	0	0	0	0.476
IL2RB	FOXP1	9031.ENSGALP00000020354	9031.ENSGALP00000044290	0	0	0	0	0	0	0	0.585	0.585
IL2RB	IL20RA	9031.ENSGALP00000020354	9031.ENSGALP00000068636	0	0	0	0	0.235	0	0	0.610	0.689
IL2RB	EOMES	9031.ENSGALP00000020354	9031.ENSGALP00000041400	0	0	0	0	0.270	0	0	0.678	0.755
IL2RB	IL7R	9031.ENSGALP00000020354	9031.ENSGALP00000021778	0	0	0	0	0.394	0	0	0.644	0.775
IL2RB	IL15	9031.ENSGALP00000020354	9031.ENSGALP00000069101	0	0	0	0	0.304	0.901	0.500	0.883	0.995
IL7R	LRP2	9031.ENSGALP00000021778	9031.ENSGALP00000017630	0	0	0	0	0	0	0.500	0	0.499
IL7R	IL2RB	9031.ENSGALP00000021778	9031.ENSGALP00000020354	0	0	0	0	0.394	0	0	0.644	0.775
IL7R	TRAF3IP3	9031.ENSGALP00000021778	9031.ENSGALP00000059866	0	0	0	0	0.408	0	0	0	0.408
IL7R	FOXP1	9031.ENSGALP00000021778	9031.ENSGALP00000044290	0	0	0	0	0.054	0	0	0.472	0.480
IL7R	EOMES	9031.ENSGALP00000021778	9031.ENSGALP00000041400	0	0	0	0	0.084	0	0	0.459	0.483
IL7R	SPEF2	9031.ENSGALP00000021778	9031.ENSGALP00000038362	0	0.408	0	0	0	0	0	0.170	0.487
IL7R	SYT2	9031.ENSGALP00000021778	9031.ENSGALP00000047260	0	0	0	0	0	0	0.500	0	0.499
IL7R	IL20RA	9031.ENSGALP00000021778	9031.ENSGALP00000068636	0	0	0.209	0	0.242	0	0	0.241	0.505
IL7R	DAB2	9031.ENSGALP00000021778	9031.ENSGALP00000072624	0	0	0	0	0.087	0	0.500	0	0.524
IL7R	CAPSL	9031.ENSGALP00000021778	9031.ENSGALP00000073682	0	0	0	0	0.061	0	0	0.588	0.597
IL7R	SYT11	9031.ENSGALP00000021778	9031.ENSGALP00000061220	0	0	0	0	0	0	0.500	0.237	0.602
IL7R	IL15	9031.ENSGALP00000021778	9031.ENSGALP00000069101	0	0	0.271	0	0.267	0	0	0.652	0.798
INSC	NUMB	9031.ENSGALP00000055883	9031.ENSGALP00000043819	0	0	0	0	0	0.153	0	0.620	0.664
INSIG1	ABCA1	9031.ENSGALP00000028029	9031.ENSGALP00000024845	0	0	0	0	0	0	0	0.477	0.477
INSIG1	ACSL5	9031.ENSGALP00000028029	9031.ENSGALP00000069185	0	0	0	0	0.042	0	0	0.443	0.443
IQSEC3	AKAP12	9031.ENSGALP00000021140	9031.ENSGALP00000043594	0	0	0	0	0	0	0	0.531	0.531
ITIH2	ATP10B	9031.ENSGALP00000011044	9031.ENSGALP00000002536	0	0	0	0	0	0	0	0.421	0.420
ITIH2	CFI	9031.ENSGALP00000011044	9031.ENSGALP00000019783	0	0	0	0	0.404	0	0	0	0.404
ITIH2	APOB	9031.ENSGALP00000011044	9031.ENSGALP00000026550	0	0	0	0	0.328	0	0	0.152	0.406
ITIH2	MBL2	9031.ENSGALP00000011044	9031.ENSGALP00000040351	0	0	0	0	0.377	0	0	0.089	0.408
ITIH2	FGB	9031.ENSGALP00000011044	9031.ENSGALP00000038105	0	0	0	0	0.370	0	0	0.099	0.408
ITIH2	SPP2	9031.ENSGALP00000011044	9031.ENSGALP00000044476	0	0	0	0	0.411	0	0	0	0.411
ITIH2	FGG	9031.ENSGALP00000011044	9031.ENSGALP00000015063	0	0	0	0	0.398	0	0	0.111	0.442
ITIH2	SERPINA10	9031.ENSGALP00000011044	9031.ENSGALP00000017847	0	0	0	0	0.456	0	0	0	0.456
ITIH2	AGT	9031.ENSGALP00000011044	9031.ENSGALP00000018089	0	0	0	0	0.366	0	0	0.180	0.457
ITIH2	HABP2	9031.ENSGALP00000011044	9031.ENSGALP00000032462	0	0	0	0	0.394	0	0	0.171	0.476
ITIH2	FGA	9031.ENSGALP00000011044	9031.ENSGALP00000015061	0	0	0	0	0.496	0	0	0.090	0.522
ITIH2	FETUB	9031.ENSGALP00000011044	9031.ENSGALP00000038974	0	0	0	0	0.444	0	0	0.239	0.558
ITIH2	AHSG	9031.ENSGALP00000011044	9031.ENSGALP00000013991	0	0	0	0	0.410	0	0	0.346	0.597
ITIH2	SERPIND1	9031.ENSGALP00000011044	9031.ENSGALP00000053865	0	0	0	0	0.256	0	0	0.703	0.769
JAM2	FABP2	9031.ENSGALP00000052977	9031.ENSGALP00000019528	0	0	0	0	0	0	0	0.431	0.431
JAM2	CLDN10	9031.ENSGALP00000052977	9031.ENSGALP00000029552	0	0	0	0	0	0	0	0.583	0.583
JAM2	TNFSF15	9031.ENSGALP00000052977	9031.ENSGALP00000039261	0	0	0	0	0	0	0	0.601	0.601
JAM2	CLDN1	9031.ENSGALP00000052977	9031.ENSGALP00000043047	0	0	0	0	0	0	0	0.843	0.843
JPH1	PLA1A	9031.ENSGALP00000046599	9031.ENSGALP00000024139	0	0	0	0	0	0.093	0	0.531	0.556
KBTBD12	KLF15	9031.ENSGALP00000009588	9031.ENSGALP00000053518	0	0	0.406	0	0.049	0.053	0	0	0.418
KBTBD12	EML4	9031.ENSGALP00000009588	9031.ENSGALP00000073091	0	0	0	0	0	0	0	0.626	0.626
KCNB2	BDKRB1	9031.ENSGALP00000052531	9031.ENSGALP00000031881	0	0	0	0	0	0	0	0.409	0.408
KCNG1	KCNG2	9031.ENSGALP00000012943	9031.ENSGALP00000057198	0	0	0.057	0.966	0	0.047	0.400	0.045	0.416
KCNG1	KCNH4	9031.ENSGALP00000012943	9031.ENSGALP00000070756	0	0	0	0	0.044	0	0	0.885	0.885
KCNG2	KCNG1	9031.ENSGALP00000057198	9031.ENSGALP00000012943	0	0	0.057	0.966	0	0.047	0.400	0.045	0.416
KCNH4	KCNG1	9031.ENSGALP00000070756	9031.ENSGALP00000012943	0	0	0	0	0.044	0	0	0.885	0.885
KCNK12	KCNK13	9031.ENSGALP00000014555	9031.ENSGALP00000047278	0	0	0.055	0.970	0	0	0.500	0	0.507
KCNK12	KCNK15	9031.ENSGALP00000014555	9031.ENSGALP00000066443	0	0	0	0.655	0	0	0.500	0.142	0.552
KCNK13	SLC2A5	9031.ENSGALP00000047278	9031.ENSGALP00000003884	0	0	0	0	0	0	0	0.601	0.601
KCNK13	KCNK12	9031.ENSGALP00000047278	9031.ENSGALP00000014555	0	0	0.055	0.970	0	0	0.500	0	0.507
KCNK13	KCNK15	9031.ENSGALP00000047278	9031.ENSGALP00000066443	0	0	0	0.675	0	0	0.500	0.142	0.552
KCNK15	KCNK12	9031.ENSGALP00000066443	9031.ENSGALP00000014555	0	0	0	0.655	0	0	0.500	0.142	0.552
KCNK15	KCNK13	9031.ENSGALP00000066443	9031.ENSGALP00000047278	0	0	0	0.675	0	0	0.500	0.142	0.552
KIAA1217	ASPM	9031.ENSGALP00000047734	9031.ENSGALP00000057705	0	0	0	0	0	0	0	0.410	0.410
KIAA1217	TPPP	9031.ENSGALP00000047734	9031.ENSGALP00000047744	0	0	0	0	0	0	0	0.530	0.530
KLB	FGFR3	9031.ENSGALP00000055913	9031.ENSGALP00000001710	0	0	0	0	0.050	0.203	0.400	0.686	0.838
KLB	FGFRL1	9031.ENSGALP00000055913	9031.ENSGALP00000057609	0	0	0	0	0.044	0.190	0	0.298	0.409
KLF15	KBTBD12	9031.ENSGALP00000053518	9031.ENSGALP00000009588	0	0	0.406	0	0.049	0.053	0	0	0.418
KLF15	NR1H4	9031.ENSGALP00000053518	9031.ENSGALP00000018906	0	0	0	0	0	0.070	0	0.501	0.516
KMO	TAT	9031.ENSGALP00000012115	9031.ENSGALP00000001312	0	0	0	0	0.312	0	0.259	0.155	0.531
KMO	F13B	9031.ENSGALP00000012115	9031.ENSGALP00000003726	0	0	0	0	0.422	0	0	0.071	0.440
KMO	FAH	9031.ENSGALP00000012115	9031.ENSGALP00000010465	0.096	0	0	0	0.352	0	0.212	0.527	0.752
KMO	F2	9031.ENSGALP00000012115	9031.ENSGALP00000013544	0	0	0	0	0.342	0.092	0	0.091	0.409
KMO	ANGPTL3	9031.ENSGALP00000012115	9031.ENSGALP00000064198	0	0	0	0	0.409	0	0	0	0.409
KMO	KNG1	9031.ENSGALP00000012115	9031.ENSGALP00000060409	0.044	0	0	0	0.147	0	0.239	0.163	0.411
KMO	A1CF	9031.ENSGALP00000012115	9031.ENSGALP00000048156	0	0	0	0	0.411	0	0	0	0.411
KMO	SPP2	9031.ENSGALP00000012115	9031.ENSGALP00000044476	0	0	0	0	0.413	0	0	0	0.413
KMO	HNF1A	9031.ENSGALP00000012115	9031.ENSGALP00000060662	0	0	0	0	0.420	0	0	0	0.420
KMO	C5	9031.ENSGALP00000012115	9031.ENSGALP00000050353	0	0	0	0	0.421	0	0	0	0.421
KMO	TM4SF4	9031.ENSGALP00000012115	9031.ENSGALP00000016960	0	0	0	0	0.424	0	0	0	0.424
KMO	SLC2A2	9031.ENSGALP00000012115	9031.ENSGALP00000015129	0	0	0	0	0.391	0	0	0.110	0.435
KMO	FGA	9031.ENSGALP00000012115	9031.ENSGALP00000015061	0	0	0	0	0.438	0	0	0	0.438
KMO	SERPINA10	9031.ENSGALP00000012115	9031.ENSGALP00000017847	0	0	0	0	0.438	0	0	0	0.438
KMO	SULT1C3	9031.ENSGALP00000012115	9031.ENSGALP00000027077	0	0	0	0	0.376	0	0	0.139	0.439
KMO	HABP2	9031.ENSGALP00000012115	9031.ENSGALP00000032462	0	0	0	0	0.311	0.107	0	0.185	0.455
KMO	TMPRSS6	9031.ENSGALP00000012115	9031.ENSGALP00000020367	0	0	0	0	0.394	0.092	0	0.091	0.456
KMO	F7	9031.ENSGALP00000012115	9031.ENSGALP00000056443	0	0	0	0	0.396	0.092	0	0.091	0.458
KMO	PROZ	9031.ENSGALP00000012115	9031.ENSGALP00000070757	0	0	0	0	0.406	0.092	0	0.091	0.467
KMO	GC	9031.ENSGALP00000012115	9031.ENSGALP00000018939	0	0	0	0	0.378	0	0	0.188	0.473
KMO	FETUB	9031.ENSGALP00000012115	9031.ENSGALP00000038974	0	0	0	0	0.447	0.054	0	0.076	0.474
KMO	HAO1	9031.ENSGALP00000012115	9031.ENSGALP00000014358	0.043	0	0	0	0.391	0	0	0.182	0.482
KMO	PAH	9031.ENSGALP00000012115	9031.ENSGALP00000020786	0	0	0	0	0.411	0	0	0.208	0.513
KMO	HGFAC	9031.ENSGALP00000012115	9031.ENSGALP00000025139	0	0	0	0	0.394	0.107	0	0.185	0.520
KMO	XDH	9031.ENSGALP00000012115	9031.ENSGALP00000014144	0	0	0	0	0.371	0	0	0.304	0.543
KMO	ALDH8A1	9031.ENSGALP00000012115	9031.ENSGALP00000022601	0.044	0	0	0	0.457	0	0.239	0.185	0.635
KMO	HGD	9031.ENSGALP00000012115	9031.ENSGALP00000024093	0.131	0	0	0	0.427	0	0	0.530	0.745
KMO	TDO2	9031.ENSGALP00000012115	9031.ENSGALP00000046174	0.124	0	0	0	0.133	0	0	0.745	0.789
KMO	HAAO	9031.ENSGALP00000012115	9031.ENSGALP00000016119	0	0	0.502	0	0.517	0	0	0.628	0.902
KNG1	F13B	9031.ENSGALP00000060409	9031.ENSGALP00000003726	0	0	0	0	0.155	0	0	0.340	0.419
KNG1	KMO	9031.ENSGALP00000060409	9031.ENSGALP00000012115	0.044	0	0	0	0.147	0	0.239	0.163	0.411
KNG1	F2	9031.ENSGALP00000060409	9031.ENSGALP00000013544	0	0	0	0	0.234	0.081	0.400	0.424	0.724
KNG1	AHSG	9031.ENSGALP00000060409	9031.ENSGALP00000013991	0	0	0	0	0.288	0.053	0	0.420	0.575
KNG1	FGA	9031.ENSGALP00000060409	9031.ENSGALP00000015061	0	0	0	0	0.279	0.086	0	0.532	0.664
KNG1	FGG	9031.ENSGALP00000060409	9031.ENSGALP00000015063	0	0	0	0	0.288	0.047	0	0.614	0.715
KNG1	NPY	9031.ENSGALP00000060409	9031.ENSGALP00000017870	0	0	0	0	0	0	0.500	0.214	0.590
KNG1	BDKRB2	9031.ENSGALP00000060409	9031.ENSGALP00000018030	0	0	0	0	0	0.071	0.900	0.048	0.903
KNG1	AGT	9031.ENSGALP00000060409	9031.ENSGALP00000018089	0	0	0	0	0.065	0	0.400	0.384	0.624
KNG1	GC	9031.ENSGALP00000060409	9031.ENSGALP00000018939	0	0	0	0	0.217	0	0	0.317	0.443
KNG1	F2RL1	9031.ENSGALP00000060409	9031.ENSGALP00000024125	0	0	0	0	0	0	0.500	0.095	0.528
KNG1	PENK	9031.ENSGALP00000060409	9031.ENSGALP00000024825	0	0	0	0	0	0	0.400	0.102	0.438
KNG1	HGFAC	9031.ENSGALP00000060409	9031.ENSGALP00000025139	0	0	0	0	0.194	0.077	0	0.334	0.462
KNG1	NMU	9031.ENSGALP00000060409	9031.ENSGALP00000031462	0	0	0	0	0	0	0.400	0	0.400
KNG1	BDKRB1	9031.ENSGALP00000060409	9031.ENSGALP00000031881	0	0	0	0	0	0.624	0.900	0.282	0.970
KNG1	FGB	9031.ENSGALP00000060409	9031.ENSGALP00000038105	0	0	0	0	0.305	0.094	0	0.547	0.690
KNG1	TDO2	9031.ENSGALP00000060409	9031.ENSGALP00000046174	0.096	0	0	0	0.164	0	0.348	0.230	0.570
KNG1	F5	9031.ENSGALP00000060409	9031.ENSGALP00000047983	0	0	0	0	0.093	0	0	0.505	0.532
KNG1	NMB	9031.ENSGALP00000060409	9031.ENSGALP00000049913	0	0	0	0	0	0	0.400	0.085	0.427
KNG1	C5	9031.ENSGALP00000060409	9031.ENSGALP00000050353	0	0	0	0	0.198	0	0.500	0.317	0.702
KNG1	SERPIND1	9031.ENSGALP00000060409	9031.ENSGALP00000053865	0	0	0	0	0.183	0	0	0.541	0.609
KNG1	SERPINF2	9031.ENSGALP00000060409	9031.ENSGALP00000068360	0	0	0	0	0.220	0	0	0.600	0.675
LHX4	PROX1	9031.ENSGALP00000058540	9031.ENSGALP00000015910	0	0	0	0	0	0	0	0.627	0.627
LHX4	NKX6-2	9031.ENSGALP00000058540	9031.ENSGALP00000018279	0	0	0	0	0	0.060	0	0.440	0.451
LHX4	MNX1	9031.ENSGALP00000058540	9031.ENSGALP00000056537	0	0	0	0	0.051	0.041	0	0.630	0.634
LHX4	NKX6-1	9031.ENSGALP00000058540	9031.ENSGALP00000057070	0	0	0	0	0	0.060	0	0.402	0.413
LIN28B	MYC	9031.ENSGALP00000052382	9031.ENSGALP00000072090	0	0	0	0	0.052	0.069	0	0.496	0.516
LMO7	BAIAP2L2	9031.ENSGALP00000027304	9031.ENSGALP00000020051	0	0	0	0	0.064	0	0	0.539	0.550
LMO7	PDLIM3	9031.ENSGALP00000027304	9031.ENSGALP00000021842	0	0	0	0	0.090	0.075	0	0.353	0.408
LPAR1	BDKRB2	9031.ENSGALP00000025320	9031.ENSGALP00000018030	0	0	0	0	0	0	0.400	0	0.400
LPAR1	BDKRB1	9031.ENSGALP00000025320	9031.ENSGALP00000031881	0	0	0	0.572	0	0	0.400	0	0.400
LRIG3	CDC42EP3	9031.ENSGALP00000015856	9031.ENSGALP00000072045	0	0	0	0	0	0.050	0	0.464	0.469
LRIG3	PI15	9031.ENSGALP00000015856	9031.ENSGALP00000051751	0	0	0	0	0	0	0	0.478	0.478
LRP2	SH3GL3	9031.ENSGALP00000017630	9031.ENSGALP00000009724	0	0	0	0	0	0	0.500	0	0.499
LRP2	SHH	9031.ENSGALP00000017630	9031.ENSGALP00000010292	0	0	0	0	0	0	0.900	0.766	0.975
LRP2	BMP4	9031.ENSGALP00000017630	9031.ENSGALP00000020289	0	0	0	0	0	0	0	0.427	0.427
LRP2	IL7R	9031.ENSGALP00000017630	9031.ENSGALP00000021778	0	0	0	0	0	0	0.500	0	0.499
LRP2	SYT11	9031.ENSGALP00000017630	9031.ENSGALP00000061220	0	0	0	0	0	0	0.500	0.052	0.505
LRP2	SYT2	9031.ENSGALP00000017630	9031.ENSGALP00000047260	0	0	0	0	0	0.063	0.500	0.048	0.515
LRP2	EGFR	9031.ENSGALP00000017630	9031.ENSGALP00000053328	0	0	0	0	0	0.148	0.500	0.077	0.572
LRP2	GC	9031.ENSGALP00000017630	9031.ENSGALP00000018939	0	0	0	0	0	0.074	0	0.662	0.673
LRP2	APOB	9031.ENSGALP00000017630	9031.ENSGALP00000026550	0	0	0	0	0	0.101	0	0.666	0.687
LRP2	DAB2	9031.ENSGALP00000017630	9031.ENSGALP00000072624	0	0	0	0	0	0.153	0.900	0.359	0.941
MAD2L1BP	CHRD	9031.ENSGALP00000041650	9031.ENSGALP00000050115	0	0	0.208	0	0	0	0	0.386	0.493
MAD2L1BP	AKAP12	9031.ENSGALP00000041650	9031.ENSGALP00000043594	0	0	0	0	0.089	0	0	0.603	0.623
MAFA	SLC2A2	9031.ENSGALP00000042973	9031.ENSGALP00000015129	0	0	0	0	0.042	0	0	0.498	0.499
MAFA	RXRG	9031.ENSGALP00000042973	9031.ENSGALP00000068361	0	0	0	0	0	0	0	0.489	0.489
MASP1	CPB2	9031.ENSGALP00000011986	9031.ENSGALP00000027389	0	0	0	0	0.231	0.146	0	0.162	0.402
MASP1	PAH	9031.ENSGALP00000011986	9031.ENSGALP00000020786	0	0	0	0	0.361	0	0.168	0	0.446
MASP1	SERPIND1	9031.ENSGALP00000011986	9031.ENSGALP00000053865	0	0	0	0	0.134	0.077	0	0.454	0.526
MASP1	SERPINA10	9031.ENSGALP00000011986	9031.ENSGALP00000017847	0	0	0	0	0.225	0.077	0	0.447	0.570
MASP1	APOA4	9031.ENSGALP00000011986	9031.ENSGALP00000071485	0	0	0	0	0.094	0.066	0	0.601	0.633
MASP1	MBL2	9031.ENSGALP00000011986	9031.ENSGALP00000040351	0	0	0	0	0.180	0.072	0.400	0.595	0.790
MATN3	GFRA3	9031.ENSGALP00000036079	9031.ENSGALP00000012311	0	0	0	0	0	0	0	0.427	0.427
MBL2	TAT	9031.ENSGALP00000040351	9031.ENSGALP00000001312	0	0	0	0	0.412	0	0	0	0.412
MBL2	F13B	9031.ENSGALP00000040351	9031.ENSGALP00000003726	0	0	0	0	0.444	0	0	0	0.444
MBL2	CALR3	9031.ENSGALP00000040351	9031.ENSGALP00000006222	0	0	0	0	0	0.060	0	0.465	0.476
MBL2	ITIH2	9031.ENSGALP00000040351	9031.ENSGALP00000011044	0	0	0	0	0.377	0	0	0.089	0.408
MBL2	MASP1	9031.ENSGALP00000040351	9031.ENSGALP00000011986	0	0	0	0	0.180	0.072	0.400	0.595	0.790
MBL2	F2	9031.ENSGALP00000040351	9031.ENSGALP00000013544	0	0	0	0	0.287	0.059	0	0.218	0.430
MBL2	AHSG	9031.ENSGALP00000040351	9031.ENSGALP00000013991	0	0	0	0	0.433	0	0	0.101	0.469
MBL2	FGA	9031.ENSGALP00000040351	9031.ENSGALP00000015061	0	0	0	0	0.510	0.098	0	0.069	0.552
MBL2	FGG	9031.ENSGALP00000040351	9031.ENSGALP00000015063	0	0	0	0	0.417	0.098	0	0.084	0.476
MBL2	TM4SF4	9031.ENSGALP00000040351	9031.ENSGALP00000016960	0	0	0	0	0.393	0	0	0.058	0.404
MBL2	C8B	9031.ENSGALP00000040351	9031.ENSGALP00000017617	0	0	0	0	0.379	0	0	0.163	0.458
MBL2	SERPINA10	9031.ENSGALP00000040351	9031.ENSGALP00000017847	0	0	0	0	0.394	0	0	0.056	0.404
MBL2	GC	9031.ENSGALP00000040351	9031.ENSGALP00000018939	0	0	0	0	0.411	0	0	0	0.411
MBL2	CFI	9031.ENSGALP00000040351	9031.ENSGALP00000019783	0	0	0	0	0.364	0.059	0	0.723	0.820
MBL2	TMPRSS6	9031.ENSGALP00000040351	9031.ENSGALP00000020367	0	0	0	0	0.394	0.059	0	0.113	0.450
MBL2	HGD	9031.ENSGALP00000040351	9031.ENSGALP00000024093	0	0	0	0	0.402	0	0	0.047	0.406
MBL2	HGFAC	9031.ENSGALP00000040351	9031.ENSGALP00000025139	0	0	0	0	0.428	0.154	0	0.055	0.503
MBL2	APOB	9031.ENSGALP00000040351	9031.ENSGALP00000026550	0	0	0	0	0.382	0	0	0.116	0.430
MBL2	CPB2	9031.ENSGALP00000040351	9031.ENSGALP00000027389	0	0	0	0	0.429	0	0	0.072	0.448
MBL2	HABP2	9031.ENSGALP00000040351	9031.ENSGALP00000032462	0	0	0	0	0.421	0.154	0	0.051	0.494
MBL2	FGB	9031.ENSGALP00000040351	9031.ENSGALP00000038105	0	0	0	0	0.402	0.098	0	0.069	0.454
MBL2	FETUB	9031.ENSGALP00000040351	9031.ENSGALP00000038974	0	0	0	0	0.408	0.101	0	0	0.445
MBL2	F7	9031.ENSGALP00000040351	9031.ENSGALP00000056443	0	0	0	0	0.383	0.059	0	0.052	0.402
MBL2	PROZ	9031.ENSGALP00000040351	9031.ENSGALP00000070757	0	0	0	0	0.384	0.059	0	0.052	0.403
MBL2	SPP2	9031.ENSGALP00000040351	9031.ENSGALP00000044476	0	0	0	0	0.427	0	0	0	0.427
MBL2	SERPINF2	9031.ENSGALP00000040351	9031.ENSGALP00000068360	0	0	0	0	0.322	0	0	0.212	0.443
MBL2	ANGPTL3	9031.ENSGALP00000040351	9031.ENSGALP00000064198	0	0	0	0	0.415	0.098	0	0	0.450
MBL2	C5	9031.ENSGALP00000040351	9031.ENSGALP00000050353	0	0	0	0	0.357	0.065	0	0.214	0.486
MC5R	NPY	9031.ENSGALP00000049188	9031.ENSGALP00000017870	0	0	0	0	0	0.081	0	0.389	0.415
MC5R	GCHFR	9031.ENSGALP00000049188	9031.ENSGALP00000058501	0	0	0	0	0	0	0	0.413	0.413
MDGA1	HACD4	9031.ENSGALP00000066872	9031.ENSGALP00000042052	0	0	0	0	0	0	0	0.683	0.683
MDGA1	FRMD4B	9031.ENSGALP00000066872	9031.ENSGALP00000057119	0	0	0	0	0	0.046	0	0.430	0.433
MEIS1	SHH	9031.ENSGALP00000068200	9031.ENSGALP00000010292	0	0	0	0	0	0	0	0.486	0.486
MEIS1	BMP4	9031.ENSGALP00000068200	9031.ENSGALP00000020289	0	0	0	0	0	0	0	0.400	0.400
MEIS1	TBX3	9031.ENSGALP00000068200	9031.ENSGALP00000045049	0	0	0	0	0.062	0	0	0.445	0.458
MEIS1	HOXB8	9031.ENSGALP00000068200	9031.ENSGALP00000050767	0	0	0	0	0.044	0.238	0	0.281	0.430
MEIS1	GBX2	9031.ENSGALP00000068200	9031.ENSGALP00000052169	0	0	0	0	0.044	0.097	0	0.539	0.568
MEIS1	HOXD13	9031.ENSGALP00000068200	9031.ENSGALP00000054291	0	0	0	0	0	0.146	0	0.443	0.504
MEIS1	TBX2	9031.ENSGALP00000068200	9031.ENSGALP00000057931	0	0	0	0	0.062	0	0	0.402	0.415
MEIS1	HOXB6	9031.ENSGALP00000068200	9031.ENSGALP00000058472	0	0	0	0	0.044	0.124	0	0.553	0.593
MELTF	PIT54	9031.ENSGALP00000032783	9031.ENSGALP00000064701	0	0	0	0	0	0.144	0	0.709	0.740
MGLL	ACOX1	9031.ENSGALP00000073246	9031.ENSGALP00000003376	0.074	0	0	0	0.051	0	0.156	0.301	0.412
MGLL	ABHD6	9031.ENSGALP00000073246	9031.ENSGALP00000009124	0.054	0	0	0	0	0	0.131	0.683	0.716
MME	AGT	9031.ENSGALP00000016796	9031.ENSGALP00000018089	0	0	0	0	0	0.081	0.750	0.421	0.855
MNX1	SHH	9031.ENSGALP00000056537	9031.ENSGALP00000010292	0	0	0	0	0.043	0	0	0.604	0.605
MNX1	SLC2A2	9031.ENSGALP00000056537	9031.ENSGALP00000015129	0	0	0	0	0.046	0	0	0.447	0.450
MNX1	FOXP1	9031.ENSGALP00000056537	9031.ENSGALP00000044290	0	0	0	0	0	0	0	0.414	0.414
MNX1	CRYAA	9031.ENSGALP00000056537	9031.ENSGALP00000054560	0	0	0	0	0.065	0	0	0.517	0.529
MNX1	LHX4	9031.ENSGALP00000056537	9031.ENSGALP00000058540	0	0	0	0	0.051	0.041	0	0.630	0.634
MPZL3	CMTM8	9031.ENSGALP00000033649	9031.ENSGALP00000018698	0	0	0	0	0	0	0	0.631	0.631
MPZL3	ESRP2	9031.ENSGALP00000033649	9031.ENSGALP00000055344	0	0	0	0	0.372	0	0	0.124	0.426
MPZL3	CLDN1	9031.ENSGALP00000033649	9031.ENSGALP00000043047	0	0	0	0	0.353	0	0	0.175	0.443
MTHFD2	PSAT1	9031.ENSGALP00000057027	9031.ENSGALP00000024450	0.082	0	0	0	0.161	0.052	0	0.624	0.688
MTHFD2	RPIA	9031.ENSGALP00000057027	9031.ENSGALP00000071334	0.111	0	0	0	0.111	0	0	0.624	0.677
MTHFD2	ATIC	9031.ENSGALP00000057027	9031.ENSGALP00000061123	0.142	0	0	0	0.487	0	0.913	0.890	0.995
MTSS1	ZNF462	9031.ENSGALP00000044446	9031.ENSGALP00000071136	0	0	0	0	0	0.097	0	0.370	0.406
MTTP	ACOX1	9031.ENSGALP00000056995	9031.ENSGALP00000003376	0	0	0	0	0.062	0	0	0.630	0.638
MTTP	HNF4A	9031.ENSGALP00000056995	9031.ENSGALP00000006799	0	0	0	0	0.136	0	0	0.442	0.498
MTTP	PLA2G12B	9031.ENSGALP00000056995	9031.ENSGALP00000006895	0	0	0	0	0.249	0	0	0.240	0.405
MTTP	CPT1A	9031.ENSGALP00000056995	9031.ENSGALP00000011452	0	0	0	0	0	0	0	0.484	0.484
MTTP	FABP2	9031.ENSGALP00000056995	9031.ENSGALP00000019528	0	0	0	0	0.186	0	0	0.360	0.456
MTTP	ABCA1	9031.ENSGALP00000056995	9031.ENSGALP00000024845	0	0	0	0	0.044	0	0	0.601	0.602
MTTP	APOB	9031.ENSGALP00000056995	9031.ENSGALP00000026550	0	0	0	0	0.524	0.252	0.750	0.953	0.995
MTTP	PPARA	9031.ENSGALP00000056995	9031.ENSGALP00000053048	0	0	0	0	0	0	0	0.447	0.447
MTTPL	ABHD6	9031.ENSGALP00000059574	9031.ENSGALP00000009124	0	0	0	0	0	0	0	0.500	0.499
MTTPL	APOB	9031.ENSGALP00000059574	9031.ENSGALP00000026550	0	0	0	0	0.489	0.232	0	0.633	0.843
MTTPL	ANGPTL3	9031.ENSGALP00000059574	9031.ENSGALP00000064198	0	0	0	0	0.110	0	0	0.384	0.429
MTTPL	ELOVL2	9031.ENSGALP00000059574	9031.ENSGALP00000071756	0	0	0	0	0.045	0	0	0.443	0.446
MYC	HNF4A	9031.ENSGALP00000072090	9031.ENSGALP00000006799	0	0	0	0	0	0.077	0	0.529	0.547
MYC	CCNE1	9031.ENSGALP00000072090	9031.ENSGALP00000007147	0	0	0	0	0.044	0.054	0	0.500	0.508
MYC	SHH	9031.ENSGALP00000072090	9031.ENSGALP00000010292	0	0	0	0	0	0	0	0.544	0.544
MYC	BMP4	9031.ENSGALP00000072090	9031.ENSGALP00000020289	0	0	0	0	0	0	0	0.511	0.511
MYC	PXDN	9031.ENSGALP00000072090	9031.ENSGALP00000026363	0	0	0	0	0	0	0	0.721	0.721
MYC	LIN28B	9031.ENSGALP00000072090	9031.ENSGALP00000052382	0	0	0	0	0.052	0.069	0	0.496	0.516
MYC	EGFR	9031.ENSGALP00000072090	9031.ENSGALP00000053328	0	0	0	0	0	0.042	0	0.746	0.747
MYC	ESR1	9031.ENSGALP00000072090	9031.ENSGALP00000073938	0	0	0	0	0.041	0.248	0	0.823	0.861
MYLK2	ASB15	9031.ENSGALP00000010124	9031.ENSGALP00000014312	0	0	0	0	0.298	0.102	0	0.218	0.464
MYO6	C8B	9031.ENSGALP00000025573	9031.ENSGALP00000017617	0	0	0	0	0	0.418	0	0.116	0.463
MYO6	PDLIM3	9031.ENSGALP00000025573	9031.ENSGALP00000021842	0	0	0	0	0	0.064	0.540	0.072	0.565
MYO6	DLL1	9031.ENSGALP00000025573	9031.ENSGALP00000067155	0	0	0	0	0	0.052	0	0.442	0.449
MYO6	NRP1	9031.ENSGALP00000025573	9031.ENSGALP00000063015	0	0	0	0	0	0	0	0.462	0.462
MYO6	TOM1L2	9031.ENSGALP00000025573	9031.ENSGALP00000066833	0	0	0	0	0	0.615	0	0.282	0.711
MYO6	DAB2	9031.ENSGALP00000025573	9031.ENSGALP00000072624	0	0	0	0	0	0.862	0.500	0.424	0.956
MYOC	OLFM3	9031.ENSGALP00000033262	9031.ENSGALP00000008340	0	0	0	0.758	0	0.071	0	0.569	0.582
MYOC	CYP1B1	9031.ENSGALP00000033262	9031.ENSGALP00000048510	0	0	0	0	0	0	0	0.768	0.768
NCALD	EMP2	9031.ENSGALP00000044473	9031.ENSGALP00000067000	0	0	0	0	0	0	0	0.424	0.424
NCF4	PRKCB	9031.ENSGALP00000044384	9031.ENSGALP00000056743	0	0	0	0	0.070	0.102	0.400	0.045	0.457
NCS1	DGKG	9031.ENSGALP00000072761	9031.ENSGALP00000009166	0	0	0	0	0	0	0	0.519	0.519
NCS1	ENOX1	9031.ENSGALP00000072761	9031.ENSGALP00000027367	0	0	0	0	0	0	0	0.482	0.482
NEDD9	DOCK3	9031.ENSGALP00000066385	9031.ENSGALP00000053992	0	0	0	0	0	0.091	0	0.718	0.732
NGEF	RHOC	9031.ENSGALP00000045148	9031.ENSGALP00000002383	0	0	0	0	0.076	0.155	0.400	0.089	0.516
NKD1	DUSP4	9031.ENSGALP00000066666	9031.ENSGALP00000037153	0	0	0	0	0	0	0	0.444	0.444
NKD1	TNFRSF19	9031.ENSGALP00000066666	9031.ENSGALP00000072988	0	0	0	0	0	0	0	0.589	0.589
NKX2-1	SOX6	9031.ENSGALP00000055123	9031.ENSGALP00000009790	0	0	0	0	0	0	0	0.483	0.483
NKX2-1	SHH	9031.ENSGALP00000055123	9031.ENSGALP00000010292	0	0	0	0	0	0	0	0.844	0.844
NKX2-1	NPY	9031.ENSGALP00000055123	9031.ENSGALP00000017870	0	0	0	0	0.047	0	0	0.704	0.705
NKX2-1	BMP4	9031.ENSGALP00000055123	9031.ENSGALP00000020289	0	0	0	0	0	0	0	0.592	0.592
NKX2-1	PAX9	9031.ENSGALP00000055123	9031.ENSGALP00000037011	0	0	0	0	0.044	0	0	0.430	0.432
NKX2-1	SATB2	9031.ENSGALP00000055123	9031.ENSGALP00000043071	0	0	0	0	0.045	0.067	0	0.445	0.462
NKX2-1	TBX3	9031.ENSGALP00000055123	9031.ENSGALP00000045049	0	0	0	0	0	0.146	0	0.370	0.439
NKX2-1	GLI3	9031.ENSGALP00000055123	9031.ENSGALP00000048561	0	0	0	0	0	0.046	0	0.463	0.465
NKX2-1	TBX2	9031.ENSGALP00000055123	9031.ENSGALP00000057931	0	0	0	0	0	0.146	0	0.369	0.438
NKX2-8	PAX9	9031.ENSGALP00000042165	9031.ENSGALP00000037011	0	0	0	0	0	0	0	0.638	0.638
NKX3-2	SOX6	9031.ENSGALP00000064633	9031.ENSGALP00000009790	0	0	0	0	0	0	0	0.555	0.555
NKX3-2	SHH	9031.ENSGALP00000064633	9031.ENSGALP00000010292	0	0	0	0	0	0	0	0.605	0.605
NKX3-2	BMP4	9031.ENSGALP00000064633	9031.ENSGALP00000020289	0	0	0	0	0.050	0	0	0.543	0.547
NKX3-2	PAX9	9031.ENSGALP00000064633	9031.ENSGALP00000037011	0	0	0	0	0	0	0	0.787	0.787
NKX3-2	CHRD	9031.ENSGALP00000064633	9031.ENSGALP00000050115	0	0	0	0	0.043	0	0	0.416	0.417
NKX6-1	SLC2A2	9031.ENSGALP00000057070	9031.ENSGALP00000015129	0	0	0	0	0	0	0	0.426	0.426
NKX6-1	LHX4	9031.ENSGALP00000057070	9031.ENSGALP00000058540	0	0	0	0	0	0.060	0	0.402	0.413
NKX6-2	SHH	9031.ENSGALP00000018279	9031.ENSGALP00000010292	0	0	0	0	0.097	0	0	0.518	0.547
NKX6-2	NPY	9031.ENSGALP00000018279	9031.ENSGALP00000017870	0	0	0	0	0	0	0	0.426	0.426
NKX6-2	HNF1A	9031.ENSGALP00000018279	9031.ENSGALP00000060662	0	0	0	0	0	0.048	0	0.434	0.438
NKX6-2	LHX4	9031.ENSGALP00000018279	9031.ENSGALP00000058540	0	0	0	0	0	0.060	0	0.440	0.451
NMB	F2	9031.ENSGALP00000049913	9031.ENSGALP00000013544	0	0	0	0	0	0	0.400	0	0.400
NMB	NPY	9031.ENSGALP00000049913	9031.ENSGALP00000017870	0	0	0	0	0.057	0	0	0.391	0.401
NMB	BDKRB2	9031.ENSGALP00000049913	9031.ENSGALP00000018030	0	0	0	0	0	0.053	0.500	0	0.506
NMB	AGT	9031.ENSGALP00000049913	9031.ENSGALP00000018089	0	0	0	0	0.042	0	0.400	0.075	0.421
NMB	F2RL1	9031.ENSGALP00000049913	9031.ENSGALP00000024125	0	0	0	0	0	0	0.500	0.062	0.510
NMB	PENK	9031.ENSGALP00000049913	9031.ENSGALP00000024825	0	0	0	0	0.059	0	0	0.462	0.472
NMB	NMU	9031.ENSGALP00000049913	9031.ENSGALP00000031462	0	0	0	0	0.132	0	0.400	0.458	0.693
NMB	BDKRB1	9031.ENSGALP00000049913	9031.ENSGALP00000031881	0	0	0	0	0	0.053	0.500	0.142	0.558
NMB	KNG1	9031.ENSGALP00000049913	9031.ENSGALP00000060409	0	0	0	0	0	0	0.400	0.085	0.427
NMRK2	RBM38	9031.ENSGALP00000060744	9031.ENSGALP00000042182	0	0	0	0	0	0.101	0	0.508	0.539
NMRK2	RPIA	9031.ENSGALP00000060744	9031.ENSGALP00000071334	0	0	0	0	0.049	0	0.348	0.232	0.482
NMU	F2	9031.ENSGALP00000031462	9031.ENSGALP00000013544	0	0	0	0	0	0	0.400	0	0.400
NMU	NPY	9031.ENSGALP00000031462	9031.ENSGALP00000017870	0	0	0	0	0	0	0.500	0.633	0.809
NMU	BDKRB2	9031.ENSGALP00000031462	9031.ENSGALP00000018030	0	0	0	0	0	0.094	0.500	0	0.527
NMU	AGT	9031.ENSGALP00000031462	9031.ENSGALP00000018089	0	0	0	0	0	0	0.400	0	0.400
NMU	F2RL1	9031.ENSGALP00000031462	9031.ENSGALP00000024125	0	0	0	0	0	0	0.500	0	0.499
NMU	PENK	9031.ENSGALP00000031462	9031.ENSGALP00000024825	0	0	0	0	0.051	0	0.500	0.344	0.661
NMU	KNG1	9031.ENSGALP00000031462	9031.ENSGALP00000060409	0	0	0	0	0	0	0.400	0	0.400
NMU	C5	9031.ENSGALP00000031462	9031.ENSGALP00000050353	0	0	0	0	0	0	0.500	0	0.499
NMU	BDKRB1	9031.ENSGALP00000031462	9031.ENSGALP00000031881	0	0	0	0	0	0.094	0.500	0	0.527
NMU	RASGEF1A	9031.ENSGALP00000031462	9031.ENSGALP00000067891	0	0	0	0	0	0	0	0.548	0.548
NMU	NMB	9031.ENSGALP00000031462	9031.ENSGALP00000049913	0	0	0	0	0.132	0	0.400	0.458	0.693
NPTX1	FGG	9031.ENSGALP00000067424	9031.ENSGALP00000015063	0	0	0	0	0	0	0	0.496	0.495
NPTX1	FGB	9031.ENSGALP00000067424	9031.ENSGALP00000038105	0	0	0	0	0	0	0	0.478	0.478
NPTX1	NXNL2	9031.ENSGALP00000067424	9031.ENSGALP00000041632	0	0	0	0	0	0	0	0.466	0.465
NPY	HMX3	9031.ENSGALP00000017870	9031.ENSGALP00000011796	0	0	0	0	0	0	0	0.432	0.432
NPY	SLC2A2	9031.ENSGALP00000017870	9031.ENSGALP00000015129	0	0	0	0	0	0	0	0.511	0.511
NPY	NMB	9031.ENSGALP00000017870	9031.ENSGALP00000049913	0	0	0	0	0.057	0	0	0.391	0.401
NPY	MC5R	9031.ENSGALP00000017870	9031.ENSGALP00000049188	0	0	0	0	0	0.081	0	0.389	0.415
NPY	ESR1	9031.ENSGALP00000017870	9031.ENSGALP00000073938	0	0	0	0	0	0.059	0	0.405	0.416
NPY	NKX6-2	9031.ENSGALP00000017870	9031.ENSGALP00000018279	0	0	0	0	0	0	0	0.426	0.426
NPY	C5	9031.ENSGALP00000017870	9031.ENSGALP00000050353	0	0	0	0	0	0	0.500	0	0.499
NPY	BDKRB1	9031.ENSGALP00000017870	9031.ENSGALP00000031881	0	0	0	0	0	0.081	0.500	0	0.520
NPY	BDKRB2	9031.ENSGALP00000017870	9031.ENSGALP00000018030	0	0	0	0	0	0.081	0.500	0.059	0.529
NPY	AGT	9031.ENSGALP00000017870	9031.ENSGALP00000018089	0	0	0	0	0	0	0.500	0.189	0.577
NPY	KNG1	9031.ENSGALP00000017870	9031.ENSGALP00000060409	0	0	0	0	0	0	0.500	0.214	0.590
NPY	NKX2-1	9031.ENSGALP00000017870	9031.ENSGALP00000055123	0	0	0	0	0.047	0	0	0.704	0.705
NPY	PENK	9031.ENSGALP00000017870	9031.ENSGALP00000024825	0	0	0	0	0.074	0	0.500	0.584	0.790
NPY	NMU	9031.ENSGALP00000017870	9031.ENSGALP00000031462	0	0	0	0	0	0	0.500	0.633	0.809
NR1H4	TAT	9031.ENSGALP00000018906	9031.ENSGALP00000001312	0	0	0	0	0.352	0	0	0.172	0.440
NR1H4	CREB3L3	9031.ENSGALP00000018906	9031.ENSGALP00000001898	0	0	0	0	0.290	0	0	0.241	0.439
NR1H4	F13B	9031.ENSGALP00000018906	9031.ENSGALP00000003726	0	0	0	0	0.411	0.050	0	0.059	0.427
NR1H4	HNF4A	9031.ENSGALP00000018906	9031.ENSGALP00000006799	0	0	0	0.637	0.410	0.138	0	0.357	0.645
NR1H4	PLA2G12B	9031.ENSGALP00000018906	9031.ENSGALP00000006895	0	0	0	0	0.410	0.068	0	0.043	0.428
NR1H4	SLC51A	9031.ENSGALP00000018906	9031.ENSGALP00000012073	0	0	0	0	0.378	0	0	0.400	0.610
NR1H4	PCK1	9031.ENSGALP00000018906	9031.ENSGALP00000012342	0	0	0	0	0.308	0.053	0	0.370	0.551
NR1H4	F2	9031.ENSGALP00000018906	9031.ENSGALP00000013544	0	0	0	0	0.369	0.055	0	0.318	0.558
NR1H4	AHSG	9031.ENSGALP00000018906	9031.ENSGALP00000013991	0	0	0	0	0.383	0.056	0	0.171	0.475
NR1H4	FGA	9031.ENSGALP00000018906	9031.ENSGALP00000015061	0	0	0	0	0.411	0	0	0.184	0.499
NR1H4	FGG	9031.ENSGALP00000018906	9031.ENSGALP00000015063	0	0	0	0	0.389	0	0	0.111	0.434
NR1H4	SLC2A2	9031.ENSGALP00000018906	9031.ENSGALP00000015129	0	0	0	0	0.446	0	0	0.219	0.549
NR1H4	HAAO	9031.ENSGALP00000018906	9031.ENSGALP00000016119	0	0	0	0	0.410	0	0	0	0.410
NR1H4	TM4SF4	9031.ENSGALP00000018906	9031.ENSGALP00000016960	0	0	0	0	0.444	0	0	0.056	0.452
NR1H4	TMPRSS6	9031.ENSGALP00000018906	9031.ENSGALP00000020367	0	0	0	0	0.383	0.055	0	0.053	0.400
NR1H4	ESR1	9031.ENSGALP00000018906	9031.ENSGALP00000073938	0	0	0	0.626	0.093	0.162	0	0.273	0.400
NR1H4	CPB2	9031.ENSGALP00000018906	9031.ENSGALP00000027389	0	0	0	0	0.406	0	0	0	0.406
NR1H4	NR5A2	9031.ENSGALP00000018906	9031.ENSGALP00000056574	0	0	0	0.601	0.208	0.162	0	0.192	0.417
NR1H4	HGFAC	9031.ENSGALP00000018906	9031.ENSGALP00000025139	0	0	0	0	0.385	0.096	0	0	0.420
NR1H4	FMO3	9031.ENSGALP00000018906	9031.ENSGALP00000053108	0	0	0	0	0.045	0	0	0.423	0.425
NR1H4	ACSL5	9031.ENSGALP00000018906	9031.ENSGALP00000069185	0	0	0	0	0.295	0.096	0	0.171	0.426
NR1H4	ANGPTL3	9031.ENSGALP00000018906	9031.ENSGALP00000064198	0	0	0	0	0.384	0	0	0.110	0.428
NR1H4	HGD	9031.ENSGALP00000018906	9031.ENSGALP00000024093	0	0	0	0	0.394	0	0	0.102	0.432
NR1H4	PAH	9031.ENSGALP00000018906	9031.ENSGALP00000020786	0	0	0	0	0.401	0	0	0.098	0.437
NR1H4	F7	9031.ENSGALP00000018906	9031.ENSGALP00000056443	0	0	0	0	0.371	0.055	0	0.137	0.443
NR1H4	SPP2	9031.ENSGALP00000018906	9031.ENSGALP00000044476	0	0	0	0	0.445	0	0	0	0.445
NR1H4	A1CF	9031.ENSGALP00000018906	9031.ENSGALP00000048156	0	0	0	0	0.453	0	0	0	0.453
NR1H4	ALDH8A1	9031.ENSGALP00000018906	9031.ENSGALP00000022601	0	0	0	0	0.444	0.067	0	0	0.459
NR1H4	FGB	9031.ENSGALP00000018906	9031.ENSGALP00000038105	0	0	0	0	0.390	0	0	0.160	0.466
NR1H4	GC	9031.ENSGALP00000018906	9031.ENSGALP00000018939	0	0	0	0	0.392	0	0	0.190	0.486
NR1H4	KLF15	9031.ENSGALP00000018906	9031.ENSGALP00000053518	0	0	0	0	0	0.070	0	0.501	0.516
NR1H4	PROZ	9031.ENSGALP00000018906	9031.ENSGALP00000070757	0	0	0	0	0.383	0.055	0	0.290	0.551
NR1H4	APOB	9031.ENSGALP00000018906	9031.ENSGALP00000026550	0	0	0	0	0.422	0	0	0.466	0.678
NR1H4	HNF1A	9031.ENSGALP00000018906	9031.ENSGALP00000060662	0	0	0	0	0.427	0	0	0.484	0.692
NR1H4	RXRG	9031.ENSGALP00000018906	9031.ENSGALP00000068361	0	0	0	0.668	0.085	0.612	0	0.304	0.731
NR5A2	TM4SF4	9031.ENSGALP00000056574	9031.ENSGALP00000016960	0	0	0	0	0.338	0	0	0.147	0.411
NR5A2	NR1H4	9031.ENSGALP00000056574	9031.ENSGALP00000018906	0	0	0	0.601	0.208	0.162	0	0.192	0.417
NR5A2	FAM110C	9031.ENSGALP00000056574	9031.ENSGALP00000026342	0	0	0	0	0	0	0	0.444	0.444
NR5A2	ESR1	9031.ENSGALP00000056574	9031.ENSGALP00000073938	0	0	0	0.644	0.243	0.162	0.500	0.107	0.679
NRP1	CXCL14	9031.ENSGALP00000063015	9031.ENSGALP00000010242	0	0	0	0	0	0	0	0.476	0.476
NRP1	PLXNA4	9031.ENSGALP00000063015	9031.ENSGALP00000010443	0	0	0	0	0	0.490	0.500	0.944	0.984
NRP1	MYO6	9031.ENSGALP00000063015	9031.ENSGALP00000025573	0	0	0	0	0	0	0	0.462	0.462
NRP1	SEMA5B	9031.ENSGALP00000063015	9031.ENSGALP00000054807	0	0	0	0	0.046	0.257	0	0.477	0.597
NRP1	PLXNB2	9031.ENSGALP00000063015	9031.ENSGALP00000066600	0	0	0	0	0.051	0.294	0	0.441	0.592
NT5C1A	PRPS2	9031.ENSGALP00000067998	9031.ENSGALP00000026729	0.046	0	0	0	0	0.044	0	0.539	0.543
NT5C1A	ATIC	9031.ENSGALP00000067998	9031.ENSGALP00000061123	0	0	0	0	0	0	0.900	0.705	0.969
NT5C1A	HEYL	9031.ENSGALP00000067998	9031.ENSGALP00000070043	0	0	0	0	0	0	0	0.424	0.424
NT5C1A	PDE1A	9031.ENSGALP00000067998	9031.ENSGALP00000071844	0	0	0	0	0	0	0.650	0	0.650
NUMB	DLL1	9031.ENSGALP00000043819	9031.ENSGALP00000067155	0	0	0	0	0.044	0.101	0	0.525	0.556
NUMB	INSC	9031.ENSGALP00000043819	9031.ENSGALP00000055883	0	0	0	0	0	0.153	0	0.620	0.664
NXNL2	NPTX1	9031.ENSGALP00000041632	9031.ENSGALP00000067424	0	0	0	0	0	0	0	0.466	0.465
OLFM3	FSTL4	9031.ENSGALP00000008340	9031.ENSGALP00000073385	0	0	0	0	0.055	0	0	0.409	0.417
OLFM3	MYOC	9031.ENSGALP00000008340	9031.ENSGALP00000033262	0	0	0	0.758	0	0.071	0	0.569	0.582
OTC	FAH	9031.ENSGALP00000026160	9031.ENSGALP00000010465	0.068	0	0	0	0.104	0	0	0.519	0.563
OTC	SLC2A2	9031.ENSGALP00000026160	9031.ENSGALP00000015129	0	0	0	0	0.355	0	0	0.110	0.401
OTC	FABP2	9031.ENSGALP00000026160	9031.ENSGALP00000019528	0	0	0	0	0.505	0	0	0	0.505
OTC	FBP1	9031.ENSGALP00000026160	9031.ENSGALP00000020563	0	0	0	0	0.083	0	0	0.387	0.413
OTC	PSAT1	9031.ENSGALP00000026160	9031.ENSGALP00000024450	0	0	0	0	0	0	0	0.442	0.442
OTC	RPIA	9031.ENSGALP00000026160	9031.ENSGALP00000071334	0	0	0	0	0.078	0	0	0.510	0.528
OTC	APOB	9031.ENSGALP00000026160	9031.ENSGALP00000026550	0	0	0	0	0.518	0	0	0.267	0.631
OTOP3	ATP1B1	9031.ENSGALP00000042554	9031.ENSGALP00000036140	0	0	0	0	0	0	0	0.476	0.476
OTOP3	CAMK1D	9031.ENSGALP00000042554	9031.ENSGALP00000048859	0	0	0	0	0	0	0	0.539	0.539
PAH	TAT	9031.ENSGALP00000020786	9031.ENSGALP00000001312	0	0	0	0	0.413	0	0.900	0.372	0.959
PAH	F13B	9031.ENSGALP00000020786	9031.ENSGALP00000003726	0	0	0	0	0.531	0	0	0	0.531
PAH	SLC2A5	9031.ENSGALP00000020786	9031.ENSGALP00000003884	0	0	0	0	0.184	0	0	0.359	0.455
PAH	FAH	9031.ENSGALP00000020786	9031.ENSGALP00000010465	0.081	0	0	0	0.344	0	0	0.238	0.501
PAH	MASP1	9031.ENSGALP00000020786	9031.ENSGALP00000011986	0	0	0	0	0.361	0	0.168	0	0.446
PAH	KMO	9031.ENSGALP00000020786	9031.ENSGALP00000012115	0	0	0	0	0.411	0	0	0.208	0.513
PAH	F2	9031.ENSGALP00000020786	9031.ENSGALP00000013544	0	0	0	0	0.514	0	0.168	0	0.579
PAH	AHSG	9031.ENSGALP00000020786	9031.ENSGALP00000013991	0	0	0	0	0.449	0	0	0	0.449
PAH	FGA	9031.ENSGALP00000020786	9031.ENSGALP00000015061	0	0	0	0	0.483	0	0	0	0.483
PAH	FGG	9031.ENSGALP00000020786	9031.ENSGALP00000015063	0	0	0	0	0.440	0	0	0	0.440
PAH	SLC2A2	9031.ENSGALP00000020786	9031.ENSGALP00000015129	0	0	0	0	0.447	0	0	0.052	0.453
PAH	HAAO	9031.ENSGALP00000020786	9031.ENSGALP00000016119	0	0	0	0	0.401	0	0	0.197	0.499
PAH	NR1H4	9031.ENSGALP00000020786	9031.ENSGALP00000018906	0	0	0	0	0.401	0	0	0.098	0.437
PAH	GC	9031.ENSGALP00000020786	9031.ENSGALP00000018939	0	0	0	0	0.572	0	0	0.091	0.594
PAH	CFI	9031.ENSGALP00000020786	9031.ENSGALP00000019783	0	0	0	0	0.343	0	0.168	0	0.430
PAH	TMPRSS6	9031.ENSGALP00000020786	9031.ENSGALP00000020367	0	0	0	0	0.386	0	0.168	0	0.467
PAH	FETUB	9031.ENSGALP00000020786	9031.ENSGALP00000038974	0	0	0	0	0.411	0	0	0	0.411
PAH	ANGPTL3	9031.ENSGALP00000020786	9031.ENSGALP00000064198	0	0	0	0	0.423	0	0	0	0.423
PAH	CPB2	9031.ENSGALP00000020786	9031.ENSGALP00000027389	0	0	0	0	0.425	0	0	0	0.425
PAH	APOB	9031.ENSGALP00000020786	9031.ENSGALP00000026550	0	0	0	0	0.422	0	0	0.056	0.431
PAH	FGB	9031.ENSGALP00000020786	9031.ENSGALP00000038105	0	0	0	0	0.453	0	0	0	0.453
PAH	PROZ	9031.ENSGALP00000020786	9031.ENSGALP00000070757	0	0	0	0	0.386	0	0.168	0	0.467
PAH	F7	9031.ENSGALP00000020786	9031.ENSGALP00000056443	0	0	0	0	0.386	0	0.168	0	0.467
PAH	SPP2	9031.ENSGALP00000020786	9031.ENSGALP00000044476	0	0	0	0	0.461	0	0	0.056	0.469
PAH	HGFAC	9031.ENSGALP00000020786	9031.ENSGALP00000025139	0	0	0	0	0.385	0	0.168	0.052	0.472
PAH	HABP2	9031.ENSGALP00000020786	9031.ENSGALP00000032462	0	0	0	0	0.387	0	0.168	0.052	0.474
PAH	ALDH8A1	9031.ENSGALP00000020786	9031.ENSGALP00000022601	0	0	0	0	0.425	0	0	0.171	0.503
PAH	ALDOB	9031.ENSGALP00000020786	9031.ENSGALP00000036836	0	0	0	0	0.339	0	0	0.280	0.504
PAH	HGD	9031.ENSGALP00000020786	9031.ENSGALP00000024093	0.105	0	0	0	0.647	0	0	0.348	0.776
PALMD	SLC5A12	9031.ENSGALP00000008724	9031.ENSGALP00000021691	0	0	0	0	0	0	0	0.533	0.533
PALMD	ARHGAP24	9031.ENSGALP00000008724	9031.ENSGALP00000018112	0	0	0	0	0	0	0	0.580	0.580
PAX9	SHH	9031.ENSGALP00000037011	9031.ENSGALP00000010292	0	0	0	0	0	0	0	0.693	0.693
PAX9	BMP4	9031.ENSGALP00000037011	9031.ENSGALP00000020289	0	0	0	0	0	0	0	0.696	0.696
PAX9	NKX2-1	9031.ENSGALP00000037011	9031.ENSGALP00000055123	0	0	0	0	0.044	0	0	0.430	0.432
PAX9	GLI3	9031.ENSGALP00000037011	9031.ENSGALP00000048561	0	0	0	0	0	0	0	0.495	0.495
PAX9	NKX2-8	9031.ENSGALP00000037011	9031.ENSGALP00000042165	0	0	0	0	0	0	0	0.638	0.638
PAX9	NKX3-2	9031.ENSGALP00000037011	9031.ENSGALP00000064633	0	0	0	0	0	0	0	0.787	0.787
PCDH19	RGS7BP	9031.ENSGALP00000069476	9031.ENSGALP00000041799	0	0	0	0	0	0	0	0.702	0.702
PCDH19	SATB2	9031.ENSGALP00000069476	9031.ENSGALP00000043071	0	0	0	0	0.042	0	0	0.499	0.499
PCDH19	SPP2	9031.ENSGALP00000069476	9031.ENSGALP00000044476	0	0	0	0	0	0	0	0.600	0.600
PCDH19	PDZRN3	9031.ENSGALP00000069476	9031.ENSGALP00000051281	0	0	0	0	0.044	0	0	0.424	0.425
PCK1	TAT	9031.ENSGALP00000012342	9031.ENSGALP00000001312	0.058	0	0	0	0.121	0	0.129	0.456	0.556
PCK1	CREB3L3	9031.ENSGALP00000012342	9031.ENSGALP00000001898	0	0	0	0	0.290	0	0	0.217	0.420
PCK1	ACOX1	9031.ENSGALP00000012342	9031.ENSGALP00000003376	0	0	0	0	0.065	0	0	0.593	0.604
PCK1	F13B	9031.ENSGALP00000012342	9031.ENSGALP00000003726	0	0	0	0	0.385	0	0	0.206	0.490
PCK1	HNF4A	9031.ENSGALP00000012342	9031.ENSGALP00000006799	0	0	0	0	0.349	0	0	0.539	0.687
PCK1	PLA2G12B	9031.ENSGALP00000012342	9031.ENSGALP00000006895	0	0	0	0	0.408	0	0	0	0.408
PCK1	CPT1A	9031.ENSGALP00000012342	9031.ENSGALP00000011452	0	0	0	0	0.048	0	0	0.707	0.709
PCK1	RBM38	9031.ENSGALP00000012342	9031.ENSGALP00000042182	0	0	0	0	0	0	0	0.409	0.409
PCK1	ALDH8A1	9031.ENSGALP00000012342	9031.ENSGALP00000022601	0	0	0	0	0.375	0	0	0.116	0.424
PCK1	HGD	9031.ENSGALP00000012342	9031.ENSGALP00000024093	0	0	0	0	0.403	0	0	0.085	0.430
PCK1	HAO1	9031.ENSGALP00000012342	9031.ENSGALP00000014358	0	0	0	0	0.248	0	0	0.273	0.430
PCK1	SULT1C3	9031.ENSGALP00000012342	9031.ENSGALP00000027077	0	0	0	0	0.383	0	0	0.125	0.437
PCK1	FGA	9031.ENSGALP00000012342	9031.ENSGALP00000015061	0	0	0	0	0.311	0	0	0.243	0.456
PCK1	HNF1A	9031.ENSGALP00000012342	9031.ENSGALP00000060662	0	0	0	0	0.308	0	0	0.332	0.518
PCK1	PPARA	9031.ENSGALP00000012342	9031.ENSGALP00000053048	0	0	0	0	0.050	0.053	0	0.529	0.539
PCK1	NR1H4	9031.ENSGALP00000012342	9031.ENSGALP00000018906	0	0	0	0	0.308	0.053	0	0.370	0.551
PCK1	PDK4	9031.ENSGALP00000012342	9031.ENSGALP00000015774	0	0	0	0	0.061	0	0	0.542	0.552
PCK1	FGB	9031.ENSGALP00000012342	9031.ENSGALP00000038105	0	0	0	0	0.293	0	0	0.429	0.579
PCK1	APOB	9031.ENSGALP00000012342	9031.ENSGALP00000026550	0	0	0	0	0.421	0	0	0.345	0.604
PCK1	ALDOB	9031.ENSGALP00000012342	9031.ENSGALP00000036836	0	0	0	0	0.330	0	0	0.461	0.624
PCK1	SLC2A2	9031.ENSGALP00000012342	9031.ENSGALP00000015129	0	0	0	0	0.375	0	0	0.540	0.700
PCK1	FBP1	9031.ENSGALP00000012342	9031.ENSGALP00000020563	0	0	0	0	0.194	0	0	0.772	0.809
PDE1A	GUCY2C	9031.ENSGALP00000071844	9031.ENSGALP00000019294	0	0	0	0	0	0	0.650	0.483	0.811
PDE1A	ADCY1	9031.ENSGALP00000071844	9031.ENSGALP00000054345	0	0	0	0	0	0	0.650	0.113	0.676
PDE1A	NT5C1A	9031.ENSGALP00000071844	9031.ENSGALP00000067998	0	0	0	0	0	0	0.650	0	0.650
PDK4	ACOX1	9031.ENSGALP00000015774	9031.ENSGALP00000003376	0	0	0	0	0.063	0.052	0	0.431	0.451
PDK4	CPT1A	9031.ENSGALP00000015774	9031.ENSGALP00000011452	0	0	0	0	0.068	0	0	0.526	0.540
PDK4	PCK1	9031.ENSGALP00000015774	9031.ENSGALP00000012342	0	0	0	0	0.061	0	0	0.542	0.552
PDK4	PPARA	9031.ENSGALP00000015774	9031.ENSGALP00000053048	0	0	0	0	0.054	0	0	0.495	0.502
PDLIM3	LMO7	9031.ENSGALP00000021842	9031.ENSGALP00000027304	0	0	0	0	0.090	0.075	0	0.353	0.408
PDLIM3	ADCY1	9031.ENSGALP00000021842	9031.ENSGALP00000054345	0	0	0	0	0	0	0	0.538	0.538
PDLIM3	MYO6	9031.ENSGALP00000021842	9031.ENSGALP00000025573	0	0	0	0	0	0.064	0.540	0.072	0.565
PDLIM3	SCN8A	9031.ENSGALP00000021842	9031.ENSGALP00000050098	0	0	0	0	0	0	0	0.628	0.628
PDZRN3	PCDH19	9031.ENSGALP00000051281	9031.ENSGALP00000069476	0	0	0	0	0.044	0	0	0.424	0.425
PENK	NPY	9031.ENSGALP00000024825	9031.ENSGALP00000017870	0	0	0	0	0.074	0	0.500	0.584	0.790
PENK	BDKRB2	9031.ENSGALP00000024825	9031.ENSGALP00000018030	0	0	0	0	0.051	0.096	0.500	0.053	0.539
PENK	AGT	9031.ENSGALP00000024825	9031.ENSGALP00000018089	0	0	0	0	0.048	0	0.500	0.086	0.526
PENK	KNG1	9031.ENSGALP00000024825	9031.ENSGALP00000060409	0	0	0	0	0	0	0.400	0.102	0.438
PENK	NMB	9031.ENSGALP00000024825	9031.ENSGALP00000049913	0	0	0	0	0.059	0	0	0.462	0.472
PENK	C5	9031.ENSGALP00000024825	9031.ENSGALP00000050353	0	0	0	0	0	0	0.500	0	0.499
PENK	BDKRB1	9031.ENSGALP00000024825	9031.ENSGALP00000031881	0	0	0	0	0	0.096	0.500	0.133	0.573
PENK	NMU	9031.ENSGALP00000024825	9031.ENSGALP00000031462	0	0	0	0	0.051	0	0.500	0.344	0.661
PI15	SCUBE3	9031.ENSGALP00000051751	9031.ENSGALP00000004206	0	0	0	0	0.053	0	0	0.740	0.743
PI15	LRIG3	9031.ENSGALP00000051751	9031.ENSGALP00000015856	0	0	0	0	0	0	0	0.478	0.478
PI15	CDC42EP3	9031.ENSGALP00000051751	9031.ENSGALP00000072045	0	0	0	0	0	0	0	0.555	0.555
PIGR	GC	9031.ENSGALP00000001351	9031.ENSGALP00000018939	0	0	0	0	0.270	0	0	0.219	0.405
PIGR	SULT1C3	9031.ENSGALP00000001351	9031.ENSGALP00000027077	0	0	0	0	0.304	0	0	0.294	0.488
PIGR	ACOX1	9031.ENSGALP00000001351	9031.ENSGALP00000003376	0	0	0	0	0	0	0	0.499	0.499
PIK3C2G	SOCS2	9031.ENSGALP00000021380	9031.ENSGALP00000067577	0	0	0	0	0.044	0	0.540	0.070	0.555
PIT54	AHSG	9031.ENSGALP00000064701	9031.ENSGALP00000013991	0	0	0	0	0.132	0.054	0	0.344	0.414
PIT54	PRPS2	9031.ENSGALP00000064701	9031.ENSGALP00000026729	0	0	0	0	0.093	0	0	0.382	0.415
PIT54	MELTF	9031.ENSGALP00000064701	9031.ENSGALP00000032783	0	0	0	0	0	0.144	0	0.709	0.740
PIT54	SPP2	9031.ENSGALP00000064701	9031.ENSGALP00000044476	0	0	0	0	0.150	0	0	0.481	0.540
PIT54	APOH	9031.ENSGALP00000064701	9031.ENSGALP00000054536	0	0	0	0	0.166	0.092	0	0.519	0.604
PLA1A	JPH1	9031.ENSGALP00000024139	9031.ENSGALP00000046599	0	0	0	0	0	0.093	0	0.531	0.556
PLA2G12B	CREB3L3	9031.ENSGALP00000006895	9031.ENSGALP00000001898	0	0	0	0	0.428	0	0	0	0.428
PLA2G12B	F13B	9031.ENSGALP00000006895	9031.ENSGALP00000003726	0	0	0	0	0.407	0.061	0	0.424	0.651
PLA2G12B	HNF4A	9031.ENSGALP00000006895	9031.ENSGALP00000006799	0	0	0	0	0.390	0	0	0.253	0.525
PLA2G12B	MTTP	9031.ENSGALP00000006895	9031.ENSGALP00000056995	0	0	0	0	0.249	0	0	0.240	0.405
PLA2G12B	PCK1	9031.ENSGALP00000006895	9031.ENSGALP00000012342	0	0	0	0	0.408	0	0	0	0.408
PLA2G12B	SLC2A2	9031.ENSGALP00000006895	9031.ENSGALP00000015129	0	0	0	0	0.420	0	0	0	0.420
PLA2G12B	HGFAC	9031.ENSGALP00000006895	9031.ENSGALP00000025139	0	0	0	0	0.394	0.074	0	0.056	0.424
PLA2G12B	NR1H4	9031.ENSGALP00000006895	9031.ENSGALP00000018906	0	0	0	0	0.410	0.068	0	0.043	0.428
PLA2G12B	SERPINA10	9031.ENSGALP00000006895	9031.ENSGALP00000017847	0	0	0	0	0.410	0.078	0	0	0.433
PLA2G12B	A1CF	9031.ENSGALP00000006895	9031.ENSGALP00000048156	0	0	0	0	0.437	0	0	0	0.437
PLA2G12B	FETUB	9031.ENSGALP00000006895	9031.ENSGALP00000038974	0	0	0	0	0.446	0.046	0	0	0.449
PLA2G12B	APOA4	9031.ENSGALP00000006895	9031.ENSGALP00000071485	0	0	0	0	0.371	0.143	0	0.239	0.554
PLA2G12B	FGA	9031.ENSGALP00000006895	9031.ENSGALP00000015061	0	0	0	0	0.447	0.050	0	0.262	0.578
PLA2G12B	TMPRSS6	9031.ENSGALP00000006895	9031.ENSGALP00000020367	0	0	0	0	0.378	0.053	0	0.484	0.669
PLA2G12B	APOB	9031.ENSGALP00000006895	9031.ENSGALP00000026550	0	0	0	0	0.523	0	0	0.423	0.713
PLA2R1	TMEM123	9031.ENSGALP00000032471	9031.ENSGALP00000035647	0	0	0	0	0	0.052	0	0.586	0.590
PLA2R1	A1CF	9031.ENSGALP00000032471	9031.ENSGALP00000048156	0	0	0	0	0	0	0	0.654	0.654
PLEKHG1	FAM163A	9031.ENSGALP00000036794	9031.ENSGALP00000033078	0	0	0	0	0	0	0	0.449	0.449
PLK3	CCNO	9031.ENSGALP00000047781	9031.ENSGALP00000041991	0	0	0	0	0.212	0.234	0	0.143	0.437
PLK3	CDK18	9031.ENSGALP00000047781	9031.ENSGALP00000065853	0	0	0.133	0.571	0.213	0.195	0	0.124	0.454
PLK3	FBXO43	9031.ENSGALP00000047781	9031.ENSGALP00000056901	0	0	0	0	0.058	0.494	0	0.126	0.547
PLK3	PPP2R2B	9031.ENSGALP00000047781	9031.ENSGALP00000057392	0	0	0	0	0	0.611	0	0.227	0.686
PLPP1	PLPP3	9031.ENSGALP00000045934	9031.ENSGALP00000017568	0	0	0.059	0.933	0	0.091	0.900	0	0.907
PLPP1	RASSF10	9031.ENSGALP00000045934	9031.ENSGALP00000047337	0	0	0	0	0	0	0	0.500	0.499
PLPP3	ANGPTL3	9031.ENSGALP00000017568	9031.ENSGALP00000064198	0	0	0	0	0	0	0	0.457	0.457
PLPP3	PLPP1	9031.ENSGALP00000017568	9031.ENSGALP00000045934	0	0	0.059	0.933	0	0.091	0.900	0	0.907
PLXNA4	ASB15	9031.ENSGALP00000010443	9031.ENSGALP00000014312	0	0	0	0	0	0	0	0.424	0.424
PLXNA4	SEMA5B	9031.ENSGALP00000010443	9031.ENSGALP00000054807	0	0	0	0.549	0	0.274	0	0.383	0.533
PLXNA4	PLXNB2	9031.ENSGALP00000010443	9031.ENSGALP00000066600	0	0	0	0.818	0	0.050	0.540	0.162	0.601
PLXNA4	NRP1	9031.ENSGALP00000010443	9031.ENSGALP00000063015	0	0	0	0	0	0.490	0.500	0.944	0.984
PLXNB2	PLXNA4	9031.ENSGALP00000066600	9031.ENSGALP00000010443	0	0	0	0.818	0	0.050	0.540	0.162	0.601
PLXNB2	SEMA5B	9031.ENSGALP00000066600	9031.ENSGALP00000054807	0	0	0	0.550	0.053	0.274	0	0.555	0.667
PLXNB2	NRP1	9031.ENSGALP00000066600	9031.ENSGALP00000063015	0	0	0	0	0.051	0.294	0	0.441	0.592
PPARA	CREB3L3	9031.ENSGALP00000053048	9031.ENSGALP00000001898	0	0	0	0	0.080	0	0	0.472	0.494
PPARA	ACOX1	9031.ENSGALP00000053048	9031.ENSGALP00000003376	0	0	0	0	0.054	0.049	0	0.801	0.806
PPARA	CPT1A	9031.ENSGALP00000053048	9031.ENSGALP00000011452	0	0	0	0	0.042	0	0	0.760	0.761
PPARA	PCK1	9031.ENSGALP00000053048	9031.ENSGALP00000012342	0	0	0	0	0.050	0.053	0	0.529	0.539
PPARA	SLC2A2	9031.ENSGALP00000053048	9031.ENSGALP00000015129	0	0	0	0	0.071	0	0	0.410	0.429
PPARA	PDK4	9031.ENSGALP00000053048	9031.ENSGALP00000015774	0	0	0	0	0.054	0	0	0.495	0.502
PPARA	FABP2	9031.ENSGALP00000053048	9031.ENSGALP00000019528	0	0	0	0	0	0.050	0	0.520	0.524
PPARA	ABCA1	9031.ENSGALP00000053048	9031.ENSGALP00000024845	0	0	0	0	0	0.065	0	0.385	0.400
PPARA	APOB	9031.ENSGALP00000053048	9031.ENSGALP00000026550	0	0	0	0	0.045	0	0	0.595	0.597
PPARA	CIDEA	9031.ENSGALP00000053048	9031.ENSGALP00000052763	0	0	0	0	0	0.047	0	0.400	0.403
PPARA	MTTP	9031.ENSGALP00000053048	9031.ENSGALP00000056995	0	0	0	0	0	0	0	0.447	0.447
PPARA	TBL1XR1	9031.ENSGALP00000053048	9031.ENSGALP00000069519	0	0	0	0	0	0.081	0.500	0.062	0.531
PPARA	RXRG	9031.ENSGALP00000053048	9031.ENSGALP00000068361	0	0	0	0.691	0.055	0.471	0.800	0.256	0.915
PPP2R2B	CACNG5	9031.ENSGALP00000057392	9031.ENSGALP00000006216	0	0	0	0	0	0.081	0.650	0.054	0.669
PPP2R2B	PLK3	9031.ENSGALP00000057392	9031.ENSGALP00000047781	0	0	0	0	0	0.611	0	0.227	0.686
PPP2R2B	CACNA1S	9031.ENSGALP00000057392	9031.ENSGALP00000056760	0	0	0	0	0	0	0.650	0	0.650
PPP2R2B	CDK18	9031.ENSGALP00000057392	9031.ENSGALP00000065853	0	0	0	0	0.082	0.344	0	0.145	0.440
PRELID3A	TOB1	9031.ENSGALP00000022405	9031.ENSGALP00000011895	0	0	0	0	0.048	0	0	0.500	0.503
PRICKLE1	WNT4	9031.ENSGALP00000015542	9031.ENSGALP00000046583	0	0	0	0	0	0.044	0	0.445	0.447
PRICKLE1	FZD3	9031.ENSGALP00000015542	9031.ENSGALP00000043647	0	0	0	0	0	0.101	0	0.764	0.779
PRKCB	NCF4	9031.ENSGALP00000056743	9031.ENSGALP00000044384	0	0	0	0	0.070	0.102	0.400	0.045	0.457
PRKCB	GRIP1	9031.ENSGALP00000056743	9031.ENSGALP00000068781	0	0	0	0	0	0	0.400	0.111	0.443
PROX1	LHX4	9031.ENSGALP00000015910	9031.ENSGALP00000058540	0	0	0	0	0	0	0	0.627	0.627
PROZ	TAT	9031.ENSGALP00000070757	9031.ENSGALP00000001312	0	0	0	0	0.397	0	0	0.157	0.470
PROZ	F13B	9031.ENSGALP00000070757	9031.ENSGALP00000003726	0	0	0	0	0.392	0.059	0	0.554	0.723
PROZ	KMO	9031.ENSGALP00000070757	9031.ENSGALP00000012115	0	0	0	0	0.406	0.092	0	0.091	0.467
PROZ	F2	9031.ENSGALP00000070757	9031.ENSGALP00000013544	0	0.001	0	0.609	0.221	0.305	0	0.161	0.506
PROZ	AHSG	9031.ENSGALP00000070757	9031.ENSGALP00000013991	0	0	0	0	0.406	0.102	0	0.052	0.450
PROZ	FGA	9031.ENSGALP00000070757	9031.ENSGALP00000015061	0	0	0	0	0.420	0.127	0	0.302	0.616
PROZ	FGG	9031.ENSGALP00000070757	9031.ENSGALP00000015063	0	0	0	0	0.411	0.102	0	0.325	0.612
PROZ	TM4SF4	9031.ENSGALP00000070757	9031.ENSGALP00000016960	0	0	0	0	0.403	0	0	0.062	0.416
PROZ	C8B	9031.ENSGALP00000070757	9031.ENSGALP00000017617	0	0	0	0	0.375	0	0	0.110	0.419
PROZ	SERPINA10	9031.ENSGALP00000070757	9031.ENSGALP00000017847	0	0	0	0	0.394	0.328	0	0.719	0.875
PROZ	NR1H4	9031.ENSGALP00000070757	9031.ENSGALP00000018906	0	0	0	0	0.383	0.055	0	0.290	0.551
PROZ	GC	9031.ENSGALP00000070757	9031.ENSGALP00000018939	0	0	0	0	0.411	0	0	0	0.411
PROZ	TMPRSS6	9031.ENSGALP00000070757	9031.ENSGALP00000020367	0	0	0	0.602	0.388	0.073	0	0	0.408
PROZ	PAH	9031.ENSGALP00000070757	9031.ENSGALP00000020786	0	0	0	0	0.386	0	0.168	0	0.467
PROZ	HGFAC	9031.ENSGALP00000070757	9031.ENSGALP00000025139	0	0.002	0	0.572	0.387	0.098	0	0.051	0.429
PROZ	PRPS2	9031.ENSGALP00000070757	9031.ENSGALP00000026729	0	0	0	0	0.293	0	0	0.410	0.565
PROZ	CPB2	9031.ENSGALP00000070757	9031.ENSGALP00000027389	0	0	0	0	0.392	0.146	0	0.189	0.542
PROZ	HABP2	9031.ENSGALP00000070757	9031.ENSGALP00000032462	0	0	0	0.580	0.392	0.098	0	0	0.428
PROZ	FETUB	9031.ENSGALP00000070757	9031.ENSGALP00000038974	0	0	0	0	0.398	0.098	0	0	0.433
PROZ	MBL2	9031.ENSGALP00000070757	9031.ENSGALP00000040351	0	0	0	0	0.384	0.059	0	0.052	0.403
PROZ	SPP2	9031.ENSGALP00000070757	9031.ENSGALP00000044476	0	0	0	0	0.441	0	0	0	0.441
PROZ	SERPIND1	9031.ENSGALP00000070757	9031.ENSGALP00000053865	0	0	0	0	0.095	0.077	0	0.377	0.434
PROZ	ANGPTL3	9031.ENSGALP00000070757	9031.ENSGALP00000064198	0	0	0	0	0.445	0.066	0	0	0.459
PROZ	TFPI2	9031.ENSGALP00000070757	9031.ENSGALP00000066163	0	0	0	0	0	0.155	0	0.321	0.402
PROZ	SERPINF2	9031.ENSGALP00000070757	9031.ENSGALP00000068360	0	0	0	0	0.260	0.069	0	0.284	0.464
PRPS2	TAT	9031.ENSGALP00000026729	9031.ENSGALP00000001312	0.063	0	0	0	0.349	0	0	0.114	0.413
PRPS2	ACSL4	9031.ENSGALP00000026729	9031.ENSGALP00000013111	0	0	0	0	0	0	0	0.416	0.416
PRPS2	HGD	9031.ENSGALP00000026729	9031.ENSGALP00000024093	0	0	0	0	0.292	0	0	0.240	0.438
PRPS2	PIT54	9031.ENSGALP00000026729	9031.ENSGALP00000064701	0	0	0	0	0.093	0	0	0.382	0.415
PRPS2	NT5C1A	9031.ENSGALP00000026729	9031.ENSGALP00000067998	0.046	0	0	0	0	0.044	0	0.539	0.543
PRPS2	ATIC	9031.ENSGALP00000026729	9031.ENSGALP00000061123	0.093	0	0	0	0.106	0	0	0.494	0.555
PRPS2	PROZ	9031.ENSGALP00000026729	9031.ENSGALP00000070757	0	0	0	0	0.293	0	0	0.410	0.565
PRPS2	RPIA	9031.ENSGALP00000026729	9031.ENSGALP00000071334	0.067	0	0	0	0.089	0	0.900	0.491	0.951
PSAT1	TAT	9031.ENSGALP00000024450	9031.ENSGALP00000001312	0.077	0	0	0	0.093	0.054	0	0.634	0.671
PSAT1	HAO1	9031.ENSGALP00000024450	9031.ENSGALP00000014358	0	0	0	0	0	0	0	0.447	0.447
PSAT1	GLUL	9031.ENSGALP00000024450	9031.ENSGALP00000067937	0.121	0	0	0	0.064	0	0	0.345	0.414
PSAT1	OTC	9031.ENSGALP00000024450	9031.ENSGALP00000026160	0	0	0	0	0	0	0	0.442	0.442
PSAT1	RPIA	9031.ENSGALP00000024450	9031.ENSGALP00000071334	0	0	0	0	0	0	0	0.545	0.545
PSAT1	ATIC	9031.ENSGALP00000024450	9031.ENSGALP00000061123	0	0	0	0	0.254	0	0	0.526	0.631
PSAT1	MTHFD2	9031.ENSGALP00000024450	9031.ENSGALP00000057027	0.082	0	0	0	0.161	0.052	0	0.624	0.688
PTCHD1	SHH	9031.ENSGALP00000026339	9031.ENSGALP00000010292	0	0	0	0	0	0	0	0.633	0.633
PTCHD1	SLC16A2	9031.ENSGALP00000026339	9031.ENSGALP00000012547	0	0	0	0	0	0	0	0.442	0.442
PTCHD1	CBLN1	9031.ENSGALP00000026339	9031.ENSGALP00000047118	0	0	0	0	0.046	0	0	0.401	0.404
PXDN	CALR3	9031.ENSGALP00000026363	9031.ENSGALP00000006222	0	0	0	0	0	0	0	0.432	0.432
PXDN	SHH	9031.ENSGALP00000026363	9031.ENSGALP00000010292	0	0	0	0	0.044	0	0	0.478	0.479
PXDN	DCX	9031.ENSGALP00000026363	9031.ENSGALP00000012962	0	0	0	0	0.046	0	0	0.651	0.653
PXDN	BMP4	9031.ENSGALP00000026363	9031.ENSGALP00000020289	0	0	0	0	0	0	0	0.400	0.400
PXDN	CLDN1	9031.ENSGALP00000026363	9031.ENSGALP00000043047	0	0	0	0	0	0	0	0.426	0.426
PXDN	FOXP1	9031.ENSGALP00000026363	9031.ENSGALP00000044290	0	0	0	0	0	0	0	0.500	0.499
PXDN	EGFR	9031.ENSGALP00000026363	9031.ENSGALP00000053328	0	0	0	0	0	0.048	0	0.560	0.563
PXDN	ESR1	9031.ENSGALP00000026363	9031.ENSGALP00000073938	0	0	0	0	0.046	0	0	0.652	0.654
PXDN	MYC	9031.ENSGALP00000026363	9031.ENSGALP00000072090	0	0	0	0	0	0	0	0.721	0.721
RASGEF1A	NMU	9031.ENSGALP00000067891	9031.ENSGALP00000031462	0	0	0	0	0	0	0	0.548	0.548
RASGRP3	CACNG5	9031.ENSGALP00000016973	9031.ENSGALP00000006216	0	0	0	0	0	0.050	0.650	0	0.653
RASGRP3	DGKI	9031.ENSGALP00000016973	9031.ENSGALP00000020990	0	0	0	0	0	0.077	0	0.400	0.423
RASGRP3	CACNA1S	9031.ENSGALP00000016973	9031.ENSGALP00000056760	0	0	0	0	0.043	0	0.650	0	0.650
RASL11B	SLC24A3	9031.ENSGALP00000022564	9031.ENSGALP00000013741	0	0	0	0	0	0	0	0.701	0.701
RASL11B	RHOF	9031.ENSGALP00000022564	9031.ENSGALP00000049823	0	0	0	0	0	0.126	0	0.385	0.439
RASSF10	PLPP1	9031.ENSGALP00000047337	9031.ENSGALP00000045934	0	0	0	0	0	0	0	0.500	0.499
RBM38	PCK1	9031.ENSGALP00000042182	9031.ENSGALP00000012342	0	0	0	0	0	0	0	0.409	0.409
RBM38	ESRP2	9031.ENSGALP00000042182	9031.ENSGALP00000055344	0	0	0	0	0	0	0	0.424	0.424
RBM38	NMRK2	9031.ENSGALP00000042182	9031.ENSGALP00000060744	0	0	0	0	0	0.101	0	0.508	0.539
RBM38	ELAVL4	9031.ENSGALP00000042182	9031.ENSGALP00000057286	0	0	0.493	0	0	0	0	0.185	0.569
RBM47	APOB	9031.ENSGALP00000053358	9031.ENSGALP00000026550	0	0	0	0	0.173	0	0	0.396	0.480
REEP1	SLC9A7	9031.ENSGALP00000025409	9031.ENSGALP00000045352	0	0	0	0	0	0	0	0.432	0.432
RFTN1	CLGN	9031.ENSGALP00000018309	9031.ENSGALP00000015961	0	0	0	0	0	0	0	0.704	0.704
RFTN1	TRIL	9031.ENSGALP00000018309	9031.ENSGALP00000037008	0	0	0	0	0	0	0	0.600	0.600
RGS14	RGS20	9031.ENSGALP00000054845	9031.ENSGALP00000041794	0	0	0	0.723	0.043	0	0.500	0.061	0.511
RGS20	RGS14	9031.ENSGALP00000041794	9031.ENSGALP00000054845	0	0	0	0.723	0.043	0	0.500	0.061	0.511
RGS7BP	RGS9BP	9031.ENSGALP00000041799	9031.ENSGALP00000007438	0	0	0	0	0.042	0	0	0.625	0.625
RGS7BP	PCDH19	9031.ENSGALP00000041799	9031.ENSGALP00000069476	0	0	0	0	0	0	0	0.702	0.702
RGS9BP	GUCY2C	9031.ENSGALP00000007438	9031.ENSGALP00000019294	0	0	0	0	0.046	0	0	0.404	0.407
RGS9BP	RGS7BP	9031.ENSGALP00000007438	9031.ENSGALP00000041799	0	0	0	0	0.042	0	0	0.625	0.625
RHOC	FGD4	9031.ENSGALP00000002383	9031.ENSGALP00000067782	0	0	0	0	0.044	0.072	0.400	0.071	0.439
RHOC	NGEF	9031.ENSGALP00000002383	9031.ENSGALP00000045148	0	0	0	0	0.076	0.155	0.400	0.089	0.516
RHOF	BAIAP2L2	9031.ENSGALP00000049823	9031.ENSGALP00000020051	0	0	0	0	0	0.163	0.500	0	0.563
RHOF	RASL11B	9031.ENSGALP00000049823	9031.ENSGALP00000022564	0	0	0	0	0	0.126	0	0.385	0.439
RHOF	AKAP12	9031.ENSGALP00000049823	9031.ENSGALP00000043594	0	0	0	0	0	0	0.500	0	0.499
RHOF	ADD3	9031.ENSGALP00000049823	9031.ENSGALP00000070145	0	0	0	0	0	0	0.500	0	0.499
RHPN1	FGFRL1	9031.ENSGALP00000043555	9031.ENSGALP00000057609	0	0	0	0	0	0	0	0.478	0.478
RIPK2	TRHDE	9031.ENSGALP00000046771	9031.ENSGALP00000016562	0	0	0	0	0	0	0	0.465	0.465
RPIA	FBP1	9031.ENSGALP00000071334	9031.ENSGALP00000020563	0.099	0	0	0	0.096	0	0	0.494	0.551
RPIA	PSAT1	9031.ENSGALP00000071334	9031.ENSGALP00000024450	0	0	0	0	0	0	0	0.545	0.545
RPIA	EIF2AK3	9031.ENSGALP00000071334	9031.ENSGALP00000025668	0	0	0	0	0	0	0	0.680	0.680
RPIA	OTC	9031.ENSGALP00000071334	9031.ENSGALP00000026160	0	0	0	0	0.078	0	0	0.510	0.528
RPIA	PRPS2	9031.ENSGALP00000071334	9031.ENSGALP00000026729	0.067	0	0	0	0.089	0	0.900	0.491	0.951
RPIA	ALDOB	9031.ENSGALP00000071334	9031.ENSGALP00000036836	0	0	0	0	0	0	0	0.441	0.441
RPIA	MTHFD2	9031.ENSGALP00000071334	9031.ENSGALP00000057027	0.111	0	0	0	0.111	0	0	0.624	0.677
RPIA	NMRK2	9031.ENSGALP00000071334	9031.ENSGALP00000060744	0	0	0	0	0.049	0	0.348	0.232	0.482
RXRG	NR1H4	9031.ENSGALP00000068361	9031.ENSGALP00000018906	0	0	0	0.668	0.085	0.612	0	0.304	0.731
RXRG	MAFA	9031.ENSGALP00000068361	9031.ENSGALP00000042973	0	0	0	0	0	0	0	0.489	0.489
RXRG	PPARA	9031.ENSGALP00000068361	9031.ENSGALP00000053048	0	0	0	0.691	0.055	0.471	0.800	0.256	0.915
SATB2	DCX	9031.ENSGALP00000043071	9031.ENSGALP00000012962	0	0	0	0	0	0	0	0.500	0.499
SATB2	ZBTB20	9031.ENSGALP00000043071	9031.ENSGALP00000024300	0	0	0	0	0	0.077	0	0.494	0.513
SATB2	EOMES	9031.ENSGALP00000043071	9031.ENSGALP00000041400	0	0	0	0	0.062	0	0	0.437	0.450
SATB2	NKX2-1	9031.ENSGALP00000043071	9031.ENSGALP00000055123	0	0	0	0	0.045	0.067	0	0.445	0.462
SATB2	PCDH19	9031.ENSGALP00000043071	9031.ENSGALP00000069476	0	0	0	0	0.042	0	0	0.499	0.499
SATB2	HOXD13	9031.ENSGALP00000043071	9031.ENSGALP00000054291	0	0	0	0	0	0	0	0.525	0.525
SATB2	FOXP1	9031.ENSGALP00000043071	9031.ENSGALP00000044290	0	0	0	0	0	0.061	0	0.556	0.565
SCN8A	PDLIM3	9031.ENSGALP00000050098	9031.ENSGALP00000021842	0	0	0	0	0	0	0	0.628	0.628
SCN8A	DOCK3	9031.ENSGALP00000050098	9031.ENSGALP00000053992	0	0	0	0	0.154	0	0	0.325	0.404
SCN8A	ADCY1	9031.ENSGALP00000050098	9031.ENSGALP00000054345	0	0	0	0	0	0	0	0.511	0.511
SCN8A	CACNA1S	9031.ENSGALP00000050098	9031.ENSGALP00000056760	0	0	0	0.638	0	0.069	0.540	0	0.553
SCUBE3	PI15	9031.ENSGALP00000004206	9031.ENSGALP00000051751	0	0	0	0	0.053	0	0	0.740	0.743
SDC3	HS3ST2	9031.ENSGALP00000051243	9031.ENSGALP00000043624	0	0	0	0	0.045	0	0.400	0.061	0.414
SDC3	CSPG5	9031.ENSGALP00000051243	9031.ENSGALP00000049190	0	0	0	0	0	0	0.500	0.095	0.528
SDC3	CAPSL	9031.ENSGALP00000051243	9031.ENSGALP00000073682	0	0	0	0	0	0	0	0.422	0.422
SEMA5B	PLXNA4	9031.ENSGALP00000054807	9031.ENSGALP00000010443	0	0	0	0.549	0	0.274	0	0.383	0.533
SEMA5B	ADAMTS20	9031.ENSGALP00000054807	9031.ENSGALP00000049194	0	0	0	0.549	0	0	0.500	0	0.499
SEMA5B	NRP1	9031.ENSGALP00000054807	9031.ENSGALP00000063015	0	0	0	0	0.046	0.257	0	0.477	0.597
SEMA5B	PLXNB2	9031.ENSGALP00000054807	9031.ENSGALP00000066600	0	0	0	0.550	0.053	0.274	0	0.555	0.667
SEPT5	DGKG	9031.ENSGALP00000047074	9031.ENSGALP00000009166	0	0	0	0	0.049	0	0	0.500	0.504
SEPT5	CNTNAP5	9031.ENSGALP00000047074	9031.ENSGALP00000018862	0	0	0	0	0	0	0	0.632	0.632
SERPINA10	TAT	9031.ENSGALP00000017847	9031.ENSGALP00000001312	0	0	0	0	0.409	0	0	0.208	0.512
SERPINA10	CREB3L3	9031.ENSGALP00000017847	9031.ENSGALP00000001898	0	0	0	0	0.417	0	0	0	0.417
SERPINA10	F13B	9031.ENSGALP00000017847	9031.ENSGALP00000003726	0	0	0	0	0.397	0	0	0.468	0.666
SERPINA10	HNF4A	9031.ENSGALP00000017847	9031.ENSGALP00000006799	0	0	0	0	0.261	0.060	0	0.310	0.479
SERPINA10	PLA2G12B	9031.ENSGALP00000017847	9031.ENSGALP00000006895	0	0	0	0	0.410	0.078	0	0	0.433
SERPINA10	ITIH2	9031.ENSGALP00000017847	9031.ENSGALP00000011044	0	0	0	0	0.456	0	0	0	0.456
SERPINA10	CLDN2	9031.ENSGALP00000017847	9031.ENSGALP00000011818	0	0	0	0	0.296	0	0	0.185	0.401
SERPINA10	MASP1	9031.ENSGALP00000017847	9031.ENSGALP00000011986	0	0	0	0	0.225	0.077	0	0.447	0.570
SERPINA10	KMO	9031.ENSGALP00000017847	9031.ENSGALP00000012115	0	0	0	0	0.438	0	0	0	0.438
SERPINA10	F2	9031.ENSGALP00000017847	9031.ENSGALP00000013544	0	0	0	0	0.429	0.247	0	0.312	0.678
SERPINA10	AHSG	9031.ENSGALP00000017847	9031.ENSGALP00000013991	0	0	0	0	0.427	0	0	0.229	0.539
SERPINA10	FGA	9031.ENSGALP00000017847	9031.ENSGALP00000015061	0	0	0	0	0.594	0.047	0	0.412	0.753
SERPINA10	FGG	9031.ENSGALP00000017847	9031.ENSGALP00000015063	0	0	0	0	0.509	0.054	0	0.335	0.664
SERPINA10	SLC2A2	9031.ENSGALP00000017847	9031.ENSGALP00000015129	0	0	0	0	0.394	0	0	0.074	0.415
SERPINA10	TM4SF4	9031.ENSGALP00000017847	9031.ENSGALP00000016960	0	0	0	0	0.423	0	0	0	0.423
SERPINA10	MBL2	9031.ENSGALP00000017847	9031.ENSGALP00000040351	0	0	0	0	0.394	0	0	0.056	0.404
SERPINA10	TMPRSS6	9031.ENSGALP00000017847	9031.ENSGALP00000020367	0	0	0	0	0.383	0.077	0	0	0.406
SERPINA10	SPP2	9031.ENSGALP00000017847	9031.ENSGALP00000044476	0	0	0	0	0.410	0	0	0	0.410
SERPINA10	HGFAC	9031.ENSGALP00000017847	9031.ENSGALP00000025139	0	0	0	0	0.387	0.080	0	0.052	0.418
SERPINA10	C5	9031.ENSGALP00000017847	9031.ENSGALP00000050353	0	0	0	0	0.421	0	0	0.046	0.424
SERPINA10	HGD	9031.ENSGALP00000017847	9031.ENSGALP00000024093	0.046	0	0	0	0.411	0	0	0.078	0.437
SERPINA10	ALDH8A1	9031.ENSGALP00000017847	9031.ENSGALP00000022601	0	0	0	0	0.439	0.050	0	0	0.444
SERPINA10	HABP2	9031.ENSGALP00000017847	9031.ENSGALP00000032462	0	0	0	0	0.393	0.080	0	0.091	0.448
SERPINA10	GC	9031.ENSGALP00000017847	9031.ENSGALP00000018939	0	0	0	0	0.423	0.051	0	0.076	0.449
SERPINA10	CPB2	9031.ENSGALP00000017847	9031.ENSGALP00000027389	0	0	0	0	0.447	0	0	0.063	0.460
SERPINA10	APOB	9031.ENSGALP00000017847	9031.ENSGALP00000026550	0	0	0	0	0.447	0	0	0.089	0.475
SERPINA10	AGT	9031.ENSGALP00000017847	9031.ENSGALP00000018089	0	0	0.215	0.641	0.311	0	0	0.116	0.481
SERPINA10	APOA4	9031.ENSGALP00000017847	9031.ENSGALP00000071485	0	0	0	0	0.064	0.052	0	0.488	0.507
SERPINA10	SERPIND1	9031.ENSGALP00000017847	9031.ENSGALP00000053865	0	0	0.150	0.778	0.367	0	0	0.188	0.525
SERPINA10	FETUB	9031.ENSGALP00000017847	9031.ENSGALP00000038974	0	0	0	0	0.492	0	0	0.240	0.597
SERPINA10	F7	9031.ENSGALP00000017847	9031.ENSGALP00000056443	0	0	0	0	0.394	0.328	0	0.091	0.597
SERPINA10	ANGPTL3	9031.ENSGALP00000017847	9031.ENSGALP00000064198	0	0	0	0	0.389	0	0	0.372	0.600
SERPINA10	SERPINF2	9031.ENSGALP00000017847	9031.ENSGALP00000068360	0	0	0.203	0.671	0.429	0	0	0.205	0.607
SERPINA10	FGB	9031.ENSGALP00000017847	9031.ENSGALP00000038105	0	0	0	0	0.485	0.057	0	0.265	0.612
SERPINA10	CFI	9031.ENSGALP00000017847	9031.ENSGALP00000019783	0	0	0	0	0.516	0.069	0	0.243	0.629
SERPINA10	PROZ	9031.ENSGALP00000017847	9031.ENSGALP00000070757	0	0	0	0	0.394	0.328	0	0.719	0.875
SERPIND1	F13B	9031.ENSGALP00000053865	9031.ENSGALP00000003726	0	0	0	0	0.118	0	0.500	0.584	0.800
SERPIND1	ITIH2	9031.ENSGALP00000053865	9031.ENSGALP00000011044	0	0	0	0	0.256	0	0	0.703	0.769
SERPIND1	MASP1	9031.ENSGALP00000053865	9031.ENSGALP00000011986	0	0	0	0	0.134	0.077	0	0.454	0.526
SERPIND1	F2	9031.ENSGALP00000053865	9031.ENSGALP00000013544	0	0	0	0	0.530	0.864	0.700	0.837	0.996
SERPIND1	AHSG	9031.ENSGALP00000053865	9031.ENSGALP00000013991	0	0	0	0	0.467	0	0	0.344	0.635
SERPIND1	FGA	9031.ENSGALP00000053865	9031.ENSGALP00000015061	0	0	0	0	0.463	0	0.400	0.647	0.876
SERPIND1	FGG	9031.ENSGALP00000053865	9031.ENSGALP00000015063	0	0	0	0	0.400	0.054	0.400	0.614	0.851
SERPIND1	SERPINA10	9031.ENSGALP00000053865	9031.ENSGALP00000017847	0	0	0.150	0.778	0.367	0	0	0.188	0.525
SERPIND1	AGT	9031.ENSGALP00000053865	9031.ENSGALP00000018089	0	0	0.235	0.605	0.119	0	0	0.195	0.410
SERPIND1	CFI	9031.ENSGALP00000053865	9031.ENSGALP00000019783	0	0	0	0	0.437	0.069	0	0.154	0.518
SERPIND1	HGFAC	9031.ENSGALP00000053865	9031.ENSGALP00000025139	0	0	0	0	0.158	0.080	0	0.452	0.538
SERPIND1	CPB2	9031.ENSGALP00000053865	9031.ENSGALP00000027389	0	0	0	0	0.404	0	0	0.407	0.631
SERPIND1	HABP2	9031.ENSGALP00000053865	9031.ENSGALP00000032462	0	0	0	0	0.264	0.080	0	0.300	0.485
SERPIND1	FGB	9031.ENSGALP00000053865	9031.ENSGALP00000038105	0	0	0	0	0.421	0.057	0.500	0.517	0.850
SERPIND1	F5	9031.ENSGALP00000053865	9031.ENSGALP00000047983	0	0	0	0	0.076	0.052	0.400	0.140	0.487
SERPIND1	C5	9031.ENSGALP00000053865	9031.ENSGALP00000050353	0	0	0	0	0.276	0	0	0.294	0.467
SERPIND1	APOA4	9031.ENSGALP00000053865	9031.ENSGALP00000071485	0	0	0	0	0.238	0.052	0	0.245	0.407
SERPIND1	PROZ	9031.ENSGALP00000053865	9031.ENSGALP00000070757	0	0	0	0	0.095	0.077	0	0.377	0.434
SERPIND1	APOH	9031.ENSGALP00000053865	9031.ENSGALP00000054536	0	0	0	0	0.497	0.053	0	0.138	0.553
SERPIND1	SERPINF2	9031.ENSGALP00000053865	9031.ENSGALP00000068360	0	0	0.204	0.669	0.328	0	0	0.244	0.561
SERPIND1	KNG1	9031.ENSGALP00000053865	9031.ENSGALP00000060409	0	0	0	0	0.183	0	0	0.541	0.609
SERPIND1	TFPI2	9031.ENSGALP00000053865	9031.ENSGALP00000066163	0	0	0	0	0.042	0.043	0	0.658	0.659
SERPINF2	F13B	9031.ENSGALP00000068360	9031.ENSGALP00000003726	0	0	0	0	0.432	0	0	0.642	0.788
SERPINF2	F2	9031.ENSGALP00000068360	9031.ENSGALP00000013544	0	0	0	0	0.478	0.069	0	0.573	0.775
SERPINF2	AHSG	9031.ENSGALP00000068360	9031.ENSGALP00000013991	0	0	0	0	0.438	0	0	0.389	0.642
SERPINF2	FGA	9031.ENSGALP00000068360	9031.ENSGALP00000015061	0	0	0	0	0.652	0	0	0.452	0.801
SERPINF2	FGG	9031.ENSGALP00000068360	9031.ENSGALP00000015063	0	0	0	0	0.506	0	0	0.407	0.694
SERPINF2	TM4SF4	9031.ENSGALP00000068360	9031.ENSGALP00000016960	0	0	0	0	0.421	0	0	0.151	0.487
SERPINF2	SERPINA10	9031.ENSGALP00000068360	9031.ENSGALP00000017847	0	0	0.203	0.671	0.429	0	0	0.205	0.607
SERPINF2	GC	9031.ENSGALP00000068360	9031.ENSGALP00000018939	0	0	0	0	0.380	0	0	0.176	0.467
SERPINF2	CFI	9031.ENSGALP00000068360	9031.ENSGALP00000019783	0	0	0	0	0.408	0.069	0	0.160	0.497
SERPINF2	TMPRSS6	9031.ENSGALP00000068360	9031.ENSGALP00000020367	0	0	0	0	0.349	0.081	0	0.118	0.426
SERPINF2	ALDH8A1	9031.ENSGALP00000068360	9031.ENSGALP00000022601	0	0	0	0	0.444	0.047	0	0	0.447
SERPINF2	HGD	9031.ENSGALP00000068360	9031.ENSGALP00000024093	0.046	0	0	0	0.497	0	0	0.078	0.519
SERPINF2	HGFAC	9031.ENSGALP00000068360	9031.ENSGALP00000025139	0	0	0	0	0.345	0.080	0	0.370	0.587
SERPINF2	APOB	9031.ENSGALP00000068360	9031.ENSGALP00000026550	0	0	0	0	0.368	0	0	0.163	0.449
SERPINF2	CPB2	9031.ENSGALP00000068360	9031.ENSGALP00000027389	0	0	0	0	0.343	0	0	0.474	0.640
SERPINF2	HABP2	9031.ENSGALP00000068360	9031.ENSGALP00000032462	0	0	0	0	0.344	0.080	0	0.211	0.482
SERPINF2	FGB	9031.ENSGALP00000068360	9031.ENSGALP00000038105	0	0	0	0	0.471	0	0	0.297	0.613
SERPINF2	FETUB	9031.ENSGALP00000068360	9031.ENSGALP00000038974	0	0	0	0	0.415	0	0	0.187	0.504
SERPINF2	MBL2	9031.ENSGALP00000068360	9031.ENSGALP00000040351	0	0	0	0	0.322	0	0	0.212	0.443
SERPINF2	SPP2	9031.ENSGALP00000068360	9031.ENSGALP00000044476	0	0	0	0	0.502	0	0	0	0.502
SERPINF2	C5	9031.ENSGALP00000068360	9031.ENSGALP00000050353	0	0	0	0	0.340	0	0	0.291	0.512
SERPINF2	SERPIND1	9031.ENSGALP00000068360	9031.ENSGALP00000053865	0	0	0.204	0.669	0.328	0	0	0.244	0.561
SERPINF2	APOH	9031.ENSGALP00000068360	9031.ENSGALP00000054536	0	0	0	0	0.481	0	0	0.342	0.644
SERPINF2	KNG1	9031.ENSGALP00000068360	9031.ENSGALP00000060409	0	0	0	0	0.220	0	0	0.600	0.675
SERPINF2	TFPI2	9031.ENSGALP00000068360	9031.ENSGALP00000066163	0	0	0	0	0.042	0.043	0	0.445	0.446
SERPINF2	PROZ	9031.ENSGALP00000068360	9031.ENSGALP00000070757	0	0	0	0	0.260	0.069	0	0.284	0.464
SFRP4	FZD3	9031.ENSGALP00000046731	9031.ENSGALP00000043647	0	0	0	0.634	0.046	0	0.650	0.118	0.679
SFRP4	WNT4	9031.ENSGALP00000046731	9031.ENSGALP00000046583	0	0	0	0	0	0.177	0.650	0.458	0.830
SFRP4	WNT16	9031.ENSGALP00000046731	9031.ENSGALP00000054779	0	0	0	0	0	0.177	0.650	0.599	0.874
SGK1	SGK2	9031.ENSGALP00000068769	9031.ENSGALP00000005583	0	0	0.056	0.969	0	0	0.900	0	0.901
SGK1	GC	9031.ENSGALP00000068769	9031.ENSGALP00000018939	0	0	0	0	0	0	0	0.518	0.518
SGK1	ALDH8A1	9031.ENSGALP00000068769	9031.ENSGALP00000022601	0	0	0	0	0	0.052	0	0.513	0.519
SGK2	AGT	9031.ENSGALP00000005583	9031.ENSGALP00000018089	0	0	0	0	0.346	0	0	0.121	0.400
SGK2	SGK1	9031.ENSGALP00000005583	9031.ENSGALP00000068769	0	0	0.056	0.969	0	0	0.900	0	0.901
SH3BP2	TNFRSF11B	9031.ENSGALP00000068120	9031.ENSGALP00000055107	0	0	0	0	0	0	0	0.676	0.676
SH3GL3	FGFR3	9031.ENSGALP00000009724	9031.ENSGALP00000001710	0	0	0	0	0.061	0	0.650	0	0.657
SH3GL3	LRP2	9031.ENSGALP00000009724	9031.ENSGALP00000017630	0	0	0	0	0	0	0.500	0	0.499
SH3GL3	SYT11	9031.ENSGALP00000009724	9031.ENSGALP00000061220	0	0	0	0	0.052	0	0.500	0.185	0.579
SH3GL3	SYT2	9031.ENSGALP00000009724	9031.ENSGALP00000047260	0	0	0	0	0.045	0.051	0.500	0.271	0.625
SH3GL3	DAB2	9031.ENSGALP00000009724	9031.ENSGALP00000072624	0	0	0	0	0.061	0	0.500	0.292	0.638
SH3GL3	EGFR	9031.ENSGALP00000009724	9031.ENSGALP00000053328	0	0	0	0	0	0.161	0.650	0.075	0.704
SHH	FGFR3	9031.ENSGALP00000010292	9031.ENSGALP00000001710	0	0	0	0	0.051	0.046	0	0.546	0.553
SHH	FOXP1	9031.ENSGALP00000010292	9031.ENSGALP00000044290	0	0	0	0	0.091	0	0	0.396	0.428
SHH	FZD3	9031.ENSGALP00000010292	9031.ENSGALP00000043647	0	0	0	0	0.050	0.098	0	0.424	0.464
SHH	PXDN	9031.ENSGALP00000010292	9031.ENSGALP00000026363	0	0	0	0	0.044	0	0	0.478	0.479
SHH	MEIS1	9031.ENSGALP00000010292	9031.ENSGALP00000068200	0	0	0	0	0	0	0	0.486	0.486
SHH	GDF11	9031.ENSGALP00000010292	9031.ENSGALP00000048799	0	0	0	0	0	0.067	0	0.509	0.523
SHH	DBX2	9031.ENSGALP00000010292	9031.ENSGALP00000037987	0	0	0	0	0	0	0	0.533	0.533
SHH	HOXB8	9031.ENSGALP00000010292	9031.ENSGALP00000050767	0	0	0	0	0.077	0	0	0.517	0.535
SHH	MYC	9031.ENSGALP00000010292	9031.ENSGALP00000072090	0	0	0	0	0	0	0	0.544	0.544
SHH	NKX6-2	9031.ENSGALP00000010292	9031.ENSGALP00000018279	0	0	0	0	0.097	0	0	0.518	0.547
SHH	DLL1	9031.ENSGALP00000010292	9031.ENSGALP00000067155	0	0	0	0	0.054	0.054	0	0.556	0.568
SHH	MNX1	9031.ENSGALP00000010292	9031.ENSGALP00000056537	0	0	0	0	0.043	0	0	0.604	0.605
SHH	NKX3-2	9031.ENSGALP00000010292	9031.ENSGALP00000064633	0	0	0	0	0	0	0	0.605	0.605
SHH	PTCHD1	9031.ENSGALP00000010292	9031.ENSGALP00000026339	0	0	0	0	0	0	0	0.633	0.633
SHH	WNT4	9031.ENSGALP00000010292	9031.ENSGALP00000046583	0	0	0	0	0.063	0.101	0	0.625	0.656
SHH	EGFR	9031.ENSGALP00000010292	9031.ENSGALP00000053328	0	0	0	0	0.046	0.053	0	0.677	0.683
SHH	PAX9	9031.ENSGALP00000010292	9031.ENSGALP00000037011	0	0	0	0	0	0	0	0.693	0.693
SHH	GBX2	9031.ENSGALP00000010292	9031.ENSGALP00000052169	0	0	0	0	0	0	0	0.713	0.713
SHH	CHRD	9031.ENSGALP00000010292	9031.ENSGALP00000050115	0	0	0	0	0	0	0	0.733	0.733
SHH	TBX2	9031.ENSGALP00000010292	9031.ENSGALP00000057931	0	0	0	0	0.047	0.057	0	0.730	0.736
SHH	TBX3	9031.ENSGALP00000010292	9031.ENSGALP00000045049	0	0	0	0	0.047	0.057	0	0.731	0.737
SHH	HOXD13	9031.ENSGALP00000010292	9031.ENSGALP00000054291	0	0	0	0	0.065	0	0	0.801	0.806
SHH	NKX2-1	9031.ENSGALP00000010292	9031.ENSGALP00000055123	0	0	0	0	0	0	0	0.844	0.844
SHH	GLI3	9031.ENSGALP00000010292	9031.ENSGALP00000048561	0	0	0	0	0.049	0.135	0	0.951	0.956
SHH	BMP4	9031.ENSGALP00000010292	9031.ENSGALP00000020289	0	0	0	0	0	0.101	0	0.961	0.964
SHH	LRP2	9031.ENSGALP00000010292	9031.ENSGALP00000017630	0	0	0	0	0	0	0.900	0.766	0.975
SHISA2	TMEM123	9031.ENSGALP00000048347	9031.ENSGALP00000035647	0	0	0	0	0	0	0	0.500	0.499
SIGIRR	HGFAC	9031.ENSGALP00000006773	9031.ENSGALP00000025139	0	0	0	0	0.255	0.237	0	0.046	0.410
SLC16A2	PTCHD1	9031.ENSGALP00000012547	9031.ENSGALP00000026339	0	0	0	0	0	0	0	0.442	0.442
SLC16A2	SLC35F1	9031.ENSGALP00000012547	9031.ENSGALP00000066484	0	0	0	0	0	0	0	0.605	0.605
SLC16A2	DIO2	9031.ENSGALP00000012547	9031.ENSGALP00000068702	0	0	0	0	0.102	0	0	0.695	0.714
SLC16A3	SLC38A4	9031.ENSGALP00000004297	9031.ENSGALP00000015821	0	0	0	0	0	0	0	0.439	0.439
SLC16A3	SLC5A12	9031.ENSGALP00000004297	9031.ENSGALP00000021691	0	0	0	0	0	0	0	0.506	0.506
SLC16A3	SLC2A2	9031.ENSGALP00000004297	9031.ENSGALP00000015129	0	0	0	0	0	0	0	0.520	0.520
SLC16A3	SLC35F3	9031.ENSGALP00000004297	9031.ENSGALP00000017896	0	0	0	0	0	0	0	0.605	0.605
SLC23A1	ATIC	9031.ENSGALP00000048696	9031.ENSGALP00000061123	0.053	0	0	0	0.208	0	0	0.344	0.465
SLC23A1	DPYS	9031.ENSGALP00000048696	9031.ENSGALP00000054123	0.075	0	0	0	0.453	0	0	0.184	0.551
SLC24A3	RASL11B	9031.ENSGALP00000013741	9031.ENSGALP00000022564	0	0	0	0	0	0	0	0.701	0.701
SLC2A2	F13B	9031.ENSGALP00000015129	9031.ENSGALP00000003726	0	0	0	0	0.444	0	0	0.222	0.549
SLC2A2	SLC16A3	9031.ENSGALP00000015129	9031.ENSGALP00000004297	0	0	0	0	0	0	0	0.520	0.520
SLC2A2	HNF4A	9031.ENSGALP00000015129	9031.ENSGALP00000006799	0	0	0	0	0.378	0	0	0.297	0.544
SLC2A2	PLA2G12B	9031.ENSGALP00000015129	9031.ENSGALP00000006895	0	0	0	0	0.420	0	0	0	0.420
SLC2A2	CPT1A	9031.ENSGALP00000015129	9031.ENSGALP00000011452	0	0	0	0	0.044	0	0	0.517	0.518
SLC2A2	KMO	9031.ENSGALP00000015129	9031.ENSGALP00000012115	0	0	0	0	0.391	0	0	0.110	0.435
SLC2A2	PCK1	9031.ENSGALP00000015129	9031.ENSGALP00000012342	0	0	0	0	0.375	0	0	0.540	0.700
SLC2A2	FGA	9031.ENSGALP00000015129	9031.ENSGALP00000015061	0	0	0	0	0.423	0	0	0	0.423
SLC2A2	OTC	9031.ENSGALP00000015129	9031.ENSGALP00000026160	0	0	0	0	0.355	0	0	0.110	0.401
SLC2A2	HGFAC	9031.ENSGALP00000015129	9031.ENSGALP00000025139	0	0	0	0	0.387	0.073	0	0	0.407
SLC2A2	FETUB	9031.ENSGALP00000015129	9031.ENSGALP00000038974	0	0	0	0	0.393	0.070	0	0	0.411
SLC2A2	SERPINA10	9031.ENSGALP00000015129	9031.ENSGALP00000017847	0	0	0	0	0.394	0	0	0.074	0.415
SLC2A2	FGB	9031.ENSGALP00000015129	9031.ENSGALP00000038105	0	0	0	0	0.416	0	0	0	0.416
SLC2A2	ANGPTL3	9031.ENSGALP00000015129	9031.ENSGALP00000064198	0	0	0	0	0.423	0	0	0	0.423
SLC2A2	NKX6-1	9031.ENSGALP00000015129	9031.ENSGALP00000057070	0	0	0	0	0	0	0	0.426	0.426
SLC2A2	CPB2	9031.ENSGALP00000015129	9031.ENSGALP00000027389	0	0	0	0	0.411	0.067	0	0	0.427
SLC2A2	PPARA	9031.ENSGALP00000015129	9031.ENSGALP00000053048	0	0	0	0	0.071	0	0	0.410	0.429
SLC2A2	ALDH8A1	9031.ENSGALP00000015129	9031.ENSGALP00000022601	0	0	0	0	0.411	0	0	0.075	0.431
SLC2A2	HGD	9031.ENSGALP00000015129	9031.ENSGALP00000024093	0	0	0	0	0.411	0	0	0.077	0.433
SLC2A2	A1CF	9031.ENSGALP00000015129	9031.ENSGALP00000048156	0	0	0	0	0.424	0	0	0.061	0.436
SLC2A2	SPP2	9031.ENSGALP00000015129	9031.ENSGALP00000044476	0	0	0	0	0.437	0	0	0	0.437
SLC2A2	FFAR4	9031.ENSGALP00000015129	9031.ENSGALP00000042701	0	0	0	0	0.245	0	0	0.295	0.444
SLC2A2	MNX1	9031.ENSGALP00000015129	9031.ENSGALP00000056537	0	0	0	0	0.046	0	0	0.447	0.450
SLC2A2	GC	9031.ENSGALP00000015129	9031.ENSGALP00000018939	0	0	0	0	0.422	0	0	0.089	0.451
SLC2A2	PAH	9031.ENSGALP00000015129	9031.ENSGALP00000020786	0	0	0	0	0.447	0	0	0.052	0.453
SLC2A2	HAAO	9031.ENSGALP00000015129	9031.ENSGALP00000016119	0	0	0	0	0.410	0	0	0.130	0.465
SLC2A2	CLDN1	9031.ENSGALP00000015129	9031.ENSGALP00000043047	0	0	0	0	0	0	0	0.478	0.478
SLC2A2	MAFA	9031.ENSGALP00000015129	9031.ENSGALP00000042973	0	0	0	0	0.042	0	0	0.498	0.499
SLC2A2	NPY	9031.ENSGALP00000015129	9031.ENSGALP00000017870	0	0	0	0	0	0	0	0.511	0.511
SLC2A2	NR1H4	9031.ENSGALP00000015129	9031.ENSGALP00000018906	0	0	0	0	0.446	0	0	0.219	0.549
SLC2A2	ALDOB	9031.ENSGALP00000015129	9031.ENSGALP00000036836	0	0	0	0	0.341	0	0	0.380	0.574
SLC2A2	FBP1	9031.ENSGALP00000015129	9031.ENSGALP00000020563	0	0	0	0	0.252	0	0.155	0.389	0.580
SLC2A2	APOB	9031.ENSGALP00000015129	9031.ENSGALP00000026550	0	0	0	0	0.557	0.054	0	0.276	0.670
SLC2A2	HNF1A	9031.ENSGALP00000015129	9031.ENSGALP00000060662	0	0	0	0	0.388	0	0	0.483	0.670
SLC2A5	SLC30A10	9031.ENSGALP00000003884	9031.ENSGALP00000041013	0	0	0	0	0.092	0	0	0.419	0.450
SLC2A5	PAH	9031.ENSGALP00000003884	9031.ENSGALP00000020786	0	0	0	0	0.184	0	0	0.359	0.455
SLC2A5	ALDOB	9031.ENSGALP00000003884	9031.ENSGALP00000036836	0	0	0	0	0.179	0	0	0.512	0.582
SLC2A5	KCNK13	9031.ENSGALP00000003884	9031.ENSGALP00000047278	0	0	0	0	0	0	0	0.601	0.601
SLC30A10	SLC2A5	9031.ENSGALP00000041013	9031.ENSGALP00000003884	0	0	0	0	0.092	0	0	0.419	0.450
SLC30A10	CHST1	9031.ENSGALP00000041013	9031.ENSGALP00000013735	0	0	0	0	0	0	0	0.601	0.601
SLC30A10	AHSG	9031.ENSGALP00000041013	9031.ENSGALP00000013991	0	0	0	0	0.302	0	0	0.256	0.458
SLC30A10	ATP7B	9031.ENSGALP00000041013	9031.ENSGALP00000027449	0.078	0	0	0	0.278	0	0	0.278	0.477
SLC30A10	ADGRG2	9031.ENSGALP00000041013	9031.ENSGALP00000050330	0	0	0	0	0	0.045	0	0.538	0.539
SLC30A10	HSPA12A	9031.ENSGALP00000041013	9031.ENSGALP00000071944	0	0	0	0	0.065	0	0	0.549	0.560
SLC30A10	SLC35G1	9031.ENSGALP00000041013	9031.ENSGALP00000058279	0.043	0	0	0	0.045	0.053	0	0.711	0.716
SLC35F1	SLC16A2	9031.ENSGALP00000066484	9031.ENSGALP00000012547	0	0	0	0	0	0	0	0.605	0.605
SLC35F1	TRHDE	9031.ENSGALP00000066484	9031.ENSGALP00000016562	0	0	0	0	0.045	0	0	0.481	0.483
SLC35F1	TBC1D32	9031.ENSGALP00000066484	9031.ENSGALP00000023954	0	0	0	0	0	0	0	0.679	0.679
SLC35F1	GLI3	9031.ENSGALP00000066484	9031.ENSGALP00000048561	0	0	0	0	0	0	0	0.433	0.433
SLC35F1	FRMD4B	9031.ENSGALP00000066484	9031.ENSGALP00000057119	0	0	0	0	0.048	0	0	0.421	0.425
SLC35F3	SLC16A3	9031.ENSGALP00000017896	9031.ENSGALP00000004297	0	0	0	0	0	0	0	0.605	0.605
SLC35F3	SLC38A4	9031.ENSGALP00000017896	9031.ENSGALP00000015821	0	0	0	0	0.046	0	0	0.707	0.708
SLC35F3	AKAP12	9031.ENSGALP00000017896	9031.ENSGALP00000043594	0	0	0	0	0	0	0	0.500	0.499
SLC35G1	SLC30A10	9031.ENSGALP00000058279	9031.ENSGALP00000041013	0.043	0	0	0	0.045	0.053	0	0.711	0.716
SLC35G1	HSPA12A	9031.ENSGALP00000058279	9031.ENSGALP00000071944	0	0	0	0	0	0.073	0	0.757	0.765
SLC38A4	SLC16A3	9031.ENSGALP00000015821	9031.ENSGALP00000004297	0	0	0	0	0	0	0	0.439	0.439
SLC38A4	AHSG	9031.ENSGALP00000015821	9031.ENSGALP00000013991	0	0	0	0	0.393	0	0	0.150	0.462
SLC38A4	C8B	9031.ENSGALP00000015821	9031.ENSGALP00000017617	0	0	0	0	0.200	0	0	0.282	0.402
SLC38A4	CPB2	9031.ENSGALP00000015821	9031.ENSGALP00000027389	0	0	0	0	0.398	0	0	0.098	0.433
SLC38A4	SLC35F3	9031.ENSGALP00000015821	9031.ENSGALP00000017896	0	0	0	0	0.046	0	0	0.707	0.708
SLC51A	F13B	9031.ENSGALP00000012073	9031.ENSGALP00000003726	0	0	0	0	0.378	0	0	0.181	0.468
SLC51A	HNF4A	9031.ENSGALP00000012073	9031.ENSGALP00000006799	0	0	0	0	0.378	0	0	0.075	0.400
SLC51A	NR1H4	9031.ENSGALP00000012073	9031.ENSGALP00000018906	0	0	0	0	0.378	0	0	0.400	0.610
SLC5A12	SLC16A3	9031.ENSGALP00000021691	9031.ENSGALP00000004297	0	0	0	0	0	0	0	0.506	0.506
SLC5A12	PALMD	9031.ENSGALP00000021691	9031.ENSGALP00000008724	0	0	0	0	0	0	0	0.533	0.533
SLC5A12	ARHGAP24	9031.ENSGALP00000021691	9031.ENSGALP00000018112	0	0	0	0	0	0	0	0.447	0.447
SLC5A12	CCNO	9031.ENSGALP00000021691	9031.ENSGALP00000041991	0	0	0	0	0	0	0	0.523	0.523
SLC9A7	REEP1	9031.ENSGALP00000045352	9031.ENSGALP00000025409	0	0	0	0	0	0	0	0.432	0.432
SOCS2	PIK3C2G	9031.ENSGALP00000067577	9031.ENSGALP00000021380	0	0	0	0	0.044	0	0.540	0.070	0.555
SOCS2	FBXO43	9031.ENSGALP00000067577	9031.ENSGALP00000056901	0	0	0	0	0	0	0	0.435	0.435
SOX6	FGFR3	9031.ENSGALP00000009790	9031.ENSGALP00000001710	0	0	0	0	0.050	0	0	0.452	0.457
SOX6	BAG3	9031.ENSGALP00000009790	9031.ENSGALP00000015342	0	0	0	0	0	0	0	0.451	0.451
SOX6	WNT4	9031.ENSGALP00000009790	9031.ENSGALP00000046583	0	0	0	0	0.045	0	0	0.474	0.476
SOX6	NKX2-1	9031.ENSGALP00000009790	9031.ENSGALP00000055123	0	0	0	0	0	0	0	0.483	0.483
SOX6	CHST11	9031.ENSGALP00000009790	9031.ENSGALP00000054531	0	0	0	0	0	0	0	0.520	0.520
SOX6	NKX3-2	9031.ENSGALP00000009790	9031.ENSGALP00000064633	0	0	0	0	0	0	0	0.555	0.555
SPEF2	IL7R	9031.ENSGALP00000038362	9031.ENSGALP00000021778	0	0.408	0	0	0	0	0	0.170	0.487
SPEF2	CAPSL	9031.ENSGALP00000038362	9031.ENSGALP00000073682	0	0	0	0	0.063	0.053	0	0.581	0.596
SPP2	TAT	9031.ENSGALP00000044476	9031.ENSGALP00000001312	0	0	0	0	0.431	0	0	0	0.431
SPP2	F13B	9031.ENSGALP00000044476	9031.ENSGALP00000003726	0	0	0	0	0.493	0	0	0	0.493
SPP2	ITIH2	9031.ENSGALP00000044476	9031.ENSGALP00000011044	0	0	0	0	0.411	0	0	0	0.411
SPP2	KMO	9031.ENSGALP00000044476	9031.ENSGALP00000012115	0	0	0	0	0.413	0	0	0	0.413
SPP2	AHSG	9031.ENSGALP00000044476	9031.ENSGALP00000013991	0	0	0	0	0.539	0	0	0.699	0.855
SPP2	FGA	9031.ENSGALP00000044476	9031.ENSGALP00000015061	0	0	0	0	0.594	0	0	0.261	0.688
SPP2	FGG	9031.ENSGALP00000044476	9031.ENSGALP00000015063	0	0	0	0	0.512	0	0	0.053	0.518
SPP2	SLC2A2	9031.ENSGALP00000044476	9031.ENSGALP00000015129	0	0	0	0	0.437	0	0	0	0.437
SPP2	HAAO	9031.ENSGALP00000044476	9031.ENSGALP00000016119	0	0	0	0	0.428	0	0	0	0.428
SPP2	TM4SF4	9031.ENSGALP00000044476	9031.ENSGALP00000016960	0	0	0	0	0.440	0	0	0	0.440
SPP2	C8B	9031.ENSGALP00000044476	9031.ENSGALP00000017617	0	0	0	0	0.404	0	0	0	0.404
SPP2	SERPINA10	9031.ENSGALP00000044476	9031.ENSGALP00000017847	0	0	0	0	0.410	0	0	0	0.410
SPP2	NR1H4	9031.ENSGALP00000044476	9031.ENSGALP00000018906	0	0	0	0	0.445	0	0	0	0.445
SPP2	GC	9031.ENSGALP00000044476	9031.ENSGALP00000018939	0	0	0	0	0.485	0	0	0.077	0.504
SPP2	PAH	9031.ENSGALP00000044476	9031.ENSGALP00000020786	0	0	0	0	0.461	0	0	0.056	0.469
SPP2	ALDH8A1	9031.ENSGALP00000044476	9031.ENSGALP00000022601	0	0	0	0	0.423	0	0	0	0.423
SPP2	HGD	9031.ENSGALP00000044476	9031.ENSGALP00000024093	0	0	0	0	0.579	0	0	0	0.579
SPP2	HGFAC	9031.ENSGALP00000044476	9031.ENSGALP00000025139	0	0	0	0	0.419	0	0	0	0.419
SPP2	APOB	9031.ENSGALP00000044476	9031.ENSGALP00000026550	0	0	0	0	0.423	0	0	0.159	0.494
SPP2	CPB2	9031.ENSGALP00000044476	9031.ENSGALP00000027389	0	0	0	0	0.487	0	0	0.221	0.583
SPP2	HABP2	9031.ENSGALP00000044476	9031.ENSGALP00000032462	0	0	0	0	0.498	0	0	0	0.498
SPP2	FGB	9031.ENSGALP00000044476	9031.ENSGALP00000038105	0	0	0	0	0.443	0	0	0	0.443
SPP2	FETUB	9031.ENSGALP00000044476	9031.ENSGALP00000038974	0	0	0	0	0.455	0	0	0.129	0.505
SPP2	MBL2	9031.ENSGALP00000044476	9031.ENSGALP00000040351	0	0	0	0	0.427	0	0	0	0.427
SPP2	TIMP3	9031.ENSGALP00000044476	9031.ENSGALP00000040866	0	0	0	0	0	0	0.400	0	0.400
SPP2	A1CF	9031.ENSGALP00000044476	9031.ENSGALP00000048156	0	0	0	0	0.424	0	0	0	0.424
SPP2	PROZ	9031.ENSGALP00000044476	9031.ENSGALP00000070757	0	0	0	0	0.441	0	0	0	0.441
SPP2	F7	9031.ENSGALP00000044476	9031.ENSGALP00000056443	0	0	0	0	0.441	0	0	0	0.441
SPP2	ANGPTL3	9031.ENSGALP00000044476	9031.ENSGALP00000064198	0	0	0	0	0.497	0	0	0	0.497
SPP2	SERPINF2	9031.ENSGALP00000044476	9031.ENSGALP00000068360	0	0	0	0	0.502	0	0	0	0.502
SPP2	PIT54	9031.ENSGALP00000044476	9031.ENSGALP00000064701	0	0	0	0	0.150	0	0	0.481	0.540
SPP2	PCDH19	9031.ENSGALP00000044476	9031.ENSGALP00000069476	0	0	0	0	0	0	0	0.600	0.600
SPP2	ARL4C	9031.ENSGALP00000044476	9031.ENSGALP00000066958	0	0	0	0	0	0	0	0.630	0.630
SPP2	APOH	9031.ENSGALP00000044476	9031.ENSGALP00000054536	0	0	0	0	0.357	0	0.400	0.370	0.735
ST8SIA5	DGKI	9031.ENSGALP00000052018	9031.ENSGALP00000020990	0	0	0	0	0	0	0	0.532	0.532
STK17A	DCX	9031.ENSGALP00000056836	9031.ENSGALP00000012962	0	0.353	0	0	0	0.162	0	0.056	0.444
STRIP2	TRAF3IP3	9031.ENSGALP00000052613	9031.ENSGALP00000059866	0	0	0	0	0	0.635	0	0.107	0.660
SULT1C3	PIGR	9031.ENSGALP00000027077	9031.ENSGALP00000001351	0	0	0	0	0.304	0	0	0.294	0.488
SULT1C3	HNF4A	9031.ENSGALP00000027077	9031.ENSGALP00000006799	0	0	0	0	0.381	0.051	0	0.183	0.478
SULT1C3	KMO	9031.ENSGALP00000027077	9031.ENSGALP00000012115	0	0	0	0	0.376	0	0	0.139	0.439
SULT1C3	PCK1	9031.ENSGALP00000027077	9031.ENSGALP00000012342	0	0	0	0	0.383	0	0	0.125	0.437
SULT1C3	HAAO	9031.ENSGALP00000027077	9031.ENSGALP00000016119	0	0	0	0	0.379	0	0	0.117	0.428
SULT1C3	APOB	9031.ENSGALP00000027077	9031.ENSGALP00000026550	0	0	0	0	0.380	0	0	0.152	0.452
SULT1C3	FMO3	9031.ENSGALP00000027077	9031.ENSGALP00000053108	0	0	0	0	0.051	0	0	0.428	0.433
SULT1C3	DPYS	9031.ENSGALP00000027077	9031.ENSGALP00000054123	0	0	0	0	0.059	0	0	0.479	0.489
SUSD3	HAAO	9031.ENSGALP00000069638	9031.ENSGALP00000016119	0	0	0	0	0.065	0	0	0.600	0.610
SUSD3	HS3ST2	9031.ENSGALP00000069638	9031.ENSGALP00000043624	0	0	0	0	0	0	0	0.601	0.601
SYT11	SH3GL3	9031.ENSGALP00000061220	9031.ENSGALP00000009724	0	0	0	0	0.052	0	0.500	0.185	0.579
SYT11	LRP2	9031.ENSGALP00000061220	9031.ENSGALP00000017630	0	0	0	0	0	0	0.500	0.052	0.505
SYT11	IL7R	9031.ENSGALP00000061220	9031.ENSGALP00000021778	0	0	0	0	0	0	0.500	0.237	0.602
SYT11	SYT2	9031.ENSGALP00000061220	9031.ENSGALP00000047260	0	0	0	0.791	0.127	0.273	0.500	0.200	0.712
SYT11	EGFR	9031.ENSGALP00000061220	9031.ENSGALP00000053328	0	0	0	0	0	0	0.500	0.062	0.510
SYT11	DAB2	9031.ENSGALP00000061220	9031.ENSGALP00000072624	0	0	0	0	0	0	0.500	0.100	0.530
SYT2	SH3GL3	9031.ENSGALP00000047260	9031.ENSGALP00000009724	0	0	0	0	0.045	0.051	0.500	0.271	0.625
SYT2	LRP2	9031.ENSGALP00000047260	9031.ENSGALP00000017630	0	0	0	0	0	0.063	0.500	0.048	0.515
SYT2	IL7R	9031.ENSGALP00000047260	9031.ENSGALP00000021778	0	0	0	0	0	0	0.500	0	0.499
SYT2	EGFR	9031.ENSGALP00000047260	9031.ENSGALP00000053328	0	0	0	0	0	0	0.500	0.062	0.510
SYT2	DAB2	9031.ENSGALP00000047260	9031.ENSGALP00000072624	0	0	0	0	0	0	0.500	0.125	0.543
SYT2	SYT11	9031.ENSGALP00000047260	9031.ENSGALP00000061220	0	0	0	0.791	0.127	0.273	0.500	0.200	0.712
TAT	ALDOB	9031.ENSGALP00000001312	9031.ENSGALP00000036836	0	0	0	0	0.239	0	0	0.252	0.406
TAT	HAAO	9031.ENSGALP00000001312	9031.ENSGALP00000016119	0	0	0	0	0.296	0	0	0.197	0.410
TAT	MBL2	9031.ENSGALP00000001312	9031.ENSGALP00000040351	0	0	0	0	0.412	0	0	0	0.412
TAT	PRPS2	9031.ENSGALP00000001312	9031.ENSGALP00000026729	0.063	0	0	0	0.349	0	0	0.114	0.413
TAT	F7	9031.ENSGALP00000001312	9031.ENSGALP00000056443	0	0	0	0	0.390	0	0	0.080	0.415
TAT	TMPRSS6	9031.ENSGALP00000001312	9031.ENSGALP00000020367	0	0	0	0	0.391	0	0	0.080	0.416
TAT	HNF1A	9031.ENSGALP00000001312	9031.ENSGALP00000060662	0	0	0	0	0.295	0	0	0.208	0.418
TAT	ALDH8A1	9031.ENSGALP00000001312	9031.ENSGALP00000022601	0	0	0	0	0.344	0.059	0	0.147	0.428
TAT	SPP2	9031.ENSGALP00000001312	9031.ENSGALP00000044476	0	0	0	0	0.431	0	0	0	0.431
TAT	FETUB	9031.ENSGALP00000001312	9031.ENSGALP00000038974	0	0	0	0	0.426	0	0	0.052	0.432
TAT	HGFAC	9031.ENSGALP00000001312	9031.ENSGALP00000025139	0	0	0	0	0.387	0	0	0.112	0.433
TAT	NR1H4	9031.ENSGALP00000001312	9031.ENSGALP00000018906	0	0	0	0	0.352	0	0	0.172	0.440
TAT	CPB2	9031.ENSGALP00000001312	9031.ENSGALP00000027389	0	0	0	0	0.452	0	0	0	0.452
TAT	FGA	9031.ENSGALP00000001312	9031.ENSGALP00000015061	0	0	0	0	0.441	0	0	0.063	0.454
TAT	GC	9031.ENSGALP00000001312	9031.ENSGALP00000018939	0	0	0	0	0.458	0	0	0	0.458
TAT	FGG	9031.ENSGALP00000001312	9031.ENSGALP00000015063	0	0	0	0	0.415	0	0	0.122	0.465
TAT	PROZ	9031.ENSGALP00000001312	9031.ENSGALP00000070757	0	0	0	0	0.397	0	0	0.157	0.470
TAT	HAO1	9031.ENSGALP00000001312	9031.ENSGALP00000014358	0.069	0	0	0	0.249	0	0.210	0.196	0.496
TAT	SERPINA10	9031.ENSGALP00000001312	9031.ENSGALP00000017847	0	0	0	0	0.409	0	0	0.208	0.512
TAT	HNF4A	9031.ENSGALP00000001312	9031.ENSGALP00000006799	0	0	0	0	0.183	0	0	0.449	0.531
TAT	KMO	9031.ENSGALP00000001312	9031.ENSGALP00000012115	0	0	0	0	0.312	0	0.259	0.155	0.531
TAT	TM4SF4	9031.ENSGALP00000001312	9031.ENSGALP00000016960	0	0	0	0	0.463	0	0	0.182	0.542
TAT	FGB	9031.ENSGALP00000001312	9031.ENSGALP00000038105	0	0	0	0	0.387	0	0	0.297	0.551
TAT	PCK1	9031.ENSGALP00000001312	9031.ENSGALP00000012342	0.058	0	0	0	0.121	0	0.129	0.456	0.556
TAT	AHSG	9031.ENSGALP00000001312	9031.ENSGALP00000013991	0	0	0	0	0.419	0.071	0	0.245	0.557
TAT	ANGPTL3	9031.ENSGALP00000001312	9031.ENSGALP00000064198	0	0	0	0	0.407	0	0	0.288	0.560
TAT	PSAT1	9031.ENSGALP00000001312	9031.ENSGALP00000024450	0.077	0	0	0	0.093	0.054	0	0.634	0.671
TAT	FAH	9031.ENSGALP00000001312	9031.ENSGALP00000010465	0.065	0	0	0	0.212	0	0	0.628	0.702
TAT	HGD	9031.ENSGALP00000001312	9031.ENSGALP00000024093	0	0	0	0	0.484	0	0	0.627	0.799
TAT	TDO2	9031.ENSGALP00000001312	9031.ENSGALP00000046174	0.044	0	0	0	0.352	0	0.354	0.711	0.869
TAT	PAH	9031.ENSGALP00000001312	9031.ENSGALP00000020786	0	0	0	0	0.413	0	0.900	0.372	0.959
TBC1D32	SLC35F1	9031.ENSGALP00000023954	9031.ENSGALP00000066484	0	0	0	0	0	0	0	0.679	0.679
TBL1XR1	PPARA	9031.ENSGALP00000069519	9031.ENSGALP00000053048	0	0	0	0	0	0.081	0.500	0.062	0.531
TBL1XR1	TBX2	9031.ENSGALP00000069519	9031.ENSGALP00000057931	0	0	0	0	0	0.043	0	0.526	0.526
TBX2	SHH	9031.ENSGALP00000057931	9031.ENSGALP00000010292	0	0	0	0	0.047	0.057	0	0.730	0.736
TBX2	BMP4	9031.ENSGALP00000057931	9031.ENSGALP00000020289	0	0	0	0	0.065	0.054	0	0.719	0.730
TBX2	GLI3	9031.ENSGALP00000057931	9031.ENSGALP00000048561	0	0	0	0	0	0.053	0	0.546	0.551
TBX2	NKX2-1	9031.ENSGALP00000057931	9031.ENSGALP00000055123	0	0	0	0	0	0.146	0	0.369	0.438
TBX2	MEIS1	9031.ENSGALP00000057931	9031.ENSGALP00000068200	0	0	0	0	0.062	0	0	0.402	0.415
TBX2	TBL1XR1	9031.ENSGALP00000057931	9031.ENSGALP00000069519	0	0	0	0	0	0.043	0	0.526	0.526
TBX3	SHH	9031.ENSGALP00000045049	9031.ENSGALP00000010292	0	0	0	0	0.047	0.057	0	0.731	0.737
TBX3	BMP4	9031.ENSGALP00000045049	9031.ENSGALP00000020289	0	0	0	0	0	0.054	0	0.779	0.782
TBX3	TFCP2L1	9031.ENSGALP00000045049	9031.ENSGALP00000028533	0	0	0	0	0.046	0.058	0	0.410	0.423
TBX3	HOXD13	9031.ENSGALP00000045049	9031.ENSGALP00000054291	0	0	0	0	0	0.071	0	0.400	0.419
TBX3	NKX2-1	9031.ENSGALP00000045049	9031.ENSGALP00000055123	0	0	0	0	0	0.146	0	0.370	0.439
TBX3	MEIS1	9031.ENSGALP00000045049	9031.ENSGALP00000068200	0	0	0	0	0.062	0	0	0.445	0.458
TBX3	GLI3	9031.ENSGALP00000045049	9031.ENSGALP00000048561	0	0	0	0	0	0.053	0	0.545	0.551
TDO2	TAT	9031.ENSGALP00000046174	9031.ENSGALP00000001312	0.044	0	0	0	0.352	0	0.354	0.711	0.869
TDO2	KMO	9031.ENSGALP00000046174	9031.ENSGALP00000012115	0.124	0	0	0	0.133	0	0	0.745	0.789
TDO2	AHSG	9031.ENSGALP00000046174	9031.ENSGALP00000013991	0	0	0	0	0.314	0	0	0.253	0.466
TDO2	CTSO	9031.ENSGALP00000046174	9031.ENSGALP00000015254	0	0.285	0	0	0.055	0	0	0.193	0.407
TDO2	HAAO	9031.ENSGALP00000046174	9031.ENSGALP00000016119	0	0	0	0	0.159	0	0	0.653	0.696
TDO2	HGD	9031.ENSGALP00000046174	9031.ENSGALP00000024093	0.139	0	0	0	0.248	0	0	0.282	0.495
TDO2	TPH2	9031.ENSGALP00000046174	9031.ENSGALP00000037703	0.046	0	0	0	0.160	0	0.900	0.120	0.920
TDO2	KNG1	9031.ENSGALP00000046174	9031.ENSGALP00000060409	0.096	0	0	0	0.164	0	0.348	0.230	0.570
TFCP2L1	GAS2	9031.ENSGALP00000028533	9031.ENSGALP00000005781	0	0	0	0	0	0	0	0.517	0.517
TFCP2L1	TBX3	9031.ENSGALP00000028533	9031.ENSGALP00000045049	0	0	0	0	0.046	0.058	0	0.410	0.423
TFPI2	HGFAC	9031.ENSGALP00000066163	9031.ENSGALP00000025139	0	0	0	0	0	0.234	0	0.298	0.439
TFPI2	SERPIND1	9031.ENSGALP00000066163	9031.ENSGALP00000053865	0	0	0	0	0.042	0.043	0	0.658	0.659
TFPI2	F7	9031.ENSGALP00000066163	9031.ENSGALP00000056443	0	0	0	0	0	0.155	0	0.451	0.516
TFPI2	PROZ	9031.ENSGALP00000066163	9031.ENSGALP00000070757	0	0	0	0	0	0.155	0	0.321	0.402
TFPI2	SERPINF2	9031.ENSGALP00000066163	9031.ENSGALP00000068360	0	0	0	0	0.042	0.043	0	0.445	0.446
TIMP3	SPP2	9031.ENSGALP00000040866	9031.ENSGALP00000044476	0	0	0	0	0	0	0.400	0	0.400
TIMP3	APOH	9031.ENSGALP00000040866	9031.ENSGALP00000054536	0	0	0	0	0	0	0.400	0	0.400
TINAG	APOB	9031.ENSGALP00000026245	9031.ENSGALP00000026550	0	0	0	0	0.366	0	0	0.230	0.490
TM4SF4	TAT	9031.ENSGALP00000016960	9031.ENSGALP00000001312	0	0	0	0	0.463	0	0	0.182	0.542
TM4SF4	F13B	9031.ENSGALP00000016960	9031.ENSGALP00000003726	0	0	0	0	0.378	0	0	0.189	0.473
TM4SF4	KMO	9031.ENSGALP00000016960	9031.ENSGALP00000012115	0	0	0	0	0.424	0	0	0	0.424
TM4SF4	AHSG	9031.ENSGALP00000016960	9031.ENSGALP00000013991	0	0	0	0	0.420	0	0	0	0.420
TM4SF4	FGA	9031.ENSGALP00000016960	9031.ENSGALP00000015061	0	0	0	0	0.485	0	0	0	0.485
TM4SF4	HAAO	9031.ENSGALP00000016960	9031.ENSGALP00000016119	0	0	0	0	0.422	0	0	0	0.422
TM4SF4	MBL2	9031.ENSGALP00000016960	9031.ENSGALP00000040351	0	0	0	0	0.393	0	0	0.058	0.404
TM4SF4	NR5A2	9031.ENSGALP00000016960	9031.ENSGALP00000056574	0	0	0	0	0.338	0	0	0.147	0.411
TM4SF4	F7	9031.ENSGALP00000016960	9031.ENSGALP00000056443	0	0	0	0	0.403	0	0	0.062	0.416
TM4SF4	PROZ	9031.ENSGALP00000016960	9031.ENSGALP00000070757	0	0	0	0	0.403	0	0	0.062	0.416
TM4SF4	CPB2	9031.ENSGALP00000016960	9031.ENSGALP00000027389	0	0	0	0	0.417	0	0	0	0.417
TM4SF4	SERPINA10	9031.ENSGALP00000016960	9031.ENSGALP00000017847	0	0	0	0	0.423	0	0	0	0.423
TM4SF4	HNF1A	9031.ENSGALP00000016960	9031.ENSGALP00000060662	0	0	0	0	0.414	0	0	0.056	0.423
TM4SF4	HABP2	9031.ENSGALP00000016960	9031.ENSGALP00000032462	0	0	0	0	0.435	0	0	0	0.435
TM4SF4	FGB	9031.ENSGALP00000016960	9031.ENSGALP00000038105	0	0	0	0	0.438	0	0	0	0.438
TM4SF4	SPP2	9031.ENSGALP00000016960	9031.ENSGALP00000044476	0	0	0	0	0.440	0	0	0	0.440
TM4SF4	ANGPTL3	9031.ENSGALP00000016960	9031.ENSGALP00000064198	0	0	0	0	0.444	0	0	0.048	0.448
TM4SF4	APOB	9031.ENSGALP00000016960	9031.ENSGALP00000026550	0	0	0	0	0.430	0	0	0.075	0.450
TM4SF4	NR1H4	9031.ENSGALP00000016960	9031.ENSGALP00000018906	0	0	0	0	0.444	0	0	0.056	0.452
TM4SF4	A1CF	9031.ENSGALP00000016960	9031.ENSGALP00000048156	0	0	0	0	0.453	0	0	0	0.453
TM4SF4	FETUB	9031.ENSGALP00000016960	9031.ENSGALP00000038974	0	0	0	0	0.454	0	0	0	0.454
TM4SF4	ALDH8A1	9031.ENSGALP00000016960	9031.ENSGALP00000022601	0	0	0	0	0.483	0	0	0	0.483
TM4SF4	GC	9031.ENSGALP00000016960	9031.ENSGALP00000018939	0	0	0	0	0.483	0	0	0	0.483
TM4SF4	SERPINF2	9031.ENSGALP00000016960	9031.ENSGALP00000068360	0	0	0	0	0.421	0	0	0.151	0.487
TMEM123	PLA2R1	9031.ENSGALP00000035647	9031.ENSGALP00000032471	0	0	0	0	0	0.052	0	0.586	0.590
TMEM123	SHISA2	9031.ENSGALP00000035647	9031.ENSGALP00000048347	0	0	0	0	0	0	0	0.500	0.499
TMEM86A	TNFSF10	9031.ENSGALP00000066670	9031.ENSGALP00000061754	0	0	0	0	0	0	0	0.534	0.534
TMPRSS6	TAT	9031.ENSGALP00000020367	9031.ENSGALP00000001312	0	0	0	0	0.391	0	0	0.080	0.416
TMPRSS6	F13B	9031.ENSGALP00000020367	9031.ENSGALP00000003726	0	0	0	0	0.392	0.059	0	0.504	0.692
TMPRSS6	PLA2G12B	9031.ENSGALP00000020367	9031.ENSGALP00000006895	0	0	0	0	0.378	0.053	0	0.484	0.669
TMPRSS6	KMO	9031.ENSGALP00000020367	9031.ENSGALP00000012115	0	0	0	0	0.394	0.092	0	0.091	0.456
TMPRSS6	AHSG	9031.ENSGALP00000020367	9031.ENSGALP00000013991	0	0	0	0	0.391	0.102	0	0.052	0.436
TMPRSS6	FGA	9031.ENSGALP00000020367	9031.ENSGALP00000015061	0	0	0	0	0.394	0.127	0	0	0.448
TMPRSS6	FGG	9031.ENSGALP00000020367	9031.ENSGALP00000015063	0	0	0	0	0.393	0.102	0	0.142	0.491
TMPRSS6	HAAO	9031.ENSGALP00000020367	9031.ENSGALP00000016119	0	0	0	0	0.378	0	0	0.101	0.416
TMPRSS6	C8B	9031.ENSGALP00000020367	9031.ENSGALP00000017617	0	0	0	0	0.366	0	0	0.110	0.411
TMPRSS6	SERPINA10	9031.ENSGALP00000020367	9031.ENSGALP00000017847	0	0	0	0	0.383	0.077	0	0	0.406
TMPRSS6	NR1H4	9031.ENSGALP00000020367	9031.ENSGALP00000018906	0	0	0	0	0.383	0.055	0	0.053	0.400
TMPRSS6	FFAR4	9031.ENSGALP00000020367	9031.ENSGALP00000042701	0	0	0	0	0.378	0.053	0	0.072	0.405
TMPRSS6	PROZ	9031.ENSGALP00000020367	9031.ENSGALP00000070757	0	0	0	0.602	0.388	0.073	0	0	0.408
TMPRSS6	FGB	9031.ENSGALP00000020367	9031.ENSGALP00000038105	0	0	0	0	0.383	0.102	0	0	0.422
TMPRSS6	SERPINF2	9031.ENSGALP00000020367	9031.ENSGALP00000068360	0	0	0	0	0.349	0.081	0	0.118	0.426
TMPRSS6	FETUB	9031.ENSGALP00000020367	9031.ENSGALP00000038974	0	0	0	0	0.392	0.098	0	0	0.429
TMPRSS6	F7	9031.ENSGALP00000020367	9031.ENSGALP00000056443	0	0	0.110	0.733	0.381	0.073	0	0	0.445
TMPRSS6	MBL2	9031.ENSGALP00000020367	9031.ENSGALP00000040351	0	0	0	0	0.394	0.059	0	0.113	0.450
TMPRSS6	CPB2	9031.ENSGALP00000020367	9031.ENSGALP00000027389	0	0	0	0	0.391	0.146	0	0.054	0.465
TMPRSS6	PAH	9031.ENSGALP00000020367	9031.ENSGALP00000020786	0	0	0	0	0.386	0	0.168	0	0.467
TMPRSS6	HABP2	9031.ENSGALP00000020367	9031.ENSGALP00000032462	0	0	0.124	0.641	0.389	0.101	0	0	0.476
TMPRSS6	APOB	9031.ENSGALP00000020367	9031.ENSGALP00000026550	0	0	0	0	0.394	0.045	0	0.178	0.483
TMPRSS6	ANGPTL3	9031.ENSGALP00000020367	9031.ENSGALP00000064198	0	0	0	0	0.393	0.066	0	0.187	0.499
TMPRSS6	HGFAC	9031.ENSGALP00000020367	9031.ENSGALP00000025139	0	0	0.131	0.701	0.418	0.098	0	0.074	0.521
TNFRSF11B	TNFSF15	9031.ENSGALP00000055107	9031.ENSGALP00000039261	0	0	0	0	0.100	0.327	0	0.155	0.443
TNFRSF11B	TNFSF10	9031.ENSGALP00000055107	9031.ENSGALP00000061754	0	0	0	0	0	0	0	0.671	0.671
TNFRSF11B	SH3BP2	9031.ENSGALP00000055107	9031.ENSGALP00000068120	0	0	0	0	0	0	0	0.676	0.676
TNFRSF19	NKD1	9031.ENSGALP00000072988	9031.ENSGALP00000066666	0	0	0	0	0	0	0	0.589	0.589
TNFSF10	TNFRSF11B	9031.ENSGALP00000061754	9031.ENSGALP00000055107	0	0	0	0	0	0	0	0.671	0.671
TNFSF10	TMEM86A	9031.ENSGALP00000061754	9031.ENSGALP00000066670	0	0	0	0	0	0	0	0.534	0.534
TNFSF15	TNFRSF11B	9031.ENSGALP00000039261	9031.ENSGALP00000055107	0	0	0	0	0.100	0.327	0	0.155	0.443
TNFSF15	IL15	9031.ENSGALP00000039261	9031.ENSGALP00000069101	0	0	0	0	0	0	0	0.524	0.524
TNFSF15	JAM2	9031.ENSGALP00000039261	9031.ENSGALP00000052977	0	0	0	0	0	0	0	0.601	0.601
TOB1	PRELID3A	9031.ENSGALP00000011895	9031.ENSGALP00000022405	0	0	0	0	0.048	0	0	0.500	0.503
TOM1L2	ZMYND11	9031.ENSGALP00000066833	9031.ENSGALP00000010636	0	0	0	0	0	0	0	0.535	0.535
TOM1L2	MYO6	9031.ENSGALP00000066833	9031.ENSGALP00000025573	0	0	0	0	0	0.615	0	0.282	0.711
TPBG	C1QL3	9031.ENSGALP00000043295	9031.ENSGALP00000053154	0	0	0	0	0	0.079	0	0.433	0.455
TPH2	HGD	9031.ENSGALP00000037703	9031.ENSGALP00000024093	0.105	0	0	0	0.456	0	0	0.298	0.628
TPH2	DRD1	9031.ENSGALP00000037703	9031.ENSGALP00000054543	0	0	0	0	0	0	0	0.412	0.412
TPH2	GCHFR	9031.ENSGALP00000037703	9031.ENSGALP00000058501	0	0	0	0	0.062	0	0	0.534	0.544
TPH2	TDO2	9031.ENSGALP00000037703	9031.ENSGALP00000046174	0.046	0	0	0	0.160	0	0.900	0.120	0.920
TPPP	DCX	9031.ENSGALP00000047744	9031.ENSGALP00000012962	0	0	0	0	0.051	0	0	0.524	0.528
TPPP	KIAA1217	9031.ENSGALP00000047744	9031.ENSGALP00000047734	0	0	0	0	0	0	0	0.530	0.530
TRAF3IP3	IL7R	9031.ENSGALP00000059866	9031.ENSGALP00000021778	0	0	0	0	0.408	0	0	0	0.408
TRAF3IP3	TRIL	9031.ENSGALP00000059866	9031.ENSGALP00000037008	0	0	0	0	0	0.079	0	0.841	0.847
TRAF3IP3	STRIP2	9031.ENSGALP00000059866	9031.ENSGALP00000052613	0	0	0	0	0	0.635	0	0.107	0.660
TRHDE	RIPK2	9031.ENSGALP00000016562	9031.ENSGALP00000046771	0	0	0	0	0	0	0	0.465	0.465
TRHDE	SLC35F1	9031.ENSGALP00000016562	9031.ENSGALP00000066484	0	0	0	0	0.045	0	0	0.481	0.483
TRHDE	ESR1	9031.ENSGALP00000016562	9031.ENSGALP00000073938	0	0	0	0	0.123	0	0	0.526	0.566
TRIL	RFTN1	9031.ENSGALP00000037008	9031.ENSGALP00000018309	0	0	0	0	0	0	0	0.600	0.600
TRIL	TRAF3IP3	9031.ENSGALP00000037008	9031.ENSGALP00000059866	0	0	0	0	0	0.079	0	0.841	0.847
TRIM2	ZNF462	9031.ENSGALP00000069123	9031.ENSGALP00000071136	0	0	0	0	0.044	0.064	0	0.410	0.425
TSKU	CHRD	9031.ENSGALP00000001104	9031.ENSGALP00000050115	0	0	0	0	0	0.042	0	0.490	0.490
VAT1L	C8B	9031.ENSGALP00000021570	9031.ENSGALP00000017617	0	0	0	0	0	0	0	0.588	0.588
VILL	AKAP12	9031.ENSGALP00000009244	9031.ENSGALP00000043594	0	0	0	0	0	0	0	0.730	0.730
WNT16	FZD3	9031.ENSGALP00000054779	9031.ENSGALP00000043647	0	0	0	0	0	0.232	0.650	0.425	0.831
WNT16	WNT4	9031.ENSGALP00000054779	9031.ENSGALP00000046583	0	0	0	0.916	0	0	0.500	0.186	0.575
WNT16	SFRP4	9031.ENSGALP00000054779	9031.ENSGALP00000046731	0	0	0	0	0	0.177	0.650	0.599	0.874
WNT4	SOX6	9031.ENSGALP00000046583	9031.ENSGALP00000009790	0	0	0	0	0.045	0	0	0.474	0.476
WNT4	SHH	9031.ENSGALP00000046583	9031.ENSGALP00000010292	0	0	0	0	0.063	0.101	0	0.625	0.656
WNT4	PRICKLE1	9031.ENSGALP00000046583	9031.ENSGALP00000015542	0	0	0	0	0	0.044	0	0.445	0.447
WNT4	BMP4	9031.ENSGALP00000046583	9031.ENSGALP00000020289	0	0	0	0	0	0.095	0	0.624	0.645
WNT4	FZD3	9031.ENSGALP00000046583	9031.ENSGALP00000043647	0	0	0	0	0	0.232	0.650	0.757	0.929
WNT4	FOXL2	9031.ENSGALP00000046583	9031.ENSGALP00000045929	0	0	0	0	0.050	0	0	0.882	0.883
WNT4	CHRD	9031.ENSGALP00000046583	9031.ENSGALP00000050115	0	0	0	0	0.044	0	0	0.437	0.438
WNT4	ESR1	9031.ENSGALP00000046583	9031.ENSGALP00000073938	0	0	0	0	0	0	0	0.574	0.574
WNT4	WNT16	9031.ENSGALP00000046583	9031.ENSGALP00000054779	0	0	0	0.916	0	0	0.500	0.186	0.575
WNT4	SFRP4	9031.ENSGALP00000046583	9031.ENSGALP00000046731	0	0	0	0	0	0.177	0.650	0.458	0.830
XDH	KMO	9031.ENSGALP00000014144	9031.ENSGALP00000012115	0	0	0	0	0.371	0	0	0.304	0.543
XDH	APOB	9031.ENSGALP00000014144	9031.ENSGALP00000026550	0	0	0	0	0.369	0	0	0.215	0.483
XDH	AMDHD1	9031.ENSGALP00000014144	9031.ENSGALP00000018600	0.102	0	0	0	0.097	0	0.414	0.185	0.561
ZBTB20	CPT1A	9031.ENSGALP00000024300	9031.ENSGALP00000011452	0	0	0	0	0.057	0	0	0.461	0.470
ZBTB20	DCX	9031.ENSGALP00000024300	9031.ENSGALP00000012962	0	0	0	0	0.042	0	0	0.445	0.445
ZBTB20	IGFBP2	9031.ENSGALP00000024300	9031.ENSGALP00000018675	0	0	0	0	0	0	0	0.404	0.404
ZBTB20	IGFBP1	9031.ENSGALP00000024300	9031.ENSGALP00000055736	0	0	0	0	0	0	0	0.482	0.482
ZBTB20	SATB2	9031.ENSGALP00000024300	9031.ENSGALP00000043071	0	0	0	0	0	0.077	0	0.494	0.513
ZMYND11	TOM1L2	9031.ENSGALP00000010636	9031.ENSGALP00000066833	0	0	0	0	0	0	0	0.535	0.535
ZNF462	MTSS1	9031.ENSGALP00000071136	9031.ENSGALP00000044446	0	0	0	0	0	0.097	0	0.370	0.406
ZNF462	TRIM2	9031.ENSGALP00000071136	9031.ENSGALP00000069123	0	0	0	0	0.044	0.064	0	0.410	0.425
