"gene","logFC","AveExpr","t","P.Value","adj.P.Val","B"
"PLK3",2.3164,4.6507,28.2981622664463,"2.174e-12","1.092e-08",18.85
"CDT1",1.3387,7.4134,27.798158938264,"2.686e-12","1.092e-08",18.75
"DONSON",1.6543,4.5109,26.5176739313672,"4.701e-12","1.092e-08",18.15
"RGS7BP",2.926,3.4592,26.2966893844001,"5.191e-12","1.092e-08",17.88
"CCNE2",2.1572,6.3038,24.8820354523606,"9.994e-12","1.572e-08",17.43
"RFTN1",1.8902,4.7764,24.3539499449356,"1.288e-11","1.572e-08",17.2
"MYBL2",1.3229,6.5574,24.1453335468013,"1.426e-11","1.572e-08",17.11
"CCNO",1.8839,4.7886,24.0258281380027,"1.512e-11","1.572e-08",17.04
"RNF208",2.2339,4.8382,23.8107703053657,"1.682e-11","1.572e-08",16.94
"MCM10",1.2536,5.8041,23.4990947541717,"1.965e-11","1.653e-08",16.8
"HSPH1",1.4671,7.1811,23.0543315296373,"2.462e-11","1.829e-08",16.57
"MAD2L1BP",2.022,6.333,22.9414830396196,"2.609e-11","1.829e-08",16.53
"DUSP4",1.9609,5.097,22.7551397272774,"2.872e-11","1.859e-08",16.43
"RRM2",1.3411,7.9205,22.5331804746377,"3.224e-11","1.928e-08",16.33
"NMRK2",2.7816,3.7482,22.4106847374242,"3.438e-11","1.928e-08",16.23
"HEY1",1.4547,5.062,22.2233839527995,"3.795e-11","1.996e-08",16.15
"ARL9",1.0846,5.3954,21.7898939825841,"4.786e-11","2.369e-08",15.93
"SETD6",1.4643,7.1602,21.664562968314,"5.122e-11","2.394e-08",15.87
"CDC25A",1.5932,6.77,21.2379159749797,"6.473e-11","2.502e-08",15.63
"NOC2L",1.034,8.6328,21.1636975737578,"6.744e-11","2.502e-08",15.59
"TP73",1.5153,4.2107,21.150610115417,"6.794e-11","2.502e-08",15.58
"DCLRE1B",2.0614,4.0991,21.1570065312571,"6.770e-11","2.502e-08",15.57
"SNX10",1.3777,4.1539,21.1303560543422,"6.871e-11","2.502e-08",15.57
"CENPF",-3.2071,4.597,-20.9688169648178,"7.519e-11","2.502e-08",15.48
"PPRC1",1.2059,6.5206,20.769515754751,"8.412e-11","2.502e-08",15.37
"TRPC7",-3.879,2.9979,-20.7667143747081,"8.425e-11","2.502e-08",15.34
"KCNG1",3.0488,2.7175,20.7711012596895,"8.404e-11","2.502e-08",15.32
"GINS2",1.8028,5.7443,20.6659549428234,"8.920e-11","2.502e-08",15.32
"RHOF",2.1374,3.1968,20.7600008371719,"8.457e-11","2.502e-08",15.31
"GBX2",3.7148,3.4207,20.7075481688424,"8.712e-11","2.502e-08",15.29
"AATF",1.2057,5.9852,20.5604700940193,"9.472e-11","2.571e-08",15.25
"SHISA2",1.7303,6.4012,20.464795440093,"1.001e-10","2.604e-08",15.2
"TOE1",1.1149,5.9039,20.4289677327885,"1.021e-10","2.604e-08",15.18
"WDR3",1.1794,7.2086,19.8666996114191,"1.417e-10","3.421e-08",14.85
"GPAT2",1.8987,3.2837,19.7652138974698,"1.504e-10","3.421e-08",14.79
"TPH2",1.9285,2.9622,19.7688919472267,"1.501e-10","3.421e-08",14.77
"SYT11",2.7659,4.3437,19.6500567104221,"1.611e-10","3.534e-08",14.73
"TNFRSF21",1.4408,6.8063,19.5614214446331,"1.698e-10","3.534e-08",14.67
"NKX6-1",4.0073,3.1111,19.8029324586903,"1.471e-10","3.421e-08",14.67
"TCFL5",1.7593,4.1417,19.5383963145257,"1.722e-10","3.534e-08",14.66
"RBM38",1.9069,5.8696,19.5262425865486,"1.735e-10","3.534e-08",14.65
"RFX2",2.3857,3.3037,19.4797839299638,"1.784e-10","3.534e-08",14.62
"NKX6-2",2.0998,4.9099,19.4389743800068,"1.828e-10","3.534e-08",14.6
"HSPA14",0.9396,7.2628,19.4207552620856,"1.848e-10","3.534e-08",14.58
"FAM60A",1.2143,7.5109,18.7272784260987,"2.827e-10","5.285e-08",14.16
"ADCY9",1.0747,6.0488,18.5317222731646,"3.195e-10","5.619e-08",14.04
"BTG2",-1.0118,7.1376,-18.6394657816726,"2.986e-10","5.462e-08",14.03
"CHTF8",1.4372,5.9962,18.4495205071045,"3.365e-10","5.619e-08",13.99
"SLC16A3",3.0916,4.7163,18.4418626680418,"3.382e-10","5.619e-08",13.99
"LMBR1L",1.0592,4.8059,18.4451073548522,"3.375e-10","5.619e-08",13.98
"TAF5L",0.9648,6.7583,18.4306583273682,"3.406e-10","5.619e-08",13.97
"RGS9BP",2.7245,4.9321,18.3057799843156,"3.687e-10","5.745e-08",13.9
"CACNA1S",3.5439,2.5885,18.3478190271047,"3.589e-10","5.698e-08",13.9
"GPR75",1.6274,4.2845,18.2405564225352,"3.843e-10","5.802e-08",13.86
"JMJD6",2.076,5.2446,18.2276527549854,"3.875e-10","5.802e-08",13.85
"MYOM1",-2.2643,3.2025,-18.2054137711583,"3.931e-10","5.802e-08",13.83
"KIF1A",1.5223,3.8725,18.1466922012314,"4.082e-10","5.921e-08",13.8
"PABPN1L",4.055,2.5906,18.3512002585576,"3.582e-10","5.698e-08",13.78
"SH3BP2",-2.2174,3.7094,-18.0653947821706,"4.301e-10","6.070e-08",13.75
"BORCS5",1.4101,5.0998,18.0262594836493,"4.411e-10","6.070e-08",13.72
"MMP23B",-1.8768,5.3099,-18.012288797036,"4.451e-10","6.070e-08",13.7
"LRRC8C",1.8799,4.9665,17.9867588972672,"4.525e-10","6.070e-08",13.69
"SLC35G1",1.7511,4.3733,17.9799356332043,"4.545e-10","6.070e-08",13.69
"KIF5C",1.0327,6.6481,17.9100305047693,"4.756e-10","6.185e-08",13.64
"PARPBP",-1.4502,3.6706,-17.8808705346169,"4.847e-10","6.185e-08",13.63
"ALB",-1.5623,4.5135,-17.8793676575354,"4.852e-10","6.185e-08",13.62
"CDON",1.2615,4.2,17.8476156275744,"4.953e-10","6.220e-08",13.6
"MRM1",1.632,4.5228,17.7907554274807,"5.141e-10","6.361e-08",13.56
"SOBP",1.3393,3.5642,17.7573926806362,"5.254e-10","6.387e-08",13.55
"OTUD7A",1.6185,3.0848,17.7011849623147,"5.451e-10","6.460e-08",13.51
"DDX27",0.8652,8.3686,17.7402417672857,"5.313e-10","6.387e-08",13.5
"PPP1R3B",-1.8977,5.3548,-17.6640241219631,"5.586e-10","6.479e-08",13.47
"GPATCH3",1.9597,4.6637,17.6370392818017,"5.687e-10","6.479e-08",13.46
"KIF18A",-1.5149,5.3135,-17.6303086515013,"5.712e-10","6.479e-08",13.45
"GINS1",1.7888,4.624,17.6135163926545,"5.776e-10","6.479e-08",13.44
"CDH20",-3.6164,4.2856,-17.4643263804341,"6.376e-10","6.967e-08",13.35
"NFATC1",1.1852,5.1685,17.4713084319174,"6.346e-10","6.967e-08",13.35
"BRPF1",1.3338,5.1117,17.3512791742385,"6.876e-10","7.279e-08",13.27
"SLC23A1",-2.2913,2.4252,-17.3200886439676,"7.021e-10","7.279e-08",13.24
"AQP9",-4.2966,3.9031,-17.263492540242,"7.293e-10","7.279e-08",13.22
"F5",-1.8435,5.6647,-17.2888251859625,"7.170e-10","7.279e-08",13.22
"RGS20",3.8062,2.4784,17.2509153900746,"7.355e-10","7.279e-08",13.21
"BBOF1",-1.5782,4.1064,-17.2405059101371,"7.407e-10","7.279e-08",13.2
"CECR2",1.9001,5.1213,17.2346861976938,"7.436e-10","7.279e-08",13.19
"USP12",-1.1242,5.092,-17.2412964161941,"7.403e-10","7.279e-08",13.19
"CCND2",-1.0074,6.5981,-17.2338248284356,"7.440e-10","7.279e-08",13.18
"SH3GL3",3.1409,2.4528,17.156894569506,"7.837e-10","7.569e-08",13.14
"ARL4C",2.7655,4.2198,17.1307775951675,"7.976e-10","7.569e-08",13.12
"POLR1B",1.0024,6.9609,17.1087688921112,"8.096e-10","7.569e-08",13.09
"ARRDC3",-1.3165,4.9308,-17.0918613490286,"8.190e-10","7.572e-08",13.09
"TNFSF10",-1.6313,6.9636,-17.116038509453,"8.057e-10","7.569e-08",13.07
"CBFB",0.9075,7.1743,17.0048281870675,"8.690e-10","7.947e-08",13.02
"ALCAM",-1.4301,4.9973,-16.9205145487922,"9.205e-10","8.328e-08",12.97
"FEN1",1.2158,7.2944,16.8720737437957,"9.516e-10","8.518e-08",12.93
"KCNK12",2.679,4.0007,16.782039859076,"1.013e-09","8.968e-08",12.89
"DNAJC12",-1.4058,5.4242,-16.7641267288138,"1.025e-09","8.985e-08",12.86
"PPP2R2B",2.1704,3.479,16.6605568397621,"1.101e-09","9.361e-08",12.81
"MSH6",0.8964,7.2964,16.7026248880686,"1.070e-09","9.279e-08",12.81
"PRKG2",-1.7509,3.8314,-16.5965181902631,"1.152e-09","9.594e-08",12.77
"HMOX1",-1.0633,6.3305,-16.6724074596084,"1.092e-09","9.361e-08",12.76
"LGI2",1.0559,3.6176,16.587155003682,"1.159e-09","9.594e-08",12.75
"CLCF1",1.0248,6.9539,16.5823519071605,"1.163e-09","9.594e-08",12.72
"ABCB11",-0.9236,3.6514,-16.5262395477849,"1.210e-09","9.881e-08",12.71
"TBC1D32",-1.9377,3.2763,-16.418602906501,"1.305e-09","1.027e-07",12.65
"AATK",2.4242,3.5428,16.4165673817508,"1.307e-09","1.027e-07",12.63
"UCKL1",1.0015,5.3187,16.4174056597737,"1.306e-09","1.027e-07",12.61
"CENPL",1.1004,5.9726,16.3740269596295,"1.346e-09","1.049e-07",12.58
"SLC25A14",1.492,5.5319,16.3592729595438,"1.360e-09","1.050e-07",12.58
"COL9A2",1.711,3.7682,16.2973703738941,"1.421e-09","1.077e-07",12.54
"IL13RA1",-1.3562,4.4033,-16.2791524434752,"1.440e-09","1.082e-07",12.53
"PDXP",1.2375,6.0498,16.3089749336766,"1.410e-09","1.077e-07",12.52
"SDC1",-0.8933,8.1345,-16.4400364891612,"1.285e-09","1.027e-07",12.51
"NWD2",1.9347,4.0764,16.2294219619862,"1.492e-09","1.101e-07",12.48
"LAMA1",3.5856,2.4229,16.1407214530849,"1.589e-09","1.143e-07",12.45
"GMNN",1.4548,6.9633,16.2063044100725,"1.517e-09","1.110e-07",12.45
"DBX2",3.3407,1.7571,16.248564478703,"1.472e-09","1.096e-07",12.44
"ROR1",1.5185,3.2062,16.1446189471863,"1.585e-09","1.143e-07",12.43
"TRIM9",1.5592,4.4423,16.0706761477325,"1.671e-09","1.178e-07",12.37
"SNAPC4",0.8666,5.0864,16.0517529127354,"1.694e-09","1.178e-07",12.36
"NEGR1",-1.1098,5.1021,-16.0574688754449,"1.687e-09","1.178e-07",12.35
"ADCY1",-2.9255,4.0766,-15.9929838952353,"1.767e-09","1.211e-07",12.32
"CCM2",0.8347,6.7215,16.0615216252351,"1.682e-09","1.178e-07",12.32
"SLC24A3",2.9763,1.9637,15.9767121485307,"1.788e-09","1.211e-07",12.31
"TRERF1",1.0539,4.987,15.9848105765495,"1.778e-09","1.211e-07",12.3
"ELP2",1.034,6.8914,15.9613328078602,"1.808e-09","1.211e-07",12.28
"PRELID3A",1.4981,7.1196,15.9570262034706,"1.814e-09","1.211e-07",12.27
"TRIL",3.3083,2.8528,15.8667328214998,"1.937e-09","1.234e-07",12.25
"TRAIP",1.0574,5.5987,15.9060879728866,"1.882e-09","1.226e-07",12.25
"HS1BP3",-1.4561,4.9724,-15.915186025949,"1.870e-09","1.226e-07",12.25
"PLEKHG1",-2.5464,4.5386,-15.8869710984624,"1.908e-09","1.226e-07",12.24
"CLGN",2.0835,4.4762,15.8910617848761,"1.903e-09","1.226e-07",12.24
"COX11",1.2719,5.4833,15.9126886180064,"1.873e-09","1.226e-07",12.24
"GPR12",2.3369,3.4943,15.8293187285419,"1.990e-09","1.240e-07",12.22
"DUSP6",2.0687,3.7528,15.8520636415196,"1.957e-09","1.238e-07",12.22
"PIM1",2.1872,4.4529,15.8347449707719,"1.982e-09","1.240e-07",12.19
"MYOC",3.7232,2.8226,15.7612537351396,"2.091e-09","1.263e-07",12.18
"PANX1",1.4025,3.7012,15.7937655273782,"2.042e-09","1.254e-07",12.18
"FZD4",2.2246,3.3421,15.754539146199,"2.102e-09","1.263e-07",12.16
"MYD88",1.0896,5.8503,15.774403784849,"2.071e-09","1.263e-07",12.14
"AGT",-4.9052,2.3182,-15.6607822868453,"2.251e-09","1.289e-07",12.1
"P2RY4",-0.963,5.7105,-15.7279005988149,"2.143e-09","1.279e-07",12.09
"BPNT1",-1.2474,4.8366,-15.6838567938833,"2.214e-09","1.289e-07",12.08
"POMK",1.3243,4.8919,15.679515299828,"2.221e-09","1.289e-07",12.07
"ZMYND19",1.2013,6.234,15.6839085572086,"2.213e-09","1.289e-07",12.07
"TRHDE",-1.9756,4.8493,-15.6695570581466,"2.237e-09","1.289e-07",12.07
"DESI2",0.8726,6.6296,15.6927251994935,"2.199e-09","1.289e-07",12.07
"RASGRP3",-2.5381,3.0929,-15.6165261307635,"2.326e-09","1.314e-07",12.06
"HAL",-1.3408,4.2762,-15.6105995702172,"2.336e-09","1.314e-07",12.04
"CYP1B1",5.3037,2.3257,15.8085091535271,"2.020e-09","1.250e-07",12.03
"PCDH18",2.4861,2.6516,15.5677788011669,"2.411e-09","1.344e-07",12.02
"POGLUT1",0.9372,6.8816,15.6074032325196,"2.342e-09","1.314e-07",11.99
"ST6GAL2",2.6321,3.2197,15.4984619762293,"2.538e-09","1.368e-07",11.99
"IGFBP2",1.9183,3.1458,15.4839668557882,"2.566e-09","1.368e-07",11.98
"PALD1",1.8843,3.8834,15.5357831395516,"2.469e-09","1.367e-07",11.97
"KLB",-3.7279,3.5242,-15.4651210394962,"2.602e-09","1.368e-07",11.96
"PDZRN3",2.5289,2.9496,15.4665358628553,"2.599e-09","1.368e-07",11.96
"LIMK1",2.5643,3.262,15.4657608081204,"2.601e-09","1.368e-07",11.94
"ZNF462",-2.2064,4.6254,-15.48964721541,"2.555e-09","1.368e-07",11.94
"RAD54L",0.9941,5.5233,15.4670479349146,"2.598e-09","1.368e-07",11.91
"SLCO2A1",-1.5497,6.535,-15.4973642732891,"2.541e-09","1.368e-07",11.88
"URB2",1.1022,5.637,15.422496947766,"2.686e-09","1.404e-07",11.88
"KLF11",1.2933,6.2267,15.3958717523386,"2.740e-09","1.423e-07",11.85
"SLC16A2",-3.3043,4.0438,-15.3415627958104,"2.854e-09","1.464e-07",11.85
"COX16",1.1899,4.0895,15.3765684361208,"2.780e-09","1.435e-07",11.85
"SLC29A1",1.121,6.567,15.3164303546889,"2.908e-09","1.483e-07",11.77
"LHX4",2.8945,2.948,15.1921850493037,"3.194e-09","1.574e-07",11.75
"TLR3",-2.3178,3.5403,-15.2117920538512,"3.147e-09","1.574e-07",11.75
"RGS10",2.0317,3.9411,15.2369335998656,"3.087e-09","1.565e-07",11.74
"SERPINC1",-2.2844,3.6888,-15.2258829784063,"3.113e-09","1.569e-07",11.74
"SNX19",1.2635,3.5801,15.2009089885635,"3.173e-09","1.574e-07",11.72
"IGDCC3",1.7607,4.5194,15.1806448138888,"3.222e-09","1.576e-07",11.69
"DPH2",1.106,5.3192,15.1896387255753,"3.200e-09","1.574e-07",11.69
"IQSEC3",2.0909,2.0235,15.1066215952033,"3.408e-09","1.629e-07",11.68
"LINGO1",2.7394,3.2322,15.0615054415959,"3.527e-09","1.677e-07",11.65
"PAPD7",1.0036,6.9689,15.1223875770839,"3.367e-09","1.622e-07",11.64
"NMUR1",2.5171,1.8829,15.0187632363752,"3.644e-09","1.720e-07",11.63
"VAV2",-1.1958,6.0214,-15.1197021238909,"3.374e-09","1.622e-07",11.61
"GORASP1",-0.9094,7.1469,-15.1379067565811,"3.328e-09","1.618e-07",11.59
"PTCHD1",2.9557,2.9692,14.9599568764895,"3.812e-09","1.771e-07",11.58
"IFIH1",-2.1298,4.0964,-14.9997977395937,"3.697e-09","1.728e-07",11.57
"KPNA6",0.7588,6.6854,15.0132579831924,"3.659e-09","1.720e-07",11.54
"SFRP4",2.0495,2.5052,14.9103807968223,"3.960e-09","1.791e-07",11.54
"CNTNAP5",-2.6769,4.6414,-14.9534082690563,"3.831e-09","1.771e-07",11.52
"THBS1",2.3573,3.9607,14.9314577121457,"3.896e-09","1.782e-07",11.5
"DENND4C",-3.117,5.1661,-14.9349010000487,"3.886e-09","1.782e-07",11.5
"VAV3",-1.5611,5.9656,-14.9148244013756,"3.946e-09","1.791e-07",11.46
"GRK5",-2.5704,4.9225,-14.8858447761365,"4.035e-09","1.803e-07",11.46
"PCNT",-1.4108,5.8945,-14.8745268537492,"4.070e-09","1.803e-07",11.46
"CHIC1",1.5509,5.2275,14.8800310303942,"4.053e-09","1.803e-07",11.45
"ORC1",0.9518,4.8994,14.8754674896144,"4.068e-09","1.803e-07",11.45
"SLC9A7",1.7827,3.2077,14.7969993665781,"4.322e-09","1.855e-07",11.44
"ZNF365",1.2467,6.4289,14.8531956657068,"4.138e-09","1.823e-07",11.43
"SNAPC1",0.9914,5.6776,14.8356153308979,"4.195e-09","1.832e-07",11.41
"FAM46A",-1.1322,5.6433,-14.8236823842671,"4.233e-09","1.836e-07",11.4
"SDR16C5",-1.2188,3.7682,-14.7738557753468,"4.400e-09","1.863e-07",11.39
"PRKCA",-1.1668,5.6404,-14.7979372964314,"4.319e-09","1.855e-07",11.38
"SEMA4G",-0.86,6.332,-14.8332768698373,"4.202e-09","1.832e-07",11.37
"BCL2",-1.2593,3.1728,-14.7199722910689,"4.588e-09","1.930e-07",11.35
"RBM48",0.9321,5.0884,14.6998925206201,"4.661e-09","1.942e-07",11.32
"CIAPIN1",0.918,7.5022,14.6856766493094,"4.713e-09","1.953e-07",11.31
"KCNQ4",2.5379,2.4486,14.5966552036682,"5.052e-09","2.034e-07",11.3
"CLIP2",2.3103,3.3831,14.6203599584786,"4.959e-09","2.006e-07",11.29
"PDCD4",-0.7985,7.2319,-14.7761542018879,"4.392e-09","1.863e-07",11.28
"AR",-1.4036,5.6508,-14.6707412278165,"4.768e-09","1.957e-07",11.28
"NR4A2",2.9008,3.5027,14.6272751270005,"4.933e-09","2.005e-07",11.28
"GPD2",0.8137,6.9121,14.6779565552791,"4.741e-09","1.955e-07",11.27
"TFCP2",0.7971,7.8434,14.6992182581596,"4.663e-09","1.942e-07",11.27
"CCDC85A",4.4444,2.0431,14.58327599829,"5.106e-09","2.036e-07",11.26
"SRM",0.8026,9.0324,14.7719230473321,"4.407e-09","1.863e-07",11.25
"LBH",2.8124,3.9789,14.5853673551664,"5.097e-09","2.036e-07",11.24
"GLI3",3.1782,1.8094,14.5244652039537,"5.347e-09","2.076e-07",11.23
"C5",-1.7247,6.5164,-14.6530909196106,"4.834e-09","1.974e-07",11.22
"FAM43A",3.3689,4.3357,14.5228909529183,"5.354e-09","2.076e-07",11.19
"FOXO1",-1.8405,4.7375,-14.5448891935678,"5.262e-09","2.076e-07",11.19
"SLC25A38",1.713,5.3539,14.5249769261411,"5.345e-09","2.076e-07",11.16
"CITED4",-1.2386,5.7359,-14.5489422299986,"5.245e-09","2.076e-07",11.15
"C25H1ORF43",1.1208,6.8022,14.474416217596,"5.563e-09","2.142e-07",11.13
"IBA57",0.9641,5.7878,14.4716545828825,"5.575e-09","2.142e-07",11.13
"CNTF",-1.4029,5.9364,-14.5382381639694,"5.290e-09","2.076e-07",11.13
"DNAJB5",1.9683,4.3193,14.4569316148987,"5.640e-09","2.147e-07",11.12
"SERINC4",1.595,4.7746,14.4613045083539,"5.621e-09","2.147e-07",11.12
"RAPGEF4",1.3902,3.3486,14.3969478157118,"5.915e-09","2.212e-07",11.1
"KCNB2",-3.618,3.8805,-14.3523064193002,"6.129e-09","2.272e-07",11.07
"LGR4",-0.8752,5.3062,-14.4227930345437,"5.795e-09","2.196e-07",11.07
"TMCC1",1.058,5.1794,14.3966118998021,"5.916e-09","2.212e-07",11.06
"KCTD3",0.8009,6.3489,14.4005953387183,"5.898e-09","2.212e-07",11.04
"CRKL",1.2392,6.0788,14.3758529832607,"6.015e-09","2.239e-07",11.03
"CDK5R1",3.0246,2.0378,14.2741267261038,"6.523e-09","2.376e-07",11.01
"INTS7",0.6987,6.5693,14.3385844203638,"6.196e-09","2.287e-07",11
"EME1",0.8193,5.935,14.3032303570758,"6.373e-09","2.342e-07",11
"SEC14L1",1.0609,3.7081,14.2600859194975,"6.597e-09","2.382e-07",10.96
"ADGRL2",-1.1689,5.5378,-14.2609432228716,"6.592e-09","2.382e-07",10.96
"MASP1",-2.6682,4.2956,-14.2306422167768,"6.755e-09","2.408e-07",10.95
"FOXRED2",1.0222,5.9693,14.2916843672193,"6.432e-09","2.353e-07",10.95
"MME",3.3631,1.9495,14.1494730592316,"7.210e-09","2.485e-07",10.95
"SLC35F3",2.7057,1.8028,14.2026113406115,"6.908e-09","2.436e-07",10.95
"SMOC1",-1.9497,4.882,-14.2341453823965,"6.736e-09","2.408e-07",10.93
"NIPAL4",-3.4189,3.0668,-14.1206768214378,"7.380e-09","2.514e-07",10.93
"DNAJC18",1.1131,6.3751,14.2494877483715,"6.653e-09","2.392e-07",10.92
"FZD9",1.6245,5.1619,14.2082388309982,"6.877e-09","2.436e-07",10.9
"FUT11",1.5503,5.7071,14.190764137876,"6.974e-09","2.445e-07",10.88
"GABBR2",-1.4222,3.508,-14.1448491319241,"7.237e-09","2.485e-07",10.88
"ORAI1",1.0891,5.4359,14.1573197312498,"7.165e-09","2.483e-07",10.87
"SEMA6A",-1.3918,4.8286,-14.1563855373977,"7.170e-09","2.483e-07",10.86
"PRKAA2",-1.2883,3.695,-14.1221231324829,"7.371e-09","2.514e-07",10.86
"ACYP1",1.152,6.5447,14.2006690274815,"6.919e-09","2.436e-07",10.86
"REEP1",2.0027,2.587,14.0780073959691,"7.639e-09","2.573e-07",10.86
"LNPK",0.9944,6.0815,14.1689694135408,"7.098e-09","2.478e-07",10.86
"AQP11",-1.5449,3.7513,-14.0440799445976,"7.852e-09","2.622e-07",10.84
"CABLES2",1.0748,3.0217,14.0206694097211,"8.003e-09","2.628e-07",10.83
"GRIP1",2.7693,2.7881,13.9863384048848,"8.230e-09","2.647e-07",10.81
"AP5M1",1.4977,5.7066,14.0899838273012,"7.565e-09","2.567e-07",10.8
"EOMES",6.2307,2.8297,13.9784405834184,"8.283e-09","2.647e-07",10.8
"IQCH",-1.2602,2.7863,-13.9844199615504,"8.243e-09","2.647e-07",10.8
"TSC22D2",0.9385,6.6376,14.0704803209596,"7.686e-09","2.576e-07",10.78
"BDKRB2",-2.5833,3.7319,-13.9593756002026,"8.413e-09","2.651e-07",10.78
"TIE1",-1.3645,3.8472,-14.0110530976811,"8.066e-09","2.630e-07",10.75
"RASEF",1.4074,4.1411,13.9918303364818,"8.193e-09","2.647e-07",10.74
"MET",-1.0617,6.7813,-14.0168273210637,"8.028e-09","2.628e-07",10.73
"RIT1",1.129,7.8718,14.0309131368569,"7.937e-09","2.628e-07",10.73
"PTGS2",1.6997,2.2318,13.9020127341718,"8.817e-09","2.727e-07",10.73
"MCAM",-1.0174,5.068,-13.9942186078486,"8.177e-09","2.647e-07",10.72
"SLC27A4",0.8214,7.0217,14.0315798157148,"7.932e-09","2.628e-07",10.72
"GFPT2",-1.4427,6.545,-14.0237632208598,"7.983e-09","2.628e-07",10.72
"DUT",0.8807,6.3109,13.9602159717859,"8.407e-09","2.651e-07",10.72
"RNF2",1.9287,5.1424,13.9750213039989,"8.306e-09","2.647e-07",10.71
"SDR42E1",-1.668,4.6348,-13.9490164520884,"8.484e-09","2.664e-07",10.71
"PLEKHO1",1.3011,2.4676,13.8824034987103,"8.960e-09","2.761e-07",10.69
"IL17RD",1.5373,5.0588,13.9405092327523,"8.543e-09","2.668e-07",10.69
"MTMR6",0.8615,5.7463,13.9380279396765,"8.561e-09","2.668e-07",10.68
"F2RL1",-2.7127,4.2609,-13.8703645469641,"9.049e-09","2.779e-07",10.68
"COBL",-1.5136,5.239,-13.9158707208237,"8.717e-09","2.707e-07",10.66
"CCT5",0.6767,10.5291,14.0772733538353,"7.644e-09","2.573e-07",10.65
"DPF3",-1.5238,3.1436,-13.8185409797881,"9.443e-09","2.868e-07",10.64
"DRD1",-2.6379,2.5976,-13.7606247395112,"9.905e-09","2.976e-07",10.63
"PDDC1",0.9425,4.7918,13.8546310707923,"9.166e-09","2.794e-07",10.62
"NET1",-1.0074,7.1974,-13.8646879769128,"9.091e-09","2.782e-07",10.56
"BAMBI",-1.3333,7.1051,-13.960492142466,"8.405e-09","2.651e-07",10.55
"TAF1B",1.0585,5.8341,13.7640787139816,"9.877e-09","2.976e-07",10.54
"TOX2",-1.2595,5.2965,-13.793914718882,"9.636e-09","2.917e-07",10.54
"LRRK1",-1.9073,3.902,-13.7490569686226,"1.000e-08","2.984e-07",10.54
"MC5R",-3.3071,3.4299,-13.6329550716437,"1.101e-08","3.173e-07",10.52
"DIO2",-2.0507,6.2543,-13.7436704801816,"1.004e-08","2.987e-07",10.51
"PLEK",1.408,3.434,13.6460020071268,"1.089e-08","3.172e-07",10.5
"LONRF3",0.7795,7.2934,13.7513974335762,"9.981e-09","2.984e-07",10.49
"GLE1",0.7627,7.1122,13.7169152723474,"1.027e-08","3.043e-07",10.47
"ERCC6L",0.8486,6.0977,13.6833778487382,"1.056e-08","3.114e-07",10.47
"PIK3C2G",-2.4746,3.3477,-13.5550702254647,"1.175e-08","3.279e-07",10.46
"USP1",0.7468,7.0568,13.6780942022293,"1.061e-08","3.114e-07",10.46
"ING2",1.2892,5.1222,13.6764968350194,"1.062e-08","3.114e-07",10.45
"CHST11",2.4138,2.241,13.5535087888586,"1.177e-08","3.279e-07",10.45
"SCNN1G",1.8341,3.4626,13.6256474964246,"1.108e-08","3.182e-07",10.45
"COL9A3",1.8402,3.1954,13.5994105068506,"1.133e-08","3.230e-07",10.44
"AKAP12",2.0827,4.3641,13.639328931047,"1.095e-08","3.173e-07",10.43
"COL18A1",-1.5244,6.5981,-13.6532363749508,"1.083e-08","3.163e-07",10.42
"ADAMTS20",1.9847,4.1051,13.5861491363637,"1.145e-08","3.238e-07",10.39
"WDR91",1.0581,6.5419,13.6017970530725,"1.130e-08","3.230e-07",10.39
"IRF2",-1.8224,5.7241,-13.5843978967546,"1.147e-08","3.238e-07",10.37
"ADAM10",-0.9812,6.9331,-13.5908346649432,"1.141e-08","3.238e-07",10.37
"SLC40A1",-1.6103,7.7769,-13.6334254578476,"1.101e-08","3.173e-07",10.37
"BNIP1",1.2432,5.2044,13.5694720951625,"1.161e-08","3.257e-07",10.36
"UTP23",1.5317,5.6371,13.5762282511484,"1.155e-08","3.249e-07",10.35
"IQCB1",-1.3423,3.8561,-13.5194198193536,"1.211e-08","3.363e-07",10.35
"STRIP2",3.1446,2.4743,13.3834265686582,"1.358e-08","3.628e-07",10.32
"GREB1L",-4.1805,5.4181,-13.499761712191,"1.231e-08","3.395e-07",10.31
"SLC20A2",-0.9892,5.2519,-13.5132838752267,"1.217e-08","3.369e-07",10.31
"DDX18",0.6864,7.6137,13.4962992896353,"1.235e-08","3.395e-07",10.29
"MYB",-0.9857,6.2703,-13.4825127058392,"1.249e-08","3.417e-07",10.29
"GPR162",1.7374,2.9127,13.3761474756298,"1.367e-08","3.638e-07",10.29
"OSGIN2",1.291,4.853,13.480979397565,"1.251e-08","3.417e-07",10.29
"ESR1",-5.0942,3.646,-13.3419263935469,"1.407e-08","3.676e-07",10.29
"MSANTD3",1.5846,6.3115,13.4663345059817,"1.266e-08","3.437e-07",10.28
"RFC3",0.6923,6.5756,13.4711059522518,"1.261e-08","3.434e-07",10.27
"DLX6",2.1025,4.1063,13.4360961181469,"1.299e-08","3.515e-07",10.26
"GPR157",-2.3606,3.9313,-13.3179777683561,"1.436e-08","3.717e-07",10.22
"RDH10",-1.4718,5.4099,-13.4046829895928,"1.334e-08","3.598e-07",10.21
"STX7",-1.1601,5.3888,-13.3965516978485,"1.343e-08","3.611e-07",10.2
"PRPF38A",0.7869,5.8645,13.3866652497555,"1.355e-08","3.628e-07",10.2
"ORC2",0.9403,5.5861,13.367321718834,"1.377e-08","3.643e-07",10.18
"PLXDC2",-2.591,2.0007,-13.2298219945238,"1.548e-08","3.888e-07",10.18
"CHAF1B",0.8487,6.8118,13.3588010500604,"1.387e-08","3.647e-07",10.17
"HSPA12A",1.9673,3.2392,13.2227002210382,"1.558e-08","3.889e-07",10.17
"SURF2",1.0466,6.169,13.3728437623975,"1.370e-08","3.638e-07",10.17
"PXYLP1",-0.8021,5.8783,-13.3294969241974,"1.422e-08","3.693e-07",10.16
"NIF3L1",1.3762,5.1268,13.3380404158972,"1.412e-08","3.677e-07",10.16
"SMAP2",0.9401,7.5631,13.356073844452,"1.390e-08","3.647e-07",10.13
"UNC119B",0.9679,6.3805,13.3552044369686,"1.391e-08","3.647e-07",10.13
"REL",2.1694,5.1824,13.2801696927175,"1.483e-08","3.814e-07",10.12
"SDC3",3.9191,2.5255,13.1396792056483,"1.673e-08","4.115e-07",10.12
"AMDHD1",-3.4511,5.2721,-13.2739706446426,"1.491e-08","3.814e-07",10.11
"PPHLN1",0.6963,5.6915,13.2616466461387,"1.507e-08","3.841e-07",10.1
"FIG4",-1.2662,4.0261,-13.2303988160676,"1.547e-08","3.888e-07",10.1
"DUSP12",0.9325,5.3379,13.2831285071257,"1.479e-08","3.814e-07",10.09
"WDCP",2.2578,4.6702,13.2363832200529,"1.539e-08","3.888e-07",10.08
"SLC20A1",1.021,7.4958,13.2582661804959,"1.511e-08","3.841e-07",10.07
"FANCB",0.7827,3.4823,13.2095335235332,"1.575e-08","3.910e-07",10.06
"POLRMT",0.7825,6.5948,13.2240863028257,"1.556e-08","3.889e-07",10.06
"STK39",1.0813,4.4244,13.215612958487,"1.567e-08","3.901e-07",10.06
"STARD8",-1.4978,5.5434,-13.2309745296773,"1.547e-08","3.888e-07",10.06
"EGR1",-0.971,6.6648,-13.2734018522087,"1.492e-08","3.814e-07",10.06
"NFIB",-3.2697,3.4768,-13.1031516583523,"1.726e-08","4.150e-07",10.05
"PRKCB",4.4751,2.7562,13.0455796517161,"1.814e-08","4.300e-07",10.04
"TESK1",2.7616,3.4679,13.1042015181741,"1.725e-08","4.150e-07",10.03
"SLC30A10",-3.4658,3.714,-13.0730936867985,"1.772e-08","4.223e-07",10.02
"PENK",1.871,4.0571,13.1149178327447,"1.709e-08","4.150e-07",10.01
"PPARA",-2.454,5.6707,-13.172409401082,"1.626e-08","4.025e-07",10
"RASGEF1A",-2.5372,5.1342,-13.134248045846,"1.681e-08","4.123e-07",9.99
"SLC35F2",1.289,5.0045,13.1500906497986,"1.658e-08","4.091e-07",9.99
"SSH2",1.1898,5.129,13.1218790992189,"1.699e-08","4.150e-07",9.98
"FZD3",-2.2326,5.9167,-13.1096581229083,"1.717e-08","4.150e-07",9.95
"FOXP2",-1.2746,5.4719,-13.1059625477901,"1.722e-08","4.150e-07",9.93
"MAK16",0.7829,7.4273,13.1117309645285,"1.714e-08","4.150e-07",9.93
"FAM107A",-2.1966,3.8656,-12.9804157461912,"1.920e-08","4.471e-07",9.92
"ADAM12",-2.1097,3.8736,-13.0237909954286,"1.849e-08","4.346e-07",9.92
"TDRKH",1.5077,3.7359,12.9782119990502,"1.924e-08","4.471e-07",9.92
"MXD4",-0.9475,5.5548,-13.0896845131437,"1.746e-08","4.175e-07",9.91
"SLBP",1.0969,5.1904,13.0524337058343,"1.804e-08","4.287e-07",9.91
"BHLHE40",-1.2457,6.1765,-13.0923082289897,"1.742e-08","4.175e-07",9.9
"DDX20",0.8129,6.3621,13.0347766077499,"1.831e-08","4.324e-07",9.9
"SHROOM4",2.0689,5.2096,13.0327202750497,"1.835e-08","4.324e-07",9.89
"GAS2L1",1.9041,4.6035,13.0186503242482,"1.857e-08","4.353e-07",9.89
"HARBI1",0.8255,5.5317,13.0148948539082,"1.863e-08","4.355e-07",9.87
"GAB3",3.4471,1.9336,12.848122576923,"2.156e-08","4.811e-07",9.86
"PRR7",1.656,4.0557,12.9339085639164,"2.000e-08","4.572e-07",9.86
"FRMD5",1.6701,2.452,12.8592551202075,"2.135e-08","4.802e-07",9.85
"DCLK2",1.0061,3.3432,12.9431362060474,"1.983e-08","4.564e-07",9.83
"SYNM",-1.1379,4.2644,-12.9472512047812,"1.976e-08","4.564e-07",9.83
"RASSF10",4.1154,3.7867,12.8182606390541,"2.213e-08","4.814e-07",9.83
"MED17",0.7098,6.3447,12.9670475422872,"1.943e-08","4.503e-07",9.83
"LIN28B",2.5266,3.1265,12.8747480767849,"2.106e-08","4.776e-07",9.82
"BAG3",3.104,5.6375,12.939211757444,"1.990e-08","4.564e-07",9.82
"GDF11",2.656,2.5104,12.7914299174688,"2.266e-08","4.888e-07",9.82
"PLS1",-1.6439,3.6591,-12.8682268247112,"2.118e-08","4.790e-07",9.81
"PPP1R8",0.9159,5.9146,12.9174717163597,"2.028e-08","4.625e-07",9.8
"RGS17",1.3243,2.7926,12.8030619348893,"2.243e-08","4.851e-07",9.8
"PLXNA2",-1.7004,5.2279,-12.9388541938867,"1.991e-08","4.564e-07",9.79
"PPP1R3C",-2.5368,3.8966,-12.8492127209827,"2.153e-08","4.811e-07",9.77
"CDC42EP3",3.0981,2.7842,12.726608145283,"2.399e-08","4.997e-07",9.76
"LIN7A",1.1952,4.5902,12.8754015170992,"2.105e-08","4.776e-07",9.76
"FOXG1",1.5187,2.9783,12.7836252587248,"2.281e-08","4.910e-07",9.75
"KCNG2",2.6605,2.8675,12.7372433346732,"2.377e-08","4.997e-07",9.74
"TMEM171",2.3101,4.1868,12.811334405719,"2.226e-08","4.828e-07",9.72
"ASPM",-1.7972,6.9386,-12.8451386926162,"2.161e-08","4.811e-07",9.72
"DDX47",0.6535,7.3819,12.8611000440804,"2.131e-08","4.802e-07",9.71
"CCND3",1.6986,6.6019,12.8514759022406,"2.149e-08","4.811e-07",9.7
"SLC35G2",1.5583,4.6652,12.8228358689869,"2.204e-08","4.814e-07",9.7
"ARHGAP26",0.7278,6.3439,12.82963969623,"2.191e-08","4.814e-07",9.7
"RTKN2",-1.4031,5.6324,-12.8349095452047,"2.181e-08","4.814e-07",9.7
"DMAP1",0.7737,5.405,12.8241700729304,"2.201e-08","4.814e-07",9.7
"HMGCS2",-2.1393,5.1647,-12.817590579538,"2.214e-08","4.814e-07",9.69
"TRPC3",1.3599,3.2181,12.7317224818361,"2.389e-08","4.997e-07",9.69
"EVC2",1.2906,3.2257,12.7294553596545,"2.393e-08","4.997e-07",9.68
"KCNT1",-1.7466,5.4271,-12.8178988435014,"2.214e-08","4.814e-07",9.68
"SYBU",0.9194,4.1226,12.7726982905639,"2.304e-08","4.937e-07",9.67
"RHOB",-1.4343,6.9648,-12.8338284507464,"2.183e-08","4.814e-07",9.67
"FGD6",-1.6376,5.5625,-12.7714835802739,"2.306e-08","4.937e-07",9.64
"P4HA2",1.9609,4.4498,12.7560010720752,"2.338e-08","4.982e-07",9.64
"HBEGF",1.4975,4.255,12.7495056423862,"2.351e-08","4.983e-07",9.64
"ACOX2",-1.2378,4.9322,-12.7554819589034,"2.339e-08","4.982e-07",9.63
"ZCCHC10",1.168,5.4439,12.7513194742438,"2.348e-08","4.983e-07",9.63
"IL20RA",-3.0873,5.1271,-12.7315266524751,"2.389e-08","4.997e-07",9.63
"NAF1",1.2403,5.2994,12.737665573526,"2.376e-08","4.997e-07",9.63
"USP36",1.0088,8.8368,12.8202854748741,"2.209e-08","4.814e-07",9.62
"RRP12",0.6975,6.7765,12.7116749398907,"2.431e-08","5.051e-07",9.61
"RNF8",1.4097,5.6877,12.7067885905013,"2.442e-08","5.061e-07",9.59
"IFT172",-1.0037,3.9072,-12.6714583706891,"2.520e-08","5.184e-07",9.59
"PAM",-1.2448,5.7572,-12.7309762365544,"2.390e-08","4.997e-07",9.58
"SLC35F1",4.1537,2.6488,12.5279534932307,"2.864e-08","5.684e-07",9.58
"RRP7A",0.9427,5.9357,12.6735483263614,"2.515e-08","5.184e-07",9.56
"VPS37C",1.0153,6.2613,12.6554617611785,"2.556e-08","5.245e-07",9.56
"PHF21A",-0.6745,6.2164,-12.6829314392798,"2.494e-08","5.156e-07",9.56
"BTK",1.5296,1.6213,12.4855582547351,"2.976e-08","5.807e-07",9.55
"ITGA9",-1.8783,4.9645,-12.6477116497459,"2.574e-08","5.269e-07",9.54
"SLC25A29",-2.3243,3.2596,-12.4935094616217,"2.955e-08","5.789e-07",9.54
"KLHL42",2.0811,2.9119,12.493999038067,"2.953e-08","5.789e-07",9.54
"CHAC2",1.7104,3.9187,12.6298735120645,"2.615e-08","5.315e-07",9.54
"BSN",0.8991,3.5466,12.6272617650838,"2.621e-08","5.315e-07",9.53
"JAG2",-1.8441,6.0645,-12.6270443287329,"2.621e-08","5.315e-07",9.52
"RGS14",2.6233,2.3141,12.4509957973237,"3.070e-08","5.857e-07",9.51
"PXDN",-2.3453,4.2762,-12.5885984256429,"2.713e-08","5.474e-07",9.51
"PCDH19",2.3945,1.975,12.4418617374365,"3.095e-08","5.879e-07",9.5
"SEC24A",-0.8709,7.2692,-12.6123151267559,"2.656e-08","5.372e-07",9.48
"PCIF1",0.7837,7.5071,12.6394440728379,"2.593e-08","5.295e-07",9.48
"PARD6G",1.4224,5.2519,12.53774529343,"2.839e-08","5.668e-07",9.46
"KANK1",-1.296,5.7706,-12.5631625091338,"2.775e-08","5.587e-07",9.45
"DTL",1.1692,6.0826,12.5346707864558,"2.847e-08","5.668e-07",9.44
"UTP6",0.8178,7.0957,12.5441101648479,"2.823e-08","5.667e-07",9.43
"PTPRE",0.8476,3.9752,12.4931152826831,"2.956e-08","5.789e-07",9.42
"ZFPM1",0.816,5.2142,12.5022328603996,"2.931e-08","5.789e-07",9.42
"DPH1",1.0933,6.5841,12.5337083125941,"2.850e-08","5.668e-07",9.4
"CKB",1.9252,1.9473,12.3396960897896,"3.396e-08","6.164e-07",9.4
"COLEC12",2.8722,2.8353,12.3385984634298,"3.399e-08","6.164e-07",9.4
"NR5A2",-2.9511,5.5567,-12.4937129757462,"2.954e-08","5.789e-07",9.4
"FAM149A",-1.9117,4.8109,-12.4833811727319,"2.982e-08","5.807e-07",9.39
"ZNF335",1.045,7.2228,12.4919708663762,"2.959e-08","5.789e-07",9.39
"NRAP",-2.3404,1.8541,-12.3165032585944,"3.468e-08","6.212e-07",9.39
"RSPO3",-1.398,3.9386,-12.4675451545431,"3.025e-08","5.835e-07",9.39
"RNF111",0.8251,5.1747,12.4748692353105,"3.005e-08","5.835e-07",9.38
"BLM",0.7584,6.0436,12.4602401659034,"3.044e-08","5.835e-07",9.38
"GNAI2",0.7107,7.9712,12.5419559794261,"2.829e-08","5.667e-07",9.37
"CEBPZ",0.7033,6.5295,12.460553263495,"3.044e-08","5.835e-07",9.35
"SH3D19",-1.8345,6.6604,-12.4632079600625,"3.036e-08","5.835e-07",9.35
"SLC12A1",-1.3736,2.0733,-12.2723521986123,"3.611e-08","6.345e-07",9.35
"TTPA",-1.4728,5.1477,-12.4296331175062,"3.130e-08","5.918e-07",9.35
"NHLRC3",-0.694,5.5285,-12.4539086520718,"3.062e-08","5.855e-07",9.34
"CNKSR1",-2.1421,3.6706,-12.3459411099422,"3.377e-08","6.163e-07",9.33
"PUDP",-1.2906,3.6939,-12.3717853100557,"3.298e-08","6.122e-07",9.32
"HSF2",0.7322,7.8636,12.4612623975571,"3.042e-08","5.835e-07",9.32
"EIF2AK3",-2.1185,5.709,-12.4442370123769,"3.089e-08","5.879e-07",9.32
"PPP4R3A",0.7647,7.2654,12.4367724391306,"3.110e-08","5.893e-07",9.32
"COL5A2",-1.5894,4.7168,-12.3971403388318,"3.223e-08","6.054e-07",9.31
"CHAF1A",0.958,6.5118,12.401792733951,"3.210e-08","6.042e-07",9.31
"ELAVL4",2.9705,2.8957,12.2851222856958,"3.569e-08","6.315e-07",9.31
"LMO7",-2.7027,6.2821,-12.4134276132029,"3.176e-08","5.992e-07",9.31
"CFI",-1.8219,4.5611,-12.3551899588073,"3.348e-08","6.138e-07",9.3
"COL14A1",-2.0722,4.6959,-12.3697429023237,"3.304e-08","6.122e-07",9.3
"IAH1",1.0498,5.1841,12.3913346420009,"3.240e-08","6.059e-07",9.29
"WDR18",0.9771,5.5089,12.3615991820774,"3.329e-08","6.127e-07",9.29
"TSPAN18",-1.938,4.7417,-12.3596200673366,"3.335e-08","6.127e-07",9.29
"CEP57",0.8781,5.3693,12.3758094150014,"3.286e-08","6.122e-07",9.29
"CAPN5",-2.7764,3.5819,-12.2464635779265,"3.697e-08","6.400e-07",9.28
"TMEM255A",0.7849,5.6072,12.366877150596,"3.313e-08","6.122e-07",9.27
"ZNF609",0.6585,7.6159,12.3913240434722,"3.240e-08","6.059e-07",9.27
"MAPT",1.4756,3.6994,12.34622284104,"3.376e-08","6.163e-07",9.27
"WDR76",1.2067,6.5128,12.3656306308503,"3.317e-08","6.122e-07",9.27
"SPHKAP",-2.2632,3.2423,-12.2537292201878,"3.673e-08","6.386e-07",9.26
"ARL2BP",1.108,3.7115,12.3306131839,"3.424e-08","6.169e-07",9.25
"DCUN1D3",0.8987,5.1828,12.3234876059366,"3.446e-08","6.196e-07",9.25
"CHKA",-0.7695,7.0028,-12.4726155825517,"3.011e-08","5.835e-07",9.25
"NOVA1",-1.4429,4.7881,-12.3332547781375,"3.416e-08","6.167e-07",9.25
"HPRT1",1.3772,6.2914,12.3653236768798,"3.318e-08","6.122e-07",9.25
"SEMA3F",1.45,4.1088,12.3136429287226,"3.477e-08","6.212e-07",9.24
"NKD1",-2.5209,4.932,-12.3154378497502,"3.472e-08","6.212e-07",9.23
"GCC1",1.1676,5.8407,12.2969092830802,"3.531e-08","6.281e-07",9.21
"PLA2G7",1.7883,4.562,12.2842452585921,"3.572e-08","6.315e-07",9.2
"NPTX1",2.3731,1.9214,12.1104976100532,"4.190e-08","6.976e-07",9.2
"HEMK1",1.0135,4.1584,12.2780982008942,"3.592e-08","6.336e-07",9.2
"ORC5",0.76,6.1514,12.2840206862044,"3.573e-08","6.315e-07",9.2
"NID1",-0.8149,6.4839,-12.3336849926588,"3.414e-08","6.167e-07",9.19
"ERBB3",-0.9722,4.3167,-12.2634203118513,"3.641e-08","6.368e-07",9.19
"N4BP3",1.6932,4.9151,12.26982841606,"3.619e-08","6.345e-07",9.19
"FRZB",1.7772,3.0699,12.1594712659817,"4.005e-08","6.782e-07",9.19
"CRLF1",2.4841,3.1983,12.1592798409981,"4.006e-08","6.782e-07",9.18
"SULT4A1",0.7041,4.1236,12.2474217657847,"3.694e-08","6.400e-07",9.18
"C2CD2",1.097,5.4586,12.2697531019733,"3.619e-08","6.345e-07",9.17
"TMEM80",1.107,5.292,12.2568490531438,"3.662e-08","6.386e-07",9.17
"SH3PXD2B",-1.7636,4.9116,-12.2535613813439,"3.674e-08","6.386e-07",9.17
"TRAM2",-1.2435,6.1945,-12.308176123495,"3.495e-08","6.230e-07",9.16
"RGS2",-1.1974,4.6497,-12.2357228928355,"3.734e-08","6.425e-07",9.15
"DLK2",4.8001,2.2849,12.0384996107949,"4.479e-08","7.304e-07",9.14
"TIMP4",-2.2654,3.3843,-12.1663260996133,"3.980e-08","6.765e-07",9.14
"HDAC10",-1.4577,5.3218,-12.242054107546,"3.712e-08","6.401e-07",9.14
"MAFB",-1.5273,4.3417,-12.1460875000206,"4.055e-08","6.837e-07",9.13
"ABCA12",-1.4733,3.0043,-12.1247979430589,"4.135e-08","6.945e-07",9.13
"CDHR2",-1.81,4.4392,-12.1951968991982,"3.876e-08","6.628e-07",9.13
"DAAM1",-2.0466,6.533,-12.2004359195963,"3.857e-08","6.609e-07",9.12
"CTSO",-2.6921,5.1455,-12.1929379260356,"3.884e-08","6.628e-07",9.11
"RRP15",0.9751,5.5606,12.1794340889147,"3.932e-08","6.697e-07",9.11
"ELF3",-1.0701,5.8244,-12.2444289281004,"3.704e-08","6.400e-07",9.11
"UBE2Q1",0.7725,9.0045,12.338880726533,"3.398e-08","6.164e-07",9.09
"CNGA3",2.7006,1.8749,11.9756794045149,"4.749e-08","7.571e-07",9.08
"LRRN4",3.2046,2.9197,12.0670875565532,"4.362e-08","7.183e-07",9.08
"NKRF",1.0378,6.3185,12.1403784433089,"4.076e-08","6.859e-07",9.08
"DOCK9",-2.198,6.1752,-12.153973625471,"4.025e-08","6.801e-07",9.08
"ACSBG2",0.7625,6.0344,12.1060011879754,"4.208e-08","6.976e-07",9.05
"KLF15",-3.8191,5.0654,-12.0828481660005,"4.299e-08","7.092e-07",9.03
"TRPM6",-1.4674,3.1538,-11.9644659246824,"4.799e-08","7.571e-07",9.02
"ODF2L",-2.0459,1.7818,-11.9356473102405,"4.930e-08","7.660e-07",9.02
"ZCCHC9",1.4833,5.3184,12.1049640499753,"4.212e-08","6.976e-07",9.02
"BCAS3",-1.3518,5.4901,-12.1106004227607,"4.190e-08","6.976e-07",9.02
"KBTBD8",-1.624,5.9317,-12.1121549745139,"4.184e-08","6.976e-07",9.01
"G2E3",-1.7778,6.3222,-12.089363562597,"4.273e-08","7.063e-07",9
"DPP4",-1.6364,2.5611,-11.9057437713942,"5.071e-08","7.814e-07",9
"CEPT1",-1.1133,6.2264,-12.1113305798431,"4.187e-08","6.976e-07",9
"MBL2",-3.5852,4.4281,-11.9807177690476,"4.727e-08","7.571e-07",8.99
"OARD1",0.8533,5.2284,12.0493039301747,"4.435e-08","7.274e-07",8.98
"MYO1E",-0.998,4.8062,-12.0580942135818,"4.399e-08","7.229e-07",8.98
"MMP16",1.0978,3.7936,12.0399288561454,"4.473e-08","7.304e-07",8.98
"TCF7L2",-1.8791,4.4604,-12.0312876107578,"4.510e-08","7.325e-07",8.97
"HHEX",-0.9669,8.8613,-12.2121832638498,"3.816e-08","6.552e-07",8.97
"GLUL",-1.7964,6.3894,-12.1088567320182,"4.197e-08","6.976e-07",8.97
"ZSWIM3",1.7491,3.4964,11.9874110623022,"4.698e-08","7.543e-07",8.96
"BEAN1",1.1693,4.4613,12.026180032813,"4.531e-08","7.346e-07",8.96
"CA2",-0.6804,5.5586,-12.0356918804468,"4.491e-08","7.309e-07",8.95
"LRIG3",2.4874,3.0822,11.8844069975264,"5.173e-08","7.943e-07",8.95
"HEATR6",0.736,5.1844,12.0093244305216,"4.603e-08","7.419e-07",8.94
"SNTB2",1.5961,5.0961,12.0172267271379,"4.569e-08","7.379e-07",8.94
"PRKAR2B",1.623,3.7921,11.9625448026332,"4.808e-08","7.571e-07",8.93
"AADAT",-1.0228,4.2196,-11.9969352465799,"4.656e-08","7.491e-07",8.93
"TM6SF1",1.0166,2.9234,11.8557926588009,"5.314e-08","8.057e-07",8.92
"HOXB5",-3.0477,2.7078,-11.8013692333794,"5.594e-08","8.331e-07",8.92
"CSRNP1",-1.3505,5.5256,-12.0179746832604,"4.566e-08","7.379e-07",8.91
"PLA2R1",-2.8496,3.8181,-11.8664390678381,"5.261e-08","8.020e-07",8.9
"ADPGK",0.641,5.8666,11.9615486676466,"4.812e-08","7.571e-07",8.89
"DKC1",0.6665,8.7218,12.043113578902,"4.460e-08","7.301e-07",8.89
"BLZF1",0.9371,5.9483,11.9653890294418,"4.795e-08","7.571e-07",8.89
"FAM114A1",-1.1895,4.5677,-11.9464628995282,"4.881e-08","7.619e-07",8.88
"SFR1",0.9869,5.2885,11.9429694078193,"4.897e-08","7.630e-07",8.88
"CASZ1",-1.5863,4.9199,-11.9527499159957,"4.852e-08","7.609e-07",8.87
"ACSL1",-1.8585,7.0312,-11.9667434837032,"4.789e-08","7.571e-07",8.87
"PHC1",-1.1026,5.8989,-11.9611576201815,"4.814e-08","7.571e-07",8.87
"IPO9",0.5688,7.452,11.9519040574346,"4.856e-08","7.609e-07",8.87
"SEPT6",0.6436,7.5931,11.9691515389486,"4.778e-08","7.571e-07",8.86
"DDX54",0.7862,6.9507,11.9744187789183,"4.755e-08","7.571e-07",8.86
"DNAJC9",0.8517,6.8086,11.9679248112747,"4.784e-08","7.571e-07",8.85
"PLCB4",-0.9872,5.0805,-11.9348486383081,"4.934e-08","7.660e-07",8.85
"FOXL2",2.2347,4.1909,11.8512604211986,"5.337e-08","8.062e-07",8.84
"NRBP2",-1.3655,5.8539,-11.92593717806,"4.976e-08","7.696e-07",8.84
"SMG6",0.5933,8.1674,11.931093119385,"4.952e-08","7.673e-07",8.84
"CENPT",0.6397,6.8215,11.9150287124823,"5.027e-08","7.760e-07",8.83
"RRH",1.9247,1.7988,11.7297463646197,"5.987e-08","8.662e-07",8.83
"ARHGEF3",-1.5204,4.5441,-11.8726490198945,"5.231e-08","7.997e-07",8.82
"AGPAT2",-1.0636,6.6453,-11.9474896466197,"4.876e-08","7.619e-07",8.82
"KLHL10",1.9558,2.7744,11.7717295438024,"5.754e-08","8.478e-07",8.81
"ESYT3",1.5736,3.1906,11.78027176614,"5.707e-08","8.454e-07",8.81
"HAO1",-1.9051,4.2108,-11.786172989007,"5.675e-08","8.422e-07",8.81
"PCMTD1",-2.0676,4.4336,-11.8087707529181,"5.555e-08","8.302e-07",8.8
"TRPA1",-2.2127,2.7885,-11.7395584711013,"5.932e-08","8.620e-07",8.8
"RNF126",0.8496,6.4612,11.8713289347263,"5.237e-08","7.997e-07",8.8
"EIF2B5",0.5986,7.0926,11.875703742308,"5.216e-08","7.994e-07",8.79
"COBLL1",-1.2279,4.9117,-11.8534844818137,"5.326e-08","8.060e-07",8.78
"SERTAD4",1.7474,3.3814,11.7750482219181,"5.735e-08","8.478e-07",8.78
"NKX3-2",2.9411,1.8699,11.6836044768199,"6.256e-08","8.927e-07",8.78
"CYP46A1",-1.0257,4.9815,-11.8565708437722,"5.310e-08","8.057e-07",8.77
"DAO",-1.8962,4.0222,-11.7639147246225,"5.796e-08","8.511e-07",8.77
"WDR47",0.8497,6.1246,11.8316951843877,"5.436e-08","8.197e-07",8.76
"ENTPD4",1.2256,5.9549,11.8597957861016,"5.294e-08","8.055e-07",8.76
"SYNJ2",-1.113,4.8137,-11.828452830275,"5.453e-08","8.197e-07",8.75
"LRRC42",1.0232,4.8329,11.82795904108,"5.456e-08","8.197e-07",8.75
"JADE1",1.1679,5.7726,11.8136525788383,"5.530e-08","8.279e-07",8.75
"ADAMTS3",1.4461,3.054,11.7688139969156,"5.769e-08","8.487e-07",8.74
"LRR1",1.5139,5.8396,11.8175706774406,"5.509e-08","8.263e-07",8.73
"OSBP2",1.1332,4.3643,11.7940881296559,"5.633e-08","8.374e-07",8.73
"ANK3",-2.9273,4.658,-11.7528504169249,"5.857e-08","8.571e-07",8.72
"PIGA",1.0095,3.8087,11.7725872871477,"5.749e-08","8.478e-07",8.71
"ATG16L1",0.762,6.6117,11.8056464907398,"5.572e-08","8.312e-07",8.71
"F10",-1.5685,4.7275,-11.7215690654649,"6.034e-08","8.679e-07",8.69
"SEMA5B",-2.5578,3.9823,-11.6815292664245,"6.269e-08","8.927e-07",8.69
"ZBTB24",1.035,4.9289,11.7596623784823,"5.820e-08","8.531e-07",8.69
"SEMA7A",-1.8608,3.8367,-11.6394564159679,"6.526e-08","9.192e-07",8.68
"UQCC1",0.5728,6.007,11.7491533257895,"5.878e-08","8.586e-07",8.68
"ZNF410",0.6718,5.8425,11.7422317145119,"5.917e-08","8.620e-07",8.68
"WSB1",-1.2404,7.9711,-11.9029132912806,"5.084e-08","7.820e-07",8.67
"SDK1",-1.2367,4.8547,-11.7359262680398,"5.952e-08","8.635e-07",8.67
"CDC37L1",1.3408,4.5539,11.7290041694796,"5.992e-08","8.662e-07",8.66
"CUL4A",-0.7636,5.0852,-11.7232603635195,"6.024e-08","8.679e-07",8.64
"SGK1",-3.0956,5.3109,-11.7096418069134,"6.103e-08","8.763e-07",8.64
"TMEM18",1.3137,4.8797,11.7072086025704,"6.117e-08","8.768e-07",8.64
"FGFR3",-3.013,6.2146,-11.7399096352967,"5.930e-08","8.620e-07",8.64
"SAMD4B",1.0608,6.169,11.6987565114097,"6.166e-08","8.824e-07",8.63
"ENDOD1",2.3499,2.7841,11.5342875595266,"7.219e-08","9.797e-07",8.63
"CSPG5",2.2518,2.5137,11.4856765443493,"7.566e-08","1.008e-06",8.62
"KIAA1217",-4.1287,5.3245,-11.6782854588943,"6.288e-08","8.927e-07",8.62
"RHPN1",-1.967,5.6479,-11.7258385603082,"6.010e-08","8.673e-07",8.62
"RND1",1.9215,4.8469,11.6777096808379,"6.291e-08","8.927e-07",8.6
"E2F1",1.12,6.338,11.6600261806395,"6.398e-08","9.048e-07",8.6
"RIPK2",2.4623,2.4344,11.5105930153911,"7.386e-08","9.927e-07",8.6
"COX19",0.9283,6.0735,11.6805319147662,"6.274e-08","8.927e-07",8.59
"FAM131B",3.3246,2.2672,11.4541709512085,"7.800e-08","1.026e-06",8.59
"NEFL",1.0317,4.6318,11.6540715270637,"6.435e-08","9.085e-07",8.58
"GP1BB",0.9289,3.0007,11.4959639543197,"7.491e-08","1.000e-06",8.56
"PDE8A",-1.6058,6.3113,-11.6675747131349,"6.353e-08","8.998e-07",8.55
"SALL3",-1.2497,5.4444,-11.6382169864423,"6.533e-08","9.192e-07",8.55
"WNT7B",-2.3895,3.4548,-11.5442536447388,"7.150e-08","9.750e-07",8.54
"GALNT18",1.4786,4.1756,11.5683709565359,"6.986e-08","9.652e-07",8.54
"RB1CC1",-0.8336,5.7861,-11.6011636301377,"6.769e-08","9.446e-07",8.53
"TRMT5",1.0931,5.6241,11.6012443536579,"6.769e-08","9.446e-07",8.53
"BTBD6",-1.1184,5.4676,-11.608394993397,"6.723e-08","9.430e-07",8.53
"SENP1",0.9219,6.4541,11.605649410925,"6.740e-08","9.436e-07",8.53
"FASTKD2",0.8889,6.4731,11.6081136510185,"6.724e-08","9.430e-07",8.53
"EXO1",0.9232,6.3826,11.5980889269761,"6.789e-08","9.458e-07",8.52
"ACSF2",-1.0735,4.5579,-11.5751398889187,"6.941e-08","9.608e-07",8.52
"VPS18",0.6058,5.5348,11.5748586593412,"6.942e-08","9.608e-07",8.51
"SH3BP4",-1.2999,5.6163,-11.5944137028166,"6.813e-08","9.476e-07",8.51
"GPR139",1.7088,2.3938,11.4189042274214,"8.072e-08","1.040e-06",8.5
"TENM2",-2.0889,5.4111,-11.5587755220513,"7.051e-08","9.709e-07",8.5
"RASA3",1.3723,3.4881,11.5450357576978,"7.145e-08","9.750e-07",8.5
"FAM102A",-1.5858,4.6317,-11.5529752088219,"7.090e-08","9.727e-07",8.5
"PROX1",-3.733,5.4743,-11.5545067387688,"7.080e-08","9.727e-07",8.49
"TIAM1",1.542,4.0869,11.5407251722672,"7.174e-08","9.752e-07",8.48
"SCN8A",-3.0612,1.7859,-11.3479861171188,"8.650e-08","1.085e-06",8.48
"GPR146",-4.0719,4.8139,-11.4992544492057,"7.467e-08","9.989e-07",8.48
"PLAG1",-1.1372,4.8953,-11.5464284776482,"7.135e-08","9.750e-07",8.47
"ZHX3",-1.8248,4.499,-11.5285183487694,"7.259e-08","9.820e-07",8.47
"GTPBP6",0.976,5.0819,11.5411046406725,"7.172e-08","9.752e-07",8.47
"LPL",-1.5181,4.6217,-11.5206570397622,"7.314e-08","9.863e-07",8.47
"SLC38A3",-0.9355,5.9241,-11.5518051064545,"7.098e-08","9.727e-07",8.46
"SUSD4",3.0875,2.1707,11.3214634947273,"8.877e-08","1.101e-06",8.46
"CPPED1",-1.1138,5.7401,-11.5598358439358,"7.043e-08","9.709e-07",8.45
"PI4KA",-1.1298,5.5214,-11.5231597430171,"7.297e-08","9.855e-07",8.45
"RUBCNL",1.8095,2.8283,11.3550483857361,"8.590e-08","1.080e-06",8.44
"CLMP",1.6763,1.5584,11.2910748681875,"9.145e-08","1.130e-06",8.44
"ARHGEF6",0.7684,5.2781,11.5139657856192,"7.362e-08","9.911e-07",8.43
"LRRC20",1.7283,3.5723,11.4353252488703,"7.944e-08","1.031e-06",8.43
"ATP8A2",-1.151,3.9496,-11.4165032102607,"8.091e-08","1.041e-06",8.43
"TAF1A",0.6551,5.2781,11.5038581989474,"7.434e-08","9.960e-07",8.43
"ZNF319",1.0651,5.778,11.508519195324,"7.401e-08","9.931e-07",8.42
"CCNG2",-0.9841,7.3697,-11.5925555468251,"6.825e-08","9.477e-07",8.41
"PHF2",-1.0146,4.7509,-11.4854147868423,"7.568e-08","1.008e-06",8.41
"TNFRSF19",-2.0598,6.003,-11.5308217058461,"7.243e-08","9.814e-07",8.41
"DACT1",3.128,1.3764,11.2573888130982,"9.453e-08","1.157e-06",8.41
"HOXA10",-1.933,5.1703,-11.447384519464,"7.852e-08","1.031e-06",8.4
"NPTX2",1.1186,5.4313,11.4788698512871,"7.616e-08","1.012e-06",8.4
"CCDC137",1.3924,4.416,11.4595588260083,"7.760e-08","1.025e-06",8.39
"KIAA0232",-1.5083,5.4634,-11.4677886525014,"7.698e-08","1.020e-06",8.39
"RBL1",0.9361,6.6208,11.4549455665085,"7.794e-08","1.026e-06",8.39
"SKA3",0.7558,6.4784,11.4534246578011,"7.806e-08","1.026e-06",8.38
"EPM2A",1.5484,3.4289,11.3917949650653,"8.288e-08","1.056e-06",8.38
"GRK6",0.8999,3.1034,11.419351545715,"8.068e-08","1.040e-06",8.38
"HSPA13",0.6235,5.2064,11.4418350380362,"7.894e-08","1.031e-06",8.38
"INSIG2",-1.2322,6.5822,-11.4634465217535,"7.730e-08","1.023e-06",8.38
"ST8SIA5",-3.3598,6.3412,-11.4433032274986,"7.883e-08","1.031e-06",8.38
"TXNRD1",-0.7421,5.7914,-11.4740138013023,"7.652e-08","1.015e-06",8.37
"NOCT",1.1533,4.5857,11.438058639235,"7.923e-08","1.031e-06",8.37
"EOGT",1.5381,4.9285,11.4459086867814,"7.863e-08","1.031e-06",8.37
"TMEM9",1.8797,2.9646,11.2685880954193,"9.350e-08","1.148e-06",8.37
"ST6GALNAC5",1.1303,5.4271,11.4366002252576,"7.934e-08","1.031e-06",8.36
"WIPF3",-2.0272,4.2456,-11.4008995122897,"8.215e-08","1.050e-06",8.36
"EDEM2",1.0846,6.2723,11.44080446646,"7.902e-08","1.031e-06",8.35
"PHLDB1",1.029,3.5922,11.3718221227273,"8.451e-08","1.071e-06",8.35
"CABIN1",-0.9482,5.9421,-11.4258093046419,"8.018e-08","1.036e-06",8.35
"DCLRE1C",0.9753,3.4615,11.3905192316269,"8.298e-08","1.056e-06",8.35
"FGF12",-0.8286,5.2685,-11.432157260965,"7.969e-08","1.032e-06",8.34
"ZER1",-0.9039,5.4009,-11.4343573379817,"7.952e-08","1.031e-06",8.33
"DYNC1I1",-2.2618,5.8612,-11.3792053915824,"8.390e-08","1.065e-06",8.29
"C3orf70",1.54,5.1666,11.3661086725574,"8.498e-08","1.075e-06",8.29
"TMEM268",-2.4506,4.1576,-11.2715847543385,"9.322e-08","1.147e-06",8.29
"RCAN2",1.4615,3.4042,11.186066264688,"1.014e-07","1.216e-06",8.27
"TBL1XR1",-2.1179,6.9031,-11.3615047540367,"8.536e-08","1.078e-06",8.27
"AHCYL1",-1.2798,6.0214,-11.3251266413944,"8.845e-08","1.101e-06",8.27
"PHLDA2",1.3606,6.0373,11.3576415544064,"8.568e-08","1.079e-06",8.27
"MOCOS",-1.7823,3.7058,-11.287201872866,"9.180e-08","1.133e-06",8.27
"FRRS1",-1.5492,6.0859,-11.380973454902,"8.376e-08","1.065e-06",8.27
"THUMPD2",0.9471,5.378,11.3325843410091,"8.781e-08","1.096e-06",8.26
"PYM1",1.3607,5.2632,11.3313929413324,"8.791e-08","1.096e-06",8.26
"AGXT2",-1.7841,5.4293,-11.346127095106,"8.665e-08","1.085e-06",8.26
"SCG3",-0.8262,6.2219,-11.3951965245135,"8.260e-08","1.055e-06",8.26
"UTP4",0.8462,7.4128,11.360198609487,"8.547e-08","1.078e-06",8.26
"SPTLC1",-0.838,5.673,-11.3424397468287,"8.697e-08","1.087e-06",8.25
"DUSP1",-1.0375,5.2287,-11.3467191610814,"8.660e-08","1.085e-06",8.25
"SCARF2",2.1983,3.9532,11.2495187400337,"9.527e-08","1.163e-06",8.25
"TMPRSS9",1.8383,2.0294,11.1396961239138,"1.062e-07","1.248e-06",8.25
"SLC1A2",1.7236,2.3632,11.1680581361304,"1.032e-07","1.230e-06",8.24
"PLCD1",-1.2981,6.3946,-11.4093181568774,"8.148e-08","1.043e-06",8.24
"BCL2L1",-1.964,5.7888,-11.3202882424674,"8.887e-08","1.101e-06",8.24
"CCNE1",3.5574,2.4642,11.0754378236029,"1.132e-07","1.298e-06",8.22
"PXDC1",-1.726,6.3144,-11.3204930152822,"8.885e-08","1.101e-06",8.22
"RRBP1",-1.4606,8.2926,-11.4106983517486,"8.137e-08","1.043e-06",8.19
"SLC24A4",1.7452,3.5241,11.243738721764,"9.581e-08","1.167e-06",8.19
"FJX1",2.2795,4.1413,11.139750788359,"1.062e-07","1.248e-06",8.19
"GRPEL2",0.8266,6.0257,11.2624537842412,"9.406e-08","1.154e-06",8.18
"POLR3E",0.7596,6.3632,11.2760982013454,"9.281e-08","1.143e-06",8.17
"CNOT9",0.7495,7.0829,11.2562822581607,"9.463e-08","1.157e-06",8.17
"TOM1",-1.8843,5.1058,-11.2453051997557,"9.566e-08","1.167e-06",8.17
"JUN",-0.5228,7.1274,-11.4106617013348,"8.137e-08","1.043e-06",8.16
"UBE2B",-1.2366,6.0258,-11.2917645185382,"9.139e-08","1.130e-06",8.15
"SRGAP1",1.1474,5.4954,11.2268513758789,"9.742e-08","1.183e-06",8.15
"DIMT1",0.7527,5.5713,11.2172249059259,"9.835e-08","1.189e-06",8.14
"VEGFC",-0.881,4.2632,-11.1595337613621,"1.041e-07","1.239e-06",8.12
"MDGA1",-3.6958,3.9121,-11.0643742393721,"1.145e-07","1.308e-06",8.12
"SATB2",3.3755,1.65,10.9699547444117,"1.258e-07","1.395e-06",8.12
"GALM",-1.0335,5.8771,-11.2255524722843,"9.754e-08","1.183e-06",8.11
"ABCC6",-1.1167,5.3503,-11.1953825734411,"1.005e-07","1.209e-06",8.11
"RASGRF1",1.1453,4.3377,11.1821001196146,"1.018e-07","1.217e-06",8.11
"CCDC59",0.7986,6.5023,11.1965819432989,"1.004e-07","1.209e-06",8.11
"CACNG5",4.9619,1.5419,10.9493024345561,"1.285e-07","1.409e-06",8.1
"GAS2",-2.1131,5.7624,-11.1929964911681,"1.007e-07","1.209e-06",8.1
"APELA",-1.8675,4.6435,-11.1470822243471,"1.054e-07","1.248e-06",8.1
"TRIM25",-2.5985,4.7451,-11.1439965478617,"1.057e-07","1.248e-06",8.1
"IGSF3",-1.5181,6.9936,-11.2169584324762,"9.837e-08","1.189e-06",8.09
"SLC16A10",-1.2033,6.7664,-11.2367928035675,"9.647e-08","1.173e-06",8.09
"GPSM1",1.0404,4.295,11.1449503319725,"1.056e-07","1.248e-06",8.09
"NXNL2",2.6076,1.9959,10.9289930107746,"1.311e-07","1.429e-06",8.08
"FBXL14",1.3739,6.0785,11.1834267639826,"1.017e-07","1.217e-06",8.08
"C15orf61",1.1219,6.2924,11.1992493117418,"1.001e-07","1.208e-06",8.07
"PIP4K2B",0.7903,6.2888,11.1689821884883,"1.032e-07","1.230e-06",8.06
"EIF2AK2",-0.9359,4.7039,-11.1434708379545,"1.058e-07","1.248e-06",8.06
"ST3GAL6",1.1488,3.8124,11.1151565076585,"1.088e-07","1.272e-06",8.06
"NCF2",-1.1196,5.6686,-11.1933209300687,"1.007e-07","1.209e-06",8.06
"NSUN4",0.89,5.024,11.1269245064517,"1.075e-07","1.259e-06",8.05
"LIPT1",1.0252,6.0929,11.1300669532766,"1.072e-07","1.256e-06",8.04
"MERTK",1.9819,4.202,11.1073249879852,"1.097e-07","1.278e-06",8.04
"RPUSD2",1.2158,7.3273,11.1378614645353,"1.064e-07","1.248e-06",8.04
"NINJ1",1.961,3.4336,11.0454328789159,"1.166e-07","1.324e-06",8.04
"GTF2E2",0.7821,5.3587,11.100218115155,"1.104e-07","1.285e-06",8.04
"ST6GAL1",-1.9255,6.3564,-11.1431991433442,"1.058e-07","1.248e-06",8.03
"PDE1A",-2.089,3.7956,-10.9557945860488,"1.276e-07","1.404e-06",8.03
"APC2",2.3314,2.0185,10.9672977852101,"1.261e-07","1.397e-06",8.03
"ABHD17C",-1.2521,6.4943,-11.140811189477,"1.061e-07","1.248e-06",8.02
"TGFBR3",-1.3631,4.4623,-11.0910556789576,"1.115e-07","1.286e-06",8.02
"PTCH2",2.2528,3.0058,10.9976531664561,"1.224e-07","1.365e-06",8.02
"TMEM65",0.6584,6.6087,11.1471281834797,"1.054e-07","1.248e-06",8.02
"LRP4",-1.1913,4.9367,-11.0987740222736,"1.106e-07","1.285e-06",8.02
"TYW3",1.2592,5.2543,11.1105783302462,"1.093e-07","1.276e-06",8.01
"RBM41",1.4713,3.8434,11.021631714022,"1.195e-07","1.340e-06",8.01
"NFIL3",-1.2904,5.1397,-11.0953947658272,"1.110e-07","1.285e-06",8
"SYNDIG1L",3.1981,1.7722,10.8365464920537,"1.440e-07","1.520e-06",7.99
"MSL3",0.8104,5.972,11.0950321698252,"1.110e-07","1.285e-06",7.99
"NLGN3",1.0763,3.5415,11.0506345291971,"1.160e-07","1.323e-06",7.99
"USP3",-0.8162,5.3253,-11.0803630852253,"1.126e-07","1.297e-06",7.98
"TMEM169",1.0384,4.9789,11.0764101411163,"1.131e-07","1.298e-06",7.98
"GINS3",0.8361,6.5753,11.0919839849683,"1.113e-07","1.286e-06",7.98
"NIT2",-1.1343,5.2653,-11.0776997674149,"1.129e-07","1.298e-06",7.97
"CEP83",0.701,5.6764,11.0598750252344,"1.150e-07","1.313e-06",7.96
"RASL11B",4.6494,2.1264,10.8139666433695,"1.473e-07","1.546e-06",7.96
"PFKP",0.6922,7.6311,11.0968820084924,"1.108e-07","1.285e-06",7.96
"EPC2",0.9039,5.7887,11.0439086469976,"1.168e-07","1.325e-06",7.96
"PIAS4",0.8791,5.4139,11.0424745955313,"1.170e-07","1.325e-06",7.95
"EIF2B1",0.5603,6.3882,11.046213748707,"1.166e-07","1.324e-06",7.95
"PPIP5K2",-1.0898,5.237,-11.0344228433731,"1.179e-07","1.332e-06",7.94
"TSPAN12",-1.9741,6.5326,-11.0685030879728,"1.140e-07","1.305e-06",7.94
"JAM2",2.8737,3.0122,10.8703980137943,"1.391e-07","1.493e-06",7.94
"BET1L",0.6118,6.9431,11.0292446082883,"1.185e-07","1.335e-06",7.94
"TBX1",1.3018,0.9087,10.7971322364723,"1.499e-07","1.559e-06",7.93
"CIAO1",-0.9059,5.0125,-11.0280345891711,"1.187e-07","1.335e-06",7.93
"SMARCA1",-0.7048,5.7335,-11.0362229923203,"1.177e-07","1.331e-06",7.93
"GBE1",-1.3503,5.8883,-11.0325635443251,"1.182e-07","1.333e-06",7.93
"LIMK2",0.6565,5.7338,11.0260869073204,"1.189e-07","1.336e-06",7.93
"PYGO1",1.376,4.5893,11.0101124041892,"1.208e-07","1.352e-06",7.93
"WDR77",0.795,7.7272,11.0851920944106,"1.121e-07","1.292e-06",7.91
"SOX8",2.8036,1.6455,10.7663716276811,"1.546e-07","1.589e-06",7.91
"ZBTB18",1.1114,4.5294,10.9839476802307,"1.241e-07","1.381e-06",7.9
"TGIF1",-1.0503,7.0128,-11.048385529699,"1.163e-07","1.324e-06",7.89
"GRAMD1B",-1.3885,4.4986,-10.9647449881363,"1.265e-07","1.398e-06",7.89
"EXTL2",-0.9146,4.3424,-10.9398373334429,"1.297e-07","1.419e-06",7.88
"TMEM86A",-2.7529,4.2853,-10.8915502785042,"1.362e-07","1.471e-06",7.88
"DMRTA2",3.1334,4.0121,10.8586980387056,"1.408e-07","1.504e-06",7.88
"SLC25A43",0.9785,4.3653,10.9585048815931,"1.273e-07","1.404e-06",7.88
"AHI1",-1.5396,3.3973,-10.883586796265,"1.373e-07","1.478e-06",7.87
"NOP16",0.7949,7.0013,11.0012568024063,"1.219e-07","1.362e-06",7.87
"PDLIM5",-1.7473,6.3537,-10.9740519110238,"1.253e-07","1.391e-06",7.87
"ZNF592",0.8252,5.3034,10.956398450014,"1.275e-07","1.404e-06",7.87
"CAMKK1",-0.7808,4.8317,-10.9551729856085,"1.277e-07","1.404e-06",7.86
"SPAG6",-1.0631,4.7496,-10.9479481610157,"1.286e-07","1.409e-06",7.86
"CD99L2",0.8037,6.9287,11.0129263880201,"1.205e-07","1.350e-06",7.85
"RBKS",-1.5571,3.4802,-10.8035421711417,"1.489e-07","1.554e-06",7.85
"MRM2",0.9887,4.9434,10.9375700585019,"1.300e-07","1.420e-06",7.85
"MYBBP1A",0.7741,8.1874,10.9901361858558,"1.233e-07","1.374e-06",7.85
"CDR2",1.2713,5.9209,10.9301265876535,"1.310e-07","1.429e-06",7.84
"MTG2",1.2306,5.1283,10.9109242684858,"1.335e-07","1.450e-06",7.83
"ENGASE",1.3194,5.4453,10.9092908746114,"1.337e-07","1.450e-06",7.82
"LIPG",-2.1207,4.7095,-10.8939070309856,"1.358e-07","1.469e-06",7.82
"GATAD1",0.7041,6.5929,10.9788639579256,"1.247e-07","1.386e-06",7.82
"OSBPL9",-0.6443,5.5914,-10.9185168488439,"1.325e-07","1.440e-06",7.81
"QKI",-1.3775,6.3194,-10.9226865864142,"1.319e-07","1.436e-06",7.81
"PLEKHH2",1.5433,2.5236,10.7580106520781,"1.560e-07","1.596e-06",7.81
"MEIS1",3.1796,2.6431,10.6745744013031,"1.699e-07","1.698e-06",7.81
"SLC2A2",-4.0998,4.2496,-10.7420418651667,"1.585e-07","1.617e-06",7.8
"CAAP1",0.7431,4.0974,10.8762334294817,"1.383e-07","1.486e-06",7.79
"HYLS1",-1.6335,3.4634,-10.76128474379,"1.554e-07","1.593e-06",7.79
"RPRD2",0.716,6.9785,10.8565862178822,"1.411e-07","1.504e-06",7.79
"GSTK1",-0.9666,6.4184,-10.900818010508,"1.349e-07","1.461e-06",7.79
"KCTD7",0.9237,4.2916,10.8606118377397,"1.405e-07","1.504e-06",7.78
"PLS3",-0.9648,7.1971,-10.8896792189845,"1.364e-07","1.472e-06",7.76
"BCDIN3D",0.9076,4.6635,10.848786112934,"1.422e-07","1.509e-06",7.76
"STAR",2.574,1.6407,10.6158424388838,"1.805e-07","1.765e-06",7.76
"WDR82",0.5706,7.0103,10.8827406556294,"1.374e-07","1.478e-06",7.76
"BCAR1",-0.7387,8.2161,-10.9507460545622,"1.283e-07","1.409e-06",7.75
"ELF2",0.8289,6.0402,10.8225121363451,"1.460e-07","1.538e-06",7.75
"GATAD2B",0.9145,6.7173,10.8410246483154,"1.433e-07","1.515e-06",7.75
"PAQR3",0.7097,5.0394,10.8550533483525,"1.413e-07","1.505e-06",7.75
"PISD",0.5704,6.4966,10.843528158975,"1.430e-07","1.513e-06",7.75
"LY96",-1.0297,2.1369,-10.6317161309087,"1.775e-07","1.745e-06",7.75
"SOCS4",0.9021,3.6172,10.8121910752982,"1.476e-07","1.546e-06",7.74
"PPP1R3E",0.7986,7.5026,10.8692536456771,"1.393e-07","1.493e-06",7.74
"GOLGB1",-1.0292,6.3172,-10.8502095483459,"1.420e-07","1.508e-06",7.73
"SALL4",-0.6467,5.0229,-10.8134586456278,"1.474e-07","1.546e-06",7.72
"GRAMD1C",-1.2295,5.095,-10.8319805798536,"1.446e-07","1.525e-06",7.72
"NMB",2.5685,2.3133,10.565187047416,"1.902e-07","1.829e-06",7.72
"FAM169A",1.6,3.502,10.7682038365173,"1.543e-07","1.588e-06",7.71
"PCDH17",-2.0666,2.9095,-10.7007532984309,"1.654e-07","1.674e-06",7.71
"RASSF9",-1.2847,4.2531,-10.7234724833705,"1.616e-07","1.646e-06",7.71
"RNF166",0.7891,6.8084,10.8466581960002,"1.425e-07","1.510e-06",7.71
"FOXA1",-0.8691,6.4646,-10.8580734572078,"1.409e-07","1.504e-06",7.71
"THRB",-2.0694,4.878,-10.7974176456408,"1.498e-07","1.559e-06",7.71
"GEMIN5",0.5899,6.8399,10.8113322712723,"1.477e-07","1.546e-06",7.7
"LIG4",1.2885,3.7609,10.7798102135434,"1.525e-07","1.579e-06",7.7
"CDK19",-2.055,5.1048,-10.7972771364574,"1.498e-07","1.559e-06",7.69
"LSM8",1.048,6.1007,10.8125260749356,"1.475e-07","1.546e-06",7.69
"RBM15",1.2886,5.9221,10.7737379305624,"1.535e-07","1.586e-06",7.67
"KAT2A",0.7892,7.0412,10.7913995654372,"1.507e-07","1.564e-06",7.67
"COPS7B",0.5743,6.3004,10.7701462832741,"1.540e-07","1.587e-06",7.67
"HMGCL",-1.4562,7.2164,-10.8093015094307,"1.480e-07","1.547e-06",7.66
"RBPJ",-1.5594,6.6737,-10.7895245767085,"1.510e-07","1.565e-06",7.66
"IRS1",-0.7787,5.4038,-10.7697761408801,"1.541e-07","1.587e-06",7.65
"AASS",-1.9342,3.9855,-10.6546844982746,"1.734e-07","1.718e-06",7.64
"CTDSPL",-1.3146,6.402,-10.7717207846098,"1.538e-07","1.587e-06",7.64
"MED18",1.3193,5.0907,10.7502228650087,"1.572e-07","1.607e-06",7.64
"GPR137B",-2.2006,3.9725,-10.6317209268385,"1.775e-07","1.745e-06",7.63
"NFE2L2",-1.5581,7.2056,-10.7939090048503,"1.503e-07","1.562e-06",7.61
"FAXC",1.5731,5.3529,10.7115987237638,"1.635e-07","1.664e-06",7.61
"MTMR2",0.7624,4.5382,10.7057115309811,"1.645e-07","1.669e-06",7.6
"GPX7",-1.0601,3.6902,-10.6549101670989,"1.734e-07","1.718e-06",7.6
"ABAT",-1.291,8.3466,-10.8517654704868,"1.418e-07","1.508e-06",7.6
"BAIAP2L1",-1.405,5.8731,-10.7424626673433,"1.585e-07","1.617e-06",7.59
"CASP10",0.8698,5.1126,10.6851121869533,"1.681e-07","1.695e-06",7.58
"WBP1L",-0.8923,6.3544,-10.7641908549582,"1.550e-07","1.590e-06",7.58
"THSD7B",-1.8084,5.6331,-10.7055781094091,"1.646e-07","1.669e-06",7.58
"MYBL1",0.8536,6.0915,10.6748729555575,"1.698e-07","1.698e-06",7.58
"WDR59",0.5629,5.8671,10.6838261049281,"1.683e-07","1.696e-06",7.56
"TSR3",0.7852,5.8521,10.674630035023,"1.699e-07","1.698e-06",7.56
"IHH",-1.9153,4.9055,-10.663474402901,"1.718e-07","1.711e-06",7.56
"MGLL",-2.6089,5.1843,-10.670828032447,"1.705e-07","1.702e-06",7.56
"CCDC66",1.0459,5.3067,10.6473442840432,"1.747e-07","1.725e-06",7.55
"GTF3A",0.6201,5.6954,10.6764542019623,"1.696e-07","1.698e-06",7.55
"NUSAP1",-1.1352,6.5546,-10.6882259016648,"1.675e-07","1.694e-06",7.55
"UBIAD1",0.6794,7.7209,10.7052063148493,"1.646e-07","1.669e-06",7.55
"CCNT1",0.9435,6.5416,10.6523261431522,"1.738e-07","1.721e-06",7.55
"BACH1",-1.617,5.5713,-10.6826237522415,"1.685e-07","1.696e-06",7.54
"TNFRSF11A",-0.9894,6.1105,-10.6610118006485,"1.723e-07","1.713e-06",7.54
"DCX",-2.4103,2.5516,-10.4137607336874,"2.227e-07","2.060e-06",7.54
"PSMG1",0.6394,6.2942,10.6649128172555,"1.716e-07","1.711e-06",7.53
"DPY19L4",-1.2825,5.3527,-10.657832524348,"1.728e-07","1.717e-06",7.53
"PHKA2",-1.7422,4.5181,-10.6304472000877,"1.778e-07","1.745e-06",7.53
"PUS3",1.5045,4.9682,10.646537419021,"1.749e-07","1.725e-06",7.53
"EGFR",-2.4488,8.0548,-10.6785042997947,"1.692e-07","1.698e-06",7.52
"TMEM132C",-0.8657,4.3216,-10.6150557082888,"1.806e-07","1.765e-06",7.52
"PLCB1",-1.2925,5.7948,-10.6489529606223,"1.744e-07","1.725e-06",7.52
"BNIP3L",-0.6669,7.1101,-10.6759036128027,"1.697e-07","1.698e-06",7.51
"SYNE2",-1.6787,6.8396,-10.604732800761,"1.826e-07","1.780e-06",7.51
"EMX2",1.556,4.4163,10.6141479649408,"1.808e-07","1.765e-06",7.51
"PLEKHA6",-1.8105,5.3479,-10.6211211169468,"1.795e-07","1.760e-06",7.5
"SLC3A1",-1.6072,4.7158,-10.5807335953417,"1.872e-07","1.813e-06",7.5
"ENO2",-1.045,3.8566,-10.5764631198225,"1.880e-07","1.816e-06",7.5
"APPL2",-1.3116,7.0783,-10.6860540576889,"1.679e-07","1.695e-06",7.5
"DDX49",0.6657,6.002,10.5950513730934,"1.844e-07","1.794e-06",7.5
"EHHADH",-1.4083,6.8092,-10.617353843032,"1.802e-07","1.765e-06",7.49
"CALN1",-2.5117,3.6399,-10.4356593632027,"2.177e-07","2.022e-06",7.49
"TMEM184A",-1.3974,4.6958,-10.5410307800735,"1.950e-07","1.863e-06",7.49
"ABCA1",-4.4163,3.5961,-10.426173148251,"2.199e-07","2.037e-06",7.48
"PPM1K",-1.9164,3.7184,-10.5718017553437,"1.889e-07","1.823e-06",7.48
"E2F5",0.7133,5.1977,10.5827343010881,"1.868e-07","1.813e-06",7.47
"INPP5F",1.619,4.5132,10.5694552308293,"1.894e-07","1.825e-06",7.46
"FRK",-1.676,4.017,-10.4569187928426,"2.129e-07","1.997e-06",7.46
"TMEM38A",0.6605,5.44,10.5801045527397,"1.873e-07","1.813e-06",7.45
"INTS12",1.1309,5.2055,10.5636984325113,"1.905e-07","1.830e-06",7.45
"SNRNP35",1.327,4.3063,10.5559812098448,"1.920e-07","1.842e-06",7.45
"FPGT",0.7449,5.7637,10.5790422883545,"1.875e-07","1.813e-06",7.44
"SNED1",1.2887,4.7126,10.54789668587,"1.936e-07","1.854e-06",7.44
"DCT",-2.5408,2.1582,-10.2939812491465,"2.527e-07","2.253e-06",7.44
"WNT1",1.1306,5.5527,10.5684281165121,"1.896e-07","1.825e-06",7.43
"NUBP2",0.6754,7.0077,10.6006036522916,"1.833e-07","1.786e-06",7.43
"TBX3",-2.4951,6.286,-10.5888904557075,"1.856e-07","1.803e-06",7.42
"COL6A2",-2.1391,2.4455,-10.2718204401027,"2.587e-07","2.296e-06",7.41
"BEND3",0.9471,6.4432,10.5345344579329,"1.963e-07","1.873e-06",7.41
"TMEM50B",-0.9839,5.7826,-10.5522640571582,"1.928e-07","1.847e-06",7.41
"CD2AP",-0.6804,6.0652,-10.5452617483205,"1.942e-07","1.857e-06",7.4
"FHOD1",1.2233,4.0987,10.4883457165405,"2.060e-07","1.946e-06",7.4
"MAEL",-2.0856,1.9022,-10.2616008883919,"2.616e-07","2.310e-06",7.39
"AGPAT4",-1.2376,5.6512,-10.5321320840701,"1.968e-07","1.876e-06",7.39
"DHX35",0.7346,4.533,10.5009394078253,"2.033e-07","1.927e-06",7.38
"PCNA",0.714,9.1413,10.6448476890472,"1.752e-07","1.726e-06",7.38
"WDR6",1.5365,5.0891,10.49737605496,"2.041e-07","1.932e-06",7.37
"DGKZ",0.7138,5.952,10.5074578547114,"2.020e-07","1.918e-06",7.37
"OSR2",1.8836,4.0113,10.436856674275,"2.174e-07","2.022e-06",7.36
"ADPRHL2",0.8114,6.7029,10.5112276346659,"2.012e-07","1.913e-06",7.36
"FICD",1.2286,5.0789,10.4768581337306,"2.085e-07","1.967e-06",7.35
"EPHA2",1.1984,6.1121,10.495245224007,"2.045e-07","1.934e-06",7.34
"AAR2",1.1873,5.9836,10.4702550796328,"2.100e-07","1.978e-06",7.34
"WDR89",1.0184,5.4221,10.4641368862475,"2.113e-07","1.989e-06",7.33
"MAPRE2",1.2638,6.6811,10.4595175550023,"2.123e-07","1.994e-06",7.33
"CIR1",0.8206,5.842,10.4418405008191,"2.163e-07","2.022e-06",7.32
"ENOX1",-2.3707,4.3837,-10.3770918834393,"2.315e-07","2.106e-06",7.32
"FAM124A",3.1783,1.0479,10.1774878573813,"2.861e-07","2.446e-06",7.31
"TMX4",-0.7938,7.7926,-10.5174651480912,"1.999e-07","1.902e-06",7.31
"KCTD15",-0.7783,4.6427,-10.4293096216074,"2.191e-07","2.033e-06",7.3
"PTGDR",2.4059,3.4117,10.3672116340298,"2.339e-07","2.122e-06",7.3
"CDC42EP1",-2.556,5.6946,-10.445212988069,"2.155e-07","2.017e-06",7.29
"MTA3",0.7647,5.7134,10.4359419166332,"2.176e-07","2.022e-06",7.29
"WDR43",0.7448,8.5016,10.5043656015249,"2.026e-07","1.922e-06",7.29
"SLC4A4",-2.2197,6.11,-10.4386509045406,"2.170e-07","2.022e-06",7.28
"TOR4A",1.1285,4.5431,10.4083757900986,"2.240e-07","2.069e-06",7.28
"CHEK1",0.7825,6.12,10.4355166073331,"2.177e-07","2.022e-06",7.27
"CGN",-1.4357,6.7024,-10.4623017882699,"2.117e-07","1.990e-06",7.27
"XRCC2",1.1108,4.0734,10.3833132224366,"2.300e-07","2.099e-06",7.26
"FGFR1OP2",0.839,6.5727,10.4145619717512,"2.226e-07","2.060e-06",7.26
"TBPL1",0.8331,4.8911,10.3918916985088,"2.279e-07","2.091e-06",7.26
"VLDLR",1.4686,4.5525,10.3890500659353,"2.286e-07","2.094e-06",7.26
"APRT",2.0443,5.3126,10.3922283369022,"2.278e-07","2.091e-06",7.26
"SKIL",0.9551,5.1396,10.3867496596082,"2.292e-07","2.096e-06",7.25
"ADSS",0.7469,7.4946,10.4393845181033,"2.168e-07","2.022e-06",7.25
"RBFOX3",1.5778,3.6388,10.3457654467836,"2.393e-07","2.160e-06",7.25
"IBTK",-1.4682,6.0795,-10.3938680978948,"2.274e-07","2.091e-06",7.25
"EFNA2",1.6907,4.9259,10.3844553136425,"2.297e-07","2.099e-06",7.24
"SLC36A4",0.7642,4.2607,10.366826802166,"2.340e-07","2.122e-06",7.24
"DIS3",0.8324,6.4279,10.3734093824734,"2.324e-07","2.112e-06",7.24
"TIPIN",0.544,6.0811,10.3802405394711,"2.307e-07","2.103e-06",7.24
"SLC35B2",0.8036,6.5906,10.4011429561382,"2.257e-07","2.080e-06",7.24
"RBM18",0.8833,6.1402,10.3654036331841,"2.344e-07","2.123e-06",7.24
"SSX2IP",1.5311,2.843,10.2431663943938,"2.667e-07","2.333e-06",7.23
"CALR3",2.2274,2.3937,10.1123199790539,"3.068e-07","2.561e-06",7.23
"KITLG",-1.2387,3.9981,-10.3148449730961,"2.472e-07","2.217e-06",7.23
"RAP1GAP2",2.1515,1.7557,10.1302353399008,"3.009e-07","2.540e-06",7.23
"HNMT",-1.9905,2.493,-10.1105074167677,"3.074e-07","2.563e-06",7.23
"SETBP1",-3.2884,2.8375,-10.2176609627062,"2.741e-07","2.377e-06",7.23
"CDKN1A",3.0693,2.8231,10.1501314382604,"2.946e-07","2.507e-06",7.21
"PLEKHF1",1.1709,5.8502,10.3768819150635,"2.315e-07","2.106e-06",7.21
"DLL4",-1.3028,2.8713,-10.1830711103266,"2.844e-07","2.439e-06",7.21
"CRIM1",1.7893,3.5355,10.2513118522523,"2.644e-07","2.325e-06",7.21
"PACSIN2",-1.4343,7.6872,-10.3935779291635,"2.275e-07","2.091e-06",7.21
"DFFA",0.7621,5.5695,10.3390977252451,"2.410e-07","2.173e-06",7.2
"CBLN1",3.0752,2.7621,10.0838418777717,"3.163e-07","2.625e-06",7.2
"HYAL1",1.4345,4.3002,10.3170690271737,"2.466e-07","2.215e-06",7.19
"ATAD2",0.5381,7.3593,10.3516567267384,"2.378e-07","2.150e-06",7.19
"GIT1",0.9,6.6562,10.3513102469427,"2.379e-07","2.150e-06",7.18
"CHIA",-1.6387,4.0216,-10.2572495623002,"2.628e-07","2.315e-06",7.18
"ETF1",0.5708,8.1565,10.3884501775284,"2.287e-07","2.094e-06",7.18
"FRMD6",2.4443,2.3241,10.1250306118013,"3.026e-07","2.541e-06",7.18
"MNX1",2.6103,5.2343,10.3230218946103,"2.451e-07","2.203e-06",7.17
"TSEN15",1.5283,5.1196,10.311804089579,"2.480e-07","2.217e-06",7.16
"GUCA1A",-2.214,2.5596,-10.0696174467421,"3.212e-07","2.647e-06",7.15
"FYCO1",-1.0441,5.7977,-10.3135684079726,"2.475e-07","2.217e-06",7.15
"OGFRL1",1.6636,4.2145,10.2722464855148,"2.586e-07","2.296e-06",7.14
"BCL6",-0.8962,4.9289,-10.2961182712643,"2.522e-07","2.250e-06",7.14
"ATG12",0.9334,6.1602,10.3251584406455,"2.445e-07","2.200e-06",7.14
"MYO1D",-1.3007,5.4349,-10.311756887402,"2.480e-07","2.217e-06",7.14
"DNA2",0.6445,5.7272,10.2843824373724,"2.553e-07","2.273e-06",7.13
"SDCBP",-1.0156,9.3661,-10.4546634667972,"2.134e-07","2.000e-06",7.13
"VIPR1",-1.7555,4.5032,-10.1973342362825,"2.801e-07","2.412e-06",7.13
"HK1",2.4026,3.1699,10.1399859454251,"2.978e-07","2.518e-06",7.12
"LRRC41",0.9168,5.0382,10.2789028581371,"2.568e-07","2.284e-06",7.12
"MAGI1",-1.0463,4.907,-10.2690929720074,"2.595e-07","2.298e-06",7.12
"DOCK2",0.9056,1.7535,10.0675545774644,"3.219e-07","2.650e-06",7.12
"STAMBPL1",1.0814,3.9938,10.2250733334535,"2.719e-07","2.368e-06",7.11
"TMEM38B",-1.4187,3.967,-10.2241053112794,"2.722e-07","2.368e-06",7.11
"CHST15",2.1731,3.0241,10.115919518863,"3.056e-07","2.555e-06",7.11
"TSHZ2",-2.7361,5.4099,-10.2634027900167,"2.611e-07","2.310e-06",7.11
"CTNNBIP1",0.7239,6.7272,10.3109193511175,"2.482e-07","2.217e-06",7.1
"TPPP",-4.1902,5.43,-10.2096575291801,"2.764e-07","2.393e-06",7.09
"TRIM2",-2.0467,3.4583,-10.0211091760374,"3.385e-07","2.746e-06",7.09
"ZNF839",0.9892,6.0466,10.2406885646658,"2.674e-07","2.337e-06",7.09
"MAML2",2.693,2.3773,10.0245067755982,"3.373e-07","2.742e-06",7.09
"ADAMTS19",-2.6126,1.8732,-10.0000833027607,"3.463e-07","2.794e-06",7.08
"SRD5A2",1.368,2.973,10.0783643591054,"3.182e-07","2.638e-06",7.08
"GPR161",1.4202,3.3984,10.1810432001281,"2.850e-07","2.442e-06",7.08
"IRF2BPL",-0.7709,7.9726,-10.4043546069463,"2.250e-07","2.075e-06",7.08
"PDCD6",0.8118,7.1403,10.2602637891078,"2.619e-07","2.310e-06",7.07
"VAT1L",3.2981,2.5131,10.0088046776023,"3.430e-07","2.770e-06",7.07
"B4GALT2",0.8443,7.0032,10.2442686855399,"2.664e-07","2.333e-06",7.07
"SMARCA5",0.6767,7.8112,10.2113572098692,"2.759e-07","2.391e-06",7.07
"MIB2",-1.2019,7.324,-10.2692546270619,"2.594e-07","2.298e-06",7.07
"CD82",-1.6164,7.4077,-10.3322624707825,"2.427e-07","2.186e-06",7.06
"PLXNA4",-4.859,3.9826,-10.059251945343,"3.248e-07","2.661e-06",7.06
"SLC30A7",-0.7524,6.8691,-10.2606195496745,"2.618e-07","2.310e-06",7.06
"POLR2C",0.7838,6.8751,10.2250621520787,"2.719e-07","2.368e-06",7.06
"MYO1B",-2.8755,5.8574,-10.2270752419957,"2.713e-07","2.368e-06",7.06
"STK17B",1.0711,4.5858,10.1993765467667,"2.795e-07","2.412e-06",7.05
"AFAP1L1",-1.0315,3.8758,-10.16813024516,"2.890e-07","2.468e-06",7.05
"SESN1",-1.4526,6.496,-10.2493010106775,"2.650e-07","2.327e-06",7.05
"FAM181B",1.6063,4.5068,10.1323753447085,"3.002e-07","2.536e-06",7.05
"CASP9",-0.8492,5.9261,-10.2528075620254,"2.640e-07","2.324e-06",7.04
"FANCF",0.7913,6.4388,10.2483168784019,"2.653e-07","2.327e-06",7.04
"RPUSD1",0.8529,5.7183,10.2212279234095,"2.730e-07","2.371e-06",7.04
"MNT",1.4228,4.934,10.1966238982362,"2.803e-07","2.412e-06",7.03
"FABP7",0.8926,4.1242,10.1787813367212,"2.857e-07","2.445e-06",7.03
"NARF",0.9948,4.4016,10.1842356170652,"2.840e-07","2.439e-06",7.03
"DBR1",0.5117,7.7748,10.2214507698421,"2.730e-07","2.371e-06",7.03
"NARS2",-0.7341,5.3276,-10.1956783185697,"2.806e-07","2.412e-06",7.03
"PREX1",-1.2165,5.8174,-10.2050019809906,"2.778e-07","2.402e-06",7.03
"PIT54",-2.282,4.9759,-10.1662024515318,"2.896e-07","2.471e-06",7.02
"PLCD4",1.6714,1.3726,9.92086069435404,"3.775e-07","2.965e-06",7.02
"ACSM5",-3.7742,1.6852,-9.89431998320787,"3.886e-07","3.036e-06",7.02
"PCBD1",-1.5265,6.2468,-10.2446738782277,"2.663e-07","2.333e-06",7.01
"LPAR1",-2.9855,4.5748,-10.0858690328068,"3.156e-07","2.623e-06",7.01
"CPB2",-3.5215,4.3938,-10.0428099090539,"3.306e-07","2.701e-06",7.01
"NUFIP1",0.8068,5.9901,10.1484294363469,"2.951e-07","2.507e-06",7.01
"PDCD7",0.7393,6.1709,10.1952894001053,"2.807e-07","2.412e-06",7.01
"STXBP1",-1.026,4.7563,-10.1482711734239,"2.952e-07","2.507e-06",6.99
"MYO3A",-2.0504,1.6743,-9.87423543357167,"3.972e-07","3.080e-06",6.98
"TRMT6",0.8344,5.207,10.1286081365455,"3.015e-07","2.541e-06",6.98
"DEAF1",1.4272,4.1183,10.1249360113257,"3.027e-07","2.541e-06",6.97
"BBS2",0.9734,6.0406,10.1580333370821,"2.921e-07","2.490e-06",6.97
"SCAF4",0.5947,6.5111,10.1436352878844,"2.966e-07","2.514e-06",6.97
"HEATR3",0.8154,5.87,10.14431967715,"2.964e-07","2.514e-06",6.97
"SORCS1",-1.3145,3.0795,-9.99494134445888,"3.482e-07","2.801e-06",6.96
"ABCG1",2.0575,2.5558,9.92195678815909,"3.770e-07","2.965e-06",6.96
"UROS",1.2291,4.8196,10.1152278891439,"3.058e-07","2.555e-06",6.95
"ACTR5",1.0319,5.317,10.1195076206703,"3.044e-07","2.554e-06",6.95
"IL2RB",-2.7923,2.3341,-9.850095755153,"4.079e-07","3.143e-06",6.95
"MICAL2",-1.6912,5.1113,-10.1152761491158,"3.058e-07","2.555e-06",6.94
"DYNLT1",1.4262,5.4657,10.1162398645456,"3.055e-07","2.555e-06",6.94
"AP4B1",0.8851,5.5466,10.0961620675498,"3.122e-07","2.600e-06",6.93
"STK17A",3.3703,2.311,9.83310340695433,"4.155e-07","3.191e-06",6.93
"TRABD",0.6296,6.8722,10.0702285778997,"3.210e-07","2.647e-06",6.92
"RHOC",-2.392,5.1233,-10.0703047768977,"3.210e-07","2.647e-06",6.92
"RASGRP1",1.0854,3.9204,10.0762625267881,"3.189e-07","2.639e-06",6.92
"PTPRU",-0.6185,7.0519,-10.1251551821326,"3.026e-07","2.541e-06",6.92
"MTFMT",0.6568,5.4343,10.0760999785313,"3.190e-07","2.639e-06",6.91
"DNAAF2",1.0369,4.97,10.0716011910374,"3.205e-07","2.647e-06",6.91
"FBXO22",0.8907,6.5131,10.0854384588394,"3.158e-07","2.623e-06",6.9
"NGEF",-4.2159,2.0806,-9.78745286317875,"4.370e-07","3.289e-06",6.9
"SGMS2",-1.0447,6.9676,-10.1426750775822,"2.969e-07","2.514e-06",6.9
"ALKBH3",0.7594,4.4718,10.0665767422807,"3.223e-07","2.651e-06",6.9
"CD47",-0.7013,7.3853,-10.1266434125635,"3.021e-07","2.541e-06",6.89
"FAM222B",1.0837,5.1896,10.0567607056517,"3.257e-07","2.666e-06",6.89
"FGGY",-1.503,4.9461,-10.061145555274,"3.242e-07","2.658e-06",6.89
"CEP85L",1.5934,3.2429,9.99489237109007,"3.482e-07","2.801e-06",6.89
"RALY",1.4729,3.4147,9.98619021348577,"3.516e-07","2.820e-06",6.89
"HAAO",-2.5353,0.9962,-9.81090648988907,"4.258e-07","3.236e-06",6.88
"PRICKLE2",1.9522,2.9851,9.88598126692828,"3.921e-07","3.046e-06",6.88
"ANGPTL4",-0.8424,7.1267,-10.1478227634961,"2.953e-07","2.507e-06",6.88
"TAT",-3.1517,3.5133,-9.88796825144301,"3.913e-07","3.046e-06",6.88
"PGAM5",0.4049,8.5877,10.1982618357611,"2.798e-07","2.412e-06",6.88
"CREG2",-1.1455,4.7069,-10.0095421066941,"3.428e-07","2.770e-06",6.86
"CCDC174",0.9196,5.5583,10.0279811674774,"3.360e-07","2.739e-06",6.85
"FFAR4",-1.5878,3.0669,-9.81858793222682,"4.222e-07","3.224e-06",6.85
"PWWP2B",0.9839,5.8425,10.0249114960024,"3.371e-07","2.742e-06",6.85
"SPATA7",0.9239,4.7986,10.0228253634431,"3.379e-07","2.744e-06",6.85
"GRIN2C",1.5213,2.4928,9.91522498282795,"3.798e-07","2.978e-06",6.85
"MPG",-2.2597,4.4228,-9.97275891316501,"3.567e-07","2.856e-06",6.85
"ABTB1",-0.55,5.4401,-10.0397267692864,"3.317e-07","2.707e-06",6.84
"GTF3C6",1.084,5.0717,10.0265382942845,"3.365e-07","2.741e-06",6.84
"MPP2",-2.9757,2.9669,-9.82389278159061,"4.198e-07","3.214e-06",6.84
"TGFBI",-1.1594,4.2552,-9.99323744907039,"3.489e-07","2.804e-06",6.83
"SETDB2",0.8811,5.697,10.0168579276315,"3.401e-07","2.754e-06",6.83
"KIF18B",0.6312,6.4995,10.0105281000294,"3.424e-07","2.770e-06",6.82
"GPR85",3.0075,1.671,9.71649059880406,"4.726e-07","3.482e-06",6.82
"GMFB",0.7274,6.5178,10.0641159476016,"3.231e-07","2.654e-06",6.82
"SOX13",2.0968,2.8119,9.85162052079256,"4.072e-07","3.141e-06",6.82
"ASB13",-1.0425,4.287,-9.9670007252925,"3.590e-07","2.871e-06",6.82
"CERK",-0.6284,7.3975,-10.0453613035192,"3.297e-07","2.696e-06",6.81
"EIF3J",0.6754,8.5449,10.0933987163223,"3.131e-07","2.606e-06",6.81
"GUCY2C",-3.9239,5.9849,-9.99709836813325,"3.474e-07","2.800e-06",6.8
"SIAH2",0.8458,6.8263,10.017057337931,"3.400e-07","2.754e-06",6.78
"DOCK3",3.4745,3.0537,9.78787770539651,"4.367e-07","3.289e-06",6.78
"NFKB2",1.3842,5.7332,9.95848289933244,"3.623e-07","2.887e-06",6.77
"MMS19",0.8288,6.6168,9.96425255444386,"3.600e-07","2.874e-06",6.77
"SEC24D",-0.9337,6.2018,-9.98983130646942,"3.502e-07","2.811e-06",6.77
"CCDC171",0.6738,3.9934,9.93927069945517,"3.700e-07","2.934e-06",6.77
"UPP2",1.4843,2.3902,9.78815888470861,"4.366e-07","3.289e-06",6.76
"SLC35C1",0.9477,5.8967,9.95957094623876,"3.619e-07","2.886e-06",6.75
"FAM13A",-1.2766,4.9891,-9.94065571016182,"3.694e-07","2.934e-06",6.75
"MCM9",1.1974,4.2568,9.9287036400472,"3.742e-07","2.948e-06",6.75
"FOXP1",-1.9418,5.8304,-9.97500125027852,"3.558e-07","2.852e-06",6.75
"ZNRF2",-1.174,7.9931,-10.0634891640716,"3.233e-07","2.654e-06",6.74
"HMCES",0.8848,5.313,9.95088648826676,"3.653e-07","2.908e-06",6.74
"IRX1",-2.4492,2.4025,-9.77137197068324,"4.448e-07","3.332e-06",6.74
"HDAC4",-1.4503,5.2974,-9.92986825422868,"3.738e-07","2.947e-06",6.73
"ASAP3",-1.5069,6.5067,-9.96616701714461,"3.593e-07","2.871e-06",6.73
"ORC3",-1.2141,5.5662,-9.93576107593549,"3.714e-07","2.942e-06",6.72
"ZNF142",0.8102,5.0546,9.89645929044268,"3.877e-07","3.031e-06",6.71
"TPST2",-0.5896,5.3204,-9.93323683502219,"3.724e-07","2.944e-06",6.71
"TTLL7",0.8165,4.1982,9.88902160470755,"3.908e-07","3.046e-06",6.71
"ARMC7",0.614,6.9102,9.93104472865188,"3.733e-07","2.946e-06",6.7
"CTNNAL1",1.631,4.9517,9.89911969638429,"3.865e-07","3.025e-06",6.7
"PDE7A",0.774,6.6769,9.91691080106878,"3.791e-07","2.975e-06",6.69
"MAP7D1",1.0933,4.5544,9.88666502991054,"3.918e-07","3.046e-06",6.69
"EPHX1",-1.2441,6.2065,-9.93974548927878,"3.698e-07","2.934e-06",6.69
"SLC6A9",-2.2589,2.1532,-9.64132427180606,"5.139e-07","3.721e-06",6.68
"MPDZ",-1.456,5.3238,-9.88857261707915,"3.910e-07","3.046e-06",6.68
"LAMP5",-1.2252,4.2881,-9.80955023164953,"4.264e-07","3.238e-06",6.68
"TACC3",-1.5278,7.63,-9.93423351240127,"3.720e-07","2.944e-06",6.68
"PLPP1",-2.2814,6.1091,-9.93271826224037,"3.726e-07","2.944e-06",6.68
"USP31",1.0295,6.2892,9.86500390691635,"4.012e-07","3.109e-06",6.68
"KCNN1",-0.8549,5.7318,-9.88770760566305,"3.914e-07","3.046e-06",6.66
"KYAT3",-0.9285,5.0961,-9.85164367518997,"4.072e-07","3.141e-06",6.66
"AXIN1",-0.9208,7.769,-9.94077409489917,"3.694e-07","2.934e-06",6.64
"NEURL2",2.1901,3.2022,9.71226914486195,"4.749e-07","3.489e-06",6.64
"UTP15",0.516,7.3308,9.87793789655248,"3.956e-07","3.071e-06",6.64
"CDC14A",-0.975,4.8601,-9.83802366665645,"4.133e-07","3.182e-06",6.64
"ADGRG2",-3.9671,5.9857,-9.85461798893144,"4.058e-07","3.138e-06",6.63
"GNG4",1.5436,3.5268,9.72336397209144,"4.690e-07","3.465e-06",6.63
"TCEANC2",1.2635,4.6896,9.82455665318561,"4.195e-07","3.214e-06",6.63
"PPARG",-1.9702,4.2009,-9.80846206294899,"4.270e-07","3.239e-06",6.62
"NOC3L",0.7298,7.3169,9.8569987873316,"4.048e-07","3.133e-06",6.62
"FOXN3",-1.7427,5.7411,-9.82724166246954,"4.182e-07","3.208e-06",6.62
"G3BP1",0.4303,8.8888,9.92714422136786,"3.749e-07","2.951e-06",6.62
"HACL1",-1.2803,6.7574,-9.85136313189348,"4.073e-07","3.141e-06",6.61
"TADA3",0.9485,6.1135,9.81641427069343,"4.232e-07","3.226e-06",6.61
"NUDT3",1.066,5.2487,9.83276720916728,"4.157e-07","3.191e-06",6.61
"KCNIP1",-2.0732,2.6161,-9.57320149807975,"5.546e-07","3.935e-06",6.6
"DNAJA4",1.4867,6.8169,9.81225915186889,"4.252e-07","3.236e-06",6.59
"SNAPC5",0.8992,5.3826,9.81171397466252,"4.254e-07","3.236e-06",6.59
"TBC1D23",-0.667,5.5298,-9.8026756650102,"4.297e-07","3.257e-06",6.58
"LYSMD2",0.8529,6.351,9.83516835610826,"4.146e-07","3.189e-06",6.58
"FBLN1",-1.5345,7.4254,-9.91108456549268,"3.815e-07","2.989e-06",6.58
"SCUBE3",2.2911,1.3419,9.52717506871461,"5.841e-07","4.105e-06",6.58
"STS",-1.6695,5.6978,-9.82161908951418,"4.208e-07","3.219e-06",6.57
"UGCG",-1.3382,5.2219,-9.79491973673929,"4.334e-07","3.276e-06",6.57
"PTBP2",0.6467,5.9879,9.77525513931687,"4.429e-07","3.321e-06",6.57
"YTHDF2",0.9286,6.7809,9.79756759018688,"4.321e-07","3.272e-06",6.57
"TPRA1",-0.7804,5.9437,-9.78490973389897,"4.382e-07","3.295e-06",6.56
"ERCC4",0.5704,5.7934,9.75532730812001,"4.527e-07","3.372e-06",6.55
"BCOR",-0.563,6.7672,-9.78727053521886,"4.370e-07","3.289e-06",6.55
"HNF1A",-2.9978,5.994,-9.79482318519883,"4.334e-07","3.276e-06",6.54
"MFSD12",2.1514,1.1745,9.46181821215828,"6.288e-07","4.347e-06",6.54
"KXD1",1.1897,5.5962,9.77893087078406,"4.411e-07","3.311e-06",6.54
"RUNX3",1.3111,2.1725,9.55531135989957,"5.658e-07","4.004e-06",6.53
"INPP5E",1.1656,5.8687,9.76047898251976,"4.502e-07","3.366e-06",6.53
"TBC1D13",0.8676,6.3619,9.7941771909869,"4.337e-07","3.276e-06",6.53
"FAM117A",0.9449,5.1506,9.74699217440141,"4.569e-07","3.396e-06",6.53
"RND3",1.0726,5.7018,9.72569235544013,"4.678e-07","3.462e-06",6.52
"HIVEP1",-0.7828,6.3673,-9.7543586900399,"4.532e-07","3.372e-06",6.52
"ALKBH4",1.0347,3.7254,9.68836115807636,"4.876e-07","3.562e-06",6.52
"UGT8",-0.8883,5.5151,-9.75993106251586,"4.504e-07","3.366e-06",6.52
"SLC12A7",-0.7908,6.4782,-9.75610313339294,"4.523e-07","3.372e-06",6.51
"PIK3R4",0.6414,6.2349,9.7236943102051,"4.689e-07","3.465e-06",6.51
"CARD10",-2.0593,2.9781,-9.50170095678461,"6.011e-07","4.197e-06",6.5
"MFSD2A",-0.887,7.8925,-9.81953007405951,"4.218e-07","3.223e-06",6.49
"BBOX1",-1.3329,6.4027,-9.7308844558729,"4.652e-07","3.451e-06",6.49
"SLC2A9",-2.7567,5.2994,-9.7185965322894,"4.715e-07","3.480e-06",6.49
"FNDC3A",-1.4466,6.4818,-9.75702615629299,"4.519e-07","3.372e-06",6.49
"PTPN9",1.453,5.1293,9.71552182932996,"4.731e-07","3.482e-06",6.48
"DLL1",-3.3432,5.8962,-9.72641444794288,"4.675e-07","3.462e-06",6.48
"TES",-0.5854,6.4111,-9.78019820704644,"4.405e-07","3.309e-06",6.48
"RNF150",1.1189,4.6293,9.69638283359981,"4.833e-07","3.542e-06",6.47
"WIPF2",0.857,5.431,9.71689347927185,"4.724e-07","3.482e-06",6.47
"TRIM29",-2.7155,4.8291,-9.6630860286179,"5.016e-07","3.654e-06",6.47
"ULK3",0.7846,5.8285,9.69947801791896,"4.816e-07","3.535e-06",6.46
"HOXA11",-1.2853,3.0899,-9.61435199765365,"5.296e-07","3.802e-06",6.46
"CASP7",-1.403,5.8339,-9.72876514701829,"4.662e-07","3.456e-06",6.46
"MAPKAPK2",-0.6619,8.251,-9.81719060839591,"4.229e-07","3.226e-06",6.46
"PRMT8",-1.3413,4.6036,-9.65975865616,"5.034e-07","3.664e-06",6.45
"HS3ST1",-1.2718,2.9326,-9.40525758744985,"6.705e-07","4.565e-06",6.45
"HACD1",1.2544,3.0358,9.5967422742032,"5.401e-07","3.848e-06",6.44
"AKAP17A",1.0186,5.7856,9.66456329525685,"5.007e-07","3.651e-06",6.44
"SGPL1",-1.8211,5.935,-9.71488461899221,"4.735e-07","3.482e-06",6.44
"SOWAHC",1.4355,4.3109,9.6589490504211,"5.039e-07","3.664e-06",6.44
"WDR41",1.0984,3.4694,9.61771975709792,"5.276e-07","3.794e-06",6.44
"ANTXR2",-1.1218,5.392,-9.69101378280109,"4.862e-07","3.560e-06",6.43
"MTMR11",-0.7929,6.5082,-9.75429264371853,"4.533e-07","3.372e-06",6.43
"HMGA1",1.2823,6.3474,9.69896218391772,"4.819e-07","3.535e-06",6.43
"PAX3",3.0625,2.223,9.39654474616237,"6.772e-07","4.588e-06",6.43
"SIK2",-0.7896,6.0025,-9.68916622723608,"4.872e-07","3.562e-06",6.42
"B3GNT5",1.973,4.8393,9.64951316379266,"5.092e-07","3.693e-06",6.42
"PER3",1.1013,6.9178,9.65023153772063,"5.088e-07","3.693e-06",6.42
"MAP4K4",-1.5791,8.0595,-9.74375396712462,"4.586e-07","3.405e-06",6.41
"ZBTB45",1.092,4.7989,9.63969663945682,"5.148e-07","3.724e-06",6.41
"OTOP3",-2.4917,2.9381,-9.38250150918278,"6.881e-07","4.647e-06",6.4
"SLC35B4",0.577,6.7614,9.68950674213463,"4.870e-07","3.562e-06",6.4
"CEP131",1.3489,5.7941,9.64805603358113,"5.100e-07","3.696e-06",6.4
"RASSF5",1.2392,3.664,9.59769006906082,"5.396e-07","3.848e-06",6.4
"KLHL20",0.5984,6.6766,9.63069806187882,"5.200e-07","3.749e-06",6.39
"DIS3L2",-0.9616,5.9338,-9.62405766211648,"5.239e-07","3.774e-06",6.39
"WDR4",0.5608,6.9001,9.6339550467399,"5.181e-07","3.742e-06",6.38
"TOPORS",0.7574,4.6353,9.61557906717156,"5.289e-07","3.800e-06",6.38
"TDRP",0.7978,4.067,9.58983387329248,"5.443e-07","3.868e-06",6.38
"ZNF639",0.8744,5.3754,9.59860834067711,"5.390e-07","3.848e-06",6.37
"ECD",0.622,7.0505,9.63586329965174,"5.170e-07","3.737e-06",6.37
"NUP54",0.5166,6.5392,9.63200952139896,"5.192e-07","3.747e-06",6.36
"PPARGC1A",-1.2129,4.7795,-9.59986138991529,"5.383e-07","3.848e-06",6.36
"AURKAIP1",0.6468,7.5015,9.65047497978972,"5.087e-07","3.693e-06",6.36
"STRADA",0.6944,7.0206,9.60146130588057,"5.373e-07","3.848e-06",6.35
"MAP3K13",-1.1781,6.2075,-9.59952043550021,"5.385e-07","3.848e-06",6.35
"KCNK13",4.0387,1.585,9.27937094021422,"7.744e-07","5.075e-06",6.34
"IMPACT",0.5411,5.8521,9.5906526797366,"5.438e-07","3.868e-06",6.33
"PPL",-2.2516,4.0342,-9.47256636785898,"6.212e-07","4.311e-06",6.33
"NECTIN1",-1.8937,6.1454,-9.62322164796308,"5.244e-07","3.774e-06",6.33
"L2HGDH",-0.662,5.1534,-9.59676307759936,"5.401e-07","3.848e-06",6.33
"ACADSB",-1.0075,6.4945,-9.58006096595555,"5.503e-07","3.908e-06",6.33
"SERP1",-0.4704,9.5771,-9.76149702381006,"4.497e-07","3.366e-06",6.33
"RAB24",0.9891,6.0659,9.59081381548868,"5.437e-07","3.868e-06",6.31
"ATP10B",-3.7386,5.331,-9.52643731984377,"5.845e-07","4.105e-06",6.31
"PPP1R3D",1.5473,3.4406,9.50060706957003,"6.018e-07","4.199e-06",6.31
"CCDC14",0.7508,6.0371,9.55397327377685,"5.667e-07","4.005e-06",6.31
"FGFRL1",-3.5709,5.2563,-9.53851167228272,"5.766e-07","4.060e-06",6.31
"DAB2",-2.3046,2.9172,-9.26801750316327,"7.846e-07","5.106e-06",6.3
"TNFRSF11B",-3.1461,3.7136,-9.36920859076611,"6.986e-07","4.701e-06",6.3
"CDH1",-1.0828,8.1685,-9.68004020315876,"4.922e-07","3.592e-06",6.3
"SLC2A10",-1.5157,4.9378,-9.54227074614297,"5.742e-07","4.049e-06",6.29
"SPSB1",1.0172,5.8019,9.54162814809134,"5.746e-07","4.049e-06",6.28
"SLC22A16",-2.5471,2.5153,-9.30815565719281,"7.492e-07","4.953e-06",6.28
"MFSD11",-0.9735,5.2027,-9.54312748157436,"5.737e-07","4.049e-06",6.28
"SCP2",-1.0126,7.2322,-9.59848829458882,"5.391e-07","3.848e-06",6.26
"PTK2B",-1.0017,4.4731,-9.45547265360528,"6.333e-07","4.368e-06",6.26
"RHOBTB1",-0.8076,6.4201,-9.55370450780222,"5.669e-07","4.005e-06",6.26
"NSMCE1",0.7281,5.3838,9.51900231116256,"5.895e-07","4.133e-06",6.26
"CAT",-2.4145,7.1091,-9.57163130246785,"5.556e-07","3.938e-06",6.26
"THAP12",0.7544,5.5635,9.49681508117012,"6.044e-07","4.213e-06",6.24
"PHOSPHO1",-2.7985,5.5158,-9.52079344175599,"5.883e-07","4.128e-06",6.24
"PEX1",-0.8311,5.5236,-9.50936248548627,"5.959e-07","4.171e-06",6.24
"GPRC5C",-1.4045,5.285,-9.51412508458945,"5.927e-07","4.152e-06",6.23
"SDC4",-1.2459,7.1654,-9.56879701264966,"5.573e-07","3.947e-06",6.22
"HSF2BP",0.7959,4.1312,9.47079960542443,"6.224e-07","4.311e-06",6.22
"UBQLN4",0.5168,8.4649,9.60351161142849,"5.361e-07","3.845e-06",6.22
"NSMCE2",-0.7653,5.4036,-9.50199474803389,"6.009e-07","4.197e-06",6.21
"FCHSD1",1.2038,5.0607,9.48455491754393,"6.128e-07","4.269e-06",6.21
"SLC4A10",-3.7875,2.96,-9.33124542335052,"7.296e-07","4.865e-06",6.21
"USP40",-1.8515,5.0267,-9.47100433158574,"6.223e-07","4.311e-06",6.2
"NR2F2",-1.3444,6.1469,-9.53426505835818,"5.794e-07","4.076e-06",6.19
"SPEF2",-4.039,1.96,-9.14749655009983,"9.020e-07","5.711e-06",6.19
"E2F4",0.8469,6.7768,9.46567931744416,"6.261e-07","4.332e-06",6.19
"NFYA",0.5305,7.0573,9.47935037329642,"6.165e-07","4.285e-06",6.19
"PLEKHA2",2.1342,4.5092,9.43207066722277,"6.504e-07","4.467e-06",6.19
"PLEKHB1",0.9282,3.4059,9.3628828474189,"7.037e-07","4.729e-06",6.19
"ARID5B",-1.0078,6.297,-9.48199636745175,"6.146e-07","4.277e-06",6.19
"STAC",-1.2507,2.4591,-9.14077486162769,"9.091e-07","5.738e-06",6.18
"RGN",2.344,1.6126,9.19111936776132,"8.574e-07","5.490e-06",6.18
"ZMYND11",-1.8432,7.0694,-9.50796643473645,"5.968e-07","4.174e-06",6.18
"TSKU",-5.4262,5.7603,-9.41747445508373,"6.613e-07","4.520e-06",6.17
"FHOD3",1.2082,2.5606,9.33043132565049,"7.303e-07","4.865e-06",6.16
"VDR",-0.6123,6.3134,-9.45933478592573,"6.306e-07","4.356e-06",6.16
"CPEB4",-2.7379,3.5377,-9.29727524987007,"7.586e-07","4.995e-06",6.16
"DNAJB9",1.5543,5.3409,9.42589175911414,"6.550e-07","4.491e-06",6.15
"IRAK2",0.6251,5.6165,9.4417475379935,"6.433e-07","4.426e-06",6.15
"TMEM11",0.985,5.4576,9.42494047463748,"6.557e-07","4.493e-06",6.15
"YPEL2",-1.6856,6.6854,-9.47904341363137,"6.167e-07","4.285e-06",6.15
"EBF2",1.5424,0.9435,9.10991348352007,"9.423e-07","5.904e-06",6.15
"SHQ1",0.7206,4.5729,9.41577049720671,"6.626e-07","4.525e-06",6.15
"TMEM130",0.6788,5.1584,9.43520571379703,"6.481e-07","4.455e-06",6.15
"RRAD",2.1153,1.7089,9.15683368962778,"8.922e-07","5.657e-06",6.14
"DHX30",0.5597,7.5375,9.44883924144663,"6.381e-07","4.394e-06",6.13
"C1S",-1.6055,4.6381,-9.35177257026386,"7.127e-07","4.774e-06",6.12
"BNIP2",0.8012,5.055,9.39538054043419,"6.781e-07","4.590e-06",6.12
"TIMM10",0.9608,5.9994,9.40571018157856,"6.702e-07","4.565e-06",6.12
"PDE10A",-0.7315,5.8211,-9.42872816811987,"6.529e-07","4.481e-06",6.12
"MITF",-1.0286,4.8676,-9.39831806254923,"6.758e-07","4.582e-06",6.11
"ING5",0.5959,6.2589,9.40633799547926,"6.697e-07","4.565e-06",6.11
"CFLAR",-0.7672,5.4246,-9.40130930307907,"6.735e-07","4.576e-06",6.11
"DHX36",0.4737,8.0695,9.45224704762825,"6.357e-07","4.380e-06",6.1
"ADAMTS1",2.2496,2.2018,9.22686757396058,"8.227e-07","5.317e-06",6.1
"PNPO",-0.9076,6.2302,-9.41341669673836,"6.643e-07","4.533e-06",6.1
"LIN7C",0.6342,6.6806,9.38673934390472,"6.848e-07","4.628e-06",6.1
"CBLL1",0.7563,6.3738,9.38976640968605,"6.825e-07","4.616e-06",6.1
"XYLB",-1.5879,6.0744,-9.42246341008033,"6.575e-07","4.502e-06",6.09
"KIF21A",-1.639,6.8595,-9.40108079060955,"6.737e-07","4.576e-06",6.09
"TEKT1",-1.1168,1.9948,-9.1442412006242,"9.054e-07","5.724e-06",6.09
"DEF6",1.1441,2.8884,9.27676953336713,"7.767e-07","5.086e-06",6.08
"CDO1",-2.0289,5.7393,-9.40090383441532,"6.739e-07","4.576e-06",6.08
"NBR1",-1.1416,7.7606,-9.47220934156463,"6.215e-07","4.311e-06",6.08
"MOB3B",-1.7677,4.7196,-9.34398457116675,"7.191e-07","4.809e-06",6.07
"FZR1",0.5469,5.7539,9.36981924987786,"6.982e-07","4.701e-06",6.07
"CDKL5",-0.9769,3.377,-9.28659130510362,"7.680e-07","5.048e-06",6.07
"APOB",-5.1235,7.1685,-9.40005366211379,"6.745e-07","4.577e-06",6.06
"KIF3C",1.075,3.683,9.3325553206256,"7.285e-07","4.861e-06",6.06
"PPP2R2A",0.6304,8.2843,9.45549806994505,"6.333e-07","4.368e-06",6.06
"ABCB6",0.65,5.4042,9.35851556008163,"7.072e-07","4.749e-06",6.05
"DCLK3",2.2796,1.7618,9.11480129648002,"9.370e-07","5.875e-06",6.05
"PGF",1.2034,4.0505,9.32182252418599,"7.376e-07","4.902e-06",6.05
"PRMT3",0.4654,7.3328,9.37400833202652,"6.948e-07","4.688e-06",6.05
"CDCP1",-1.0075,5.4769,-9.37124295285135,"6.970e-07","4.699e-06",6.05
"SRGAP3",-1.1115,5.3955,-9.35406371407431,"7.108e-07","4.770e-06",6.05
"ATP7B",-4.5236,4.3768,-9.20428814614597,"8.445e-07","5.428e-06",6.04
"STRIP1",0.5625,5.4674,9.32544903634178,"7.345e-07","4.885e-06",6.04
"FMN1",-1.1762,4.9765,-9.33980512899487,"7.225e-07","4.829e-06",6.04
"MFSD6",-0.6663,5.0954,-9.34839384758153,"7.155e-07","4.789e-06",6.04
"RAPGEFL1",-0.8176,5.1178,-9.3520347098337,"7.125e-07","4.774e-06",6.04
"SOCS2",3.315,3.9568,9.18400074756383,"8.646e-07","5.515e-06",6.03
"COL8A2",1.3686,1.065,9.00628504811062,"1.064e-06","6.423e-06",6.03
"SCAF8",0.6274,6.2206,9.3254574894302,"7.345e-07","4.885e-06",6.02
"EED",1.0236,5.3913,9.31036231982565,"7.473e-07","4.951e-06",6.02
"CHST1",5.9852,1.2421,8.99626202777495,"1.077e-06","6.480e-06",6.02
"NR1H4",-4.2528,5.7669,-9.30857714750222,"7.488e-07","4.953e-06",6.02
"PI15",-2.9532,5.1966,-9.27015786809773,"7.827e-07","5.101e-06",6.02
"METTL18",1.4531,8.258,9.36874130974775,"6.990e-07","4.701e-06",6.01
"BVES",-0.7397,4.756,-9.29730791790518,"7.586e-07","4.995e-06",6.01
"CAPN13",-3.3433,5.557,-9.31724917957548,"7.414e-07","4.920e-06",6.01
"GFER",0.7887,5.2894,9.30177555753042,"7.547e-07","4.977e-06",6.01
"HSD11B1L",1.0597,5.5131,9.3187494128179,"7.402e-07","4.915e-06",6.01
"FRMD4B",-3.6397,4.3354,-9.1786897692691,"8.699e-07","5.537e-06",6.01
"PTPN3",-1.4429,5.7969,-9.31307241485669,"7.450e-07","4.940e-06",6
"RIOK1",0.6452,7.2761,9.33866224057775,"7.235e-07","4.831e-06",6
"ELK3",1.4505,5.7967,9.30790088877583,"7.494e-07","4.953e-06",6
"ATAD5",0.6797,5.2563,9.27392838019272,"7.793e-07","5.095e-06",5.99
"CASC3",0.6555,6.8469,9.28478517889823,"7.696e-07","5.051e-06",5.98
"TPGS1",0.7974,3.962,9.26625772760408,"7.862e-07","5.112e-06",5.98
"RNF25",0.6788,5.9989,9.29059253232584,"7.645e-07","5.029e-06",5.97
"TAF13",0.681,5.5744,9.26883473155081,"7.838e-07","5.105e-06",5.97
"ACTR8",0.4687,5.9344,9.2809054057866,"7.730e-07","5.070e-06",5.96
"HINFP",0.8637,4.3557,9.26138424581512,"7.906e-07","5.125e-06",5.96
"GLT8D1",-1.1007,5.6426,-9.2858135581256,"7.687e-07","5.049e-06",5.96
"CLP1",0.8405,5.9811,9.27601325280411,"7.774e-07","5.086e-06",5.95
"KCTD6",1.2003,5.3445,9.26229534291645,"7.898e-07","5.123e-06",5.95
"FAM161A",1.9153,2.3731,9.07183433562261,"9.852e-07","6.086e-06",5.94
"YEATS2",0.8888,7.009,9.26398505595565,"7.882e-07","5.121e-06",5.94
"XBP1",0.5536,8.8683,9.42090941985329,"6.587e-07","4.506e-06",5.94
"TRIM59",-1.0256,6.4925,-9.270094052132,"7.827e-07","5.101e-06",5.94
"CPT1A",-1.827,6.8174,-9.30686082593162,"7.503e-07","4.955e-06",5.93
"RAB5B",-0.6635,6.2292,-9.27009013329857,"7.827e-07","5.101e-06",5.93
"CORO2A",-2.6251,3.3437,-9.0210164668239,"1.046e-06","6.347e-06",5.92
"RBM24",1.6001,2.6576,9.08032046393122,"9.755e-07","6.048e-06",5.92
"OIT3",-0.8839,3.6106,-9.12809353258985,"9.226e-07","5.806e-06",5.92
"FAM91A1",-1.1488,6.5601,-9.27187531698462,"7.811e-07","5.101e-06",5.92
"NUP43",0.7474,7.1166,9.26321089277275,"7.889e-07","5.122e-06",5.91
"RBM47",-4.7491,5.0878,-9.13909265501849,"9.108e-07","5.745e-06",5.91
"LEO1",0.4761,5.8688,9.19868687942416,"8.500e-07","5.455e-06",5.9
"GABPB1",0.734,6.9106,9.23081367021712,"8.190e-07","5.297e-06",5.9
"GCNT7",-1.0327,4.4841,-9.21100628411935,"8.379e-07","5.394e-06",5.9
"ZMYND10",1.0198,2.1041,8.97943208547284,"1.098e-06","6.581e-06",5.9
"UPRT",0.876,7.9501,9.3020475051461,"7.545e-07","4.977e-06",5.9
"TNFAIP8",1.2297,3.3083,9.17926952246099,"8.693e-07","5.537e-06",5.89
"CUEDC2",0.7811,5.4123,9.20164760913956,"8.471e-07","5.441e-06",5.88
"KATNB1",0.8283,4.1655,9.19297800523607,"8.556e-07","5.483e-06",5.88
"BST1",-3.3945,4.2911,-9.06219534312891,"9.964e-07","6.137e-06",5.88
"EPB41L3",-1.0386,6.3193,-9.21765484218454,"8.315e-07","5.369e-06",5.87
"KPTN",-1.6263,5.3274,-9.21623977396234,"8.329e-07","5.370e-06",5.87
"DAW1",-0.9442,2.6514,-8.98817364879435,"1.087e-06","6.528e-06",5.87
"GPAM",-1.3223,6.3345,-9.2062205219374,"8.426e-07","5.420e-06",5.87
"MYH15",-1.7489,2.5729,-9.02058543544711,"1.046e-06","6.347e-06",5.87
"SFRP5",2.5383,1.1358,8.8833411123675,"1.231e-06","7.180e-06",5.87
"FERMT1",-1.6308,5.9634,-9.23575893566163,"8.143e-07","5.275e-06",5.87
"HECW1",-1.2595,5.0337,-9.18715271710581,"8.614e-07","5.506e-06",5.87
"ARL8A",1.1594,6.0554,9.21382550947704,"8.352e-07","5.381e-06",5.86
"FCHSD2",0.9221,4.057,9.15140234039737,"8.979e-07","5.689e-06",5.86
"NFKBIE",2.8502,3.2105,8.92984776814613,"1.164e-06","6.885e-06",5.84
"YWHAH",0.8606,7.5533,9.23309009329799,"8.168e-07","5.287e-06",5.84
"MOSPD1",-0.6747,5.9538,-9.16751174074889,"8.813e-07","5.600e-06",5.84
"TPBG",2.7248,4.0727,9.0425616164826,"1.020e-06","6.235e-06",5.83
"ARHGEF10L",-1.0738,5.2305,-9.18466283483023,"8.639e-07","5.515e-06",5.83
"APOA1",-1.0537,6.1896,-9.18673055759137,"8.618e-07","5.506e-06",5.83
"TBX2",-2.8891,6.047,-9.19048604613113,"8.581e-07","5.490e-06",5.83
"DUSP5",-0.656,5.4438,-9.17286433328754,"8.758e-07","5.570e-06",5.82
"ARID3A",-0.4947,5.9768,-9.14578161109248,"9.038e-07","5.718e-06",5.82
"SLC5A12",-4.1832,1.1306,-8.81787435260378,"1.330e-06","7.678e-06",5.81
"MSX2",-1.0889,3.7206,-9.0791266224542,"9.768e-07","6.050e-06",5.81
"XDH",-3.0503,4.6808,-9.09292268517581,"9.612e-07","5.990e-06",5.81
"MIGA2",-1.1523,5.3695,-9.16277930081309,"8.861e-07","5.627e-06",5.8
"DAAM2",-1.3301,3.7935,-9.01125755831464,"1.058e-06","6.394e-06",5.79
"RAB9B",1.1356,4.8721,9.13184334887948,"9.186e-07","5.785e-06",5.79
"BAIAP2L2",-2.7422,3.769,-8.9427772235144,"1.147e-06","6.805e-06",5.79
"SLC2A5",-2.6302,3.8969,-8.96574721471844,"1.116e-06","6.665e-06",5.79
"SPOUT1",0.6922,6.0659,9.12555710181022,"9.253e-07","5.819e-06",5.78
"PDK4",-3.2965,7.0661,-9.1814347110194,"8.671e-07","5.527e-06",5.78
"RP11-529K1.3",0.5219,8.8563,9.21631234535789,"8.328e-07","5.370e-06",5.78
"EXTL3",0.5529,6.2999,9.10439233059734,"9.484e-07","5.926e-06",5.78
"TMEM35A",2.2977,2.9191,8.90249462697247,"1.203e-06","7.048e-06",5.78
"SLC41A3",-2.3948,3.2274,-8.86480245722282,"1.258e-06","7.325e-06",5.77
"TIMM9",0.7001,5.5173,9.10422601584486,"9.486e-07","5.926e-06",5.77
"ALS2CL",-3.2887,4.3997,-9.00452448575386,"1.066e-06","6.431e-06",5.77
"MARK3",0.5246,7.4956,9.13235855059705,"9.180e-07","5.785e-06",5.77
"PMS2",0.7084,6.1786,9.11711973320364,"9.345e-07","5.866e-06",5.76
"PDE7B",1.7959,3.4658,9.05129663181625,"1.009e-06","6.185e-06",5.76
"WNT4",3.3955,1.1078,8.77065108861893,"1.408e-06","8.026e-06",5.76
"INSR",-1.8264,6.9158,-9.14294284581955,"9.068e-07","5.728e-06",5.75
"GJB2",-2.3576,2.0812,-8.7942778743105,"1.369e-06","7.839e-06",5.75
"DNAJC15",-0.775,5.3542,-9.08820203287018,"9.665e-07","6.006e-06",5.75
"PLCXD3",2.1877,1.0231,8.758394142288,"1.429e-06","8.118e-06",5.74
"COMMD9",0.8271,5.7718,9.12179185283299,"9.294e-07","5.840e-06",5.74
"RAB36",-1.7491,6.2858,-9.15798616057461,"8.911e-07","5.654e-06",5.74
"ARHGEF16",-0.5427,7.8681,-9.19491255800288,"8.537e-07","5.475e-06",5.74
"CAV2",-1.1736,6.0335,-9.09646241818014,"9.573e-07","5.975e-06",5.74
"FAIM",-0.7147,4.9079,-9.09046668934467,"9.640e-07","5.999e-06",5.73
"PPM1L",-1.4114,5.2503,-9.09235255667101,"9.619e-07","5.990e-06",5.73
"CAV1",-1.5853,4.8931,-9.07878331190431,"9.772e-07","6.050e-06",5.73
"MYO6",-2.1803,5.9409,-9.10573210227454,"9.470e-07","5.924e-06",5.72
"ETFDH",-0.9188,6.7557,-9.09362943699142,"9.604e-07","5.990e-06",5.72
"NR1D2",0.9331,6.7412,9.08871832929072,"9.660e-07","6.006e-06",5.72
"MIEF1",0.7742,5.707,9.07319395031851,"9.837e-07","6.081e-06",5.72
"INIP",-0.5407,6.5828,-9.11664750729782,"9.350e-07","5.866e-06",5.71
"MSS51",1.55,1.2936,8.74412287592754,"1.454e-06","8.236e-06",5.7
"PIP5K1A",0.8026,6.7074,9.06286940422337,"9.956e-07","6.137e-06",5.7
"KLHL21",1.0363,6.7962,9.08201826083894,"9.736e-07","6.041e-06",5.7
"MYL3",-1.3835,5.5177,-9.06964359525572,"9.877e-07","6.098e-06",5.69
"OLFM1",-1.5999,3.7582,-8.93208714879619,"1.161e-06","6.872e-06",5.69
"ARL14EP",0.7262,4.6794,9.02936156394665,"1.036e-06","6.305e-06",5.69
"PRUNE2",-2.1202,4.4279,-9.0312077176484,"1.033e-06","6.305e-06",5.69
"GATA5",-1.0413,3.8406,-9.02358917461225,"1.043e-06","6.338e-06",5.69
"IFT81",-0.7478,5.108,-9.04153206905893,"1.021e-06","6.238e-06",5.68
"GPATCH8",0.6476,7.4428,9.05880144433045,"1.000e-06","6.144e-06",5.68
"ZMIZ1",-1.2078,5.2707,-9.04956116060141,"1.011e-06","6.193e-06",5.68
"SLC19A2",1.0154,3.6699,9.01141735787981,"1.058e-06","6.394e-06",5.68
"C3orf18",-1.001,4.5347,-9.02949373476926,"1.035e-06","6.305e-06",5.67
"ELOVL6",-1.4096,6.194,-9.05753044446727,"1.002e-06","6.149e-06",5.67
"LYN",-1.3715,6.5799,-9.07353552891043,"9.833e-07","6.081e-06",5.67
"EPHA1",-1.1187,3.5437,-8.95239964017976,"1.134e-06","6.756e-06",5.67
"CBFA2T3",1.173,4.0757,9.00618378898201,"1.064e-06","6.423e-06",5.67
"MYO7A",-3.1392,1.925,-8.71602499527567,"1.504e-06","8.434e-06",5.67
"CENPO",0.5931,5.3664,9.01938751191933,"1.048e-06","6.347e-06",5.67
"MELTF",-2.8615,6.6864,-9.06122809208051,"9.975e-07","6.139e-06",5.67
"SYT2",2.7206,0.9349,8.69296874613913,"1.546e-06","8.615e-06",5.67
"FAM110C",-1.7486,4.3358,-8.89210364284239,"1.218e-06","7.116e-06",5.66
"MTR",-0.8744,4.6382,-9.02113771993691,"1.046e-06","6.347e-06",5.66
"KLHL25",-1.6931,5.2296,-9.03547987460061,"1.028e-06","6.278e-06",5.66
"IGFBP3",-1.6,5.7108,-9.06645006400731,"9.914e-07","6.116e-06",5.66
"TRIP12",-0.859,7.8996,-9.0603420019982,"9.986e-07","6.139e-06",5.66
"SERPINA10",-3.0631,5.5494,-8.98565999782164,"1.090e-06","6.543e-06",5.64
"GALNT13",1.1484,2.8751,8.91251190629302,"1.189e-06","6.989e-06",5.64
"SGMS1",-0.6941,6.1446,-9.03055221457689,"1.034e-06","6.305e-06",5.64
"PROC",-1.4395,6.3396,-9.08367452175015,"9.717e-07","6.034e-06",5.64
"AGTPBP1",2.4694,1.2652,8.68766367377377,"1.556e-06","8.659e-06",5.64
"SFXN5",-1.5249,4.0959,-8.936372423216,"1.156e-06","6.847e-06",5.63
"NUMB",-2.0626,6.9471,-9.02547051653123,"1.040e-06","6.329e-06",5.63
"PRADC1",0.8563,5.4458,9.02000072661448,"1.047e-06","6.347e-06",5.63
"MYCL",2.047,5.8148,9.00117855432376,"1.070e-06","6.452e-06",5.62
"SYNGR1",0.9458,6.4345,9.04286503076621,"1.019e-06","6.235e-06",5.61
"C10orf88",0.9582,6.177,8.99998390744877,"1.072e-06","6.456e-06",5.61
"TRMT10C",0.8064,6.1068,8.96647599293433,"1.115e-06","6.664e-06",5.61
"MED7",1.1407,4.3722,8.96647722883658,"1.115e-06","6.664e-06",5.6
"PLPP3",-3.6023,6.3651,-9.01615883891014,"1.052e-06","6.366e-06",5.6
"ADGRG1",2.1468,1.6703,8.6330491025903,"1.662e-06","9.137e-06",5.59
"FSTL4",-3.0717,6.9906,-8.99273904137951,"1.081e-06","6.502e-06",5.59
"COMMD8",1.3829,5.435,8.98946279227377,"1.085e-06","6.523e-06",5.58
"SH3BGRL",-0.4295,7.7545,-9.06012576580234,"9.988e-07","6.139e-06",5.58
"DNAJA3",0.5573,8.1624,9.05381772374212,"1.006e-06","6.171e-06",5.58
"CISH",1.8651,4.6955,8.95333377462794,"1.133e-06","6.754e-06",5.58
"PRSS12",1.1438,1.8622,8.67295248087672,"1.584e-06","8.791e-06",5.58
"NAALADL2",-1.8581,4.4322,-8.93350588568028,"1.159e-06","6.865e-06",5.58
"TBX18",0.8378,3.5366,8.9233608491834,"1.173e-06","6.914e-06",5.58
"THAP9",0.4977,6.4643,8.9824453856201,"1.094e-06","6.563e-06",5.57
"CXXC5",-0.4621,6.1498,-8.96915332045166,"1.112e-06","6.657e-06",5.57
"ACAT2",-0.6902,8.2725,-9.10584373017997,"9.468e-07","5.924e-06",5.57
"ZFPM2",0.638,3.6585,8.90005716395186,"1.206e-06","7.059e-06",5.56
"ELMOD1",1.3358,2.1521,8.66510276056868,"1.599e-06","8.866e-06",5.56
"KLHL15",0.7363,5.9877,8.9254256474266,"1.171e-06","6.907e-06",5.56
"GMEB1",0.7497,5.3378,8.94981107654777,"1.137e-06","6.763e-06",5.56
"HSPA4L",1.2498,8.1868,8.95028413035869,"1.137e-06","6.763e-06",5.55
"TMEM199",-0.6924,5.1941,-8.94865143557245,"1.139e-06","6.767e-06",5.55
"KCNAB2",1.2889,4.252,8.91407471149819,"1.186e-06","6.981e-06",5.54
"SLC38A4",-4.427,6.1319,-8.94028826486124,"1.150e-06","6.820e-06",5.54
"FXN",0.8283,5.6139,8.94410919413852,"1.145e-06","6.799e-06",5.54
"TPM4",1.2604,2.0875,8.61739072040323,"1.694e-06","9.228e-06",5.54
"SLC29A4",-0.8948,3.7788,-8.85492497395575,"1.273e-06","7.397e-06",5.53
"ATP8A1",-1.7611,5.1558,-8.90868591078504,"1.194e-06","7.006e-06",5.52
"RNPS1",0.7419,7.7735,8.95753427072462,"1.127e-06","6.725e-06",5.52
"BRINP1",-3.1344,1.1969,-8.58813498500588,"1.756e-06","9.446e-06",5.52
"GALK2",-0.9259,5.5532,-8.92658567004939,"1.169e-06","6.902e-06",5.52
"NTNG1",1.4991,1.9526,8.66488355326839,"1.599e-06","8.866e-06",5.52
"EXOSC2",0.5465,7.2786,8.92468507394448,"1.172e-06","6.908e-06",5.51
"RRAGD",0.741,5.1643,8.89731762927829,"1.210e-06","7.077e-06",5.5
"EML4",-2.1832,7.1312,-8.92874965495832,"1.166e-06","6.890e-06",5.5
"HGFAC",-2.3103,5.2653,-8.88550835316984,"1.227e-06","7.167e-06",5.49
"IMP4",0.6323,6.8515,8.90113223460421,"1.205e-06","7.055e-06",5.49
"OXLD1",1.5173,3.61,8.81391259002582,"1.337e-06","7.704e-06",5.49
"RBM22",0.5744,7.9777,8.96678923043506,"1.115e-06","6.664e-06",5.48
"RBP4",-0.9695,4.8416,-8.8757731306535,"1.242e-06","7.240e-06",5.48
"ACOT13",-0.958,7.62,-8.92070692021083,"1.177e-06","6.931e-06",5.48
"CREG1",-0.6236,6.7756,-8.90586548961425,"1.198e-06","7.025e-06",5.47
"SIN3B",0.5624,6.1337,8.85755417244906,"1.269e-06","7.379e-06",5.45
"FAM20B",0.4928,5.9381,8.82097163007466,"1.326e-06","7.657e-06",5.45
"C7orf26",1.1603,5.7749,8.85345750894715,"1.275e-06","7.404e-06",5.45
"MAF",-1.2269,3.7483,-8.73405721386693,"1.471e-06","8.319e-06",5.44
"SENP2",0.6829,5.4054,8.84945378126322,"1.281e-06","7.435e-06",5.44
"CDK18",-2.4541,4.5957,-8.8161913540782,"1.333e-06","7.688e-06",5.44
"TOB1",-1.8066,7.1469,-8.90916253438937,"1.193e-06","7.006e-06",5.43
"ZNF622",0.6902,7.3299,8.86177119114283,"1.263e-06","7.347e-06",5.43
"FBXO4",1.0892,3.2373,8.77876318607877,"1.394e-06","7.959e-06",5.43
"SLC26A5",-1.0963,7.6879,-8.95055114055565,"1.136e-06","6.763e-06",5.42
"C1QL3",4.6359,1.9496,8.48923317443127,"1.982e-06","1.036e-05",5.42
"HEBP1",-1.879,6.2756,-8.87496804108345,"1.243e-06","7.242e-06",5.41
"SLC25A33",0.6977,6.2144,8.83217251503062,"1.308e-06","7.574e-06",5.41
"ATF7IP",0.8909,6.5629,8.84069727827907,"1.295e-06","7.508e-06",5.41
"MTHFD2L",1.6723,3.2266,8.72315832238986,"1.491e-06","8.396e-06",5.4
"RPP30",0.9417,5.7919,8.83967411216235,"1.296e-06","7.512e-06",5.4
"UBE2O",0.633,5.3264,8.82518476144396,"1.319e-06","7.627e-06",5.4
"MYH11",-0.8594,3.4906,-8.78558794653744,"1.383e-06","7.905e-06",5.4
"CCDC58",0.7836,5.7151,8.82070292330264,"1.326e-06","7.657e-06",5.4
"KCTD1",0.7753,4.4698,8.80944277374744,"1.344e-06","7.740e-06",5.4
"SNRNP48",0.6336,5.709,8.82530600612594,"1.319e-06","7.627e-06",5.39
"MAFA",3.2351,1.6623,8.46692346006767,"2.037e-06","1.059e-05",5.39
"NOLC1",0.5738,8.8129,8.90958371924181,"1.193e-06","7.006e-06",5.39
"BRF2",0.9821,4.6772,8.80502214124226,"1.351e-06","7.776e-06",5.39
"ANXA7",-1.6459,4.6361,-8.73153210223082,"1.476e-06","8.328e-06",5.38
"COA7",0.9719,4.8667,8.79363260630413,"1.370e-06","7.840e-06",5.37
"MAN2A2",0.7577,5.9462,8.80014937409606,"1.359e-06","7.798e-06",5.37
"PCGF6",0.6527,6.1808,8.80272469483993,"1.355e-06","7.781e-06",5.37
"ARID4B",-0.7269,5.0393,-8.76939640338592,"1.410e-06","8.027e-06",5.36
"TCTE1",2.6452,0.7205,8.431082263302,"2.129e-06","1.095e-05",5.35
"KCTD9",0.475,6.8656,8.79785494799614,"1.363e-06","7.811e-06",5.35
"MAOA",-1.5112,3.4363,-8.63040460771534,"1.668e-06","9.148e-06",5.35
"MUL1",0.9576,5.2673,8.78976175935573,"1.376e-06","7.871e-06",5.35
"CHRDL1",-1.4493,1.4029,-8.52066972286514,"1.907e-06","1.007e-05",5.35
"DDX31",0.6599,6.4054,8.8027412356989,"1.355e-06","7.781e-06",5.35
"FUCA2",-0.7699,4.2048,-8.73309751673454,"1.473e-06","8.323e-06",5.35
"CDK9",0.9339,6.37,8.77888511370581,"1.394e-06","7.959e-06",5.35
"LOXL2",0.7058,4.6176,8.7603403410816,"1.425e-06","8.104e-06",5.34
"PLEKHM2",0.5236,7.4924,8.80391358269387,"1.353e-06","7.781e-06",5.34
"PRICKLE1",3.3118,2.0402,8.45860809567234,"2.058e-06","1.067e-05",5.33
"SLX4IP",-0.8268,4.3771,-8.74799672255999,"1.447e-06","8.209e-06",5.32
"RUBCN",0.9837,4.3721,8.7448726961048,"1.452e-06","8.234e-06",5.32
"CDS1",0.8457,4.3294,8.73196525064277,"1.475e-06","8.328e-06",5.32
"ISYNA1",1.2758,3.2078,8.61837539062017,"1.692e-06","9.223e-06",5.32
"DENND2C",1.8565,3.6049,8.69453025073174,"1.543e-06","8.610e-06",5.32
"GALNS",-0.8733,6.1975,-8.76954595128153,"1.410e-06","8.027e-06",5.31
"FOPNL",-0.5105,6.196,-8.7998343184006,"1.360e-06","7.798e-06",5.31
"PCYT1A",0.578,7.025,8.76291695558427,"1.421e-06","8.084e-06",5.31
"ALAS1",-2.4676,7.3613,-8.77129965091228,"1.407e-06","8.025e-06",5.3
"FAM46C",1.363,3.1611,8.64580957050022,"1.637e-06","9.008e-06",5.3
"TMEM200B",2.2843,2.9323,8.58634721105843,"1.760e-06","9.461e-06",5.3
"BLOC1S2",-1.1578,4.288,-8.71854586263036,"1.499e-06","8.425e-06",5.29
"NR3C2",-0.5445,4.8303,-8.70863965024743,"1.517e-06","8.493e-06",5.29
"MID1",-1.1337,2.7466,-8.60387265388662,"1.723e-06","9.304e-06",5.29
"ARNTL",-1.1793,5.3449,-8.73851872513586,"1.463e-06","8.286e-06",5.28
"BFAR",-0.6655,6.4445,-8.75003539697235,"1.443e-06","8.194e-06",5.28
"SYT6",-3.4424,1.4874,-8.36793001020053,"2.303e-06","1.160e-05",5.27
"SYDE2",-0.5808,4.9951,-8.71300702460877,"1.509e-06","8.459e-06",5.27
"MOV10",-1.7853,3.1624,-8.55704038396395,"1.824e-06","9.719e-06",5.27
"SH3GLB2",-1.013,5.2279,-8.72871169663513,"1.481e-06","8.345e-06",5.26
"METTL16",0.8393,6.0321,8.71917903347254,"1.498e-06","8.425e-06",5.26
"NR2F1",-0.9051,4.0705,-8.61905894122665,"1.691e-06","9.223e-06",5.26
"MCCC1",-1.1503,5.7938,-8.71696112688933,"1.502e-06","8.434e-06",5.25
"C1QTNF6",-3.1528,5.3853,-8.68184891273575,"1.567e-06","8.703e-06",5.25
"FAM193B",0.6877,6.4016,8.71629384285565,"1.503e-06","8.434e-06",5.24
"CRYBA2",-2.4532,1.4415,-8.34015262722673,"2.384e-06","1.190e-05",5.24
"NRG1",-1.6485,1.2088,-8.36093496075964,"2.323e-06","1.167e-05",5.24
"CPXM1",1.3087,3.0626,8.66280875026554,"1.604e-06","8.882e-06",5.24
"GXYLT1",1.354,6.3236,8.69554775293563,"1.541e-06","8.608e-06",5.24
"MID2",-1.4441,4.2007,-8.65780348606164,"1.613e-06","8.913e-06",5.24
"MESDC2",0.4648,7.4937,8.72076009143027,"1.495e-06","8.414e-06",5.24
"POLR3H",1.1583,6.66,8.69342301816033,"1.545e-06","8.615e-06",5.23
"DRD5",0.6792,3.3559,8.62519489508312,"1.678e-06","9.188e-06",5.22
"PTAFR",1.3594,1.7562,8.43992902565762,"2.106e-06","1.085e-05",5.22
"RGS19",1.3107,3.0762,8.52660825110408,"1.893e-06","1.002e-05",5.22
"EIF4E3",-1.8116,5.131,-8.68627024270092,"1.559e-06","8.668e-06",5.22
"FAM110D",1.1695,2.6105,8.45976962470058,"2.055e-06","1.067e-05",5.21
"TMPRSS6",-3.4196,5.7353,-8.6824510675277,"1.566e-06","8.702e-06",5.21
"BCHE",-3.3882,6.0943,-8.69891380824247,"1.535e-06","8.582e-06",5.21
"SLC25A22",1.2561,5.612,8.64623967672393,"1.636e-06","9.008e-06",5.2
"TBC1D22A",-0.9299,5.718,-8.65832181092712,"1.612e-06","8.913e-06",5.19
"ACO1",-1.6285,7.455,-8.72868874949835,"1.481e-06","8.345e-06",5.19
"TMEM59L",3.5845,1.9899,8.33730351036075,"2.392e-06","1.192e-05",5.19
"PNLDC1",1.2598,1.4202,8.3684038479543,"2.301e-06","1.160e-05",5.18
"POLR1C",0.7748,6.0292,8.63236014493393,"1.664e-06","9.138e-06",5.18
"MTA1",0.4453,8.4371,8.69526892564594,"1.542e-06","8.608e-06",5.18
"ORC6",1.2023,6.9127,8.70200041872064,"1.529e-06","8.555e-06",5.18
"FBXW7",0.9019,4.1918,8.61972215493611,"1.690e-06","9.223e-06",5.16
"PATZ1",1.0644,4.0797,8.61570984192755,"1.698e-06","9.235e-06",5.16
"TAF5",0.6294,5.8767,8.63168580490827,"1.665e-06","9.140e-06",5.16
"RASSF1",1.3287,5.1395,8.64741379399742,"1.634e-06","9.002e-06",5.16
"LUZP2",-1.1049,4.5128,-8.61880765123852,"1.692e-06","9.223e-06",5.16
"TOM1L2",-2.1869,6.707,-8.65447962229752,"1.620e-06","8.937e-06",5.16
"FBXO28",0.7666,5.3301,8.62012504425629,"1.689e-06","9.223e-06",5.16
"DPYSL2",0.8413,5.8266,8.66019537286137,"1.609e-06","8.899e-06",5.15
"KBTBD4",0.9001,5.2713,8.60653502273647,"1.717e-06","9.284e-06",5.15
"PRDM4",1.7786,5.0567,8.627120759186,"1.674e-06","9.173e-06",5.15
"DGAT2",1.9767,2.9902,8.43450572008703,"2.120e-06","1.092e-05",5.14
"RASSF6",-1.8014,2.9645,-8.34507463850011,"2.369e-06","1.184e-05",5.14
"CD99",-0.6236,5.83,-8.64979942991925,"1.629e-06","8.982e-06",5.13
"ABCF2",0.7429,9.6336,8.73420416051105,"1.471e-06","8.319e-06",5.13
"KATNBL1",0.7273,5.1387,8.58977473245383,"1.752e-06","9.435e-06",5.13
"DDX51",0.5502,7.0908,8.6278429954747,"1.673e-06","9.171e-06",5.13
"A1CF",-2.8516,5.8035,-8.62427368045951,"1.680e-06","9.193e-06",5.12
"HS3ST2",3.1294,1.2829,8.26955290945239,"2.604e-06","1.277e-05",5.12
"HK2",0.973,5.9981,8.60377033052965,"1.723e-06","9.304e-06",5.12
"PIK3CB",-0.4445,6.5627,-8.60874065350137,"1.712e-06","9.271e-06",5.12
"SLC7A6OS",0.8082,6.5906,8.61163459420195,"1.706e-06","9.257e-06",5.12
"BDH2",-1.7637,7.0378,-8.71073468180884,"1.513e-06","8.477e-06",5.12
"EGR3",4.6422,2.4901,8.33886984650159,"2.388e-06","1.191e-05",5.11
"PLA2G12B",-2.3697,5.4922,-8.61083111925562,"1.708e-06","9.260e-06",5.11
"CCP110",0.9464,5.2234,8.58576074256762,"1.761e-06","9.462e-06",5.11
"SRPX",0.9163,3.5049,8.5019777386006,"1.951e-06","1.023e-05",5.11
"MOCS3",0.9926,6.8187,8.61221021116689,"1.705e-06","9.256e-06",5.1
"SH3KBP1",-0.7462,7.1212,-8.61626090302334,"1.697e-06","9.235e-06",5.1
"BPHL",-1.7137,5.25,-8.59361687681043,"1.744e-06","9.401e-06",5.1
"DENND6A",0.644,5.5892,8.56817038361538,"1.799e-06","9.624e-06",5.1
"FAM135A",-0.9489,5.9881,-8.58006077730665,"1.773e-06","9.522e-06",5.1
"SLC25A30",1.1086,4.1515,8.52238398064641,"1.903e-06","1.005e-05",5.1
"LIPC",-1.7127,2.0146,-8.24353375185635,"2.690e-06","1.308e-05",5.1
"DOHH",0.5648,6.3733,8.60782542990467,"1.714e-06","9.276e-06",5.1
"UBOX5",0.9277,5.344,8.57577894091143,"1.783e-06","9.547e-06",5.09
"ACTN2",1.4841,2.6999,8.45921702864959,"2.057e-06","1.067e-05",5.09
"ZBTB39",0.7755,4.9874,8.57927156844267,"1.775e-06","9.525e-06",5.09
"ANXA5",-0.8664,7.2324,-8.65657708145434,"1.616e-06","8.920e-06",5.09
"BEND7",-0.7828,6.798,-8.60997735412227,"1.710e-06","9.263e-06",5.09
"GNPDA1",0.5323,5.8959,8.56739060232019,"1.801e-06","9.627e-06",5.08
"SRSF5",-1.6917,6.6384,-8.61264211220096,"1.704e-06","9.256e-06",5.08
"TLK2",0.4751,7.0658,8.5786801644929,"1.776e-06","9.526e-06",5.08
"HYAL2",1.8294,5.4798,8.57666794244398,"1.781e-06","9.543e-06",5.08
"CACNA1C",-2.5905,1.7191,-8.30645518035703,"2.486e-06","1.231e-05",5.07
"FER1L6",-1.5737,3.1411,-8.28768928127804,"2.545e-06","1.253e-05",5.07
"PFN2",0.4596,9.6443,8.69236209164742,"1.547e-06","8.615e-06",5.07
"DDX59",1.229,5.8489,8.57086706628698,"1.793e-06","9.598e-06",5.07
"XPNPEP3",0.45,6.7569,8.5896527220082,"1.753e-06","9.435e-06",5.06
"ZDHHC16",0.9143,5.8134,8.5601866916895,"1.817e-06","9.688e-06",5.05
"ELMO3",-1.3081,5.7478,-8.56300586895195,"1.811e-06","9.660e-06",5.05
"ARHGEF26",0.8495,5.2216,8.55130612732467,"1.837e-06","9.769e-06",5.05
"HOXB8",-2.4912,5.3869,-8.51794188812071,"1.913e-06","1.009e-05",5.04
"CISD1",-0.7013,8.7942,-8.62357826491355,"1.682e-06","9.194e-06",5.04
"RPA3",1.0082,6.8032,8.54905641391495,"1.842e-06","9.783e-06",5.04
"C12orf75",-1.4587,6.4997,-8.61252990200658,"1.704e-06","9.256e-06",5.04
"RHBDF1",-1.7692,7.2708,-8.59784246036184,"1.735e-06","9.359e-06",5.04
"BCORL1",0.9266,4.5162,8.5120337765368,"1.927e-06","1.015e-05",5.04
"PATL2",1.3021,3.9249,8.50089446888426,"1.954e-06","1.023e-05",5.03
"MIEF2",1.1069,4.7318,8.52582158987896,"1.895e-06","1.003e-05",5.03
"GPM6B",-0.8932,5.1445,-8.52443427399416,"1.898e-06","1.003e-05",5.03
"ADAMTS2",1.2018,2.6391,8.40409771715082,"2.202e-06","1.123e-05",5.03
"EXT1",-0.5208,8.3114,-8.66099918920062,"1.607e-06","8.896e-06",5.03
"CFAP100",-1.1813,2.4165,-8.29875507084876,"2.510e-06","1.239e-05",5.03
"DLGAP4",0.5352,5.6369,8.50472196202235,"1.945e-06","1.021e-05",5.03
"ATP9A",-1.1236,6.1692,-8.55236929655431,"1.834e-06","9.762e-06",5.02
"EBNA1BP2",0.5563,7.9071,8.59964878536563,"1.731e-06","9.345e-06",5.02
"CDK10",0.594,5.2566,8.5295818596434,"1.886e-06","9.994e-06",5.01
"FGFR2",-1.0508,4.1021,-8.48649888381241,"1.989e-06","1.038e-05",5.01
"CNIH3",2.4686,1.5076,8.19292980801482,"2.867e-06","1.374e-05",5.01
"GAS2L3",-1.5072,5.2173,-8.51859710810955,"1.912e-06","1.009e-05",5.01
"SRF",0.9677,7.2141,8.54981882067962,"1.840e-06","9.780e-06",5.01
"CD81",-1.1135,7.4717,-8.63452649210721,"1.659e-06","9.126e-06",5.01
"TMEM242",-0.5581,4.642,-8.50315791646435,"1.948e-06","1.023e-05",5
"SLC35F5",-0.6568,6.3107,-8.5356194137823,"1.872e-06","9.927e-06",5
"TXNDC12",-1.1393,6.6477,-8.56374849606241,"1.809e-06","9.660e-06",5
"MAP7D2",0.6578,4.9471,8.49907886920022,"1.958e-06","1.025e-05",4.99
"DDX24",0.4687,7.458,8.50870740344043,"1.935e-06","1.018e-05",4.99
"ZYX",-0.799,6.4911,-8.55541674059387,"1.827e-06","9.732e-06",4.99
"ASPHD2",2.6907,1.7079,8.15418908940707,"3.011e-06","1.423e-05",4.99
"FRY",-1.6753,3.165,-8.4446254114187,"2.094e-06","1.080e-05",4.98
"KIF1BP",0.7571,6.0453,8.51331831881812,"1.924e-06","1.014e-05",4.97
"KNG1",-4.843,7.2404,-8.53658320032943,"1.870e-06","9.921e-06",4.97
"AKT3",0.8889,4.6875,8.4772495342175,"2.011e-06","1.049e-05",4.97
"MOCS2",-1.0405,5.8487,-8.50929746874536,"1.934e-06","1.018e-05",4.97
"SMCR8",0.5875,5.9107,8.48751354767169,"1.986e-06","1.037e-05",4.97
"VANGL2",1.6216,4.5355,8.45128655605491,"2.077e-06","1.075e-05",4.96
"TMEM132B",1.1897,3.5186,8.44728493687522,"2.087e-06","1.078e-05",4.96
"HNF1B",-1.4755,4.2598,-8.42329617045043,"2.150e-06","1.101e-05",4.96
"SNX9",-1.0322,6.8258,-8.50530404272053,"1.943e-06","1.021e-05",4.95
"GFOD2",0.8719,6.6199,8.49068065347595,"1.979e-06","1.035e-05",4.95
"TRIB1",-2.2204,6.5252,-8.56332512017929,"1.810e-06","9.660e-06",4.95
"OTOP2",-1.6497,1.6396,-8.1372502834163,"3.077e-06","1.448e-05",4.95
"SHH",-1.5558,6.0301,-8.54498928977367,"1.851e-06","9.826e-06",4.94
"PALMD",-3.3762,2.6917,-8.11311469817321,"3.172e-06","1.480e-05",4.94
"ST14",-1.4751,6.5244,-8.52511472073481,"1.897e-06","1.003e-05",4.94
"MED10",0.5698,7.22,8.50051853574205,"1.955e-06","1.023e-05",4.94
"CPNE8",-1.0488,5.1485,-8.46119006195461,"2.052e-06","1.066e-05",4.94
"EFHC1",-1.3763,2.5818,-8.25006886278088,"2.668e-06","1.299e-05",4.93
"WNT16",3.5434,1.22,8.07773062023442,"3.318e-06","1.532e-05",4.92
"FADS6",-1.1723,5.517,-8.4703812061242,"2.029e-06","1.057e-05",4.92
"TMEM170B",-0.8265,6.3933,-8.46789673000726,"2.035e-06","1.059e-05",4.92
"GRID1",1.3896,3.2133,8.30102672388701,"2.503e-06","1.238e-05",4.92
"FAM179A",-1.1528,2.0244,-8.26033265338843,"2.634e-06","1.289e-05",4.92
"RPIA",-2.0045,6.4273,-8.5026583915509,"1.950e-06","1.023e-05",4.92
"EXOC8",1.1503,5.983,8.4451956193025,"2.093e-06","1.080e-05",4.91
"STK32A",-0.8351,2.2139,-8.35103094395311,"2.352e-06","1.177e-05",4.91
"ST3GAL1",1.9583,3.9188,8.37081455441742,"2.295e-06","1.158e-05",4.91
"PPP2R2D",0.4857,6.9675,8.45492420958478,"2.068e-06","1.071e-05",4.91
"CRYAA",2.8176,1.2833,8.10845332262834,"3.191e-06","1.487e-05",4.91
"ERAL1",0.7519,6.1345,8.4478795900937,"2.086e-06","1.078e-05",4.91
"CTPS1",0.7236,7.8247,8.47092761273249,"2.027e-06","1.057e-05",4.91
"ZNF385B",0.6734,4.0596,8.41320063771762,"2.177e-06","1.111e-05",4.9
"TDO2",-5.4503,5.2295,-8.29347065758799,"2.527e-06","1.246e-05",4.9
"UBXN2A",1.1274,5.19,8.42349413250293,"2.149e-06","1.101e-05",4.9
"ZDHHC5",0.7456,6.4338,8.42757160223313,"2.139e-06","1.098e-05",4.89
"NUAK2",-1.6065,4.3287,-8.37579902636361,"2.280e-06","1.154e-05",4.89
"MBLAC2",1.2577,3.3683,8.33381414629693,"2.403e-06","1.196e-05",4.89
"IVD",-0.7984,5.8487,-8.42765829139743,"2.138e-06","1.098e-05",4.89
"SCYL3",0.6287,8.2037,8.45257013857558,"2.074e-06","1.074e-05",4.89
"ATP6AP2",-0.8319,6.7174,-8.46859943183389,"2.033e-06","1.059e-05",4.89
"DLC1",-1.5658,2.7229,-8.17695125598324,"2.926e-06","1.392e-05",4.88
"CCDC102A",1.2559,5.4671,8.43154486578379,"2.128e-06","1.095e-05",4.88
"C11orf52",-2.8428,5.0913,-8.3633690749307,"2.316e-06","1.164e-05",4.88
"CPSF2",0.419,7.0696,8.41608036113315,"2.169e-06","1.110e-05",4.88
"AFAP1L2",2.628,1.3139,8.05022202436994,"3.437e-06","1.579e-05",4.88
"LMBRD2",-0.9787,5.6561,-8.41339085534658,"2.177e-06","1.111e-05",4.87
"SRP68",0.4402,6.6385,8.43037179978761,"2.131e-06","1.095e-05",4.87
"CLDN1",-2.206,6.3282,-8.46243133016362,"2.049e-06","1.065e-05",4.87
"NEDD9",-2.2754,6.3051,-8.4495392228868,"2.081e-06","1.076e-05",4.87
"DHX37",0.4379,7.8445,8.41841020318599,"2.163e-06","1.107e-05",4.86
"COCH",-0.6106,6.3845,-8.42436673244076,"2.147e-06","1.101e-05",4.85
"RBMS1",-0.8901,5.2103,-8.40619104213503,"2.196e-06","1.121e-05",4.85
"URB1",0.703,6.5145,8.37138782117642,"2.293e-06","1.158e-05",4.85
"ANKRD27",0.5182,5.5951,8.38336345731571,"2.259e-06","1.145e-05",4.85
"SDAD1",0.6238,6.7042,8.3828812733441,"2.260e-06","1.145e-05",4.85
"NSRP1",0.8051,6.2373,8.39564236710751,"2.225e-06","1.130e-05",4.85
"SRFBP1",0.7531,5.1649,8.3825894538528,"2.261e-06","1.145e-05",4.85
"HEPH",-0.5518,6.4652,-8.42313268376985,"2.150e-06","1.101e-05",4.85
"NSUN5",0.7997,4.6138,8.36513040436388,"2.311e-06","1.164e-05",4.84
"EEPD1",-0.6413,6.2688,-8.44084260865192,"2.104e-06","1.085e-05",4.84
"BAIAP2",-0.5653,4.7694,-8.37468753519603,"2.284e-06","1.155e-05",4.84
"SENP5",-0.397,7.1744,-8.38648904033431,"2.250e-06","1.142e-05",4.83
"STYK1",-2.6109,3.55,-8.15456303792088,"3.010e-06","1.423e-05",4.83
"CHRD",2.5762,1.768,8.11263110171447,"3.174e-06","1.480e-05",4.82
"GPR63",1.0154,2.5642,8.1777397414242,"2.923e-06","1.392e-05",4.82
"CRISPLD1",-0.5803,6.7675,-8.36467603384027,"2.312e-06","1.164e-05",4.81
"RFX7",1.1112,6.0474,8.3563542356464,"2.336e-06","1.171e-05",4.81
"ITGAV",-0.8152,5.7938,-8.35078368531562,"2.352e-06","1.177e-05",4.81
"RIC3",1.0233,4.3298,8.32868808321525,"2.418e-06","1.202e-05",4.8
"ASAH1",-0.818,6.9407,-8.4151219780346,"2.172e-06","1.110e-05",4.8
"PNPLA7",-1.117,5.9762,-8.36899109662484,"2.300e-06","1.160e-05",4.8
"PBLD",-1.1956,5.1695,-8.35184319167117,"2.349e-06","1.177e-05",4.8
"CLK3",0.7096,5.5097,8.34812294266668,"2.360e-06","1.181e-05",4.8
"SCG2",-1.0585,2.8366,-8.08784854103237,"3.276e-06","1.518e-05",4.8
"TLE3",1.2476,5.8814,8.32458832638392,"2.431e-06","1.206e-05",4.8
"REEP3",-0.4912,7.5977,-8.40137373840608,"2.209e-06","1.126e-05",4.79
"ZNF516",-1.9119,6.472,-8.35896131150562,"2.329e-06","1.168e-05",4.79
"MANBA",-0.8895,4.504,-8.32471928406632,"2.430e-06","1.206e-05",4.79
"PREPL",-0.5542,4.3503,-8.32682863765759,"2.424e-06","1.205e-05",4.79
"FAM110B",2.4163,3.616,8.1863579191894,"2.891e-06","1.384e-05",4.78
"PGM3",-0.4511,6.7643,-8.39654243466932,"2.222e-06","1.130e-05",4.77
"HECTD1",-0.8049,7.9483,-8.33874365349512,"2.388e-06","1.191e-05",4.76
"LMAN2L",-0.7054,6.1275,-8.34351472181418,"2.374e-06","1.186e-05",4.76
"CCDC126",0.53,8.0396,8.38700172725268,"2.249e-06","1.142e-05",4.75
"GATM",1.9409,1.4574,7.98080055348428,"3.757e-06","1.694e-05",4.75
"JAK3",2.6682,1.4231,8.0275799426859,"3.538e-06","1.614e-05",4.75
"PROS1",-1.4722,6.9443,-8.39680191542508,"2.222e-06","1.130e-05",4.75
"SLC1A6",-1.4107,2.2997,-8.1603630789667,"2.988e-06","1.415e-05",4.74
"GK5",-0.7745,4.9541,-8.28690284703438,"2.548e-06","1.254e-05",4.74
"SIM1",-1.6638,3.4368,-8.23560546283198,"2.717e-06","1.315e-05",4.74
"NPR3",-1.6204,7.1587,-8.39639834115814,"2.223e-06","1.130e-05",4.73
"MBD4",0.6592,5.1465,8.31759224425646,"2.452e-06","1.216e-05",4.73
"TTC3",-1.1523,6.7945,-8.31193857864383,"2.469e-06","1.224e-05",4.73
"SNTA1",0.5613,4.8983,8.29948722990292,"2.508e-06","1.239e-05",4.73
"ZNF518A",1.0489,4.8426,8.27717239868483,"2.579e-06","1.266e-05",4.73
"CREB3L3",-2.7855,6.5896,-8.36350683673629,"2.315e-06","1.164e-05",4.72
"SNW1",0.5326,8.1015,8.37232489850511,"2.290e-06","1.157e-05",4.72
"RSPH9",-1.4715,1.5961,-7.95752157567158,"3.871e-06","1.739e-05",4.72
"UBTD2",1.1353,5.3399,8.29937557940448,"2.508e-06","1.239e-05",4.72
"VPS41",-0.6887,5.6777,-8.3289397206033,"2.417e-06","1.202e-05",4.72
"KLHL17",1.5072,2.5704,8.02822129279729,"3.535e-06","1.614e-05",4.72
"INSC",-3.1449,1.156,-7.91923985426245,"4.068e-06","1.810e-05",4.72
"KLF6",-2.2037,4.6514,-8.25090984712238,"2.665e-06","1.299e-05",4.71
"EIF4H",0.4203,9.7134,8.40076646406094,"2.211e-06","1.126e-05",4.71
"ESD",-0.6419,6.1455,-8.33512017265973,"2.399e-06","1.195e-05",4.71
"PTEN",0.3985,7.5645,8.37868034906068,"2.272e-06","1.150e-05",4.71
"HAGH",-0.8943,6.3281,-8.32452637402414,"2.431e-06","1.206e-05",4.7
"VAMP4",0.6655,6.7267,8.30053012902267,"2.505e-06","1.238e-05",4.7
"TADA2B",0.781,4.131,8.25766353645355,"2.643e-06","1.291e-05",4.7
"FAM20C",-1.3597,4.6136,-8.2380609957624,"2.709e-06","1.314e-05",4.69
"CLRN3",-1.6459,5.1373,-8.26121548213382,"2.631e-06","1.288e-05",4.69
"MAP3K5",-1.4534,5.8922,-8.26897569658978,"2.606e-06","1.277e-05",4.69
"SEC14L5",1.0809,4.5807,8.259449142339,"2.637e-06","1.289e-05",4.69
"ODF2",-0.5111,6.2334,-8.2772513614656,"2.579e-06","1.266e-05",4.68
"SLC4A1AP",0.4654,5.7128,8.27001281409745,"2.602e-06","1.277e-05",4.68
"PFKM",1.3787,1.4582,7.98517779422908,"3.736e-06","1.688e-05",4.68
"TGFB3",1.1697,7.6655,8.28923357849895,"2.540e-06","1.251e-05",4.67
"C9orf72",0.6542,3.9598,8.2368550299056,"2.713e-06","1.314e-05",4.67
"SERPINF1",-1.3255,3.709,-8.06191514012699,"3.386e-06","1.559e-05",4.67
"CDC42BPB",-0.8922,8.7877,-8.36065806366516,"2.324e-06","1.167e-05",4.67
"EDARADD",0.7203,5.132,8.24950802085254,"2.670e-06","1.299e-05",4.67
"SMIM12",1.0563,6.4648,8.29088520715094,"2.535e-06","1.250e-05",4.67
"HOXA4",2.6017,3.6267,8.17686924023768,"2.926e-06","1.392e-05",4.67
"SLC44A1",-1.0559,4.5011,-8.17994458177743,"2.915e-06","1.392e-05",4.66
"AK3",-1.069,4.61,-8.24093037741835,"2.699e-06","1.310e-05",4.66
"ACAD11",-1.0505,6.4363,-8.2772874407913,"2.579e-06","1.266e-05",4.66
"PLCG1",-0.4676,5.8273,-8.2542316130125,"2.654e-06","1.295e-05",4.66
"SERPINF2",-2.3608,6.1866,-8.30700325616831,"2.484e-06","1.230e-05",4.66
"SRP9",0.4408,6.2517,8.23469725309886,"2.720e-06","1.316e-05",4.65
"TICRR",0.5707,7.083,8.23762199857895,"2.710e-06","1.314e-05",4.65
"EDNRA",0.9928,4.0207,8.22077345530958,"2.768e-06","1.336e-05",4.65
"SLC51A",-2.6209,4.6349,-8.17744321666869,"2.924e-06","1.392e-05",4.65
"CHORDC1",0.973,6.5975,8.24004234038505,"2.702e-06","1.311e-05",4.64
"MFAP3",-0.6529,6.5252,-8.25167506661879,"2.663e-06","1.299e-05",4.64
"MPZL3",2.5888,2.5268,7.89156274048241,"4.216e-06","1.863e-05",4.63
"NLRC5",0.592,2.9797,8.12793057695542,"3.113e-06","1.460e-05",4.63
"SFSWAP",-0.7089,6.0481,-8.22988087628633,"2.737e-06","1.323e-05",4.63
"AMOTL1",1.0442,3.0746,8.12416520156952,"3.128e-06","1.466e-05",4.62
"TRIM71",0.9357,5.9014,8.19721163949429,"2.852e-06","1.368e-05",4.62
"MRPS6",-0.5091,7.464,-8.2820317911615,"2.563e-06","1.261e-05",4.62
"PPP4R4",-0.8921,4.3517,-8.17276327260406,"2.941e-06","1.397e-05",4.61
"WDR55",0.953,6.5869,8.24104025999988,"2.699e-06","1.310e-05",4.6
"POLE3",0.8349,7.128,8.22759436887414,"2.745e-06","1.326e-05",4.6
"ETV5",0.6868,6.1586,8.21525954864481,"2.788e-06","1.344e-05",4.6
"CHCHD5",0.7535,6.2791,8.22736761383322,"2.745e-06","1.326e-05",4.6
"LRP3",0.7816,5.6698,8.19954545975093,"2.843e-06","1.365e-05",4.6
"C1GALT1",1.1866,7.3328,8.20893593730628,"2.810e-06","1.351e-05",4.6
"DIRAS1",2.841,3.6343,8.07292820633434,"3.339e-06","1.540e-05",4.6
"ENTPD7",0.8112,5.7888,8.20910681224229,"2.809e-06","1.351e-05",4.59
"RHBDL3",2.0538,0.7748,7.81466605006118,"4.659e-06","2.015e-05",4.59
"SMYD5",0.698,5.7184,8.19627380780635,"2.855e-06","1.369e-05",4.59
"UGP2",-1.2583,7.7955,-8.24965959546257,"2.670e-06","1.299e-05",4.59
"C9orf64",0.7553,6.1148,8.21859454882719,"2.776e-06","1.339e-05",4.59
"FOSB",3.5174,1.8745,7.89600452113489,"4.192e-06","1.853e-05",4.59
"AGPAT3",-1.7717,6.7128,-8.25037165278692,"2.667e-06","1.299e-05",4.58
"NDFIP2",-0.7747,6.637,-8.25782027552857,"2.642e-06","1.291e-05",4.58
"ADD3",-2.5353,7.6679,-8.21230429339329,"2.798e-06","1.348e-05",4.58
"FHL1",1.279,0.9889,7.82275102837614,"4.611e-06","2.001e-05",4.57
"LRPAP1",-0.6631,7.5473,-8.26328265677606,"2.624e-06","1.285e-05",4.56
"STXBP3",-0.566,6.7266,-8.21384254086718,"2.793e-06","1.346e-05",4.56
"TP53BP1",0.5833,7.1639,8.16605652091626,"2.966e-06","1.407e-05",4.55
"CAMK1D",-2.8135,4.7231,-8.08938357026907,"3.270e-06","1.517e-05",4.55
"UBE3A",0.4341,6.9372,8.17353832881926,"2.938e-06","1.397e-05",4.55
"ENKD1",0.9013,5.3634,8.17793133997504,"2.922e-06","1.392e-05",4.55
"JMJD1C",-0.6988,5.5293,-8.14798116158823,"3.035e-06","1.432e-05",4.55
"LSM1",1.2024,5.5616,8.1786127697202,"2.920e-06","1.392e-05",4.55
"WDR12",0.5764,7.0973,8.17855091511277,"2.920e-06","1.392e-05",4.54
"BTBD2",0.8123,6.1895,8.18268193278014,"2.905e-06","1.389e-05",4.54
"SOCS5",0.9683,5.1305,8.15117417028322,"3.023e-06","1.428e-05",4.54
"SERPINE2",0.9021,6.5591,8.17712675336055,"2.925e-06","1.392e-05",4.54
"SLC39A13",0.9227,6.1142,8.17100988337398,"2.948e-06","1.399e-05",4.54
"ANO3",-0.8842,2.649,-8.04035401133689,"3.481e-06","1.593e-05",4.54
"SAR1B",-1.5922,7.4919,-8.19203648466532,"2.870e-06","1.375e-05",4.53
"LZTS3",-2.7412,2.8822,-7.84087822328747,"4.503e-06","1.968e-05",4.53
"UFL1",-0.8381,6.6337,-8.15100110792307,"3.023e-06","1.428e-05",4.53
"SLC9A9",-0.7651,3.8998,-8.10392420796225,"3.210e-06","1.493e-05",4.52
"EXOC3L1",0.9274,5.9654,8.14353538059668,"3.052e-06","1.439e-05",4.52
"NCALD",-2.2888,6.4785,-8.20381502518545,"2.828e-06","1.358e-05",4.51
"FBP1",-2.5397,7.0781,-8.2061190625639,"2.820e-06","1.355e-05",4.5
"KRT80",-1.7226,1.5769,-7.76339382556588,"4.983e-06","2.118e-05",4.5
"DPYD",-1.3199,6.8326,-8.16289140568718,"2.978e-06","1.412e-05",4.5
"SLC46A1",-0.9659,5.1843,-8.13757852851379,"3.075e-06","1.448e-05",4.5
"TFIP11",0.5598,6.4044,8.11010707252276,"3.184e-06","1.484e-05",4.5
"GPHN",-1.2427,6.5864,-8.13748903885604,"3.076e-06","1.448e-05",4.5
"CCDC90B",0.4541,6.0184,8.1157105916907,"3.162e-06","1.478e-05",4.49
"SNAP29",-0.7451,5.3296,-8.12263984698389,"3.134e-06","1.468e-05",4.49
"PDP2",-1.6794,5.5802,-8.13289499095154,"3.094e-06","1.453e-05",4.49
"GNE",-0.4982,5.8135,-8.13429947319465,"3.088e-06","1.452e-05",4.49
"NUDT5",-1.5392,7.8774,-8.17083519884786,"2.948e-06","1.399e-05",4.48
"MTTP",-3.0767,6.9749,-8.15870634258253,"2.994e-06","1.417e-05",4.48
"GIMD1",-3.7328,4.4314,-7.92163173116168,"4.055e-06","1.805e-05",4.48
"PITPNM3",1.4823,3.6909,8.02560383281578,"3.547e-06","1.618e-05",4.47
"UGDH",-1.1622,7.3935,-8.13665296384721,"3.079e-06","1.448e-05",4.47
"TMEM184C",0.7503,6.3434,8.11267759026677,"3.174e-06","1.480e-05",4.47
"ACTN1",-0.5722,7.248,-8.12924028965583,"3.108e-06","1.458e-05",4.47
"KIF11",-0.6686,6.9535,-8.0962709053921,"3.241e-06","1.504e-05",4.47
"DBT",-0.5641,6.4994,-8.10416717435036,"3.209e-06","1.493e-05",4.46
"DLX1",-2.1395,2.0491,-7.82726017439431,"4.584e-06","1.992e-05",4.46
"CNTNAP1",0.6143,5.0305,8.08743259927773,"3.278e-06","1.518e-05",4.45
"MAN1A1",-3.0955,6.8016,-8.15912020033321,"2.992e-06","1.417e-05",4.45
"IP6K2",0.9767,5.2214,8.07908931492961,"3.313e-06","1.531e-05",4.45
"NIT1",-0.5144,5.98,-8.14076847393274,"3.063e-06","1.444e-05",4.45
"EZR",-0.5097,8.2048,-8.17648148881086,"2.927e-06","1.392e-05",4.44
"BUB1B",-1.7371,6.7369,-8.11473060116863,"3.166e-06","1.479e-05",4.44
"IFNAR2",-0.6774,6.1578,-8.09834560072038,"3.232e-06","1.502e-05",4.44
"ADCK1",0.5122,5.3707,8.06682574061798,"3.365e-06","1.551e-05",4.43
"ANKRD49",0.8791,5.2572,8.08539821690929,"3.286e-06","1.521e-05",4.43
"EFR3B",0.9428,4.1568,8.05859490841938,"3.401e-06","1.565e-05",4.43
"AMOT",-0.7368,7.2996,-8.10440818312337,"3.208e-06","1.493e-05",4.43
"KAT2B",-0.8265,5.9018,-8.09777140734076,"3.235e-06","1.502e-05",4.43
"MON2",-0.8602,6.4731,-8.0769233845336,"3.322e-06","1.533e-05",4.43
"IL7R",-2.9844,2.7291,-7.73731648283508,"5.156e-06","2.177e-05",4.42
"CDK6",-1.6158,8.182,-8.0643485108442,"3.376e-06","1.555e-05",4.42
"KCNH4",2.4971,1.1754,7.71566792164204,"5.305e-06","2.226e-05",4.42
"PFKFB2",0.5784,5.4807,8.04990240496178,"3.439e-06","1.579e-05",4.41
"DKK3",-1.4506,7.6994,-8.20968694864665,"2.807e-06","1.351e-05",4.41
"HGD",-3.2091,3.6642,-7.87970722244789,"4.281e-06","1.885e-05",4.41
"TFPI2",2.3676,5.0775,8.05443847214307,"3.419e-06","1.572e-05",4.41
"POFUT1",0.47,5.6855,8.04204257435795,"3.473e-06","1.592e-05",4.41
"FKBP4",0.528,8.5878,8.12990703780889,"3.105e-06","1.458e-05",4.4
"RASD1",-1.0166,6.989,-8.10001469839307,"3.226e-06","1.499e-05",4.4
"LPGAT1",-0.7232,6.1484,-8.04875664475971,"3.444e-06","1.581e-05",4.4
"PCDH1",-2.384,7.2861,-8.1191787147146,"3.148e-06","1.474e-05",4.39
"WNT11",-0.643,3.8198,-7.98319937816419,"3.746e-06","1.691e-05",4.39
"FBXO34",0.4984,6.0328,8.04294887569658,"3.469e-06","1.591e-05",4.38
"ZFYVE27",-1.0406,4.0283,-8.00908462670964,"3.623e-06","1.646e-05",4.38
"WLS",0.5054,7.8696,8.11727687798348,"3.156e-06","1.477e-05",4.38
"DAPP1",0.4484,4.5639,8.02238844433042,"3.562e-06","1.622e-05",4.38
"CIDEC",-1.5463,5.7651,-8.04808325129684,"3.447e-06","1.581e-05",4.37
"NT5M",-1.664,5.4574,-8.040601478561,"3.480e-06","1.593e-05",4.35
"PPP2R5A",-0.7475,7.2147,-8.08459441900198,"3.290e-06","1.522e-05",4.35
"MIEN1",0.7282,6.7508,8.02972146366548,"3.528e-06","1.612e-05",4.35
"JMJD7",1.8337,2.6964,7.72785973613156,"5.221e-06","2.198e-05",4.35
"ENOPH1",0.5941,6.0612,7.99299896096435,"3.699e-06","1.672e-05",4.35
"SLC25A20",-1.007,6.5704,-8.03202523889365,"3.518e-06","1.608e-05",4.34
"FAM45A",0.5904,5.0839,7.99427637440827,"3.693e-06","1.671e-05",4.34
"IRF1",1.2953,3.2693,7.8829448122584,"4.263e-06","1.879e-05",4.33
"ASB15",2.9067,0.8159,7.61099778510087,"6.093e-06","2.492e-05",4.33
"PTPRM",-1.5074,5.7645,-8.02356723097204,"3.556e-06","1.621e-05",4.33
"MAGI3",0.5836,5.8218,7.99562674568324,"3.686e-06","1.669e-05",4.33
"RAE1",0.4463,7.8683,8.03247543351572,"3.516e-06","1.608e-05",4.33
"CNDP2",-0.6767,8.5889,-8.08110826125001,"3.304e-06","1.528e-05",4.33
"RNF122",2.6824,2.0063,7.62699455030357,"5.965e-06","2.451e-05",4.33
"BACE2",-0.8513,5.0504,-8.00345585195615,"3.649e-06","1.656e-05",4.32
"ETFRF1",-0.7214,3.9325,-7.96439112837042,"3.837e-06","1.725e-05",4.32
"CACNA1H",-2.4136,1.2967,-7.6248593352748,"5.982e-06","2.456e-05",4.32
"PEX14",0.418,6.4876,8.02186017932224,"3.564e-06","1.622e-05",4.31
"MAP4K5",0.4663,6.3284,7.99844855813443,"3.673e-06","1.665e-05",4.31
"TIMM8A",0.5776,8.9135,8.11632300912399,"3.159e-06","1.478e-05",4.31
"OLFM3",-2.2399,6.2962,-8.02324520812107,"3.558e-06","1.621e-05",4.31
"HOXB6",-1.8836,6.7648,-8.05583234898719,"3.413e-06","1.570e-05",4.31
"LRRC15",0.7948,2.0566,7.7775612940163,"4.891e-06","2.085e-05",4.31
"GGH",-0.8159,7.2858,-8.08724886232421,"3.278e-06","1.518e-05",4.3
"UBE2G2",0.7421,6.2614,7.98287597190365,"3.747e-06","1.691e-05",4.3
"FAT1",-1.5679,7.3622,-7.97538844480066,"3.783e-06","1.705e-05",4.3
"SNIP1",0.5481,5.5661,7.97027940245312,"3.808e-06","1.715e-05",4.29
"MPST",-0.6575,5.8788,-7.99837649692222,"3.673e-06","1.665e-05",4.29
"TMEM39B",0.7905,5.8962,7.96671359290281,"3.826e-06","1.720e-05",4.28
"SH3BP5",-1.2519,6.678,-7.99606073700042,"3.684e-06","1.669e-05",4.27
"TCEA3",-2.6485,4.2202,-7.90321132840633,"4.153e-06","1.840e-05",4.27
"MCM8",0.6244,4.8521,7.93766560740079,"3.972e-06","1.778e-05",4.27
"SOS1",0.6056,6.3033,7.94064684993022,"3.957e-06","1.775e-05",4.27
"SLC39A14",-0.4671,6.5392,-7.93873226284575,"3.966e-06","1.777e-05",4.27
"ZC3H7A",-0.6214,7.0189,-7.9669753824162,"3.825e-06","1.720e-05",4.26
"PALB2",0.5772,4.4951,7.93026950455129,"4.010e-06","1.792e-05",4.26
"ALDH1A2",-0.917,3.0819,-7.86079723967119,"4.388e-06","1.927e-05",4.26
"TIMP3",-2.1993,6.9304,-8.03697515454796,"3.496e-06","1.599e-05",4.26
"ADIPOR1",0.5046,7.0246,8.00916133261001,"3.623e-06","1.646e-05",4.26
"PHF5A",0.7017,7.4366,8.00818026398876,"3.627e-06","1.647e-05",4.26
"OTX5",0.9144,3.0179,7.83875238830889,"4.515e-06","1.971e-05",4.25
"RPS27L",-0.7671,4.7796,-7.93515686024177,"3.985e-06","1.782e-05",4.25
"IKZF4",1.0203,5.1826,7.95402684558012,"3.889e-06","1.746e-05",4.25
"NETO2",2.008,3.8155,7.87337133911075,"4.317e-06","1.900e-05",4.24
"PTGER2",2.8895,1.7472,7.57265927021917,"6.412e-06","2.601e-05",4.24
"TWSG1",0.6966,7.7607,7.98242330247499,"3.749e-06","1.691e-05",4.24
"ASH2L",0.4666,6.617,7.97025135059239,"3.808e-06","1.715e-05",4.24
"SP4",0.6769,5.3072,7.92290996276121,"4.048e-06","1.805e-05",4.23
"LPCAT2",0.5825,5.4366,7.92992309860122,"4.012e-06","1.792e-05",4.23
"BUD13",0.5576,4.8583,7.90565783092479,"4.140e-06","1.835e-05",4.22
"HOOK1",-0.8232,5.9507,-7.92584673056985,"4.033e-06","1.799e-05",4.22
"DNAJC8",0.4384,8.0977,8.00892817468102,"3.624e-06","1.646e-05",4.22
"SOX21",1.6651,4.2119,7.82864353064619,"4.575e-06","1.989e-05",4.22
"HERC1",-1.2245,5.6588,-7.88932717563036,"4.228e-06","1.868e-05",4.22
"RABIF",1.5206,6.5169,7.99369458695348,"3.695e-06","1.672e-05",4.21
"SSTR3",-1.8391,3.5632,-7.80752249901345,"4.703e-06","2.027e-05",4.21
"ATP6V1D",0.6345,6.3991,7.91717572198681,"4.078e-06","1.814e-05",4.21
"EXOSC3",0.9993,5.752,7.93114915390987,"4.005e-06","1.791e-05",4.21
"PTK2",-0.6179,6.7644,-7.9383197691828,"3.968e-06","1.777e-05",4.2
"RAP2A",0.6049,5.9539,7.91168027578506,"4.108e-06","1.823e-05",4.2
"LIMD2",0.7858,3.1105,7.82542653801236,"4.595e-06","1.996e-05",4.2
"SEPT5",1.2577,7.6447,7.91277861665389,"4.102e-06","1.821e-05",4.19
"PTPRK",-0.8288,6.4773,-7.93921420530743,"3.964e-06","1.777e-05",4.19
"FANCM",0.8679,6.1476,7.88382459680286,"4.258e-06","1.878e-05",4.19
"SPRY1",1.3271,4.778,7.89730617736719,"4.185e-06","1.851e-05",4.19
"PDE3A",-2.2046,5.9171,-7.91455387085487,"4.092e-06","1.819e-05",4.19
"SUGT1",0.776,6.7124,7.91413351197887,"4.094e-06","1.819e-05",4.19
"WIPF1",-0.7795,3.6512,-7.84625851058351,"4.472e-06","1.956e-05",4.19
"BMP4",3.851,0.7222,7.49615374147198,"7.104e-06","2.833e-05",4.18
"UFSP2",-1.0048,5.0595,-7.8863664024193,"4.244e-06","1.874e-05",4.18
"ANKDD1A",-0.7233,3.3788,-7.81253794181847,"4.672e-06","2.019e-05",4.18
"ABL1",-0.778,6.4558,-7.92225221731386,"4.052e-06","1.805e-05",4.18
"TMEM121",2.2217,4.4912,7.85180916704657,"4.439e-06","1.944e-05",4.17
"MRPS35",0.5896,7.5997,7.94263839752621,"3.946e-06","1.771e-05",4.17
"HACD2",-0.7674,7.1473,-7.86854642230558,"4.344e-06","1.910e-05",4.17
"RTTN",-0.9494,5.9127,-7.85920863478341,"4.397e-06","1.928e-05",4.17
"UNC45A",0.5841,5.9355,7.86044129714107,"4.390e-06","1.927e-05",4.17
"ELOVL2",-2.7481,3.1239,-7.59457313052507,"6.228e-06","2.539e-05",4.17
"JPH1",-2.2244,7.2986,-7.92932807442693,"4.015e-06","1.792e-05",4.17
"APMAP",-1.0765,6.2919,-7.89978232703893,"4.171e-06","1.846e-05",4.17
"CYFIP1",0.5571,6.7495,7.90125138053047,"4.163e-06","1.844e-05",4.16
"TMEM175",-0.7199,5.0194,-7.8714575254449,"4.327e-06","1.903e-05",4.16
"PADI3",1.1123,1.2637,7.54594178505161,"6.645e-06","2.683e-05",4.16
"RAB33A",1.157,3.3308,7.75942664169627,"5.009e-06","2.125e-05",4.16
"TGIF2",0.9944,4.3291,7.85260733032751,"4.435e-06","1.943e-05",4.16
"MUSK",-2.8127,0.7942,-7.47355211739609,"7.323e-06","2.902e-05",4.15
"HOXD13",2.9979,2.4295,7.57598314502236,"6.384e-06","2.594e-05",4.14
"NCS1",1.2202,4.5528,7.81570197577653,"4.653e-06","2.015e-05",4.12
"CCNJ",0.8705,3.8986,7.80727333791765,"4.705e-06","2.027e-05",4.12
"ZFP36L2",-0.6499,6.5215,-7.90806346451352,"4.127e-06","1.830e-05",4.12
"POLD3",0.5491,5.9636,7.83355339653269,"4.546e-06","1.979e-05",4.12
"CD247",-2.0785,4.844,-7.81501468546611,"4.657e-06","2.015e-05",4.12
"CXCR4",2.358,3.596,7.67678310732799,"5.585e-06","2.317e-05",4.11
"PARD6A",2.483,2.7973,7.6930876168561,"5.466e-06","2.274e-05",4.11
"GPR39",-1.3052,4.5121,-7.78922745530595,"4.817e-06","2.064e-05",4.11
"KIF20A",-1.209,7.3215,-7.85919758393538,"4.397e-06","1.928e-05",4.11
"PLCB2",1.4449,3.5109,7.77529907889714,"4.906e-06","2.088e-05",4.1
"SLC17A5",-1.2305,6.3015,-7.88059682853477,"4.276e-06","1.884e-05",4.1
"SNX27",0.5545,6.9223,7.86287045016533,"4.376e-06","1.923e-05",4.1
"SKAP2",-0.7397,4.639,-7.82424876589038,"4.602e-06","1.998e-05",4.1
"PIPOX",-1.0336,4.4294,-7.75430828570868,"5.043e-06","2.135e-05",4.1
"QPCT",-0.7845,4.5974,-7.8201800739553,"4.626e-06","2.006e-05",4.09
"ETV3L",-2.9072,1.5201,-7.42936107743338,"7.773e-06","3.052e-05",4.09
"SGCB",0.5797,6.1687,7.83734885102529,"4.524e-06","1.971e-05",4.09
"HS6ST2",0.809,5.4644,7.83745710438222,"4.523e-06","1.971e-05",4.09
"SGK2",-3.6576,1.9691,-7.43568077051028,"7.707e-06","3.030e-05",4.08
"ENPEP",-2.7499,4.5693,-7.69491902897659,"5.452e-06","2.272e-05",4.08
"RND2",-0.6755,2.9566,-7.68571660730301,"5.519e-06","2.294e-05",4.08
"ABHD6",-2.5185,3.7739,-7.64278370450535,"5.842e-06","2.407e-05",4.07
"SRPRB",0.4381,8.7731,7.92220329405815,"4.052e-06","1.805e-05",4.07
"DDA1",0.6089,6.6975,7.8398457886967,"4.509e-06","1.970e-05",4.07
"LCP1",-1.0008,4.1636,-7.78910097253935,"4.818e-06","2.064e-05",4.06
"DFNA5",0.5785,6.2385,7.8193279132286,"4.631e-06","2.008e-05",4.06
"IRF7",0.901,4.3444,7.77918474912252,"4.881e-06","2.085e-05",4.06
"MCU",-0.9893,5.6848,-7.83751005201492,"4.523e-06","1.971e-05",4.06
"LRRC59",0.4505,7.9548,7.88505552833969,"4.252e-06","1.876e-05",4.06
"SARDH",-1.4888,4.5638,-7.71099384574376,"5.338e-06","2.238e-05",4.05
"SDF2L1",0.7409,5.489,7.78374652031651,"4.852e-06","2.076e-05",4.05
"C18orf21",0.6096,7.1431,7.8152912917417,"4.656e-06","2.015e-05",4.05
"CASKIN2",-0.5595,6.8542,-7.83893179456098,"4.514e-06","1.971e-05",4.05
"SERPIND1",-3.1571,5.9009,-7.79883185873938,"4.757e-06","2.047e-05",4.05
"F13B",-2.8687,6.2102,-7.84283474000437,"4.491e-06","1.964e-05",4.05
"RNF220",0.8001,5.714,7.79747330613281,"4.765e-06","2.050e-05",4.05
"ACTG2",-0.9462,4.3089,-7.77732424091194,"4.893e-06","2.085e-05",4.05
"TMEM106B",-0.5772,5.9538,-7.80968271186245,"4.690e-06","2.023e-05",4.05
"NPY5R",-1.9322,2.4271,-7.55289052308245,"6.584e-06","2.666e-05",4.05
"POLR2H",0.5785,6.2667,7.79180959818881,"4.801e-06","2.060e-05",4.05
"PAK5",0.7455,5.1124,7.79085297682326,"4.807e-06","2.061e-05",4.04
"CCPG1",-0.7444,6.2478,-7.77591556963042,"4.902e-06","2.087e-05",4.04
"ARMC6",0.7259,6.3164,7.79677232087179,"4.770e-06","2.051e-05",4.02
"TNFSF15",-2.9439,4.8983,-7.69346171233137,"5.463e-06","2.274e-05",4.02
"ASB6",1.057,5.8889,7.77932219610057,"4.880e-06","2.085e-05",4.02
"AMBP",-1.7787,2.6698,-7.59819168270047,"6.198e-06","2.529e-05",4.02
"MECR",-0.5837,3.58,-7.67092902715548,"5.628e-06","2.330e-05",4.01
"LZTS2",1.0824,5.3147,7.77485478021277,"4.908e-06","2.088e-05",4.01
"CACNA1G",1.0334,2.0347,7.64417909654806,"5.831e-06","2.406e-05",4.01
"GLT1D1",0.5211,5.4397,7.76208478114925,"4.991e-06","2.120e-05",4
"ARPP19",0.3792,9.0557,7.84839557657629,"4.459e-06","1.952e-05",4
"ZNF395",-0.4377,6.1579,-7.79166970796556,"4.802e-06","2.060e-05",4
"ESRP2",-2.9958,6.8492,-7.81121729992034,"4.681e-06","2.021e-05",4
"PCK1",-2.9618,2.6484,-7.37624276897018,"8.353e-06","3.231e-05",4
"SYDE1",0.7817,4.0151,7.73189761405266,"5.193e-06","2.188e-05",3.99
"THAP5",0.8853,6.3828,7.7594609297726,"5.009e-06","2.125e-05",3.99
"TFCP2L1",-2.4433,6.336,-7.81154010311779,"4.679e-06","2.021e-05",3.99
"HAUS2",0.4534,5.7018,7.78511224973417,"4.843e-06","2.074e-05",3.99
"PLA2G6",-0.6335,5.1213,-7.75470638905523,"5.040e-06","2.135e-05",3.99
"LCAT",-1.2729,2.2019,-7.54329142125695,"6.669e-06","2.690e-05",3.99
"SIGIRR",-3.7995,6.3267,-7.78207245454751,"4.862e-06","2.080e-05",3.99
"BRD1",-0.485,6.1144,-7.74411592902554,"5.110e-06","2.161e-05",3.99
"BRIX1",0.532,7.5435,7.77958563371425,"4.878e-06","2.085e-05",3.98
"TMEM63C",0.6762,7.4275,7.79501776348707,"4.781e-06","2.054e-05",3.98
"EPN2",0.6973,7.6291,7.79887594145486,"4.757e-06","2.047e-05",3.98
"KAT14",0.5052,6.2924,7.72449443874543,"5.244e-06","2.206e-05",3.98
"SRPK1",0.435,8.0507,7.79461093737135,"4.783e-06","2.054e-05",3.98
"CAPN6",-2.3471,2.5108,-7.38624288318629,"8.240e-06","3.195e-05",3.97
"CAB39L",-0.4906,6.3833,-7.75637586739463,"5.029e-06","2.133e-05",3.97
"CDIP1",0.5869,5.5087,7.75518636845625,"5.037e-06","2.135e-05",3.97
"MAD2L2",0.5942,5.9602,7.7528244346823,"5.052e-06","2.138e-05",3.97
"MSI1",0.7269,6.7204,7.76197362187852,"4.992e-06","2.120e-05",3.97
"CLDN3",2.1079,1.2923,7.35473884312706,"8.600e-06","3.312e-05",3.96
"TRMT61A",0.6509,5.8,7.72262634490356,"5.257e-06","2.210e-05",3.96
"METTL13",0.7253,6.79,7.7385969929827,"5.148e-06","2.174e-05",3.95
"GNB1L",0.4553,5.0181,7.70110542832531,"5.408e-06","2.260e-05",3.95
"MYC",-3.6648,5.8586,-7.72830807648273,"5.218e-06","2.197e-05",3.94
"GAB1",-0.4523,4.419,-7.69855445268393,"5.426e-06","2.266e-05",3.94
"SCNM1",0.8099,6.3373,7.74567450822163,"5.100e-06","2.157e-05",3.94
"BCL10",0.9048,6.1118,7.7213401904729,"5.266e-06","2.213e-05",3.94
"PATL1",0.5435,5.6545,7.70202023076797,"5.402e-06","2.259e-05",3.93
"RWDD2A",0.7805,4.3668,7.69598602948319,"5.445e-06","2.270e-05",3.93
"PUS1",0.8227,7.719,7.74377449086046,"5.113e-06","2.161e-05",3.92
"PDCD6IP",-0.5153,8.8,-7.80975909100458,"4.689e-06","2.023e-05",3.92
"MARS2",0.7399,5.4954,7.70361906491891,"5.390e-06","2.256e-05",3.92
"CDV3",0.3597,9.2756,7.81887599105108,"4.634e-06","2.008e-05",3.92
"ACOX1",-1.8196,7.0162,-7.77814709949003,"4.887e-06","2.085e-05",3.91
"CNR1",0.636,3.4978,7.67070355184991,"5.630e-06","2.330e-05",3.91
"NCF4",1.7071,1.717,7.3506222152918,"8.649e-06","3.321e-05",3.91
"SLTM",0.515,6.5879,7.69894528682535,"5.424e-06","2.266e-05",3.91
"PEX6",-0.6859,5.1061,-7.69633448110432,"5.442e-06","2.270e-05",3.91
"RPP40",0.7914,6.6228,7.71791497707528,"5.290e-06","2.221e-05",3.9
"SERTAD2",-0.5293,6.3088,-7.69779788210803,"5.432e-06","2.267e-05",3.9
"SLC6A6",-3.8165,5.206,-7.62478479593281,"5.983e-06","2.456e-05",3.9
"ALKBH1",0.8218,6.9708,7.71302050814101,"5.324e-06","2.233e-05",3.9
"KDM5B",-0.8024,6.9635,-7.69312567283307,"5.465e-06","2.274e-05",3.89
"CNTD1",0.4901,5.5777,7.66812434114598,"5.649e-06","2.337e-05",3.89
"NR2C2AP",0.9145,5.3611,7.6817046726194,"5.548e-06","2.305e-05",3.89
"LLGL2",-0.685,8.7825,-7.83083188319458,"4.562e-06","1.985e-05",3.89
"VMP1",-0.7297,7.9171,-7.77756452546571,"4.891e-06","2.085e-05",3.89
"FAM49A",-0.9607,5.9888,-7.68028555565312,"5.559e-06","2.309e-05",3.88
"METTL14",0.5621,6.2877,7.67192378555748,"5.621e-06","2.328e-05",3.88
"CDKN2AIP",0.8248,6.9287,7.70645064512613,"5.370e-06","2.250e-05",3.88
"ACOX3",-0.8511,3.5707,-7.57926799721109,"6.356e-06","2.587e-05",3.88
"LIMA1",-0.6668,5.7372,-7.72023699208848,"5.273e-06","2.215e-05",3.88
"MADD",0.8859,5.4856,7.66115921323226,"5.701e-06","2.357e-05",3.87
"MGAT3",1.9558,4.3633,7.6547225333469,"5.750e-06","2.375e-05",3.87
"RAB14",0.3557,8.4691,7.77692155422769,"4.895e-06","2.085e-05",3.87
"KIAA0319L",-0.5096,6.9634,-7.68851387868202,"5.499e-06","2.287e-05",3.87
"TM4SF4",-1.7166,7.9359,-7.83549291134102,"4.535e-06","1.975e-05",3.86
"ZNF282",0.8704,4.2575,7.64358985583121,"5.835e-06","2.406e-05",3.86
"PURG",1.2496,2.3797,7.44407437765597,"7.620e-06","2.999e-05",3.86
"VPS11",-0.4981,5.9795,-7.6737785797683,"5.607e-06","2.324e-05",3.86
"CDKN3",0.6406,5.6485,7.66091713892754,"5.703e-06","2.357e-05",3.85
"CRYBA4",1.6196,0.7619,7.24891888113533,"9.939e-06","3.715e-05",3.85
"ADAM22",1.1798,3.3761,7.59729316753206,"6.205e-06","2.531e-05",3.85
"STAU2",-1.1443,8.448,-7.70252240253245,"5.398e-06","2.259e-05",3.84
"PLIN2",-1.3103,7.8959,-7.735338421645,"5.170e-06","2.181e-05",3.83
"VSX1",4.1957,1.2811,7.23483224499612,"1.013e-05","3.774e-05",3.83
"CENPH",0.6445,6.3312,7.6784885701832,"5.572e-06","2.313e-05",3.83
"ZFAND6",-1.6596,7.4234,-7.70431953823721,"5.385e-06","2.255e-05",3.82
"CRY2",0.9571,6.2199,7.64473787821974,"5.826e-06","2.405e-05",3.82
"VTA1",-0.7352,5.6043,-7.63128348671858,"5.931e-06","2.438e-05",3.82
"KLHL28",0.7969,5.4437,7.61626118014283,"6.051e-06","2.477e-05",3.81
"FOCAD",-0.5096,5.1529,-7.61404575039839,"6.069e-06","2.484e-05",3.81
"B2M",-0.3793,6.8992,-7.73241941408741,"5.190e-06","2.188e-05",3.81
"TAPT1",-0.6363,6.559,-7.62004846431341,"6.020e-06","2.469e-05",3.8
"RXRG",-3.0785,7.2115,-7.67499717389228,"5.598e-06","2.321e-05",3.8
"PLK1",-1.0198,7.4605,-7.64213229670819,"5.847e-06","2.408e-05",3.8
"VPS36",-0.4481,6.1381,-7.61719415789415,"6.043e-06","2.476e-05",3.79
"CDH17",-1.5547,7.6444,-7.73303618663424,"5.185e-06","2.187e-05",3.78
"STRA6",-1.3033,1.3612,-7.28345903645251,"9.479e-06","3.581e-05",3.78
"CFDP1",0.8713,6.6683,7.59938000847734,"6.188e-06","2.526e-05",3.78
"TM2D1",-0.8048,4.9619,-7.60195429453511,"6.167e-06","2.520e-05",3.77
"PPTC7",0.4789,7.5016,7.63920013225787,"5.869e-06","2.414e-05",3.77
"RIF1",0.7841,8.3335,7.60825537998875,"6.116e-06","2.500e-05",3.77
"CWH43",2.1702,1.545,7.25782401378046,"9.818e-06","3.680e-05",3.77
"RAB12",-0.4584,7.354,-7.63909387830922,"5.870e-06","2.414e-05",3.77
"SOX6",-4.0727,1.5112,-7.1891813388421,"1.079e-05","3.973e-05",3.76
"HSBP1L1",-0.8479,4.3816,-7.49481495882071,"7.117e-06","2.834e-05",3.76
"TMCC2",0.7421,5.2789,7.57469574596552,"6.395e-06","2.596e-05",3.75
"FBXO39",-0.5248,3.9012,-7.53526974406805,"6.741e-06","2.714e-05",3.75
"APTX",0.6841,4.2065,7.56442254022069,"6.483e-06","2.628e-05",3.75
"KIF7",0.7637,5.9355,7.57460386940567,"6.396e-06","2.596e-05",3.75
"LYPD1",2.0875,3.0975,7.37390953185573,"8.379e-06","3.239e-05",3.75
"UBE2J2",0.3858,8.121,7.64382523831421,"5.834e-06","2.406e-05",3.74
"KLHL36",0.873,5.1492,7.57779577079577,"6.369e-06","2.591e-05",3.74
"BCCIP",0.5296,7.497,7.61889065939961,"6.030e-06","2.471e-05",3.74
"FAM163A",2.9049,0.8157,7.15843982771131,"1.126e-05","4.106e-05",3.74
"SMCHD1",1.0193,7.2928,7.54704284416898,"6.636e-06","2.682e-05",3.73
"GET4",0.371,8.2849,7.64026376558446,"5.861e-06","2.413e-05",3.73
"PTAR1",0.887,3.6425,7.5125700893561,"6.949e-06","2.783e-05",3.73
"NECTIN3",-0.5845,5.4228,-7.57584526315959,"6.385e-06","2.594e-05",3.72
"NFRKB",0.5817,5.9315,7.54979413673813,"6.611e-06","2.673e-05",3.72
"DUSP8",-1.0485,4.0232,-7.4981444915442,"7.085e-06","2.828e-05",3.71
"FAM175B",0.5326,6.0054,7.54620623625497,"6.643e-06","2.683e-05",3.71
"TMEM100",1.8285,2.035,7.25466746818445,"9.861e-06","3.692e-05",3.71
"POMT1",-0.6934,5.284,-7.56263943182777,"6.499e-06","2.633e-05",3.71
"ACAD8",-0.4918,4.5419,-7.53419291550413,"6.751e-06","2.716e-05",3.7
"DDRGK1",-0.7048,7.0227,-7.6006100035389,"6.178e-06","2.523e-05",3.69
"KCTD10",0.5511,7.2828,7.55248376314212,"6.588e-06","2.666e-05",3.69
"CRABP2",2.2276,2.5878,7.27533277443699,"9.585e-06","3.610e-05",3.69
"RWDD3",-0.7387,3.8266,-7.50613216759428,"7.009e-06","2.799e-05",3.69
"NCOA1",-1.6327,6.4177,-7.56609283303479,"6.469e-06","2.623e-05",3.69
"EDEM1",-0.5573,6.1178,-7.57645373481949,"6.380e-06","2.594e-05",3.68
"CCDC43",0.8318,6.7234,7.54062694395233,"6.693e-06","2.698e-05",3.68
"MARCKS",-0.9673,6.683,-7.62077671743597,"6.015e-06","2.467e-05",3.68
"MTX3",-0.4802,4.9049,-7.51668548652322,"6.911e-06","2.772e-05",3.68
"SMAD1",-0.5028,5.9381,-7.53890003205484,"6.708e-06","2.703e-05",3.67
"FLT4",1.5119,1.6241,7.28745046418884,"9.428e-06","3.570e-05",3.67
"AK6",0.5027,6.7568,7.52291322334611,"6.853e-06","2.754e-05",3.67
"SLMAP",-0.5231,6.3479,-7.51502114993191,"6.926e-06","2.776e-05",3.67
"TOP1",-0.512,7.6342,-7.5442850056099,"6.660e-06","2.688e-05",3.67
"CLIP1",-0.5305,7.1836,-7.52577563157276,"6.827e-06","2.745e-05",3.66
"RGS11",2.3529,0.8328,7.11229278049592,"1.200e-05","4.333e-05",3.66
"FGL2",2.9499,1.0512,7.09660550472108,"1.227e-05","4.404e-05",3.65
"PTPRN2",-0.5748,4.3352,-7.47783716427189,"7.281e-06","2.887e-05",3.65
"PLEKHH1",0.7192,2.874,7.40322279106219,"8.053e-06","3.137e-05",3.65
"HPS4",0.7995,5.4358,7.49517873171302,"7.113e-06","2.834e-05",3.64
"MSTO1",0.8468,6.5269,7.55132471599828,"6.598e-06","2.669e-05",3.64
"GNG10",1.5212,3.2096,7.28628171799556,"9.443e-06","3.572e-05",3.64
"FA2H",-0.4909,5.9446,-7.53660011060008,"6.729e-06","2.710e-05",3.64
"IFT57",-0.4868,5.1168,-7.51055391220105,"6.968e-06","2.787e-05",3.64
"GTPBP4",0.4336,8.8751,7.58721627951582,"6.289e-06","2.561e-05",3.64
"TGM4",-1.7562,3.9186,-7.37580574934617,"8.358e-06","3.232e-05",3.64
"CPN1",-1.3103,7.7979,-7.58735170794967,"6.288e-06","2.561e-05",3.63
"OGDHL",-1.0369,5.2922,-7.50866508787605,"6.986e-06","2.792e-05",3.63
"CDADC1",0.7118,3.6287,7.42314326510974,"7.838e-06","3.072e-05",3.63
"BMT2",0.9027,5.9032,7.4854555728087,"7.207e-06","2.866e-05",3.63
"SEMA5A",-1.0788,6.0675,-7.51219598275583,"6.953e-06","2.783e-05",3.62
"BTC",1.9877,2.0377,7.17947511939305,"1.094e-05","4.006e-05",3.62
"KIAA0319",2.0995,2.0746,7.21249331939363,"1.045e-05","3.873e-05",3.62
"YPEL5",-0.6441,5.4818,-7.50691069707548,"7.002e-06","2.798e-05",3.62
"PAPSS2",-1.7924,4.1937,-7.4280659864807,"7.786e-06","3.053e-05",3.61
"PDE4B",-1.5937,6.8892,-7.51825076388457,"6.896e-06","2.767e-05",3.61
"PPP1R12A",-0.4882,6.6878,-7.46897244886242,"7.368e-06","2.915e-05",3.61
"SPATA18",0.6392,4.4311,7.46597327945965,"7.398e-06","2.925e-05",3.6
"P2RX4",-0.7243,5.6968,-7.48479629491688,"7.213e-06","2.867e-05",3.6
"MSANTD2",0.849,4.9957,7.470722098715,"7.351e-06","2.909e-05",3.6
"AGO1",0.4689,6.5722,7.4585262075321,"7.473e-06","2.949e-05",3.6
"HNF4A",-4.1031,6.6005,-7.51188889591818,"6.956e-06","2.783e-05",3.6
"NSUN2",0.4542,8.1424,7.52104179073397,"6.871e-06","2.759e-05",3.59
"ARG2",-0.7398,2.6661,-7.35380918032766,"8.611e-06","3.312e-05",3.59
"ANKRD13B",2.0332,2.4033,7.22167837771568,"1.032e-05","3.830e-05",3.59
"EMP2",-2.399,6.2721,-7.51978207909654,"6.882e-06","2.763e-05",3.57
"RUNDC1",0.7471,7.1565,7.49621425907008,"7.103e-06","2.833e-05",3.57
"SC5D",-0.7047,5.7231,-7.47193548742914,"7.339e-06","2.907e-05",3.57
"SMIM14",-1.1668,6.6171,-7.52642979439273,"6.821e-06","2.744e-05",3.56
"VASH2",0.9697,5.2117,7.4577803172516,"7.480e-06","2.951e-05",3.56
"GEMIN8",0.4345,5.3343,7.42859887154245,"7.781e-06","3.052e-05",3.55
"MORN3",1.5656,1.7335,7.10850206463075,"1.207e-05","4.347e-05",3.55
"TTC26",-1.1799,5.1787,-7.44537496054591,"7.607e-06","2.996e-05",3.55
"RARA",0.8367,5.9444,7.45001261399937,"7.559e-06","2.979e-05",3.55
"MMD2",2.0327,2.1243,7.12369883376865,"1.182e-05","4.278e-05",3.55
"EIF2A",-0.5489,8.106,-7.51325205978828,"6.943e-06","2.782e-05",3.55
"CLCN4",-0.7691,3.4496,-7.3352133155426,"8.832e-06","3.386e-05",3.55
"RNF215",0.4656,5.8056,7.47068382860909,"7.351e-06","2.909e-05",3.54
"HOOK3",-0.7657,4.1706,-7.39223549638155,"8.173e-06","3.172e-05",3.54
"SLC7A5",-3.1098,4.6079,-7.41490788843579,"7.926e-06","3.098e-05",3.54
"TWISTNB",0.7636,6.6963,7.48287312824569,"7.232e-06","2.872e-05",3.54
"CSTF3",0.448,7.0494,7.44481388938823,"7.612e-06","2.997e-05",3.54
"PCYOX1",-0.8719,6.1449,-7.47774831260696,"7.282e-06","2.887e-05",3.54
"RNF41",0.7291,7.6269,7.4940796692049,"7.124e-06","2.834e-05",3.53
"LFNG",-0.8326,5.9498,-7.46151367176229,"7.443e-06","2.939e-05",3.53
"NIFK",0.4856,7.5804,7.46339721665007,"7.424e-06","2.934e-05",3.53
"NDUFS4",-0.6028,5.7153,-7.40994803042001,"7.980e-06","3.116e-05",3.53
"PELI2",0.5563,5.5411,7.4226813958016,"7.843e-06","3.072e-05",3.53
"GGACT",0.3819,4.9999,7.42902051204364,"7.776e-06","3.052e-05",3.52
"ZNF800",0.7644,5.2152,7.39624781969394,"8.129e-06","3.158e-05",3.52
"SNRPB2",0.4179,8.0337,7.49473766530895,"7.117e-06","2.834e-05",3.52
"ASCC3",-0.6784,5.8501,-7.39950371771744,"8.093e-06","3.147e-05",3.52
"TMEM229B",0.7118,4.2215,7.39975754023189,"8.091e-06","3.147e-05",3.51
"RPS6KA3",-0.7683,6.797,-7.43246230510074,"7.740e-06","3.042e-05",3.51
"MB21D2",1.4689,3.1724,7.28674395736991,"9.437e-06","3.572e-05",3.51
"NT5C1A",2.5302,0.6941,7.00161298734461,"1.401e-05","4.919e-05",3.51
"FOXN2",0.5417,5.3935,7.40259163476761,"8.060e-06","3.138e-05",3.51
"SNX16",1.1316,4.3071,7.39156849083557,"8.181e-06","3.174e-05",3.51
"PIM3",-1.8377,7.1643,-7.49451105145808,"7.120e-06","2.834e-05",3.51
"KPNA2",-1.2393,8.2709,-7.47999511711282,"7.260e-06","2.881e-05",3.5
"UBAC2",-1.073,6.3379,-7.42935396769014,"7.773e-06","3.052e-05",3.5
"RGL1",-0.3336,7.5883,-7.46178805910275,"7.440e-06","2.939e-05",3.5
"ZBTB21",1.1229,5.8195,7.40538796034631,"8.029e-06","3.130e-05",3.5
"MRPS7",0.4677,7.9515,7.4160923982037,"7.914e-06","3.094e-05",3.49
"NR5A1",-0.9262,2.5832,-7.22676767300183,"1.025e-05","3.809e-05",3.48
"ENPP4",-0.9562,4.4486,-7.37351614694784,"8.384e-06","3.239e-05",3.48
"CP",-0.9537,3.9705,-7.32505894312244,"8.955e-06","3.422e-05",3.48
"EXOSC9",0.5463,7.0646,7.41629940149759,"7.911e-06","3.094e-05",3.47
"SHC1",-0.4326,7.882,-7.48266676449745,"7.234e-06","2.872e-05",3.47
"DBN1",1.5758,3.2923,7.17265684697279,"1.104e-05","4.041e-05",3.47
"ST8SIA6",2.0395,1.0278,6.98621218185821,"1.432e-05","5.001e-05",3.46
"LSM12",0.4713,6.9119,7.41432245214169,"7.933e-06","3.099e-05",3.46
"MYO7B",-1.6496,6.1899,-7.43886289178617,"7.674e-06","3.019e-05",3.46
"EIF1B",0.9,6.6439,7.39982668372957,"8.090e-06","3.147e-05",3.46
"TBX6",-1.7421,2.1596,-7.07388608965121,"1.266e-05","4.527e-05",3.46
"YIPF1",-0.9811,6.3275,-7.40755338337096,"8.006e-06","3.124e-05",3.45
"MTMR8",0.4927,6.4817,7.35417195926049,"8.607e-06","3.312e-05",3.45
"IKBKE",-0.4962,3.4155,-7.25010128675767,"9.923e-06","3.711e-05",3.45
"PDCL3",0.6656,6.4202,7.38431867116216,"8.262e-06","3.202e-05",3.44
"SF3B1",-0.4148,8.7145,-7.45375007167645,"7.521e-06","2.965e-05",3.44
"EMC6",0.6789,6.5656,7.36899436219157,"8.435e-06","3.256e-05",3.44
"AFF1",-0.6568,5.8948,-7.37684921359807,"8.346e-06","3.230e-05",3.44
"ELL2",1.6837,2.8798,7.22331694559536,"1.030e-05","3.823e-05",3.43
"SLC39A10",1.512,5.4512,7.35374445276264,"8.612e-06","3.312e-05",3.43
"TCF7",-0.8666,4.5907,-7.33185414831034,"8.873e-06","3.400e-05",3.43
"FBN1",-0.7806,6.758,-7.37010315838719,"8.423e-06","3.252e-05",3.42
"FASTK",0.5302,7.9185,7.40506053966967,"8.033e-06","3.130e-05",3.42
"ARHGAP21",-0.4903,5.5441,-7.3302472661962,"8.892e-06","3.404e-05",3.42
"MYRF",-1.3581,6.6912,-7.39329832860064,"8.162e-06","3.169e-05",3.42
"IKBIP",0.838,5.4985,7.34843983858138,"8.674e-06","3.330e-05",3.42
"DTWD1",-0.6145,6.655,-7.37943125196368,"8.317e-06","3.222e-05",3.42
"HAND2",1.4105,3.8929,7.29135179999621,"9.377e-06","3.552e-05",3.41
"OSBPL3",1.444,3.7004,7.29575167150998,"9.321e-06","3.536e-05",3.41
"TMEM37",-0.7484,4.0716,-7.27557293630814,"9.582e-06","3.610e-05",3.41
"FBXO43",2.2997,0.9758,6.92759080280771,"1.555e-05","5.355e-05",3.4
"ARHGEF12",-0.5676,7.3801,-7.37887638756224,"8.323e-06","3.223e-05",3.4
"EGLN3",-0.59,5.7536,-7.35314077749703,"8.619e-06","3.313e-05",3.4
"RNF216",0.4926,5.6625,7.32331849577119,"8.977e-06","3.427e-05",3.4
"POLR2M",0.6144,5.465,7.31279244955439,"9.106e-06","3.470e-05",3.4
"CLUH",-0.6894,7.3315,-7.35858221052328,"8.556e-06","3.296e-05",3.4
"GPC5",-0.7995,4.0106,-7.31102229065643,"9.129e-06","3.475e-05",3.4
"ACSL4",-2.1937,6.5274,-7.36065169802133,"8.532e-06","3.290e-05",3.39
"ASB9",-0.685,3.8961,-7.29631218763933,"9.314e-06","3.535e-05",3.39
"MEX3A",1.3812,4.6943,7.31043375609818,"9.136e-06","3.477e-05",3.39
"LRRC45",-1.7969,6.7555,-7.3965913227423,"8.125e-06","3.158e-05",3.39
"ELOVL4",1.841,2.4677,7.05108214176326,"1.307e-05","4.638e-05",3.39
"PLPPR5",0.7571,3.8838,7.28495928788512,"9.460e-06","3.576e-05",3.39
"ASPA",-1.7401,3.0183,-7.09538233400848,"1.229e-05","4.410e-05",3.38
"ZNF346",0.645,4.7988,7.31425173595533,"9.088e-06","3.465e-05",3.38
"TCIRG1",-0.7378,6.2434,-7.35141397811338,"8.639e-06","3.319e-05",3.38
"LRRC58",-1.1558,5.2092,-7.32738933371589,"8.927e-06","3.414e-05",3.38
"NFYC",-0.6877,7.6149,-7.34531309894558,"8.711e-06","3.342e-05",3.37
"CSGALNACT2",0.7436,5.5694,7.31619689389752,"9.064e-06","3.459e-05",3.37
"PAX9",3.1777,1.6902,6.9470004580853,"1.513e-05","5.234e-05",3.37
"IDUA",-0.9285,3.4132,-7.21157950402457,"1.046e-05","3.876e-05",3.37
"ZNF821",0.6746,5.4536,7.31173352970582,"9.120e-06","3.474e-05",3.37
"TMEM128",-0.8967,6.6119,-7.33552598547235,"8.828e-06","3.386e-05",3.36
"KCTD21",-0.994,2.9836,-7.03513020291583,"1.337e-05","4.730e-05",3.36
"CRYL1",-0.9191,5.7189,-7.30879513111365,"9.156e-06","3.480e-05",3.36
"GIN1",-1.5202,2.9725,-7.11036365489324,"1.204e-05","4.341e-05",3.35
"CLIC4",-0.9516,7.7888,-7.33150257723529,"8.877e-06","3.400e-05",3.35
"TCP11L1",0.4753,5.4033,7.29439814331602,"9.338e-06","3.541e-05",3.35
"GANC",-1.3269,5.8076,-7.3088878075337,"9.155e-06","3.480e-05",3.35
"CYR61",1.638,3.6487,7.17981323512621,"1.093e-05","4.006e-05",3.35
"TRPC5",2.2194,1.542,6.9874715802793,"1.429e-05","4.997e-05",3.34
"MOGAT1",0.7078,4.4424,7.28042590776755,"9.519e-06","3.595e-05",3.34
"PAPLN",-1.5737,3.641,-7.06036843461627,"1.291e-05","4.597e-05",3.33
"IGF2R",-0.9066,6.5106,-7.27682710336327,"9.566e-06","3.608e-05",3.33
"ALDH1A1",-1.3223,11.7483,-7.41830497232856,"7.890e-06","3.089e-05",3.33
"TNS3",-0.8505,6.3069,-7.3067280826652,"9.182e-06","3.488e-05",3.32
"TMOD1",-0.6079,4.1737,-7.26294800369512,"9.749e-06","3.660e-05",3.32
"SCN5A",-2.4264,1.4854,-6.94247418766381,"1.523e-05","5.265e-05",3.32
"ZDHHC17",0.4798,5.6122,7.25905474925915,"9.802e-06","3.675e-05",3.32
"MED28",0.6664,5.9933,7.29243136187843,"9.363e-06","3.549e-05",3.32
"SDE2",0.6278,7.4855,7.3241752349922,"8.966e-06","3.424e-05",3.31
"PGM1",-1.1308,6.661,-7.28539054115231,"9.454e-06","3.575e-05",3.31
"KBTBD12",-3.0176,1.5134,-6.86601542295977,"1.697e-05","5.746e-05",3.31
"HIF1AN",0.7379,6.2883,7.27911258618094,"9.536e-06","3.600e-05",3.31
"HOXD9",1.9845,1.4757,6.9036088081091,"1.609e-05","5.501e-05",3.31
"TRMU",0.4804,5.7631,7.27034134248875,"9.651e-06","3.627e-05",3.31
"NAXD",-1.1052,7.7568,-7.35896757435325,"8.551e-06","3.296e-05",3.31
"ACBD7",-1.2129,7.1949,-7.32774040714628,"8.923e-06","3.414e-05",3.3
"NCSTN",-0.3653,7.0037,-7.32518625995216,"8.954e-06","3.422e-05",3.3
"RERGL",1.7634,2.8228,7.06956745227742,"1.274e-05","4.544e-05",3.3
"ATP6V0C",0.4157,8.8154,7.40671685964302,"8.015e-06","3.126e-05",3.3
"SUV39H1",0.5445,4.7379,7.25689708119668,"9.831e-06","3.683e-05",3.29
"CIDEA",-2.5885,7.2943,-7.36464307479288,"8.485e-06","3.274e-05",3.29
"MVP",-0.9919,6.1125,-7.30989782942418,"9.143e-06","3.478e-05",3.29
"AMFR",-0.4292,8.2486,-7.41633033519866,"7.911e-06","3.094e-05",3.29
"PARS2",0.6684,5.7065,7.2622140836451,"9.759e-06","3.663e-05",3.29
"HABP4",0.8498,3.6417,7.19586471018119,"1.069e-05","3.946e-05",3.28
"HELB",0.9502,4.8754,7.24754482845848,"9.958e-06","3.716e-05",3.28
"ABI1",-1.0425,6.6993,-7.30303732715153,"9.229e-06","3.504e-05",3.28
"ST6GALNAC4",1.3211,5.2823,7.27287426636133,"9.618e-06","3.619e-05",3.28
"SLC41A1",0.8005,6.1371,7.27056926986394,"9.648e-06","3.627e-05",3.28
"GTF3C3",0.5227,5.2806,7.23942865628204,"1.007e-05","3.752e-05",3.28
"PGGT1B",0.5481,5.1722,7.24709134851204,"9.964e-06","3.716e-05",3.27
"UBTD1",0.9515,5.1352,7.26010092654032,"9.788e-06","3.672e-05",3.27
"NRXN3",-1.1398,1.8489,-7.02776040901271,"1.351e-05","4.774e-05",3.27
"PIEZO2",-1.0923,4.0357,-7.22429072650242,"1.028e-05","3.819e-05",3.27
"RIOK2",0.6231,5.6844,7.24774302717832,"9.955e-06","3.716e-05",3.27
"CCDC89",1.3626,1.7081,6.95245066202133,"1.502e-05","5.206e-05",3.26
"PTPRA",0.4579,6.1407,7.24752902832478,"9.958e-06","3.716e-05",3.26
"SNX25",-0.4953,6.409,-7.25408024710334,"9.869e-06","3.694e-05",3.26
"MTFR1L",0.7964,6.1188,7.2419615608256,"1.003e-05","3.741e-05",3.26
"MIS18A",0.5739,5.8015,7.23108802563761,"1.019e-05","3.789e-05",3.26
"PID1",-0.9767,5.4136,-7.23284357226329,"1.016e-05","3.783e-05",3.26
"PDXK",-1.6959,7.5395,-7.31519319873686,"9.077e-06","3.462e-05",3.25
"SLCO4A1",-1.316,5.309,-7.22650164355155,"1.025e-05","3.809e-05",3.25
"ARHGAP24",-3.2465,3.0355,-6.92512797453434,"1.561e-05","5.360e-05",3.25
"CLINT1",-0.4313,7.4857,-7.27676513405261,"9.566e-06","3.608e-05",3.25
"SRD5A1",1.0804,4.0052,7.13377778599611,"1.165e-05","4.224e-05",3.25
"HCN2",3.127,1.0605,6.84965234050234,"1.737e-05","5.850e-05",3.24
"BCKDHB",-0.8208,6.6734,-7.26844467376635,"9.676e-06","3.635e-05",3.23
"SP2",0.5172,5.3713,7.22057263117024,"1.033e-05","3.832e-05",3.23
"CNTFR",-1.3222,3.3611,-7.09951807668549,"1.222e-05","4.397e-05",3.23
"CCT4",0.4191,8.5063,7.27568745385481,"9.581e-06","3.610e-05",3.22
"SEMA4D",1.0086,4.606,7.20405996239755,"1.057e-05","3.912e-05",3.22
"OLFML2B",0.8159,3.224,7.02486284301447,"1.356e-05","4.789e-05",3.22
"ANKRD50",0.9771,3.7233,7.14514328163104,"1.147e-05","4.167e-05",3.22
"DPP9",0.4814,6.098,7.19421854990392,"1.072e-05","3.951e-05",3.22
"SYT17",1.7603,2.1652,6.97612372158177,"1.452e-05","5.056e-05",3.21
"PSME4",-0.7862,6.831,-7.19883834618224,"1.065e-05","3.935e-05",3.2
"UTRN",-1.1215,5.6487,-7.1873737689197,"1.082e-05","3.977e-05",3.2
"ZBTB2",-0.4993,5.7048,-7.1884926739571,"1.080e-05","3.973e-05",3.2
"ESRRB",1.732,1.586,6.83835732043861,"1.766e-05","5.921e-05",3.19
"SNCB",2.9678,0.6482,6.76447444541813,"1.962e-05","6.450e-05",3.19
"DHRS3",-2.2379,7.1321,-7.25320560866837,"9.881e-06","3.697e-05",3.19
"ANKS4B",1.7714,2.5403,6.93486093038436,"1.540e-05","5.313e-05",3.18
"MYLIP",1.1383,4.9264,7.18890902833081,"1.080e-05","3.973e-05",3.18
"KLHL12",0.7994,6.0573,7.16408604486713,"1.117e-05","4.076e-05",3.18
"CUL5",0.6462,6.1781,7.18441136032718,"1.086e-05","3.991e-05",3.18
"CDK8",0.57,5.5452,7.16813849321139,"1.111e-05","4.060e-05",3.18
"VILL",-2.3829,1.8923,-6.75878357608343,"1.978e-05","6.490e-05",3.17
"HNF4G",-0.783,6.0292,-7.19087437408985,"1.077e-05","3.966e-05",3.17
"WDTC1",-1.1535,6.9323,-7.23130724390313,"1.018e-05","3.789e-05",3.16
"TDP1",0.4278,5.8483,7.16452656038787,"1.117e-05","4.076e-05",3.16
"ESYT2",-0.8662,6.3824,-7.1883230134791,"1.080e-05","3.973e-05",3.16
"KCNG3",1.8764,1.1505,6.78086939202731,"1.917e-05","6.329e-05",3.16
"CADM1",-1.7136,6.8036,-7.22050232730165,"1.034e-05","3.832e-05",3.16
"GID8",0.6997,6.4536,7.15756615543187,"1.127e-05","4.108e-05",3.16
"MPPE1",-0.6082,6.0505,-7.18203334188161,"1.090e-05","4.001e-05",3.15
"ZYG11B",-0.5588,5.3158,-7.15827648305948,"1.126e-05","4.106e-05",3.15
"ARPC5L",0.736,6.2811,7.20290861847932,"1.059e-05","3.916e-05",3.15
"L3MBTL2",0.532,6.9009,7.18000931500426,"1.093e-05","4.006e-05",3.15
"BPGM",0.3694,6.456,7.15729186963912,"1.128e-05","4.108e-05",3.15
"PTPRJ",-1.123,5.3058,-7.15572947877233,"1.130e-05","4.115e-05",3.14
"SLC19A1",-1.0345,7.8585,-7.19985649472876,"1.063e-05","3.931e-05",3.14
"NOP58",0.3295,8.9073,7.27117536960374,"9.640e-06","3.626e-05",3.14
"NXT2",0.415,7.2533,7.17160095119627,"1.106e-05","4.045e-05",3.14
"FCF1",0.758,7.9886,7.19830983920843,"1.066e-05","3.936e-05",3.14
"PAXIP1",0.7702,6.2241,7.13883271593426,"1.157e-05","4.196e-05",3.13
"PTPN6",-0.5303,6.0383,-7.17977808759576,"1.093e-05","4.006e-05",3.13
"EZH2",-0.4294,7.8585,-7.20756894492037,"1.052e-05","3.896e-05",3.12
"BATF3",0.7734,2.9221,7.0387076089889,"1.330e-05","4.709e-05",3.12
"ATIC",-1.7326,9.326,-7.27305229825959,"9.615e-06","3.619e-05",3.12
"CDK5RAP3",-0.699,6.9648,-7.19649054625021,"1.068e-05","3.944e-05",3.12
"CRBN",-0.6403,4.3791,-7.09691225020816,"1.226e-05","4.404e-05",3.12
"RBPMS",0.9554,5.5992,7.16506295610765,"1.116e-05","4.074e-05",3.11
"MBTD1",-0.7092,5.6873,-7.12407761098105,"1.181e-05","4.277e-05",3.11
"HSBP1",-0.488,7.3433,-7.18318576923328,"1.088e-05","3.996e-05",3.11
"NFIX",0.643,5.9578,7.14274502701217,"1.151e-05","4.179e-05",3.11
"MINPP1",0.733,4.6922,7.1167132665478,"1.193e-05","4.316e-05",3.11
"SLC52A3",0.7462,6.355,7.14704949016156,"1.144e-05","4.158e-05",3.1
"VPS37B",0.4208,6.2117,7.15527852802435,"1.131e-05","4.116e-05",3.09
"LHFPL2",1.3329,2.8075,6.87506628262086,"1.676e-05","5.685e-05",3.09
"MMP24",0.8119,3.4279,7.05728592988842,"1.296e-05","4.611e-05",3.09
"FOXP4",0.8586,5.181,7.1153377574817,"1.195e-05","4.318e-05",3.09
"ZNF414",0.7492,4.5035,7.11001936430669,"1.204e-05","4.341e-05",3.09
"AKIRIN2",0.4882,7.6435,7.19305872191563,"1.073e-05","3.956e-05",3.08
"ITGA7",1.1471,2.0143,6.80242162423884,"1.859e-05","6.171e-05",3.08
"FETUB",-3.9867,6.9818,-7.17335643837906,"1.103e-05","4.039e-05",3.08
"ERRFI1",1.0297,6.8601,7.14198935964729,"1.152e-05","4.181e-05",3.08
"SAG",0.944,2.6359,6.9970375779595,"1.410e-05","4.942e-05",3.08
"ARHGDIB",0.8461,5.0169,7.10486117602167,"1.213e-05","4.367e-05",3.07
"PRPF4",0.5521,7.0793,7.14031143103214,"1.155e-05","4.189e-05",3.07
"CUTC",0.5794,4.9155,7.08832551438522,"1.241e-05","4.450e-05",3.07
"PLEKHF2",0.7781,5.7311,7.11979837239574,"1.188e-05","4.299e-05",3.07
"CCK",1.4432,6.3049,7.14891213225637,"1.141e-05","4.149e-05",3.07
"NBEAL1",-1.4028,5.1124,-7.0909394740217,"1.237e-05","4.435e-05",3.06
"UBXN2B",0.414,5.6613,7.08712159550263,"1.243e-05","4.455e-05",3.06
"ORMDL3",-0.3631,7.1749,-7.13055416424803,"1.170e-05","4.241e-05",3.06
"SLC35C2",-1.0636,7.1198,-7.18110155448595,"1.091e-05","4.004e-05",3.06
"CCDC28B",1.0558,1.2892,6.76089203999472,"1.972e-05","6.480e-05",3.05
"SPP2",-3.6506,1.6272,-6.670177049486,"2.248e-05","7.231e-05",3.05
"CRIP2",1.563,4.9712,7.09924708879311,"1.222e-05","4.397e-05",3.05
"CLDN10",-2.0961,7.6829,-7.24771127894111,"9.955e-06","3.716e-05",3.05
"CEP63",0.4777,5.3487,7.08411922827961,"1.248e-05","4.470e-05",3.05
"ALDH6A1",-1.0551,7.8964,-7.19531417848596,"1.070e-05","3.947e-05",3.05
"PGBD5",2.5628,1.0816,6.71583138634634,"2.105e-05","6.837e-05",3.04
"TMEM39A",-0.4312,6.5824,-7.11569466356192,"1.195e-05","4.318e-05",3.04
"ACOT7",0.6549,7.9121,7.1162078612072,"1.194e-05","4.317e-05",3.03
"TAF8",-0.475,4.8752,-7.0792679250679,"1.257e-05","4.497e-05",3.03
"CHST12",0.5744,5.5757,7.09763127179378,"1.225e-05","4.402e-05",3.03
"GORAB",-0.3682,8.439,-7.16795373391418,"1.111e-05","4.060e-05",3.03
"ADRB1",1.0289,1.4796,6.89228452196767,"1.635e-05","5.568e-05",3.03
"ZBTB48",0.5924,6.4177,7.10896418659163,"1.206e-05","4.346e-05",3.03
"RET",-1.7048,1.9455,-6.77158269258132,"1.942e-05","6.394e-05",3.03
"NGLY1",-0.7567,7.6469,-7.11511656480548,"1.196e-05","4.318e-05",3.02
"NRP1",-2.5421,4.658,-6.96728413490053,"1.471e-05","5.113e-05",3.02
"CFL2",0.5083,8.377,7.17064506263987,"1.107e-05","4.048e-05",3.02
"SART3",0.4163,7.2037,7.0793345619804,"1.257e-05","4.497e-05",3.02
"KIRREL3",1.6641,2.1608,6.81106717567885,"1.836e-05","6.110e-05",3.01
"NOTCH1",0.6257,5.3985,7.04635329009009,"1.316e-05","4.663e-05",3.01
"KLHDC8A",-2.2078,1.0919,-6.65073452564477,"2.312e-05","7.409e-05",3.01
"HMGXB3",0.5356,5.3932,7.05003265689389,"1.309e-05","4.643e-05",3.01
"DAGLA",-0.7871,5.1012,-7.05632804330155,"1.298e-05","4.616e-05",3
"MKKS",-0.4261,6.1555,-7.05580542744937,"1.299e-05","4.617e-05",3
"TEX10",0.3474,8.1901,7.09908953336867,"1.223e-05","4.397e-05",3
"HPS6",0.7768,6.3528,7.07310135339765,"1.268e-05","4.528e-05",3
"ALDOB",-2.4325,8.6141,-7.20718088084724,"1.053e-05","3.897e-05",3
"MAN2A1",-0.9089,5.3445,-7.05199102617184,"1.306e-05","4.636e-05",2.99
"CFAP65",-1.9477,1.3703,-6.72981566063392,"2.063e-05","6.727e-05",2.99
"MTCH1",0.6599,4.3106,7.03211030795495,"1.343e-05","4.749e-05",2.99
"EIF2AK1",0.458,6.5795,7.07107453476222,"1.271e-05","4.539e-05",2.98
"ABCB9",-0.601,4.9607,-7.05206710875343,"1.306e-05","4.636e-05",2.98
"NEU2",-2.4021,1.3712,-6.63249701625589,"2.374e-05","7.582e-05",2.98
"SETD7",0.6414,7.0694,7.06298502299662,"1.286e-05","4.582e-05",2.98
"GALC",-1.0095,5.8071,-7.07058445354203,"1.272e-05","4.540e-05",2.98
"FAM221A",0.855,3.3798,6.96452807959544,"1.476e-05","5.131e-05",2.98
"GCNT4",-0.7137,3.0688,-6.85947036650645,"1.713e-05","5.782e-05",2.97
"GOLM1",-0.6357,5.2741,-7.05912043667525,"1.293e-05","4.601e-05",2.97
"ZDHHC12",0.5947,5.6281,7.05296506897924,"1.304e-05","4.633e-05",2.97
"ASTN1",0.7456,2.6935,6.97839239509988,"1.448e-05","5.042e-05",2.97
"TEX264",-0.5863,6.2637,-7.11052352377393,"1.203e-05","4.341e-05",2.96
"NUDT19",1.1836,4.3887,7.0159606215782,"1.373e-05","4.835e-05",2.96
"DOCK1",-1.0485,7.2604,-7.06422489133185,"1.284e-05","4.576e-05",2.96
"GRTP1",0.885,4.5896,7.02049845314122,"1.365e-05","4.812e-05",2.95
"DPAGT1",-0.7749,5.6092,-7.01965018019685,"1.366e-05","4.814e-05",2.95
"MTPAP",0.3787,8.0463,7.0980391040445,"1.225e-05","4.401e-05",2.95
"SULT1C3",-1.851,7.8626,-7.15430791275713,"1.132e-05","4.120e-05",2.95
"MTSS1",-1.9876,7.5274,-7.08553259452321,"1.246e-05","4.463e-05",2.94
"FXR1",0.9079,7.2541,7.00316936763471,"1.398e-05","4.912e-05",2.94
"FABP2",-2.6588,3.1763,-6.6804334771048,"2.215e-05","7.151e-05",2.94
"AIG1",-0.6791,5.067,-7.02533537811501,"1.355e-05","4.788e-05",2.94
"AMN1",-1.4276,1.643,-6.61942672642095,"2.420e-05","7.696e-05",2.93
"FYTTD1",0.4512,7.2509,7.01887765463158,"1.368e-05","4.817e-05",2.93
"DHRS4",-0.6911,7.0062,-7.07336081846222,"1.267e-05","4.528e-05",2.93
"SLC30A1",-1.1293,7.0407,-7.07595081133771,"1.263e-05","4.516e-05",2.93
"SLC4A5",-1.2795,1.5483,-6.65619828519227,"2.294e-05","7.367e-05",2.93
"HENMT1",0.6337,3.2931,6.91295283055702,"1.588e-05","5.440e-05",2.93
"ATF6",0.5964,7.3538,7.05130598176216,"1.307e-05","4.638e-05",2.93
"COQ7",-0.5714,5.9384,-7.02247537279565,"1.361e-05","4.803e-05",2.92
"SBDS",0.3965,7.3739,7.03954239015547,"1.329e-05","4.705e-05",2.92
"TBXAS1",-1.8769,5.6191,-7.03137337049811,"1.344e-05","4.751e-05",2.92
"OLAH",-3.6109,1.3451,-6.62842350137593,"2.389e-05","7.618e-05",2.92
"gga-mir-6599",-0.6775,1.2854,-6.77499370542408,"1.933e-05","6.371e-05",2.91
"PDLIM7",0.6822,3.5883,6.95972698840998,"1.486e-05","5.159e-05",2.91
"ATG14",0.8652,5.0348,7.00112106046793,"1.402e-05","4.920e-05",2.91
"FANCL",-0.6122,6.5608,-7.01515005486453,"1.375e-05","4.838e-05",2.91
"TK1",0.7734,7.9112,6.984620190652,"1.435e-05","5.011e-05",2.91
"NPM3",0.6241,8.4943,7.05956950071654,"1.292e-05","4.601e-05",2.9
"CDH13",4.141,1.0581,6.57178841672316,"2.594e-05","8.159e-05",2.9
"ELOVL7",-0.4871,5.8793,-7.00775563562447,"1.389e-05","4.883e-05",2.9
"PECR",-0.3956,6.2134,-7.0208403984033,"1.364e-05","4.812e-05",2.9
"SF3A1",0.3707,7.3937,6.99853288975937,"1.407e-05","4.936e-05",2.88
"RFXAP",0.704,6.959,7.01998301996073,"1.366e-05","4.814e-05",2.88
"MYO18A",-0.579,7.4487,-7.00850541134791,"1.388e-05","4.880e-05",2.88
"LMO2",1.2441,2.3979,6.74502163735206,"2.018e-05","6.602e-05",2.88
"NPL",-2.006,1.8254,-6.61142937299073,"2.448e-05","7.771e-05",2.87
"TP53I11",1.5127,2.8736,6.77825503314698,"1.924e-05","6.343e-05",2.87
"AKAIN1",2.0148,1.0994,6.58381516835343,"2.549e-05","8.032e-05",2.86
"ENTPD2",1.5761,2.6326,6.72573283040546,"2.075e-05","6.756e-05",2.86
"NSFL1C",0.4578,7.4605,6.99797378726008,"1.408e-05","4.938e-05",2.86
"ACP2",0.4803,6.7538,6.98649499426805,"1.431e-05","5.001e-05",2.86
"MRPL41",0.4779,5.8052,6.96332452588355,"1.479e-05","5.138e-05",2.85
"MCF2L",-0.6815,3.8835,-6.92182059525654,"1.568e-05","5.377e-05",2.85
"KBTBD2",0.7916,7.3162,6.97922586113494,"1.446e-05","5.038e-05",2.85
"LRRC8D",0.4792,7.103,6.99363011779456,"1.417e-05","4.964e-05",2.85
"PDLIM3",-3.453,3.8985,-6.72063346092598,"2.090e-05","6.801e-05",2.85
"SLC2A8",-0.538,5.0147,-6.95709179975336,"1.492e-05","5.174e-05",2.85
"ATG101",0.6728,6.7993,6.9903483922647,"1.424e-05","4.979e-05",2.85
"TRAF7",-0.7065,6.7812,-6.97923690063168,"1.446e-05","5.038e-05",2.85
"HIP1",0.6016,5.0252,6.94851998027008,"1.510e-05","5.225e-05",2.85
"TMEM131",-0.5915,6.7545,-6.95741282744479,"1.491e-05","5.174e-05",2.85
"KLHDC10",0.6681,5.965,6.9615663303918,"1.483e-05","5.148e-05",2.84
"LGALS8",-1.625,6.0986,-6.96970678342616,"1.466e-05","5.098e-05",2.84
"TRNT1",0.6334,4.644,6.92708914032748,"1.557e-05","5.356e-05",2.84
"ERCC6",0.6118,5.1648,6.92667275359135,"1.557e-05","5.356e-05",2.84
"PRKD3",0.453,5.5557,6.9255682855474,"1.560e-05","5.359e-05",2.83
"SNAI1",-1.4667,4.8063,-6.94185523806827,"1.524e-05","5.267e-05",2.83
"MCPH1",0.4481,4.8877,6.93025790050289,"1.550e-05","5.341e-05",2.83
"NAT10",0.4856,7.0276,6.94139801315165,"1.525e-05","5.269e-05",2.83
"KCNT2",-0.7183,4.3111,-6.92221221156513,"1.567e-05","5.377e-05",2.83
"CTTNBP2",1.1084,2.9388,6.75977764396864,"1.976e-05","6.483e-05",2.83
"NVL",0.353,5.8414,6.92662769835583,"1.558e-05","5.356e-05",2.82
"IFT46",-1.238,3.9669,-6.8351401283896,"1.774e-05","5.946e-05",2.82
"CTBS",-0.4861,5.7424,-6.98364408437336,"1.437e-05","5.013e-05",2.82
"ZBTB26",0.9032,5.6854,6.93152745537112,"1.547e-05","5.336e-05",2.82
"SORL1",-1.1901,5.7344,-6.928412556546,"1.554e-05","5.351e-05",2.82
"NDC80",-0.7578,7.1044,-6.9218771049338,"1.568e-05","5.377e-05",2.82
"PCCB",-0.5671,7.0442,-6.98386504486243,"1.437e-05","5.013e-05",2.82
"ZFAND2A",0.692,7.6728,7.00231976000358,"1.400e-05","4.916e-05",2.82
"ADGRD1",-2.4311,2.0005,-6.59076224187941,"2.523e-05","7.966e-05",2.81
"GDPD1",-1.5895,7.3719,-7.04801684534457,"1.313e-05","4.654e-05",2.81
"ZNF777",0.7479,6.0603,6.94841057405783,"1.510e-05","5.225e-05",2.81
"OSGEPL1",-0.425,4.2165,-6.91248024568452,"1.589e-05","5.442e-05",2.81
"FAM213A",-0.618,6.4742,-6.93565603869414,"1.538e-05","5.309e-05",2.81
"TSPAN9",-0.836,4.4792,-6.89088524531853,"1.638e-05","5.572e-05",2.8
"FBXL18",0.8812,5.6127,6.92616696906699,"1.559e-05","5.357e-05",2.8
"LLPH",0.6483,6.2517,6.89112399677871,"1.638e-05","5.572e-05",2.79
"ZC3H7B",-0.8413,6.9259,-6.95025080151478,"1.506e-05","5.220e-05",2.79
"EHF",-4.5791,4.742,-6.7396797174047,"2.034e-05","6.640e-05",2.79
"RLF",0.5378,5.6749,6.89569605247124,"1.627e-05","5.552e-05",2.78
"KCNC2",3.1155,0.3089,6.46480625373338,"3.035e-05","9.293e-05",2.78
"TMBIM1",-0.8658,7.3813,-6.99023516889691,"1.424e-05","4.979e-05",2.78
"GSAP",-1.0705,4.6242,-6.89596716797984,"1.627e-05","5.552e-05",2.77
"PRRG4",1.3057,3.4367,6.83217798557817,"1.781e-05","5.968e-05",2.77
"PCYT2",-1.6095,6.2786,-6.94918467049836,"1.509e-05","5.225e-05",2.77
"ADAT1",0.9881,4.9738,6.8954191596995,"1.628e-05","5.552e-05",2.77
"LONP2",-1.0589,7.4865,-6.9487884945214,"1.510e-05","5.225e-05",2.76
"CNNM2",-0.7568,5.891,-6.89912279320729,"1.619e-05","5.534e-05",2.75
"BAALC",5.2786,1.9944,6.47834836873948,"2.975e-05","9.139e-05",2.75
"ARL4A",-1.1365,8.2508,-7.01419202378515,"1.377e-05","4.843e-05",2.75
"CENPX",-0.7547,7.7743,-6.99122725756085,"1.422e-05","4.979e-05",2.75
"MCTP2",0.8767,3.8434,6.86452402627865,"1.701e-05","5.752e-05",2.75
"ESRRG",-0.6483,5.1223,-6.88784854914182,"1.646e-05","5.592e-05",2.74
"FTSJ3",0.5551,8.524,6.91760281740325,"1.578e-05","5.407e-05",2.74
"IWS1",0.5191,7.626,6.89766400742846,"1.623e-05","5.544e-05",2.74
"ABHD17A",0.7472,7.5865,6.92967272880743,"1.551e-05","5.343e-05",2.74
"SYNGR2",0.5149,8.7621,6.99084612465552,"1.423e-05","4.979e-05",2.73
"PSEN2",-0.547,6.5007,-6.8967366848729,"1.625e-05","5.549e-05",2.73
"PRRG3",0.7429,2.7534,6.80049012554775,"1.864e-05","6.183e-05",2.73
"TTC39B",0.9376,3.9629,6.84639872619931,"1.745e-05","5.865e-05",2.73
"CTHRC1",2.0479,1.6249,6.4981762299139,"2.890e-05","8.906e-05",2.73
"MSH4",-0.4921,5.6214,-6.85973748169618,"1.713e-05","5.782e-05",2.72
"C8B",-2.8497,1.68,-6.46826291727676,"3.020e-05","9.259e-05",2.72
"ST6GALNAC2",-1.0564,2.9987,-6.63598314742786,"2.362e-05","7.549e-05",2.72
"TKFC",-0.7672,6.7762,-6.91038786283594,"1.594e-05","5.453e-05",2.72
"TRMT44",0.6789,5.1948,6.86556888324132,"1.698e-05","5.746e-05",2.72
"PWWP2A",0.8215,5.7796,6.88297259246366,"1.657e-05","5.628e-05",2.71
"SPTSSA",-0.6898,7.9325,-6.97478159824892,"1.455e-05","5.064e-05",2.71
"GYPC",-2.1675,3.029,-6.63128678704749,"2.379e-05","7.592e-05",2.71
"TMEM181",-0.4165,5.999,-6.86178580728402,"1.708e-05","5.770e-05",2.71
"F2R",1.2344,2.1479,6.61938154617508,"2.420e-05","7.696e-05",2.7
"HMX3",1.335,4.2528,6.80046977491585,"1.864e-05","6.183e-05",2.7
"PPFIBP2",-0.5894,4.4584,-6.84008726144009,"1.761e-05","5.911e-05",2.7
"CALML4",-0.5761,7.1673,-6.92384951523836,"1.564e-05","5.368e-05",2.7
"PCCA",-0.8531,6.3633,-6.87893369225892,"1.666e-05","5.658e-05",2.7
"NSDHL",-0.7899,6.6145,-6.89117361181249,"1.638e-05","5.572e-05",2.7
"EIF4ENIF1",0.6457,6.4759,6.8579136061187,"1.717e-05","5.790e-05",2.7
"PICK1",0.4599,6.2815,6.85888000829147,"1.715e-05","5.785e-05",2.7
"PHF11",0.576,4.6737,6.84026265776698,"1.761e-05","5.911e-05",2.7
"SMYD2",0.4849,5.2657,6.84734084087662,"1.743e-05","5.859e-05",2.69
"ZBTB46",0.5295,5.734,6.8569802057566,"1.719e-05","5.796e-05",2.69
"NUB1",-0.5066,6.7966,-6.88973844022342,"1.641e-05","5.579e-05",2.69
"PPIL3",1.0295,4.919,6.85014548016863,"1.736e-05","5.848e-05",2.69
"SRPK2",0.7161,5.8958,6.86390940466823,"1.702e-05","5.755e-05",2.68
"NSUN6",0.6995,4.2481,6.82886420984503,"1.790e-05","5.994e-05",2.68
"RBM14",0.5111,6.3912,6.84564677016521,"1.747e-05","5.869e-05",2.68
"FAM126A",-0.4831,6.5579,-6.83833569424644,"1.766e-05","5.921e-05",2.68
"GLB1",-0.7893,6.5161,-6.87533235170892,"1.675e-05","5.685e-05",2.68
"INSIG1",-1.5781,8.7706,-6.98029248132711,"1.444e-05","5.035e-05",2.68
"CEP41",0.5634,4.7106,6.82633115477367,"1.796e-05","6.009e-05",2.68
"CROT",-1.6462,7.6518,-6.93082401273822,"1.548e-05","5.339e-05",2.67
"NHSL1",-0.6153,4.4305,-6.82514991381491,"1.799e-05","6.014e-05",2.67
"TMEM266",0.5066,3.8812,6.81780846339444,"1.818e-05","6.063e-05",2.67
"GINM1",-1.3735,6.9799,-6.90769339946563,"1.600e-05","5.472e-05",2.67
"LRRC28",0.4461,5.4937,6.81815965042161,"1.817e-05","6.063e-05",2.67
"PLPP5",0.7909,6.664,6.91219692943155,"1.590e-05","5.442e-05",2.66
"LRP11",0.5137,5.9292,6.8690849771192,"1.690e-05","5.729e-05",2.66
"CDH15",-0.8284,3.4028,-6.797270223083,"1.872e-05","6.209e-05",2.65
"MMP11",1.4797,0.8262,6.39379939460101,"3.372e-05","1.017e-04",2.65
"gga-mir-221",-2.6904,1.1835,-6.40206766944647,"3.330e-05","1.007e-04",2.65
"FAM3C",-0.4055,6.8666,-6.86832804085973,"1.692e-05","5.733e-05",2.65
"ACVR1",-0.7227,7.7688,-6.89511920895873,"1.629e-05","5.552e-05",2.65
"TECPR2",0.4112,5.0528,6.81097760124043,"1.836e-05","6.110e-05",2.65
"CXCL14",-2.1108,3.1869,-6.53018345377516,"2.757e-05","8.566e-05",2.64
"PAH",-3.0821,7.0093,-6.86589680047347,"1.698e-05","5.746e-05",2.64
"HPS3",-0.8104,5.077,-6.81108240275966,"1.836e-05","6.110e-05",2.63
"WBP2",-0.6351,4.7669,-6.80508425578238,"1.851e-05","6.157e-05",2.63
"PHTF1",0.8551,6.2387,6.81045539678726,"1.837e-05","6.113e-05",2.63
"TNFAIP8L1",-0.6544,4.9014,-6.8039460097517,"1.854e-05","6.165e-05",2.63
"HMG20A",-0.6208,6.3595,-6.81850879466349,"1.816e-05","6.063e-05",2.62
"PIGT",0.491,6.3756,6.81451722607736,"1.827e-05","6.087e-05",2.62
"RCC1",0.4865,7.2661,6.82730854334068,"1.794e-05","6.003e-05",2.62
"NKX2-8",3.1227,2.1435,6.38656966894287,"3.408e-05","1.027e-04",2.62
"ZNHIT3",0.4883,6.6936,6.82541088677463,"1.798e-05","6.014e-05",2.62
"IFNAR1",0.4803,6.0294,6.80276463868505,"1.858e-05","6.171e-05",2.61
"UBL3",-0.8376,7.1755,-6.82747091666098,"1.793e-05","6.003e-05",2.61
"DEDD",0.769,7.7449,6.84784308889057,"1.742e-05","5.858e-05",2.61
"FBXW11",0.4811,6.918,6.79184829102964,"1.887e-05","6.255e-05",2.61
"TRUB1",-0.4305,5.6498,-6.78731667254867,"1.899e-05","6.284e-05",2.6
"SMAD3",-1.7573,7.0824,-6.84902010586106,"1.739e-05","5.851e-05",2.6
"DPYS",-2.1781,8.6368,-6.86681278696437,"1.695e-05","5.743e-05",2.6
"ATG4A",0.6749,5.235,6.78123267111048,"1.916e-05","6.329e-05",2.6
"ACSL5",-3.8488,7.2375,-6.85614610832644,"1.721e-05","5.800e-05",2.6
"ARPP21",1.3481,3.3341,6.7001732668843,"2.153e-05","6.983e-05",2.6
"SNORD97",-0.7949,3.0516,-6.52085598269721,"2.795e-05","8.667e-05",2.6
"ANKRD13D",0.6113,5.1162,6.78592983069386,"1.903e-05","6.291e-05",2.59
"OTUD7B",-0.4444,6.004,-6.78060871736562,"1.917e-05","6.329e-05",2.59
"RCC1L",0.6557,6.1808,6.78865199099771,"1.896e-05","6.274e-05",2.59
"ALG5",-0.5343,6.0743,-6.80254594416938,"1.858e-05","6.171e-05",2.59
"FAM206A",0.5696,6.1016,6.79076521272774,"1.890e-05","6.263e-05",2.59
"SNX4",-0.5575,6.3714,-6.81814562216514,"1.817e-05","6.063e-05",2.59
"DDX17",-0.547,8.2951,-6.89427052443339,"1.631e-05","5.557e-05",2.59
"DCPS",0.5928,6.6811,6.82150452310979,"1.809e-05","6.043e-05",2.59
"ST3GAL2",1.0583,6.3231,6.7868380875307,"1.900e-05","6.285e-05",2.58
"ZFHX3",-0.8246,5.8807,-6.75464969295298,"1.990e-05","6.525e-05",2.58
"MBIP",0.7559,5.8376,6.77990155396359,"1.919e-05","6.331e-05",2.58
"SNUPN",0.6606,5.3637,6.77052170954655,"1.945e-05","6.402e-05",2.58
"HNRNPA3",-0.5807,8.8307,-6.84889376344017,"1.739e-05","5.851e-05",2.58
"PRR5",-0.7126,6.086,-6.78869465574419,"1.895e-05","6.274e-05",2.57
"MAD2L1",0.6525,5.371,6.74715570512687,"2.012e-05","6.584e-05",2.57
"GABRP",-1.7415,1.3485,-6.40613645069233,"3.310e-05","1.002e-04",2.57
"PAG1",-0.9539,3.8964,-6.70255877218596,"2.145e-05","6.961e-05",2.56
"RBM19",0.6096,6.9006,6.78040460959431,"1.918e-05","6.329e-05",2.56
"E2F7",1.0819,5.7047,6.75447029442241,"1.991e-05","6.525e-05",2.56
"PAXBP1",0.6602,6.5753,6.76527594934207,"1.960e-05","6.445e-05",2.56
"AFDN",-0.7795,6.5274,-6.76604488071046,"1.958e-05","6.440e-05",2.56
"KBTBD11",1.2612,3.1449,6.66346583285568,"2.270e-05","7.296e-05",2.56
"STON2",-0.7275,5.2158,-6.77238846562604,"1.940e-05","6.389e-05",2.56
"CAPN2",0.6989,3.5512,6.67090872166203,"2.246e-05","7.226e-05",2.55
"TBK1",0.673,5.6321,6.74868109134615,"2.007e-05","6.572e-05",2.55
"SLC25A36",0.8938,6.6401,6.75995182002501,"1.975e-05","6.483e-05",2.55
"PRPS2",-3.0964,7.4621,-6.82120639450466,"1.809e-05","6.043e-05",2.54
"CCNJL",1.5853,2.6931,6.62587483182762,"2.397e-05","7.641e-05",2.54
"ITIH2",-2.1151,8.7011,-6.87140031465283,"1.684e-05","5.712e-05",2.54
"DACH2",-1.0564,6.1243,-6.7833749157601,"1.910e-05","6.312e-05",2.54
"MARCKSL1",3.2469,5.149,6.7158746168537,"2.104e-05","6.837e-05",2.53
"CNOT6",-1.7324,8.2736,-6.86068727045216,"1.710e-05","5.777e-05",2.53
"USPL1",0.7275,5.9999,6.71815854636836,"2.098e-05","6.822e-05",2.53
"FAM78B",0.8515,5.1155,6.75163233533477,"1.999e-05","6.549e-05",2.53
"FAM118B",0.7109,4.1511,6.72493865959077,"2.077e-05","6.761e-05",2.53
"PNRC1",-1.1198,8.341,-6.89302168993431,"1.633e-05","5.564e-05",2.52
"SP3",0.4757,5.6805,6.72781699592393,"2.069e-05","6.741e-05",2.52
"GSTZ1",-1.0947,3.9555,-6.61588564339731,"2.432e-05","7.726e-05",2.52
"SIRT1",-0.3955,6.767,-6.76013969846409,"1.975e-05","6.483e-05",2.51
"AMN",-2.4462,4.9513,-6.68519667442949,"2.200e-05","7.111e-05",2.5
"TTC9",1.0459,3.9041,6.60739035652854,"2.463e-05","7.802e-05",2.5
"ZCRB1",0.535,5.8084,6.72873574671483,"2.066e-05","6.735e-05",2.49
"TBC1D14",-0.5421,5.9137,-6.72675937759372,"2.072e-05","6.749e-05",2.49
"PRCP",0.495,6.1766,6.74109685978946,"2.029e-05","6.630e-05",2.48
"AGA",-0.6949,6.5271,-6.73745003288912,"2.040e-05","6.658e-05",2.47
"ABCD4",-0.7374,6.6161,-6.74096699973113,"2.030e-05","6.630e-05",2.47
"RETSAT",-1.0127,6.9825,-6.74199965658066,"2.027e-05","6.625e-05",2.47
"PPP4R2",0.4154,7.4484,6.74312604776731,"2.023e-05","6.617e-05",2.47
"LEPROT",-1.1488,7.4075,-6.74869435378583,"2.007e-05","6.572e-05",2.46
"JAZF1",-0.8679,5.1069,-6.69087974053309,"2.182e-05","7.058e-05",2.46
"LARP1B",0.5585,5.4353,6.69593940442595,"2.166e-05","7.020e-05",2.46
"YTHDF3",0.398,7.4547,6.69419948521816,"2.171e-05","7.030e-05",2.46
"TMEM259",0.3963,8.3868,6.77308886609322,"1.938e-05","6.385e-05",2.45
"SLC18A2",-1.0222,1.388,-6.31871723499203,"3.771e-05","1.116e-04",2.45
"EFCAB5",0.7577,4.0224,6.67089691404472,"2.246e-05","7.226e-05",2.45
"FAM76A",-0.8798,5.7225,-6.70377670641716,"2.142e-05","6.952e-05",2.45
"RPL21",-0.4069,9.7468,-6.81514367716331,"1.825e-05","6.084e-05",2.44
"UBAP1",0.7072,4.9823,6.68291393984432,"2.207e-05","7.131e-05",2.43
"EYA2",-0.396,4.9188,-6.67229397727365,"2.241e-05","7.220e-05",2.43
"PPP3R1",0.5911,7.362,6.71716216143036,"2.101e-05","6.829e-05",2.43
"ARIH1",0.3326,6.9966,6.69827687510558,"2.159e-05","6.999e-05",2.43
"PROCR",0.8037,1.7137,6.39643899726404,"3.358e-05","1.014e-04",2.43
"AIFM3",-1.4213,3.3178,-6.51919375517737,"2.802e-05","8.675e-05",2.43
"SLC25A44",0.8277,6.3636,6.69086922371174,"2.182e-05","7.058e-05",2.43
"FASTKD3",0.6498,5.9353,6.67204793237102,"2.242e-05","7.220e-05",2.41
"FTCD",-1.8788,1.9739,-6.26046027579695,"4.115e-05","1.198e-04",2.41
"PSPH",-1.8765,5.558,-6.6762374725554,"2.228e-05","7.184e-05",2.4
"BMS1",0.4198,7.4715,6.64782399395176,"2.322e-05","7.435e-05",2.4
"SH3GL2",1.1478,2.9257,6.47991593271746,"2.968e-05","9.122e-05",2.4
"FBLIM1",1.1999,2.2219,6.43922883509484,"3.152e-05","9.598e-05",2.4
"ARFGAP3",0.4826,7.1327,6.68018543093342,"2.216e-05","7.151e-05",2.4
"PPP4R1",0.7624,8.0818,6.69561748523526,"2.167e-05","7.021e-05",2.4
"GALNT2",-0.4298,5.7923,-6.65268644813835,"2.306e-05","7.397e-05",2.39
"OGT",-0.3922,7.7638,-6.66502907200626,"2.265e-05","7.282e-05",2.39
"CDC7",0.4777,6.8156,6.65008236596934,"2.315e-05","7.413e-05",2.39
"MOB1A",0.5348,7.2384,6.73060794148073,"2.060e-05","6.722e-05",2.39
"GALNT10",0.5037,3.8501,6.59016692099707,"2.525e-05","7.967e-05",2.39
"SLC18A1",0.4116,5.1348,6.63990394948151,"2.349e-05","7.509e-05",2.39
"APBA2",0.8176,2.2309,6.46733151771122,"3.024e-05","9.265e-05",2.38
"PFKFB4",-0.5264,4.7657,-6.62842388835087,"2.389e-05","7.618e-05",2.38
"KIF27",1.3584,2.7272,6.53304342552319,"2.745e-05","8.546e-05",2.38
"REXO4",0.7845,6.6024,6.67759283250921,"2.224e-05","7.176e-05",2.38
"F7",-3.6052,2.1298,-6.24887397103623,"4.187e-05","1.215e-04",2.38
"GKAP1",-0.7114,5.0929,-6.65134699534472,"2.310e-05","7.407e-05",2.38
"NCBP3",0.4391,6.0589,6.64565482316813,"2.329e-05","7.455e-05",2.38
"EXOSC1",0.8603,4.8076,6.64442414442995,"2.334e-05","7.466e-05",2.38
"POP4",0.7946,5.5968,6.65121478757927,"2.311e-05","7.407e-05",2.38
"LAMP2",-0.7549,7.0704,-6.68958865445248,"2.186e-05","7.068e-05",2.37
"C3",-0.7873,9.9816,-6.78907410133211,"1.894e-05","6.274e-05",2.37
"TSN",0.4559,7.8565,6.67516765381463,"2.232e-05","7.193e-05",2.37
"UAP1L1",-0.8013,5.9027,-6.69470147267307,"2.170e-05","7.027e-05",2.37
"MBTPS1",-0.3523,6.9187,-6.64203194377174,"2.342e-05","7.489e-05",2.37
"PIGK",-0.7056,6.527,-6.6803267401932,"2.215e-05","7.151e-05",2.37
"ISM1",-1.8486,2.3453,-6.35403211870396,"3.577e-05","1.068e-04",2.36
"TRIAP1",0.4005,7.4425,6.65989580196907,"2.282e-05","7.331e-05",2.36
"ABR",-1.003,6.2027,-6.65514136556548,"2.298e-05","7.373e-05",2.35
"MINA",0.4594,6.028,6.62145283698872,"2.413e-05","7.684e-05",2.35
"CCDC117",1.0237,4.4271,6.60937832360478,"2.456e-05","7.784e-05",2.35
"PLCL2",0.4487,5.1064,6.6063905494845,"2.466e-05","7.810e-05",2.34
"IGF2BP3",-0.4109,7.0717,-6.59786141254617,"2.497e-05","7.893e-05",2.34
"TPCN1",-0.434,4.898,-6.61779629107125,"2.426e-05","7.711e-05",2.33
"CNOT2",0.3461,6.9921,6.62687328058643,"2.394e-05","7.633e-05",2.33
"CYB561A3",0.7131,4.0584,6.57279879550208,"2.590e-05","8.150e-05",2.33
"DEGS1",0.3689,6.7152,6.65539777810282,"2.297e-05","7.373e-05",2.33
"LIN54",0.4786,4.7974,6.59758618396207,"2.498e-05","7.893e-05",2.33
"SPPL2A",-0.8462,8.4866,-6.67643925033691,"2.228e-05","7.184e-05",2.33
"DVL3",0.4294,6.6824,6.60918924071316,"2.456e-05","7.784e-05",2.32
"MBTPS2",-0.6714,3.7786,-6.53182445384699,"2.750e-05","8.558e-05",2.32
"ANAPC2",0.4325,6.0439,6.60998231696476,"2.453e-05","7.781e-05",2.32
"DRD4",-1.3646,2.3486,-6.34426264245758,"3.629e-05","1.081e-04",2.32
"CASP6",-0.4589,5.7814,-6.62073333540788,"2.415e-05","7.689e-05",2.32
"SATB1",1.9481,1.7977,6.26185575801152,"4.106e-05","1.196e-04",2.32
"PANX2",0.5532,3.9238,6.58056859474023,"2.561e-05","8.064e-05",2.31
"DHCR7",-1.3625,6.8475,-6.61956838352145,"2.419e-05","7.696e-05",2.31
"FOSL2",1.0583,5.2855,6.60412116237754,"2.474e-05","7.833e-05",2.3
"NCOA5",0.5876,6.3438,6.58766731537519,"2.535e-05","7.993e-05",2.3
"PTS",-0.6325,5.4621,-6.62281336972927,"2.408e-05","7.672e-05",2.3
"LRCH1",0.7729,3.507,6.53580732334856,"2.734e-05","8.519e-05",2.3
"ARHGEF11",-0.6285,7.8269,-6.63337421222653,"2.371e-05","7.575e-05",2.3
"CNOT6L",-0.7499,5.574,-6.61503441701674,"2.435e-05","7.733e-05",2.29
"PLAGL2",1.0506,5.6597,6.58351507330194,"2.550e-05","8.033e-05",2.29
"CARHSP1",1.745,3.1763,6.37497531921197,"3.467e-05","1.042e-04",2.28
"FUNDC1",0.3867,5.3837,6.56896566001676,"2.605e-05","8.187e-05",2.28
"DR1",0.5563,6.0283,6.56134774821288,"2.634e-05","8.260e-05",2.28
"SCMH1",0.5672,4.8699,6.57327422355556,"2.588e-05","8.148e-05",2.28
"JDP2",1.0948,6.4308,6.61634457903761,"2.431e-05","7.724e-05",2.27
"MAP3K8",1.1315,2.5833,6.35387590968544,"3.578e-05","1.068e-04",2.27
"TUBB3",1.762,0.8754,6.17775845543994,"4.662e-05","1.329e-04",2.27
"TMEM51",-1.7758,2.5233,-6.20165083822541,"4.496e-05","1.290e-04",2.27
"ALDH8A1",-4.6992,4.859,-6.41782222387301,"3.253e-05","9.861e-05",2.27
"OAF",-1.6276,8.3509,-6.71042177668206,"2.121e-05","6.888e-05",2.26
"FBXO18",-0.5716,5.2972,-6.56835925687948,"2.607e-05","8.191e-05",2.26
"GHRL",1.6385,0.9171,6.1764748586354,"4.671e-05","1.331e-04",2.26
"ADNP2",1.0144,6.9334,6.59157401414886,"2.520e-05","7.960e-05",2.26
"WWC1",0.4201,6.7854,6.5903558557702,"2.525e-05","7.967e-05",2.26
"POLDIP3",0.3534,7.1651,6.59891565182059,"2.493e-05","7.884e-05",2.25
"NBAS",-0.7108,5.117,-6.54577019621262,"2.695e-05","8.428e-05",2.25
"FAAP100",0.6505,5.8607,6.56798435277329,"2.608e-05","8.192e-05",2.25
"FAM175A",0.5553,4.9034,6.5434280758771,"2.704e-05","8.445e-05",2.25
"MPL",-1.217,2.9222,-6.42252088793446,"3.231e-05","9.811e-05",2.25
"PCDH15",-2.0191,1.7273,-6.28519208994358,"3.965e-05","1.163e-04",2.25
"KLHL26",1.1874,2.4343,6.37952342510662,"3.444e-05","1.036e-04",2.25
"KMO",-2.4607,4.1777,-6.36045291656965,"3.543e-05","1.061e-04",2.25
"SERTM1",-0.8615,4.9867,-6.5521772462977,"2.669e-05","8.359e-05",2.24
"KIF23",-0.4498,6.8808,-6.55381170636373,"2.663e-05","8.342e-05",2.24
"ANPEP",-1.3736,7.3336,-6.61039956912699,"2.452e-05","7.779e-05",2.24
"ARID5A",1.607,4.5535,6.53938700903203,"2.720e-05","8.482e-05",2.24
"DTX2",0.5086,5.6003,6.55385316250154,"2.663e-05","8.342e-05",2.24
"MYO1A",-0.7903,3.9602,-6.37601010546022,"3.462e-05","1.041e-04",2.23
"TMEM56",-0.4736,5.587,-6.53758417985332,"2.727e-05","8.502e-05",2.23
"FEM1A",0.529,6.6542,6.56448681294651,"2.622e-05","8.231e-05",2.23
"DNER",1.8217,1.7541,6.23340608920012,"4.286e-05","1.241e-04",2.23
"RNF146",0.5294,5.3972,6.54400290841782,"2.702e-05","8.441e-05",2.22
"IPO13",-0.3953,5.5391,-6.54870694484618,"2.683e-05","8.395e-05",2.22
"IDE",-0.7295,6.1353,-6.54432079820322,"2.700e-05","8.440e-05",2.22
"CTTNBP2NL",0.4356,5.0715,6.53051119541043,"2.756e-05","8.566e-05",2.22
"NANS",0.3962,5.8329,6.54973554074154,"2.679e-05","8.386e-05",2.22
"SLC17A9",0.5193,5.6358,6.53567488960797,"2.735e-05","8.519e-05",2.21
"DALRD3",0.7676,5.0673,6.54274616527732,"2.707e-05","8.447e-05",2.21
"CNTRL",-0.7251,5.1967,-6.51662872080707,"2.812e-05","8.699e-05",2.21
"MSI2",0.3564,5.8032,6.53099651465954,"2.754e-05","8.565e-05",2.21
"LTA4H",-0.7871,7.49,-6.54079134503428,"2.714e-05","8.468e-05",2.21
"NAGA",-0.8767,6.9674,-6.59980441553569,"2.490e-05","7.877e-05",2.2
"SPATA6",-0.9086,3.816,-6.43929121024975,"3.152e-05","9.598e-05",2.2
"TMTC4",-0.8121,5.0855,-6.5304513328134,"2.756e-05","8.566e-05",2.2
"LMOD1",2.2129,1.1378,6.14506401234569,"4.899e-05","1.387e-04",2.19
"RPS19BP1",0.796,6.967,6.5576456217055,"2.648e-05","8.302e-05",2.19
"GLDC",0.4947,4.0409,6.5019343696099,"2.874e-05","8.866e-05",2.19
"UTP11",0.5232,7.5926,6.58416561737661,"2.548e-05","8.031e-05",2.19
"BROX",-0.6091,5.458,-6.51948153445207,"2.801e-05","8.675e-05",2.18
"VPS13D",-1.0112,6.8967,-6.5141697272327,"2.822e-05","8.728e-05",2.18
"GTPBP10",0.3427,7.0025,6.52736999596358,"2.768e-05","8.598e-05",2.18
"MTTPL",-2.4877,0.4744,-6.04161606173244,"5.736e-05","1.582e-04",2.17
"CDKL2",1.0185,2.3145,6.26600668404987,"4.081e-05","1.192e-04",2.17
"CEP55",0.6094,4.4657,6.49496345966138,"2.903e-05","8.941e-05",2.17
"PPM1G",0.5277,6.8264,6.50801117099818,"2.848e-05","8.797e-05",2.17
"MCAT",0.527,5.8692,6.54454046893379,"2.699e-05","8.440e-05",2.17
"SETDB1",0.4583,6.9289,6.50548738621154,"2.859e-05","8.827e-05",2.17
"SKP2",0.3407,6.8848,6.5253958563851,"2.776e-05","8.620e-05",2.17
"PPIP5K1",0.425,4.5383,6.48661579529306,"2.939e-05","9.045e-05",2.17
"APLF",0.643,4.1885,6.4857995057384,"2.943e-05","9.053e-05",2.17
"RFC4",0.4492,7.3131,6.5334521281696,"2.744e-05","8.544e-05",2.16
"TRPS1",1.6327,1.6744,6.10472015124868,"5.209e-05","1.460e-04",2.16
"CBX1",0.3601,7.3844,6.54282340039706,"2.706e-05","8.447e-05",2.16
"SCUBE1",0.9932,2.9535,6.38936650626932,"3.394e-05","1.023e-04",2.16
"FBXO8",-0.6105,3.8695,-6.45073637001488,"3.099e-05","9.457e-05",2.16
"PGGHG",-0.3818,4.9401,-6.49997206602621,"2.882e-05","8.886e-05",2.16
"VPS51",-0.4704,5.9776,-6.5179651662334,"2.807e-05","8.686e-05",2.16
"CSRNP2",0.996,5.3031,6.50927814352758,"2.843e-05","8.784e-05",2.16
"FNBP1L",-0.4822,7.694,-6.56259387887903,"2.629e-05","8.248e-05",2.16
"NKX2-1",3.8107,0.348,6.02283206882617,"5.904e-05","1.622e-04",2.15
"AKR1A1",-0.4451,7.3455,-6.50371186626819,"2.866e-05","8.847e-05",2.14
"EVL",-0.5125,7.8161,-6.57110400622957,"2.597e-05","8.164e-05",2.14
"SYNGR3",0.5254,4.2505,6.47444859990237,"2.992e-05","9.182e-05",2.14
"ASL2",-1.1856,4.6075,-6.4598407259018,"3.057e-05","9.351e-05",2.14
"NKX2-2",3.2416,0.6608,6.02795641005144,"5.858e-05","1.611e-04",2.14
"RCBTB1",-0.5173,5.6642,-6.47692089570845,"2.981e-05","9.155e-05",2.13
"LRWD1",0.5818,7.0174,6.51907703845161,"2.802e-05","8.675e-05",2.13
"ERICH1",0.6304,3.5759,6.4212782821585,"3.237e-05","9.818e-05",2.12
"BRWD3",-0.8282,5.5894,-6.46804427281766,"3.021e-05","9.259e-05",2.12
"DUSP7",-0.6509,5.3647,-6.4766785357558,"2.982e-05","9.155e-05",2.12
"VPS16",-0.834,6.9655,-6.51296680423961,"2.827e-05","8.740e-05",2.11
"PPP3CA",-0.6443,6.568,-6.52471391233915,"2.779e-05","8.625e-05",2.11
"STRBP",-0.4629,6.0152,-6.45740901746829,"3.068e-05","9.375e-05",2.11
"MOK",-1.0955,1.5773,-6.16879273151879,"4.725e-05","1.344e-04",2.1
"XRN1",-0.8503,6.019,-6.45912231568582,"3.061e-05","9.358e-05",2.1
"PIGM",0.745,5.3282,6.48927440697994,"2.928e-05","9.013e-05",2.1
"PARP9",-0.5621,4.7053,-6.45531707220495,"3.078e-05","9.397e-05",2.1
"FBP2",-1.8587,1.4222,-6.05660593001503,"5.606e-05","1.552e-04",2.09
"S1PR2",1.6532,4.3051,6.37419161091726,"3.471e-05","1.043e-04",2.09
"ABLIM1",-2.5554,3.8632,-6.28539153910159,"3.964e-05","1.163e-04",2.09
"EPHX2",-1.3077,6.0073,-6.48538395672345,"2.944e-05","9.055e-05",2.09
"KCTD20",0.7173,6.4136,6.45877770527626,"3.062e-05","9.359e-05",2.08
"MED4",0.5935,5.109,6.44912205498308,"3.106e-05","9.473e-05",2.08
"UQCRQ",-0.6101,6.5754,-6.4364490908436,"3.165e-05","9.628e-05",2.08
"PKIA",1.2111,4.9097,6.45611234103977,"3.074e-05","9.389e-05",2.08
"SOD3",-1.5886,6.6402,-6.5633458015771,"2.626e-05","8.242e-05",2.08
"LGMN",-1.1689,8.9151,-6.60055854659615,"2.487e-05","7.871e-05",2.08
"RBP5",-0.5188,5.6532,-6.4952445775519,"2.902e-05","8.941e-05",2.07
"SGPP2",-1.2918,1.9963,-6.05051650216658,"5.659e-05","1.562e-04",2.07
"BCO1",-1.0835,2.2108,-6.15458514197436,"4.828e-05","1.370e-04",2.07
"SYNC",-0.7591,3.3956,-6.29827895237583,"3.888e-05","1.145e-04",2.06
"HAPLN3",2.0567,1.4455,6.03362798779586,"5.807e-05","1.598e-04",2.06
"NPC1",-0.9794,7.7681,-6.48347243665883,"2.953e-05","9.077e-05",2.06
"ITGA3",0.5362,5.9916,6.46546409520962,"3.032e-05","9.288e-05",2.05
"OLFML3",1.2055,1.0395,6.0558746327964,"5.612e-05","1.553e-04",2.04
"NMU",5.849,0.9741,5.95507030702556,"6.554e-05","1.772e-04",2.04
"TXNDC11",0.5354,6.1701,6.43788850842797,"3.158e-05","9.611e-05",2.04
"ARFGEF1",-0.7397,7.6814,-6.44409100295263,"3.129e-05","9.540e-05",2.04
"MTHFD1",-1.3387,9.2994,-6.52130070871473,"2.793e-05","8.665e-05",2.03
"DNAJC3",-0.5423,7.5818,-6.44147445172849,"3.142e-05","9.574e-05",2.03
"PIK3C3",-0.461,5.3853,-6.40782322472692,"3.302e-05","1.000e-04",2.03
"CUX2",-0.9298,3.3816,-6.33391639460322,"3.686e-05","1.095e-04",2.03
"PPA2",-0.6227,6.704,-6.46965638642759,"3.014e-05","9.244e-05",2.03
"DIAPH3",-0.8229,4.8299,-6.40739944000801,"3.304e-05","1.000e-04",2.02
"NPTN",-0.5303,6.5535,-6.42193544717172,"3.234e-05","9.814e-05",2.02
"TFAM",0.385,7.7767,6.44968132960457,"3.104e-05","9.469e-05",2.02
"FGA",-4.5015,6.3144,-6.41394632487344,"3.272e-05","9.915e-05",2.02
"PRRC1",-0.5404,5.771,-6.42181350250836,"3.234e-05","9.814e-05",2.02
"TACC1",1.6103,1.0436,5.98911935049278,"6.218e-05","1.696e-04",2.02
"SLC7A4",1.3083,3.5091,6.23261534338052,"4.291e-05","1.242e-04",2.01
"SLC25A28",0.8252,6.206,6.41952269167125,"3.245e-05","9.840e-05",2.01
"HSD17B4",-1.163,7.3606,-6.46357866893324,"3.041e-05","9.307e-05",2.01
"SUSD3",4.022,0.3833,5.92141788663834,"6.904e-05","1.854e-04",2
"FHL3",1.7163,4.1105,6.31258651586954,"3.805e-05","1.123e-04",2
"MTFP1",0.4484,4.9551,6.39968824181686,"3.342e-05","1.010e-04",2
"MGST1",-0.9464,9.0271,-6.51971558213116,"2.800e-05","8.675e-05",1.99
"SNX20",-0.5946,3.8013,-6.34623940788399,"3.619e-05","1.079e-04",1.99
"PTRF",1.4408,2.9598,6.19775338169185,"4.523e-05","1.296e-04",1.99
"TOP2B",-0.4372,8.2131,-6.43191873560736,"3.186e-05","9.689e-05",1.99
"MFSD4A",-2.453,2.0993,-6.09684267200943,"5.272e-05","1.475e-04",1.99
"TBCCD1",0.3534,5.8688,6.39965798561228,"3.342e-05","1.010e-04",1.99
"KCNK1",-0.5356,6.1531,-6.38568842033866,"3.412e-05","1.028e-04",1.99
"ASPG",-1.479,7.5808,-6.42525300806889,"3.218e-05","9.778e-05",1.98
"ID2",-0.885,7.1385,-6.43901298854972,"3.153e-05","9.598e-05",1.98
"CAMSAP1",0.8384,6.5279,6.37993702500558,"3.442e-05","1.036e-04",1.98
"KIF2C",-0.7653,6.9035,-6.39563981917923,"3.362e-05","1.014e-04",1.98
"COL17A1",0.7588,3.1428,6.33381560871567,"3.687e-05","1.095e-04",1.98
"COL4A2",1.0183,4.4324,6.36988748423106,"3.494e-05","1.049e-04",1.97
"HSPB11",-0.9134,4.2812,-6.35758174230877,"3.558e-05","1.064e-04",1.97
"TMEM104",0.7834,6.618,6.35828735969933,"3.554e-05","1.064e-04",1.97
"AHSG",-3.2812,2.8738,-5.99852942338612,"6.129e-05","1.675e-04",1.97
"PLXNB2",-1.994,9.0916,-6.50016238025707,"2.881e-05","8.886e-05",1.97
"LAMB2",0.8865,2.7461,6.27851262418912,"4.005e-05","1.173e-04",1.97
"SOX9",-1.7497,4.1284,-6.26267445418935,"4.101e-05","1.195e-04",1.97
"BTBD3",0.4617,5.6758,6.37582635682912,"3.463e-05","1.041e-04",1.97
"RANBP3",0.404,7.0783,6.39568203843627,"3.362e-05","1.014e-04",1.97
"RNASEL",-0.711,6.2721,-6.40489998749768,"3.316e-05","1.003e-04",1.97
"TMEM123",-1.5752,9.6621,-6.52069053459154,"2.796e-05","8.667e-05",1.96
"NPY",-3.2413,0.9119,-5.89540359341349,"7.188e-05","1.919e-04",1.96
"CWF19L2",0.512,5.1675,6.36111523051986,"3.539e-05","1.060e-04",1.96
"XK",-1.009,2.1842,-6.18420542073818,"4.616e-05","1.318e-04",1.96
"ILDR2",-0.7077,5.4667,-6.36733679579585,"3.507e-05","1.052e-04",1.95
"MAP7",-1.7151,0.8079,-5.9067103779885,"7.063e-05","1.890e-04",1.95
"METRN",1.8736,1.1486,5.98101402936027,"6.296e-05","1.712e-04",1.95
"ITPKA",0.6958,5.2645,6.36643025849137,"3.512e-05","1.053e-04",1.95
"SPSB4",1.1238,3.2347,6.30095326478754,"3.872e-05","1.140e-04",1.95
"IGFBP4",1.1398,6.3726,6.4241027382414,"3.223e-05","9.791e-05",1.94
"HSDL1",-0.6029,6.2685,-6.39326564224389,"3.374e-05","1.017e-04",1.93
"AK7",1.7407,1.2017,6.00003331579514,"6.115e-05","1.673e-04",1.93
"STIM2",0.4185,6.5628,6.3711710222591,"3.487e-05","1.047e-04",1.93
"LRSAM1",-0.7897,4.4646,-6.33835181226084,"3.662e-05","1.089e-04",1.93
"DNAJA1",1.0968,6.8744,6.33250235146384,"3.694e-05","1.096e-04",1.92
"WDR37",0.4664,4.9813,6.32788116245299,"3.719e-05","1.102e-04",1.92
"MYH9",-0.6557,8.9842,-6.46135559165063,"3.051e-05","9.334e-05",1.91
"ASMTL",-0.4239,4.6225,-6.33565189290176,"3.676e-05","1.092e-04",1.91
"WASF3",1.0427,3.3929,6.21510073340745,"4.406e-05","1.269e-04",1.91
"gga-mir-7-2",2.6941,0.2424,5.85894131893571,"7.608e-05","2.006e-04",1.91
"SNORA53",-0.8217,3.3669,-6.16659699217952,"4.741e-05","1.348e-04",1.91
"MOGS",1.4102,5.5063,6.35659533945707,"3.563e-05","1.065e-04",1.91
"GNG2",1.3506,3.2722,6.14443812459832,"4.903e-05","1.388e-04",1.9
"CLN6",-0.4625,5.54,-6.36024953790183,"3.544e-05","1.061e-04",1.9
"WDSUB1",-0.4343,5.2911,-6.33356200999751,"3.688e-05","1.095e-04",1.9
"SIVA1",0.832,5.3954,6.36592340499708,"3.514e-05","1.053e-04",1.9
"SLC26A4",-1.084,1.7744,-6.07985504899817,"5.410e-05","1.507e-04",1.9
"SLC39A11",0.6985,5.21,6.33627116880335,"3.673e-05","1.092e-04",1.9
"AREG",-0.8716,3.0362,-6.23698833149944,"4.263e-05","1.235e-04",1.9
"PIN1",0.4944,5.5123,6.35658152080341,"3.563e-05","1.065e-04",1.9
"PRIM2",0.5514,5.9301,6.31353832996159,"3.800e-05","1.123e-04",1.89
"ADAMTS17",-0.8614,4.1626,-6.30386620488872,"3.855e-05","1.136e-04",1.89
"PIGR",-2.413,2.1165,-5.91841714430101,"6.936e-05","1.862e-04",1.89
"SFMBT1",0.847,4.1568,6.31326242164149,"3.801e-05","1.123e-04",1.89
"SCCPDH",-0.6074,7.1687,-6.35396750608621,"3.577e-05","1.068e-04",1.89
"CTSK",1.0753,3.0697,6.18450602621378,"4.614e-05","1.317e-04",1.89
"DTNBP1",-0.4064,5.7995,-6.35051228996136,"3.596e-05","1.072e-04",1.89
"FAM53A",0.5474,4.8271,6.31208538718257,"3.808e-05","1.124e-04",1.89
"HELLS",0.3868,8.3872,6.38109254227108,"3.436e-05","1.034e-04",1.89
"CAPN7",-0.5769,5.2058,-6.33804249514198,"3.663e-05","1.090e-04",1.89
"LSG1",0.5123,7.5247,6.33242531437369,"3.694e-05","1.096e-04",1.89
"STK3",0.3459,6.7418,6.3414560973679,"3.645e-05","1.085e-04",1.88
"ZW10",0.3859,7.0711,6.34508163454545,"3.625e-05","1.080e-04",1.88
"AUH",-0.4298,3.887,-6.29789296607587,"3.890e-05","1.145e-04",1.88
"DYRK2",0.7317,4.6837,6.31708071077222,"3.780e-05","1.118e-04",1.88
"PLEKHB2",0.4651,7.1541,6.36270756136248,"3.531e-05","1.058e-04",1.87
"ZCCHC17",0.4212,5.6692,6.31494695213677,"3.792e-05","1.121e-04",1.87
"PTDSS1",-1.0422,7.0582,-6.35552806113151,"3.569e-05","1.066e-04",1.87
"FAM3D",-0.711,5.5308,-6.34198906770024,"3.642e-05","1.084e-04",1.86
"SUV39H2",0.5714,6.205,6.29595253432864,"3.901e-05","1.147e-04",1.86
"LMX1B",0.3982,5.4834,6.32131182777707,"3.756e-05","1.112e-04",1.86
"FBXL15",0.6744,4.4695,6.29230070328821,"3.923e-05","1.153e-04",1.85
"TMEM222",0.4234,6.3464,6.33181289320847,"3.698e-05","1.096e-04",1.85
"UGGT1",-0.7022,7.5291,-6.31547897226998,"3.789e-05","1.121e-04",1.85
"SNX2",-0.4132,6.0887,-6.28606050175925,"3.960e-05","1.162e-04",1.84
"GC",-1.84,7.6796,-6.4296302695735,"3.197e-05","9.718e-05",1.84
"IFT27",-0.7012,3.6079,-6.17452501741603,"4.684e-05","1.334e-04",1.84
"ABCA2",-0.3896,6.8278,-6.31414307245265,"3.796e-05","1.122e-04",1.84
"ENC1",-0.87,3.2703,-6.15476106820332,"4.827e-05","1.370e-04",1.84
"LGALS2",-1.12,6.0162,-6.33171882215181,"3.698e-05","1.096e-04",1.83
"L3HYPDH",0.4965,5.6727,6.33590088844784,"3.675e-05","1.092e-04",1.83
"IGF2BP1",0.3814,5.3615,6.2638021291516,"4.094e-05","1.194e-04",1.83
"LRP8",0.6308,5.0466,6.26270699741357,"4.101e-05","1.195e-04",1.82
"CHEK2",0.4766,5.5338,6.28424753283714,"3.970e-05","1.164e-04",1.81
"SH3RF1",0.5918,5.5182,6.27998153573858,"3.996e-05","1.171e-04",1.81
"TMCO4",-0.7496,3.9575,-6.22918899000885,"4.313e-05","1.247e-04",1.81
"HNF4beta",-2.383,1.4972,-5.87964847326538,"7.367e-05","1.956e-04",1.81
"LYRM4",0.5957,5.5867,6.2914239068653,"3.928e-05","1.154e-04",1.81
"NDUFB3",-0.4698,6.418,-6.30717776359046,"3.836e-05","1.132e-04",1.81
"FITM2",-0.7657,7.2504,-6.3052025020635,"3.848e-05","1.134e-04",1.81
"FPGS",0.4742,7.1498,6.29669914647538,"3.897e-05","1.146e-04",1.8
"GABPB2",0.8863,6.4472,6.3033436197488,"3.858e-05","1.137e-04",1.8
"SS18L2",-0.4763,3.4904,-6.20489885418593,"4.474e-05","1.286e-04",1.8
"SLC25A32",0.4078,6.79,6.27073972055746,"4.052e-05","1.185e-04",1.8
"TSPAN14",0.4045,5.9669,6.2693190359197,"4.060e-05","1.187e-04",1.8
"LASP1",-0.3765,9.0408,-6.40701577333205,"3.306e-05","1.001e-04",1.8
"RAB34",1.2995,3.6993,6.11789869081223,"5.105e-05","1.436e-04",1.79
"TRIM45",1.279,2.1235,5.99176165727225,"6.193e-05","1.690e-04",1.79
"FARP1",-1.2895,6.6835,-6.2954659808821,"3.904e-05","1.148e-04",1.79
"ZBTB33",0.5442,6.8599,6.28139872863388,"3.987e-05","1.169e-04",1.79
"FBXO30",0.9011,4.9175,6.25005896668781,"4.180e-05","1.213e-04",1.79
"GPNMB",-1.4598,0.8561,-5.8441824775377,"7.785e-05","2.048e-04",1.78
"DSP",-0.7588,8.0364,-6.35051031404115,"3.596e-05","1.072e-04",1.78
"BAG4",0.6765,6.0311,6.27002522889241,"4.056e-05","1.186e-04",1.78
"KCNJ5",2.1078,1.4266,5.8903014736341,"7.246e-05","1.929e-04",1.77
"DHRS7",-1.1909,9.7544,-6.39867806686021,"3.347e-05","1.011e-04",1.77
"ATRN",-1.0005,6.5876,-6.27622491941813,"4.018e-05","1.176e-04",1.77
"COPB2",-0.6928,8.5362,-6.33061685562513,"3.704e-05","1.097e-04",1.77
"CCNY",-1.2957,5.2618,-6.26610501018963,"4.080e-05","1.192e-04",1.77
"AFTPH",-0.3983,5.8194,-6.24870998097165,"4.188e-05","1.215e-04",1.76
"STAT3",-0.8831,9.0781,-6.36791060585086,"3.504e-05","1.051e-04",1.76
"GMEB2",0.3767,6.3071,6.2594667200898,"4.121e-05","1.199e-04",1.76
"CACTIN",0.3519,6.3314,6.22849057964085,"4.318e-05","1.248e-04",1.76
"DDHD2",0.4963,5.118,6.23317563544676,"4.287e-05","1.241e-04",1.75
"PARVB",-0.7694,5.6748,-6.24174449258422,"4.232e-05","1.227e-04",1.75
"ENTPD5",-1.2651,7.3765,-6.30580245360338,"3.844e-05","1.134e-04",1.74
"CTNS",-0.6792,5.8796,-6.25908467309296,"4.123e-05","1.200e-04",1.74
"FBXW5",0.5372,6.6964,6.2368450438021,"4.264e-05","1.235e-04",1.74
"RGMA",0.8025,2.7444,6.12328811648436,"5.063e-05","1.428e-04",1.74
"PUM2",-0.5855,6.8491,-6.25088067705843,"4.174e-05","1.212e-04",1.74
"GNS",-0.5525,9.042,-6.34991507563299,"3.599e-05","1.073e-04",1.73
"USMG5",-0.4501,7.0806,-6.2622735124422,"4.104e-05","1.196e-04",1.73
"AMPD2",-0.4127,5.9874,-6.24280038721893,"4.225e-05","1.226e-04",1.73
"DTWD2",0.5002,4.0279,6.2082209210496,"4.452e-05","1.280e-04",1.73
"CNP",0.779,5.9478,6.22399946134506,"4.347e-05","1.254e-04",1.73
"SQSTM1",-0.485,7.4386,-6.25375915773081,"4.156e-05","1.208e-04",1.73
"PGM2L1",-1.5381,3.7312,-6.11711489416052,"5.111e-05","1.437e-04",1.72
"CYB5R2",-0.8575,7.1851,-6.25840326756976,"4.127e-05","1.200e-04",1.72
"PIK3AP1",0.7585,3.6714,6.13419344626791,"4.980e-05","1.407e-04",1.72
"FBXO15",-0.7778,3.5269,-6.10362725201145,"5.217e-05","1.462e-04",1.72
"GFAP",1.0736,2.7672,6.13394521422321,"4.982e-05","1.407e-04",1.72
"BTBD1",0.467,6.8229,6.22774347863817,"4.322e-05","1.249e-04",1.71
"DCAF17",0.6701,4.6688,6.21164454224466,"4.429e-05","1.274e-04",1.71
"SKI",-0.9085,5.1933,-6.22424585036228,"4.345e-05","1.254e-04",1.71
"THADA",0.409,5.7297,6.19618145886002,"4.533e-05","1.298e-04",1.7
"SECISBP2L",-1.9644,6.6788,-6.24107206946532,"4.237e-05","1.228e-04",1.7
"SSBP3",-0.4812,7.2585,-6.22570454774157,"4.336e-05","1.251e-04",1.7
"MED16",0.6132,6.4879,6.21905908806493,"4.379e-05","1.263e-04",1.7
"WDR92",0.5697,6.1958,6.2309723111555,"4.301e-05","1.244e-04",1.7
"TNPO3",0.3897,7.0312,6.25741886892304,"4.134e-05","1.202e-04",1.7
"MOGAT2",-1.6829,1.4124,-5.76436018808579,"8.822e-05","2.278e-04",1.7
"DUSP14",0.8421,5.187,6.21197336215134,"4.427e-05","1.274e-04",1.7
"VMA21",-0.3531,6.8513,-6.21397563184805,"4.413e-05","1.270e-04",1.69
"DERA",-0.7552,5.8799,-6.22865317189566,"4.317e-05","1.248e-04",1.69
"ACER3",-1.2742,5.9087,-6.21796362730942,"4.387e-05","1.264e-04",1.69
"KRR1",0.6786,6.4661,6.20170470586302,"4.496e-05","1.290e-04",1.69
"USP10",0.513,9.0185,6.29089538972384,"3.931e-05","1.154e-04",1.68
"TYW5",0.7355,4.4883,6.18735584085562,"4.594e-05","1.313e-04",1.68
"PHACTR2",-0.7422,4.878,-6.18911921268055,"4.582e-05","1.310e-04",1.68
"PRR5L",1.9677,1.1686,5.80167519476216,"8.320e-05","2.167e-04",1.67
"PGP",0.5457,8.0827,6.26445550490475,"4.090e-05","1.194e-04",1.67
"RASSF3",-0.6347,8.5041,-6.28164477891215,"3.986e-05","1.169e-04",1.67
"PROK2",-1.3428,5.7007,-6.21881297238932,"4.381e-05","1.263e-04",1.67
"IL1RAP",-1.0621,7.5839,-6.26354776787473,"4.096e-05","1.194e-04",1.66
"PANX3",0.958,3.191,6.10682245081441,"5.192e-05","1.456e-04",1.66
"MAMDC2",1.7953,1.02,5.78574434224571,"8.531e-05","2.216e-04",1.66
"SLC34A2",1.3357,1.3756,5.89476906273476,"7.195e-05","1.920e-04",1.66
"DIXDC1",-1.0394,1.8715,-5.84045021481492,"7.831e-05","2.059e-04",1.66
"ATP6V1H",-0.4043,6.8217,-6.19585712843156,"4.536e-05","1.298e-04",1.65
"NOD1",-0.6494,5.1623,-6.17438396075198,"4.685e-05","1.334e-04",1.65
"TRMT10A",-0.5231,5.6697,-6.17895935545301,"4.653e-05","1.327e-04",1.65
"ZNF704",0.3509,7.0382,6.20730772257717,"4.458e-05","1.281e-04",1.64
"RIDA",-1.0547,6.0159,-6.20399305787825,"4.480e-05","1.287e-04",1.64
"DERL3",1.2781,5.6194,6.19402821897844,"4.548e-05","1.301e-04",1.64
"LEMD3",0.4714,6.5712,6.19065239950894,"4.571e-05","1.307e-04",1.64
"TALDO1",-0.4002,7.2137,-6.19858426078609,"4.517e-05","1.295e-04",1.64
"YDJC",0.5225,4.9123,6.16497834251172,"4.753e-05","1.351e-04",1.64
"MEX3B",-0.6732,5.0716,-6.16970458252113,"4.719e-05","1.343e-04",1.64
"USP30",-0.3483,5.7015,-6.18527928772138,"4.609e-05","1.316e-04",1.64
"BUB1",-0.5908,7.2359,-6.18195326695659,"4.632e-05","1.321e-04",1.64
"ITGB3BP",-0.711,3.8756,-6.14345662230055,"4.910e-05","1.389e-04",1.63
"ILKAP",0.7978,7.0414,6.18375265368957,"4.619e-05","1.318e-04",1.63
"GJC2",1.5784,1.9169,5.8654158237746,"7.532e-05","1.990e-04",1.63
"PGLYRP2",-1.0672,6.6823,-6.21864823507886,"4.382e-05","1.263e-04",1.62
"MYO1C",-0.3952,7.316,-6.19637300242138,"4.532e-05","1.298e-04",1.62
"ZNRF1",0.7089,5.6222,6.19654344984722,"4.531e-05","1.298e-04",1.61
"STEAP3",0.6954,5.0751,6.15111004002452,"4.854e-05","1.375e-04",1.61
"EIF4EBP2",0.696,6.8292,6.22622556918731,"4.332e-05","1.251e-04",1.61
"SLC44A5",-0.6962,5.7608,-6.16346516718803,"4.764e-05","1.353e-04",1.61
"RERG",-1.1452,1.2673,-5.77990372689645,"8.609e-05","2.233e-04",1.61
"TLL1",2.0095,0.7503,5.72457819891039,"9.392e-05","2.407e-04",1.61
"KIAA2013",0.3901,7.2991,6.19516638973503,"4.540e-05","1.299e-04",1.61
"TIMM44",0.3888,7.1946,6.14956486031683,"4.865e-05","1.378e-04",1.6
"RNF145",-0.8983,6.4101,-6.13804258354472,"4.951e-05","1.399e-04",1.59
"DAD1",-0.5023,8.1706,-6.2636189010518,"4.095e-05","1.194e-04",1.59
"C6orf58",2.3703,2.3303,5.76770923662942,"8.776e-05","2.270e-04",1.59
"RPL3L",0.7719,2.2618,5.8799125669616,"7.364e-05","1.956e-04",1.59
"GTF2E1",0.3463,6.6251,6.15706073727539,"4.810e-05","1.365e-04",1.59
"DRAM1",0.6851,2.3798,5.90073276452654,"7.129e-05","1.905e-04",1.58
"MAN2B2",-0.7784,7.1235,-6.20094163003394,"4.501e-05","1.291e-04",1.58
"SIK3",-0.3886,5.3889,-6.13548941633331,"4.970e-05","1.404e-04",1.58
"PRTFDC1",-1.4211,4.7249,-6.10205880022496,"5.230e-05","1.464e-04",1.58
"TMEM185A",0.5284,5.9539,6.1275315910722,"5.031e-05","1.420e-04",1.57
"FH",-0.661,9.677,-6.25213680312458,"4.167e-05","1.211e-04",1.57
"MKS1",0.5512,5.1593,6.12048073357628,"5.085e-05","1.432e-04",1.57
"BTG1",-1.7497,10.0261,-6.27225584071762,"4.042e-05","1.183e-04",1.57
"LRCH2",-0.7241,4.7938,-6.11994208601126,"5.089e-05","1.433e-04",1.57
"gga-mir-3064",-1.032,4.0753,-5.98526498491746,"6.255e-05","1.704e-04",1.57
"CAND2",0.3951,4.8833,6.11478066808738,"5.129e-05","1.441e-04",1.57
"HID1",-1.2059,9.6037,-6.27239264354926,"4.042e-05","1.183e-04",1.57
"BRD2",0.4731,8.4387,6.15216267016471,"4.846e-05","1.373e-04",1.56
"CDCA3",0.5208,6.8062,6.20332234138391,"4.485e-05","1.288e-04",1.56
"PAK1IP1",0.5233,7.4527,6.16787562228241,"4.732e-05","1.346e-04",1.56
"CDC23",-0.4499,5.4444,-6.10522613360054,"5.205e-05","1.459e-04",1.56
"APOOL",-0.5562,6.0298,-6.11895981632403,"5.097e-05","1.434e-04",1.56
"CDC45",0.5782,7.1846,6.14232433282132,"4.919e-05","1.391e-04",1.55
"XPNPEP2",-0.4246,6.3055,-6.17492173985845,"4.682e-05","1.333e-04",1.55
"PRC1",-0.6296,6.8125,-6.15268842551348,"4.842e-05","1.373e-04",1.55
"STK4",0.3381,7.8255,6.15242746692404,"4.844e-05","1.373e-04",1.55
"MAPKAPK3",1.1524,3.8644,6.03684706236046,"5.778e-05","1.592e-04",1.55
"SLC30A4",-0.5128,8.6828,-6.201157735288,"4.499e-05","1.291e-04",1.55
"GARNL3",-0.4551,5.3233,-6.09437550092798,"5.292e-05","1.478e-04",1.54
"OSER1",0.5899,6.4135,6.11780151332422,"5.106e-05","1.436e-04",1.54
"AACS",-0.6802,6.8544,-6.12076549900488,"5.083e-05","1.432e-04",1.54
"DOLK",-0.7184,4.4514,-6.08225023501324,"5.390e-05","1.502e-04",1.53
"GFPT1",-0.4402,7.6163,-6.12685648129699,"5.036e-05","1.420e-04",1.53
"MED22",0.663,6.3173,6.1272672772245,"5.033e-05","1.420e-04",1.53
"HBS1L",0.4008,6.2885,6.07350175234903,"5.463e-05","1.518e-04",1.53
"SPATA4",2.5417,2.0584,5.73255910726906,"9.275e-05","2.381e-04",1.52
"MRPL46",0.7469,6.2805,6.09833269110697,"5.260e-05","1.472e-04",1.52
"BIN1",0.5554,5.5335,6.09547064780271,"5.283e-05","1.477e-04",1.51
"NCDN",0.5459,6.1253,6.09576778432735,"5.280e-05","1.477e-04",1.51
"UVRAG",-0.3689,4.7297,-6.08465940959227,"5.371e-05","1.497e-04",1.51
"TRIP11",-0.5835,5.7773,-6.06963922184228,"5.495e-05","1.526e-04",1.51
"CLCC1",-0.587,5.9046,-6.1078862401653,"5.184e-05","1.454e-04",1.51
"BCL7B",0.5303,5.9568,6.09104402098604,"5.318e-05","1.485e-04",1.5
"SFMBT2",0.5986,2.0823,5.91375905857887,"6.986e-05","1.873e-04",1.5
"DNAJC7",0.3431,7.4167,6.09097226599183,"5.319e-05","1.485e-04",1.5
"POLE4",1.103,4.5126,6.05439610869953,"5.625e-05","1.556e-04",1.5
"GPSM2",-0.734,6.6547,-6.11125080429165,"5.157e-05","1.447e-04",1.49
"MEAF6",0.542,5.65,6.08496394502507,"5.368e-05","1.497e-04",1.49
"HAUS1",0.5607,5.491,6.08806750472211,"5.343e-05","1.491e-04",1.49
"HPGD",-4.3901,0.549,-5.57894882379158,"1.184e-04","2.944e-04",1.49
"C1orf50",0.3828,5.5921,6.08471284572838,"5.370e-05","1.497e-04",1.48
"TMEM251",0.5128,5.8406,6.09464010652292,"5.289e-05","1.478e-04",1.48
"BTBD10",0.3761,5.0835,6.05188213732281,"5.647e-05","1.560e-04",1.48
"NDUFAF6",0.5376,5.7859,6.08491376834892,"5.368e-05","1.497e-04",1.48
"E4F1",0.4783,5.9995,6.07508900317241,"5.450e-05","1.516e-04",1.47
"NME6",0.6158,4.5886,6.05743838423808,"5.599e-05","1.551e-04",1.47
"MTHFD2",1.2197,6.7589,6.07845389774216,"5.422e-05","1.509e-04",1.47
"SYPL1",-0.3908,5.0921,-6.06817037696908,"5.508e-05","1.528e-04",1.46
"KTN1",-0.492,7.7265,-6.07835102845861,"5.423e-05","1.509e-04",1.46
"CAPSL",-2.4161,1.068,-5.57702101757223,"1.187e-04","2.949e-04",1.46
"DLG5",-0.3599,5.2313,-6.04861853675785,"5.675e-05","1.566e-04",1.46
"CTSA",-0.5208,7.3494,-6.1431799938045,"4.913e-05","1.389e-04",1.46
"UCK2",1.1977,8.0367,6.12017152802792,"5.087e-05","1.433e-04",1.46
"CNOT4",0.5225,5.846,6.05429587310088,"5.626e-05","1.556e-04",1.46
"WBSCR22",0.64,6.0383,6.07333530755463,"5.464e-05","1.518e-04",1.46
"SLC22A5",-0.9229,6.8488,-6.11322778786071,"5.142e-05","1.444e-04",1.45
"EHD3",0.3981,6.6299,6.04046752574307,"5.746e-05","1.585e-04",1.45
"MXRA8",1.3116,1.9726,5.77983532083968,"8.610e-05","2.233e-04",1.45
"RBM45",0.4664,6.4035,6.06893357782346,"5.501e-05","1.527e-04",1.44
"RAPGEF3",-1.2228,7.1352,-6.12131101463523,"5.079e-05","1.432e-04",1.44
"NUDT7",0.6472,6.2504,6.05048831946502,"5.659e-05","1.562e-04",1.44
"LSM11",0.7933,5.2856,6.06525954401682,"5.532e-05","1.535e-04",1.44
"AASDHPPT",0.5841,3.9696,5.99189109576789,"6.192e-05","1.690e-04",1.44
"CMTM8",-1.6929,7.1388,-6.16437013467172,"4.757e-05","1.351e-04",1.43
"GFRA1",-1.7761,1.5888,-5.66679085834248,"1.029e-04","2.609e-04",1.42
"LRBA",-0.7903,6.0958,-6.02512871779592,"5.883e-05","1.617e-04",1.42
"CHDH",-0.5731,6.0725,-6.03924993157054,"5.757e-05","1.587e-04",1.42
"ANKRD34B",3.803,0.4554,5.53757990472267,"1.265e-04","3.117e-04",1.42
"PRMT7",0.3119,6.1197,6.03090991032438,"5.831e-05","1.604e-04",1.42
"DGKA",0.7062,5.9368,6.03641437071742,"5.782e-05","1.593e-04",1.41
"KLHL18",0.6729,6.1347,6.02665578741756,"5.869e-05","1.614e-04",1.41
"HORMAD1",0.4602,2.5268,5.875423562825,"7.415e-05","1.966e-04",1.4
"GPR142",1.9946,0.8246,5.59142282149507,"1.160e-04","2.894e-04",1.4
"TAF1C",0.5181,4.6903,6.00793138532526,"6.041e-05","1.655e-04",1.4
"MCMBP",0.3543,7.2211,6.01446747477594,"5.980e-05","1.641e-04",1.39
"TMEM263",-0.2942,8.0279,-6.07447335911109,"5.455e-05","1.517e-04",1.39
"DNAAF1",-0.9655,2.2867,-5.8255141816003,"8.016e-05","2.097e-04",1.39
"BCAS2",0.5449,6.7451,6.07076670282469,"5.486e-05","1.524e-04",1.39
"BMP2K",-0.3342,6.3389,-6.01303166816295,"5.994e-05","1.644e-04",1.38
"HECTD2",1.0059,2.7883,5.89192309348644,"7.227e-05","1.926e-04",1.38
"RAVER2",0.338,6.1678,6.02422473744139,"5.891e-05","1.619e-04",1.38
"ATP5J2",-0.5581,7.8323,-6.06502876022392,"5.534e-05","1.535e-04",1.38
"OSBPL2",-0.5099,6.1634,-6.01839158076057,"5.944e-05","1.632e-04",1.38
"SLC35E3",0.383,7.878,6.06384305206949,"5.544e-05","1.537e-04",1.38
"RB1",0.4633,6.0654,5.99994104953993,"6.115e-05","1.673e-04",1.38
"KIT",-0.7462,7.5648,-6.10173363641891,"5.232e-05","1.465e-04",1.37
"STK10",-0.6382,3.6682,-5.94428657204972,"6.664e-05","1.799e-04",1.37
"LRRC74B",1.2531,1.5017,5.63801828507086,"1.077e-04","2.719e-04",1.37
"MYLK2",4.5549,0.7638,5.55428147340774,"1.231e-04","3.042e-04",1.37
"TCEA1",0.3763,8.0993,6.05574933438884,"5.613e-05","1.553e-04",1.37
"SURF4",-0.4585,9.0001,-6.11173696761134,"5.153e-05","1.447e-04",1.37
"NRIP1",-0.8095,5.7491,-6.01093130081157,"6.013e-05","1.648e-04",1.37
"H2AFY",-0.4533,5.7548,-5.99720667205764,"6.141e-05","1.678e-04",1.37
"OTUD4",0.5395,6.1227,5.98794440502851,"6.229e-05","1.698e-04",1.37
"NR2C1",0.3183,6.1107,6.00299291423976,"6.087e-05","1.667e-04",1.36
"TTLL4",0.5197,4.235,5.98000139177563,"6.306e-05","1.714e-04",1.36
"CLPX",-0.6045,7.7552,-6.0338046711688,"5.805e-05","1.598e-04",1.36
"DLG3",-0.3784,5.04,-5.98402243417553,"6.267e-05","1.707e-04",1.36
"NDUFA4",-0.4013,8.8498,-6.10262165486592,"5.225e-05","1.464e-04",1.36
"TWF2",0.3705,6.438,5.98893590278997,"6.220e-05","1.696e-04",1.36
"LYPLA1",-1.0239,8.2641,-6.03930940897563,"5.757e-05","1.587e-04",1.36
"PCOLCE2",0.6549,6.256,6.01438570404315,"5.981e-05","1.641e-04",1.35
"SNTB1",-1.6352,8.2004,-6.06479384885401,"5.536e-05","1.535e-04",1.34
"CLASP1",0.5166,6.4422,5.9720122368424,"6.384e-05","1.732e-04",1.34
"NMT2",-0.5656,6.3107,-6.01362451467901,"5.988e-05","1.643e-04",1.34
"D2HGDH",-0.6152,5.0123,-5.98457963235092,"6.262e-05","1.706e-04",1.34
"TGS1",0.5204,7.4512,6.00077821202397,"6.108e-05","1.672e-04",1.34
"NTNG2",1.5663,1.7998,5.64202624183953,"1.070e-04","2.706e-04",1.33
"SAMD10",2.2692,0.9358,5.56624639316443,"1.208e-04","2.994e-04",1.33
"DRAM2",-0.6933,5.5909,-5.99258750502833,"6.185e-05","1.689e-04",1.33
"MECOM",0.7606,4.5482,5.9629940254649,"6.474e-05","1.754e-04",1.33
"HTR1B",3.4338,0.0679,5.47727295008978,"1.393e-04","3.396e-04",1.33
"TIA1",0.4336,5.3893,5.99874683105865,"6.127e-05","1.675e-04",1.32
"INVS",0.5956,5.1894,5.95765989567827,"6.527e-05","1.767e-04",1.32
"ACACA",-1.1011,7.174,-5.98138238599593,"6.293e-05","1.712e-04",1.32
"gga-mir-1653",-2.2386,2.5238,-5.61464625735087,"1.118e-04","2.805e-04",1.32
"EZH1",0.6003,5.787,5.97456735624233,"6.359e-05","1.728e-04",1.32
"RAB7B",0.8562,4.1824,5.93220211784221,"6.790e-05","1.830e-04",1.32
"ABCB10",0.4041,4.6364,5.96115318704912,"6.492e-05","1.758e-04",1.32
"GATA2",-0.9335,2.3716,-5.82451280509964,"8.028e-05","2.100e-04",1.32
"CEP89",-0.4051,5.0433,-5.9612034598912,"6.492e-05","1.758e-04",1.31
"CEBPD",-1.5181,7.2352,-6.11511041513863,"5.127e-05","1.441e-04",1.31
"GALNT1",-0.6581,9.5219,-6.07626298940608,"5.440e-05","1.514e-04",1.3
"BLCAP",0.5662,7.2881,6.00851008259844,"6.035e-05","1.654e-04",1.3
"SLC6A13",-0.5786,3.527,-5.89267439398763,"7.219e-05","1.925e-04",1.3
"STX17",0.3308,7.2324,5.97257097149495,"6.379e-05","1.731e-04",1.3
"TCEANC",1.0355,3.4953,5.88657973198991,"7.288e-05","1.940e-04",1.3
"TAF11",0.523,5.4389,5.96422130113378,"6.462e-05","1.752e-04",1.3
"CCNF",-0.4873,6.2308,-5.96937162647911,"6.410e-05","1.739e-04",1.3
"TBC1D25",0.6934,3.8878,5.9092997387416,"7.035e-05","1.883e-04",1.3
"SLC25A24",0.3364,6.463,5.99429476829902,"6.169e-05","1.685e-04",1.3
"STEAP2",1.2359,3.4398,5.80859291220081,"8.231e-05","2.145e-04",1.3
"TNRC6C",0.5599,4.6981,5.94761434506915,"6.630e-05","1.791e-04",1.3
"SLCO2B1",-4.0242,1.3366,-5.47666111546817,"1.395e-04","3.399e-04",1.3
"LRRC75A",-0.8304,4.0611,-5.87597274617529,"7.409e-05","1.965e-04",1.29
"PCYOX1L",0.6254,5.8409,5.96856880839604,"6.418e-05","1.740e-04",1.29
"PEX5L",-1.8736,2.6928,-5.77640086144679,"8.657e-05","2.244e-04",1.29
"OCIAD1",-0.5966,7.1166,-6.01151925147736,"6.008e-05","1.647e-04",1.29
"C3orf33",0.7182,4.4829,5.93693614087194,"6.740e-05","1.819e-04",1.28
"QDPR",-1.426,8.405,-6.05313743861622,"5.636e-05","1.558e-04",1.28
"SLITRK4",-1.1973,3.169,-5.83790014435338,"7.862e-05","2.065e-04",1.28
"B4GALT1",-0.6487,6.2004,-5.97282440509345,"6.376e-05","1.731e-04",1.28
"PFN4",2.0913,0.7254,5.48288148278191,"1.381e-04","3.372e-04",1.27
"AP1S2",-0.4514,6.9272,-5.94981768438567,"6.607e-05","1.786e-04",1.27
"NFATC2",1.3331,1.9737,5.57803087053278,"1.185e-04","2.946e-04",1.27
"AURKA",-1.079,7.4426,-5.97443199631201,"6.361e-05","1.728e-04",1.27
"UPB1",-0.9891,8.3107,-6.05687662009153,"5.604e-05","1.552e-04",1.27
"SNX12",0.3614,7.1876,5.98322137627776,"6.275e-05","1.708e-04",1.26
"ARFGAP1",0.3846,6.948,5.92353653605706,"6.881e-05","1.850e-04",1.26
"CEP135",0.3844,3.9782,5.91067452039039,"7.020e-05","1.880e-04",1.26
"TUBGCP5",0.5941,4.7684,5.92412841453679,"6.875e-05","1.849e-04",1.26
"PIP4K2A",0.4098,7.0108,5.95584874337253,"6.546e-05","1.771e-04",1.26
"RBM8A",0.4841,8.1165,5.98904354476882,"6.219e-05","1.696e-04",1.26
"BDKRB1",-2.5463,3.8699,-5.70501810017277,"9.687e-05","2.471e-04",1.25
"ADD1",-0.9787,7.72,-5.97461358114228,"6.359e-05","1.728e-04",1.25
"DDIT4",1.9177,4.8817,5.8915116538234,"7.232e-05","1.927e-04",1.25
"STAT1",-0.6158,6.4026,-5.94784235748747,"6.627e-05","1.791e-04",1.25
"CEP95",0.4662,4.3272,5.91351716225641,"6.989e-05","1.873e-04",1.25
"TDP2",0.6025,7.0384,5.94088296734626,"6.699e-05","1.808e-04",1.25
"RASSF7",-0.5656,3.5008,-5.78502068215071,"8.540e-05","2.217e-04",1.24
"RBBP5",0.3933,6.9054,5.93162989986493,"6.796e-05","1.831e-04",1.24
"NUP98",0.4774,7.5391,5.92707483399521,"6.844e-05","1.841e-04",1.24
"PSMC3IP",0.4542,5.7097,5.91792332185642,"6.941e-05","1.862e-04",1.24
"EMC7",0.5213,6.606,5.96094142878652,"6.494e-05","1.758e-04",1.23
"RHCE",0.8474,3.6403,5.87792995569547,"7.386e-05","1.961e-04",1.23
"ANAPC5",-0.6094,7.188,-5.92851122131495,"6.829e-05","1.839e-04",1.23
"PARP12",-0.4257,5.0853,-5.91811516270806,"6.939e-05","1.862e-04",1.23
"VTN",-1.3186,10.5419,-6.05122491023831,"5.652e-05","1.561e-04",1.22
"SHMT1",-1.2214,7.5747,-5.92333648204232,"6.883e-05","1.850e-04",1.21
"SCML2",-0.6498,5.2917,-5.90034971162174,"7.133e-05","1.906e-04",1.21
"MRPL53",0.4896,6.0242,5.91484113567469,"6.975e-05","1.871e-04",1.21
"GNB3",1.6693,1.0695,5.55635267983696,"1.227e-04","3.033e-04",1.21
"CHD2",-0.4874,7.1812,-5.90206611834213,"7.114e-05","1.902e-04",1.21
"HIBADH",-0.8481,7.4114,-5.92264102876178,"6.891e-05","1.851e-04",1.21
"RNF217",1.048,4.2899,5.88024273497027,"7.360e-05","1.955e-04",1.21
"TOPBP1",0.3149,6.7558,5.89470887411722,"7.196e-05","1.920e-04",1.21
"MAP1S",0.4715,7.9824,5.94836071933481,"6.622e-05","1.790e-04",1.21
"SYNPO2",-1.4296,1.137,-5.54004453017794,"1.260e-04","3.107e-04",1.2
"AUTS2",-0.4437,5.1343,-5.8837268007736,"7.320e-05","1.947e-04",1.2
"ITSN2",-0.3707,5.5062,-5.89468522361825,"7.196e-05","1.920e-04",1.2
"SUGCT",-0.7816,3.5304,-5.75907821900942,"8.896e-05","2.293e-04",1.2
"MICU1",-0.4764,5.6736,-5.93537970713242,"6.756e-05","1.822e-04",1.2
"PMEL",1.7734,1.2926,5.56578612588784,"1.209e-04","2.995e-04",1.2
"UMPS",0.3664,7.3544,5.90939066949101,"7.034e-05","1.883e-04",1.2
"S1PR4",0.9022,2.1611,5.71230474896804,"9.576e-05","2.445e-04",1.19
"UCP3",0.969,2.1996,5.69065802114883,"9.909e-05","2.521e-04",1.19
"MICAL1",0.8758,4.7938,5.89035615742903,"7.245e-05","1.929e-04",1.19
"SLC31A2",0.7848,3.3888,5.78582113867423,"8.530e-05","2.216e-04",1.19
"AVL9",-0.304,6.4641,-5.93617964910453,"6.748e-05","1.820e-04",1.19
"PRR15L",-1.3184,3.1844,-5.59849779230657,"1.147e-04","2.868e-04",1.19
"PAAF1",-0.427,5.2947,-5.89717397372371,"7.169e-05","1.915e-04",1.18
"CHD7",-0.5051,7.5077,-5.87159653509586,"7.460e-05","1.974e-04",1.18
"MACF1",-0.6223,7.7346,-5.8640564494561,"7.548e-05","1.994e-04",1.17
"GNAL",-1.3644,7.6485,-5.98363891921277,"6.271e-05","1.707e-04",1.16
"TESK2",0.8061,4.1061,5.84883137800157,"7.729e-05","2.035e-04",1.16
"SERINC5",0.4475,4.3631,5.8531920395278,"7.677e-05","2.022e-04",1.16
"NT5C3A",0.4436,7.2893,5.88294630344454,"7.329e-05","1.948e-04",1.15
"HOMER1",0.7156,4.0816,5.83370362917589,"7.914e-05","2.076e-04",1.15
"AK1",-0.5109,5.1126,-5.87377380008431,"7.434e-05","1.970e-04",1.14
"ANKRD13A",-0.3093,7.7945,-5.93125556772476,"6.800e-05","1.831e-04",1.14
"BMPR1A",-0.5168,5.854,-5.85205740155954,"7.690e-05","2.025e-04",1.14
"MRPL15",-0.3659,8.147,-5.90756436311106,"7.054e-05","1.888e-04",1.14
"CDC123",-0.3247,5.9523,-5.85981152883076,"7.598e-05","2.005e-04",1.14
"MYCN",-2.1469,2.591,-5.58707702758931,"1.168e-04","2.908e-04",1.14
"REPS1",0.3245,6.249,5.85729910869149,"7.628e-05","2.011e-04",1.14
"HDAC3",0.3691,6.7737,5.87297552719827,"7.444e-05","1.971e-04",1.14
"IRAK1BP1",0.8011,3.0344,5.64124315443312,"1.072e-04","2.708e-04",1.13
"NHP2",0.5147,6.9677,5.87649210650105,"7.403e-05","1.964e-04",1.13
"LRRC39",0.7122,1.8268,5.60260434590563,"1.140e-04","2.851e-04",1.13
"PRCC",0.3589,7.3637,5.8929752061169,"7.216e-05","1.924e-04",1.12
"DDX23",0.3487,8.1769,5.91119738551117,"7.014e-05","1.880e-04",1.12
"WDR24",0.5435,6.5567,5.85898984759771,"7.607e-05","2.006e-04",1.12
"ADK",-0.7012,7.6288,-5.90553481412262,"7.076e-05","1.893e-04",1.12
"SH3PXD2A",1.6789,3.1546,5.71370358897966,"9.555e-05","2.441e-04",1.12
"SPSB3",-0.3185,5.8861,-5.86907893177043,"7.489e-05","1.981e-04",1.11
"SLC16A1",-0.3185,9.2618,-5.9337317370209,"6.774e-05","1.826e-04",1.11
"AHDC1",1.0371,2.7189,5.61053375802597,"1.125e-04","2.821e-04",1.11
"TRMT13",0.4778,4.8791,5.83570573563786,"7.889e-05","2.070e-04",1.1
"TM9SF4",0.3644,7.6917,5.88440050640137,"7.312e-05","1.945e-04",1.1
"PPP6R2",0.391,6.2143,5.83769062500928,"7.865e-05","2.065e-04",1.1
"UQCRB",-0.3812,7.5166,-5.86228485794208,"7.569e-05","1.999e-04",1.1
"KDM3A",0.525,6.8648,5.83852543953657,"7.854e-05","2.065e-04",1.1
"LIFR",-0.9834,5.557,-5.86074326837943,"7.587e-05","2.003e-04",1.1
"EAPP",0.7451,6.5623,5.8558572914847,"7.645e-05","2.014e-04",1.1
"PTPN11",-0.6772,7.6264,-5.88581597758159,"7.296e-05","1.942e-04",1.1
"FOXF1",-1.709,7.2553,-5.92624335672921,"6.853e-05","1.843e-04",1.1
"ITPRIPL2",1.1135,4.6556,5.80131035623202,"8.325e-05","2.167e-04",1.09
"CTDSPL2",0.3256,6.4223,5.81300892424653,"8.174e-05","2.133e-04",1.09
"SLC18A3",0.9557,3.7131,5.75264251632699,"8.986e-05","2.314e-04",1.09
"RIMS4",1.5319,3.6599,5.69574212115771,"9.830e-05","2.503e-04",1.08
"NMNAT1",0.4196,6.0426,5.83271450249786,"7.926e-05","2.078e-04",1.08
"DAGLB",0.3971,4.9123,5.81897479171395,"8.098e-05","2.114e-04",1.08
"CDK14",2.1264,1.4941,5.41102386757828,"1.551e-04","3.725e-04",1.07
"ADA",-0.7544,5.0886,-5.82713478814308,"7.995e-05","2.093e-04",1.07
"TATDN1",-0.642,6.2449,-5.82835914073131,"7.980e-05","2.090e-04",1.07
"MFAP3L",-0.4545,5.2399,-5.82566030237966,"8.014e-05","2.097e-04",1.07
"KCNK15",4.7218,0.6995,5.32903816339652,"1.772e-04","4.182e-04",1.07
"RECQL",0.4109,5.2109,5.79874676874324,"8.359e-05","2.175e-04",1.07
"ERO1A",0.3887,6.2304,5.84775800791489,"7.742e-05","2.038e-04",1.07
"BLOC1S4",0.4518,7.4238,5.87445292119581,"7.426e-05","1.969e-04",1.06
"NECAB1",-1.3634,5.7592,-5.86057042708593,"7.589e-05","2.003e-04",1.06
"NIPAL3",-0.3542,7.0669,-5.83420120498332,"7.908e-05","2.075e-04",1.06
"TERF2IP",-0.3278,7.4834,-5.8742307765368,"7.429e-05","1.969e-04",1.06
"RHOQ",0.6872,3.9749,5.74273720584056,"9.127e-05","2.346e-04",1.05
"ZBTB20",-3.0162,2.4522,-5.47603705220139,"1.396e-04","3.400e-04",1.05
"MED27",0.3255,6.0651,5.84038010275804,"7.832e-05","2.059e-04",1.05
"PRKRIP1",0.7117,6.2587,5.83243183742809,"7.929e-05","2.078e-04",1.05
"LANCL2",0.3153,7.0425,5.83599984444955,"7.885e-05","2.070e-04",1.05
"PLXDC1",-0.5538,3.2813,-5.6306021602026,"1.090e-04","2.743e-04",1.05
"ATP6V0A1",-0.3607,6.2361,-5.80831454509393,"8.234e-05","2.146e-04",1.04
"NMD3",0.3651,6.6183,5.80641390450734,"8.259e-05","2.151e-04",1.04
"FLAD1",0.4186,5.5621,5.77556140779051,"8.668e-05","2.246e-04",1.04
"ECHS1",-0.6045,6.4673,-5.87299658305511,"7.443e-05","1.971e-04",1.04
"PTPN21",-0.6695,4.8225,-5.7838950612194,"8.556e-05","2.220e-04",1.04
"VEGFA",-1.1726,6.9379,-5.81065488065812,"8.204e-05","2.139e-04",1.04
"NPRL3",-0.4924,5.9961,-5.81997627265296,"8.085e-05","2.112e-04",1.03
"CLDN2",-4.5688,1.2707,-5.28467341271592,"1.906e-04","4.453e-04",1.03
"SMCO4",0.6142,5.8661,5.81081281343129,"8.202e-05","2.139e-04",1.03
"TULP3",-0.7291,6.1863,-5.78834848188942,"8.496e-05","2.208e-04",1.02
"KRT18",-1.7981,9.7209,-5.9275755510022,"6.838e-05","1.841e-04",1.02
"RBM17",0.585,7.6583,5.82336932403739,"8.043e-05","2.103e-04",1.01
"LRRCC1",0.8378,5.3282,5.76650116139655,"8.792e-05","2.272e-04",1.01
"ZNFX1",0.745,3.7808,5.71319163496838,"9.563e-05","2.443e-04",1.01
"gga-mir-1713",-1.1579,1.6436,-5.37401115153166,"1.647e-04","3.927e-04",1.01
"CHAMP1",0.3049,7.4763,5.81308198197802,"8.173e-05","2.133e-04",1
"DDX42",0.4239,6.9893,5.78557155910537,"8.533e-05","2.216e-04",1
"PHLPP1",0.3136,7.2466,5.79718948907085,"8.379e-05","2.180e-04",0.99
"AP5Z1",0.363,5.493,5.75605344464049,"8.938e-05","2.303e-04",0.99
"PGPEP1L",-0.8289,3.0224,-5.62751140693772,"1.095e-04","2.754e-04",0.99
"ATP1B1",-1.9572,9.3002,-5.8687423513696,"7.493e-05","1.981e-04",0.98
"RNPC3",0.4896,6.0521,5.76682411020196,"8.788e-05","2.272e-04",0.98
"CCDC88A",0.8056,6.4381,5.74361012460508,"9.115e-05","2.344e-04",0.98
"TUBB6",-0.335,6.5364,-5.77486242227304,"8.678e-05","2.247e-04",0.98
"ITGB8",-0.7693,4.9125,-5.75940698371649,"8.891e-05","2.293e-04",0.98
"DGKI",-3.526,0.9462,-5.25802409893562,"1.991e-04","4.619e-04",0.97
"PLBD1",-1.2781,7.6635,-5.87166984480818,"7.459e-05","1.974e-04",0.97
"EIF1",0.4272,8.7802,5.88229554247871,"7.336e-05","1.950e-04",0.97
"SLC37A4",-2.096,7.189,-5.82942619070902,"7.967e-05","2.087e-04",0.97
"AGO3",0.5686,6.1689,5.74204924816587,"9.137e-05","2.348e-04",0.97
"ZHX2",0.4378,5.9605,5.76098291967122,"8.869e-05","2.289e-04",0.97
"TMCO6",0.4124,6.5654,5.78391948077474,"8.555e-05","2.220e-04",0.96
"ARF5",0.9267,5.0183,5.76037830368059,"8.877e-05","2.290e-04",0.96
"TAF7",0.4298,6.0013,5.7632078021693,"8.838e-05","2.282e-04",0.96
"TMEM97",-1.0215,7.2802,-5.83076638972007,"7.950e-05","2.083e-04",0.96
"BLMH",0.5355,7.6428,5.75555041444338,"8.945e-05","2.304e-04",0.95
"BCO2",-0.7664,2.9859,-5.57878724878807,"1.184e-04","2.944e-04",0.95
"P3H2",2.3904,1.1076,5.29555673809423,"1.872e-04","4.384e-04",0.95
"NCAN",2.0603,2.4884,5.44015447225378,"1.479e-04","3.571e-04",0.95
"YOD1",0.4924,6.9192,5.74967103828339,"9.028e-05","2.324e-04",0.95
"ICMT",0.7463,7.2229,5.79463350348744,"8.413e-05","2.187e-04",0.95
"FZD6",0.3042,6.9274,5.7748548467051,"8.678e-05","2.247e-04",0.94
"CLK2",0.6335,6.0203,5.74187901425319,"9.140e-05","2.348e-04",0.94
"SESTD1",-1.0813,6.784,-5.76973520934385,"8.748e-05","2.264e-04",0.94
"EDC4",0.3071,7.3978,5.74796533826637,"9.053e-05","2.329e-04",0.93
"TOM1L1",2.3115,2.2444,5.36933694869602,"1.660e-04","3.952e-04",0.93
"MPP3",0.4286,3.7397,5.70319769521666,"9.715e-05","2.477e-04",0.93
"SNRPD1",0.469,7.7927,5.82151969111581,"8.066e-05","2.108e-04",0.93
"OPTN",0.3495,7.1357,5.76650191458489,"8.792e-05","2.272e-04",0.92
"FDXR",-0.4065,8.254,-5.8232001250055,"8.045e-05","2.103e-04",0.92
"ACSM3",-1.8079,3.211,-5.4685371192964,"1.413e-04","3.436e-04",0.91
"USH1G",-1.8837,0.5526,-5.22902807970633,"2.088e-04","4.819e-04",0.91
"CAMLG",0.383,5.7632,5.72866688638905,"9.332e-05","2.393e-04",0.91
"TWF1",-0.7389,8.7149,-5.7953304988245,"8.403e-05","2.186e-04",0.91
"FMO3",-1.6298,9.1729,-5.86658856274129,"7.518e-05","1.987e-04",0.91
"PDE11A",1.0085,1.4713,5.39829977137074,"1.583e-04","3.796e-04",0.91
"CHM",-0.4994,5.4216,-5.6997637854446,"9.768e-05","2.489e-04",0.91
"FAH",-1.621,8.0283,-5.8376393116204,"7.865e-05","2.065e-04",0.9
"RNPEP",-0.5471,6.1958,-5.72658059909449,"9.363e-05","2.400e-04",0.9
"TNKS",0.424,6.6748,5.72393568114462,"9.402e-05","2.409e-04",0.9
"GPCPD1",-0.5835,5.6319,-5.72044573117566,"9.454e-05","2.420e-04",0.9
"DST",1.1862,5.0022,5.68869441595685,"9.940e-05","2.526e-04",0.9
"HMMR",-0.406,6.3187,-5.69205900962885,"9.888e-05","2.516e-04",0.88
"SEL1L3",-0.3906,6.3008,-5.71406038397942,"9.550e-05","2.441e-04",0.88
"ACTN4",-0.5424,7.6095,-5.76435754565929,"8.822e-05","2.278e-04",0.88
"PARD3",-0.472,6.2036,-5.68551645053041,"9.990e-05","2.537e-04",0.87
"RUSC2",-2.3226,0.8743,-5.25598787387073,"1.998e-04","4.632e-04",0.87
"SMPD4",0.2921,6.8255,5.71115162392187,"9.594e-05","2.449e-04",0.86
"PAQR9",-1.4735,3.4659,-5.55824007402118,"1.223e-04","3.025e-04",0.86
"PLOD1",-0.3086,7.1787,-5.74405568820677,"9.108e-05","2.343e-04",0.85
"TBC1D8",0.7392,3.7324,5.66314945109401,"1.035e-04","2.621e-04",0.85
"ZNF830",0.3467,7.3939,5.72888676155655,"9.329e-05","2.393e-04",0.85
"TSPAN13",-0.4888,5.9794,-5.70108223236433,"9.747e-05","2.485e-04",0.85
"RGS4",-1.6431,0.9974,-5.27605274832109,"1.933e-04","4.508e-04",0.85
"DESI1",-0.8578,7.8848,-5.76864805087965,"8.763e-05","2.267e-04",0.85
"PLXNA1",-0.5519,7.29,-5.69418109313338,"9.854e-05","2.509e-04",0.85
"UTP18",0.6165,6.5355,5.67906476025079,"1.009e-04","2.560e-04",0.84
"MAPK9",-1.0901,6.4267,-5.7163925595405,"9.515e-05","2.433e-04",0.84
"RPL5",-0.3916,9.1749,-5.7326862469115,"9.273e-05","2.381e-04",0.84
"WRNIP1",0.8163,6.2639,5.71490346724952,"9.537e-05","2.438e-04",0.84
"SEPSECS",-0.6424,6.1219,-5.6895469316837,"9.927e-05","2.524e-04",0.84
"TEAD1",-0.7437,5.9232,-5.68813862314196,"9.949e-05","2.528e-04",0.84
"NUP133",0.3851,6.9413,5.67908486623616,"1.009e-04","2.560e-04",0.84
"SMARCB1",0.285,8.2204,5.76074522045181,"8.872e-05","2.289e-04",0.83
"TBP",0.3664,5.9043,5.66033893097059,"1.040e-04","2.631e-04",0.83
"GPX3",-0.7412,6.8688,-5.81944649508853,"8.092e-05","2.113e-04",0.83
"ZC3H10",0.6519,5.5653,5.68331341949698,"1.003e-04","2.545e-04",0.83
"MPRIP",-0.3575,7.1808,-5.71001864531422,"9.611e-05","2.453e-04",0.83
"USP13",0.9866,3.1194,5.58945545598691,"1.164e-04","2.900e-04",0.82
"RLIM",0.5263,6.889,5.66232740263323,"1.036e-04","2.624e-04",0.82
"MTO1",0.3152,6.7455,5.68056222056803,"1.007e-04","2.556e-04",0.82
"OTC",-3.4512,0.1167,-5.1541771464025,"2.363e-04","5.374e-04",0.82
"MAEA",-0.5319,7.0942,-5.69581973862528,"9.829e-05","2.503e-04",0.81
"FBXO2",0.7024,4.1609,5.6399636181019,"1.074e-04","2.713e-04",0.81
"NCOR2",-0.6426,7.3155,-5.68896514638791,"9.936e-05","2.526e-04",0.81
"ATP1A1",-0.6414,9.1602,-5.77325212938648,"8.700e-05","2.252e-04",0.81
"SFT2D1",-0.4298,6.9957,-5.73144167545962,"9.291e-05","2.384e-04",0.81
"AGPS",-0.3939,5.6036,-5.66373599257913,"1.034e-04","2.620e-04",0.81
"FZD7",0.499,3.9115,5.6417636854935,"1.071e-04","2.707e-04",0.81
"LAPTM5",-1.0533,5.697,-5.70446359966847,"9.695e-05","2.473e-04",0.8
"AGMAT",-0.6865,5.2955,-5.67354073461844,"1.018e-04","2.582e-04",0.8
"SEMA6C",1.4631,1.1851,5.29973548488567,"1.859e-04","4.359e-04",0.8
"ATMIN",0.5366,5.3556,5.65782773562328,"1.044e-04","2.641e-04",0.8
"GPATCH2",0.615,4.6164,5.63724538705586,"1.079e-04","2.720e-04",0.8
"RAI14",0.9086,4.3526,5.63883226154885,"1.076e-04","2.717e-04",0.8
"HABP2",-3.6588,1.4452,-5.17299642347822,"2.291e-04","5.231e-04",0.8
"PMCH",-1.2094,2.3379,-5.38345754964246,"1.622e-04","3.875e-04",0.79
"CHCHD4",0.4279,6.3168,5.62575483411793,"1.098e-04","2.761e-04",0.79
"AZIN2",-0.6324,3.5975,-5.55931233112691,"1.221e-04","3.022e-04",0.79
"POU2F3",-0.6187,1.9197,-5.39819417056167,"1.584e-04","3.796e-04",0.78
"DNAJC13",-0.5049,7.2295,-5.65090655134523,"1.055e-04","2.669e-04",0.78
"INO80",0.5618,6.387,5.6317172229409,"1.088e-04","2.739e-04",0.78
"SARAF",-1.0717,7.2653,-5.69252586916839,"9.880e-05","2.515e-04",0.78
"DGKG",4.037,0.5377,5.1631383985992,"2.328e-04","5.302e-04",0.78
"OFD1",0.6099,3.8424,5.61759404808672,"1.113e-04","2.793e-04",0.77
"PSKH1",0.683,5.3536,5.63722322601989,"1.079e-04","2.720e-04",0.77
"FLRT2",-1.1552,2.6402,-5.32279489355652,"1.790e-04","4.218e-04",0.77
"PRDX4",-0.4412,8.1014,-5.7486609864254,"9.043e-05","2.327e-04",0.77
"HOMER2",0.7755,4.6797,5.63139728789822,"1.089e-04","2.740e-04",0.77
"AMER1",0.6367,5.0559,5.62199840265098,"1.105e-04","2.775e-04",0.76
"CLSTN3",-0.5662,4.9308,-5.63395755782577,"1.084e-04","2.730e-04",0.76
"URI1",0.2987,7.8672,5.7221363076906,"9.429e-05","2.414e-04",0.76
"NOB1",0.5219,7.7589,5.72342805282795,"9.409e-05","2.410e-04",0.76
"SIPA1L2",0.9752,3.3799,5.56602989956784,"1.208e-04","2.995e-04",0.76
"RNF168",0.7007,6.2655,5.61948446570674,"1.109e-04","2.786e-04",0.76
"BAG5",0.5045,4.8595,5.61638393477224,"1.115e-04","2.798e-04",0.76
"CPNE1",0.307,6.1283,5.62264727140556,"1.104e-04","2.773e-04",0.75
"ZFAT",-0.5619,3.3733,-5.56317624297884,"1.214e-04","3.005e-04",0.74
"UBE2E3",-0.3605,5.1043,-5.60940664221532,"1.127e-04","2.824e-04",0.74
"CCDC65",1.0618,1.455,5.27774564934585,"1.928e-04","4.499e-04",0.74
"MPV17L2",0.4995,6.2717,5.63760990752076,"1.078e-04","2.720e-04",0.74
"ANGPTL3",-3.3857,1.2534,-5.12795897334211,"2.468e-04","5.583e-04",0.74
"MED23",0.4021,6.4806,5.60732140228145,"1.131e-04","2.833e-04",0.73
"LRP2",-1.843,4.5192,-5.58995449394537,"1.163e-04","2.899e-04",0.73
"APCDD1",-2.2804,8.8848,-5.7402373126473,"9.163e-05","2.354e-04",0.72
"KCTD16",-2.594,1.0821,-5.21006120709157,"2.155e-04","4.955e-04",0.72
"KDR",0.7484,1.5699,5.32455235697668,"1.785e-04","4.208e-04",0.72
"TMEM241",-0.6809,5.903,-5.63531706352911,"1.082e-04","2.727e-04",0.72
"F2",-1.7023,8.151,-5.71701032339814,"9.505e-05","2.432e-04",0.72
"SMARCA2",-0.415,7.4279,-5.62544861280437,"1.099e-04","2.762e-04",0.71
"CRTC1",0.5575,5.653,5.59275002224232,"1.158e-04","2.889e-04",0.7
"ANTXR1",-3.0281,1.1218,-5.08880050747044,"2.634e-04","5.909e-04",0.7
"GPT2",-1.9647,6.7539,-5.66551123702217,"1.031e-04","2.613e-04",0.7
"PMEPA1",0.3635,5.1632,5.60493138939476,"1.135e-04","2.842e-04",0.7
"gga-mir-21",-1.6409,1.609,-5.24577121790213,"2.031e-04","4.702e-04",0.7
"APOH",-1.5299,8.6417,-5.71751832846439,"9.498e-05","2.430e-04",0.7
"GPR180",0.3952,4.9686,5.58475859246489,"1.173e-04","2.917e-04",0.69
"DCUN1D2",0.4216,5.5156,5.58844013642924,"1.166e-04","2.904e-04",0.69
"PHF12",0.3861,7.3862,5.5906522634717,"1.162e-04","2.897e-04",0.69
"CBY1",0.9297,4.9381,5.58984303811237,"1.163e-04","2.899e-04",0.68
"SGTB",0.4249,4.6912,5.56969213038914,"1.201e-04","2.980e-04",0.68
"SIRT4",-0.293,5.038,-5.58816884434671,"1.166e-04","2.904e-04",0.68
"UBE3C",-0.4546,6.2589,-5.60234435317855,"1.140e-04","2.852e-04",0.67
"HVCN1",-0.3407,3.4919,-5.52680322293212,"1.287e-04","3.166e-04",0.67
"SLC37A1",0.3561,4.7755,5.56708883980151,"1.206e-04","2.991e-04",0.67
"SNX7",-0.515,5.7012,-5.57564976130605,"1.190e-04","2.955e-04",0.67
"CHMP2B",-0.4752,6.7628,-5.61354618114139,"1.120e-04","2.809e-04",0.67
"HOXA13",-0.6273,5.3584,-5.58570746212211,"1.171e-04","2.914e-04",0.66
"KDM3B",-0.51,6.1692,-5.57173403570302,"1.197e-04","2.972e-04",0.66
"SEL1L",-0.6728,7.4006,-5.62886071240051,"1.093e-04","2.749e-04",0.65
"CCDC112",-0.5549,3.2627,-5.44460241510165,"1.469e-04","3.550e-04",0.65
"PRIMPOL",0.6345,3.7406,5.48347971515846,"1.380e-04","3.369e-04",0.65
"UBE2I",0.3382,8.1911,5.61098854749969,"1.125e-04","2.820e-04",0.65
"USP38",-0.3768,5.7853,-5.56245063056946,"1.215e-04","3.007e-04",0.65
"PPWD1",0.3225,6.2172,5.56455570390024,"1.211e-04","2.999e-04",0.65
"CCDC80",-3.7244,0.5611,-5.07327192685782,"2.704e-04","6.048e-04",0.65
"CRYZ",-0.3864,7.2352,-5.60219284990338,"1.140e-04","2.852e-04",0.65
"CDK2",0.4786,8.0828,5.66336234241702,"1.035e-04","2.621e-04",0.64
"SPTY2D1",0.3202,6.2195,5.56964719971844,"1.201e-04","2.980e-04",0.64
"PGS1",0.404,6.4109,5.59265091821849,"1.158e-04","2.889e-04",0.64
"VPS13C",-1.0935,3.838,-5.53068513886771,"1.279e-04","3.148e-04",0.64
"ACAA2",-0.8217,7.7078,-5.63406064952595,"1.084e-04","2.730e-04",0.63
"HIPK2",-1.4646,8.2817,-5.63405540354254,"1.084e-04","2.730e-04",0.63
"ZNF438",0.497,5.5682,5.54528781166623,"1.249e-04","3.084e-04",0.63
"SMARCD2",-0.5852,8.0723,-5.63680013519955,"1.079e-04","2.721e-04",0.63
"RNLS",1.3634,2.6774,5.35497888383455,"1.699e-04","4.028e-04",0.63
"GLOD5",-2.2684,3.9939,-5.34033223012666,"1.740e-04","4.118e-04",0.63
"NT5DC3",0.6233,5.2774,5.53760392579244,"1.265e-04","3.117e-04",0.62
"PSME3",0.2846,8.5908,5.59606271323815,"1.152e-04","2.877e-04",0.62
"KLHDC8B",1.2619,1.9264,5.27718869514046,"1.929e-04","4.500e-04",0.62
"EXOC5",0.3308,6.5352,5.54069365898851,"1.258e-04","3.105e-04",0.62
"SCUBE2",-1.0455,2.3589,-5.26453415791495,"1.970e-04","4.577e-04",0.61
"STIL",0.3615,4.531,5.52429285377197,"1.292e-04","3.176e-04",0.61
"XRCC4",-0.3699,4.2938,-5.52113227727256,"1.298e-04","3.187e-04",0.61
"CALCA",0.8458,3.9794,5.52033152607591,"1.300e-04","3.188e-04",0.61
"STIM1",-0.3938,6.4206,-5.53981083284105,"1.260e-04","3.107e-04",0.59
"LRMP",-2.1987,0.9182,-5.09840004471058,"2.593e-04","5.831e-04",0.59
"STXBP5",0.4254,5.7454,5.52159118836713,"1.297e-04","3.187e-04",0.59
"GPR137C",1.4817,2.623,5.27187278608105,"1.946e-04","4.534e-04",0.59
"CWC15",0.3728,6.7193,5.52392448818549,"1.293e-04","3.176e-04",0.59
"THRAP3",-0.3297,8.0049,-5.5502553691332,"1.239e-04","3.060e-04",0.59
"ARSK",-0.8941,3.27,-5.37515431123028,"1.644e-04","3.921e-04",0.59
"EXOSC7",0.3892,6.9664,5.53347163948613,"1.273e-04","3.135e-04",0.58
"SLC6A19",0.9618,1.3109,5.20340527208622,"2.178e-04","5.004e-04",0.58
"PLCH1",-0.3936,6.2253,-5.5210250848298,"1.299e-04","3.187e-04",0.58
"PRRX1",0.5665,3.8118,5.50135012047498,"1.340e-04","3.279e-04",0.58
"COX7C",-0.3996,6.6851,-5.53437801526417,"1.271e-04","3.132e-04",0.58
"NOTUM",-1.4632,7.3257,-5.59520789382073,"1.153e-04","2.880e-04",0.58
"PLEKHA7",-0.6041,6.9505,-5.54474629512114,"1.250e-04","3.086e-04",0.58
"PPP3CC",0.4397,5.6432,5.52474186969945,"1.291e-04","3.174e-04",0.57
"TMF1",-0.4262,6.0464,-5.51322135179443,"1.315e-04","3.223e-04",0.57
"ANKRD40",0.7119,5.1652,5.50793100547228,"1.326e-04","3.250e-04",0.57
"FNDC3B",0.566,5.4447,5.50395087679078,"1.335e-04","3.267e-04",0.56
"STUB1",0.3748,7.3579,5.55912447590693,"1.222e-04","3.022e-04",0.56
"LRRC38",-0.8885,3.5623,-5.42679012500316,"1.512e-04","3.642e-04",0.56
"ARF6",0.4227,8.1446,5.57366926062834,"1.194e-04","2.963e-04",0.55
"LPCAT3",-0.8695,7.3577,-5.55512465606722,"1.230e-04","3.038e-04",0.55
"TAGLN3",1.7282,0.5918,5.05381212150535,"2.793e-04","6.230e-04",0.55
"CYP21A1",-0.4799,4.0721,-5.46721625574184,"1.416e-04","3.440e-04",0.55
"GPA33",-1.9655,3.2301,-5.23807993447304,"2.057e-04","4.756e-04",0.55
"LARP7",0.4286,4.5921,5.49263433564356,"1.359e-04","3.322e-04",0.55
"BEND6",0.7135,4.7436,5.49340915025939,"1.358e-04","3.319e-04",0.55
"RARS2",-0.5202,5.3643,-5.50688194725294,"1.329e-04","3.253e-04",0.55
"GPR183",-2.1417,0.711,-5.02775943659168,"2.917e-04","6.477e-04",0.55
"CIB2",0.9967,2.8725,5.40658196012758,"1.562e-04","3.750e-04",0.55
"PDIA5",-1.1387,8.5391,-5.60506621732863,"1.135e-04","2.842e-04",0.54
"YAF2",0.4276,6.0127,5.50592963016776,"1.331e-04","3.257e-04",0.54
"KLHL11",0.5772,6.7765,5.52066091507305,"1.299e-04","3.188e-04",0.54
"CLCN3",-0.6677,7.7616,-5.56448764659872,"1.211e-04","2.999e-04",0.54
"IDH1",-1.7605,8.5691,-5.5944948272554,"1.155e-04","2.883e-04",0.53
"NR0B2",-0.5314,4.307,-5.44132009377393,"1.477e-04","3.565e-04",0.53
"NIPSNAP1",-0.9941,5.5758,-5.5230943464136,"1.294e-04","3.180e-04",0.52
"EPHB1",0.5078,6.2625,5.4792615268936,"1.389e-04","3.386e-04",0.52
"SERAC1",-0.5088,4.2596,-5.46099339520552,"1.430e-04","3.470e-04",0.52
"ALG2",0.7689,6.9688,5.53411523945586,"1.272e-04","3.132e-04",0.51
"SALL1",-0.4339,4.1715,-5.46536738313479,"1.420e-04","3.448e-04",0.51
"FKBP7",0.6877,3.5223,5.36510104734564,"1.671e-04","3.974e-04",0.51
"DYNC1LI1",0.3113,7.8359,5.51688764006542,"1.307e-04","3.205e-04",0.51
"MRPS26",0.3838,6.8768,5.47423305034903,"1.400e-04","3.409e-04",0.51
"APBA3",0.4102,5.5029,5.46801210246302,"1.414e-04","3.436e-04",0.5
"MPP5",0.452,5.3108,5.46877447477789,"1.413e-04","3.436e-04",0.5
"ADGRA3",0.4407,5.528,5.46821798081741,"1.414e-04","3.436e-04",0.5
"MGAT2",0.8108,7.016,5.52587084105551,"1.289e-04","3.169e-04",0.5
"RAI2",-1.2386,6.716,-5.52941093513061,"1.281e-04","3.153e-04",0.5
"RAB33B",0.279,6.6062,5.4760695417399,"1.396e-04","3.400e-04",0.5
"HDX",0.6419,4.2639,5.4598754997874,"1.433e-04","3.472e-04",0.5
"Pou5f3",0.3613,3.4482,5.44382704815835,"1.471e-04","3.553e-04",0.5
"WIF1",-1.0121,2.9666,-5.18696414867333,"2.238e-04","5.126e-04",0.49
"gga-mir-6617",-2.2538,0.5665,-4.94367435481878,"3.360e-04","7.332e-04",0.49
"TTI2",0.6312,4.82,5.46947454488986,"1.411e-04","3.433e-04",0.49
"TSPAN15",3.6289,0.7549,4.96355164231542,"3.250e-04","7.126e-04",0.49
"ACTG1",-0.6427,9.2875,-5.4630749397127,"1.426e-04","3.460e-04",0.49
"GFRA3",-2.2518,9.1293,-5.60936783044241,"1.127e-04","2.824e-04",0.49
"NOP56",0.4338,7.9818,5.50750806497497,"1.327e-04","3.251e-04",0.48
"RAD17",0.5191,5.1714,5.45663576874732,"1.441e-04","3.488e-04",0.48
"CORO1C",0.3055,7.0442,5.46143198627382,"1.429e-04","3.468e-04",0.48
"MDM1",0.5419,4.1531,5.44447081761628,"1.469e-04","3.550e-04",0.48
"DCUN1D1",0.4856,6.4434,5.4473173023212,"1.462e-04","3.537e-04",0.48
"PRDX1",-0.5624,10.4058,-5.59604801578616,"1.152e-04","2.877e-04",0.48
"ZNF518B",0.942,5.4996,5.46061171249198,"1.431e-04","3.470e-04",0.47
"DEPDC7",-0.3524,5.2757,-5.45539427320463,"1.443e-04","3.494e-04",0.47
"MGRN1",-0.4119,6.1125,-5.47955282153732,"1.388e-04","3.386e-04",0.47
"FBXO21",0.6755,5.2857,5.46699349595776,"1.417e-04","3.440e-04",0.47
"NDRG4",2.22,1.9383,5.10007493406038,"2.585e-04","5.817e-04",0.46
"P2RX2",0.6927,3.6991,5.3883860077174,"1.609e-04","3.847e-04",0.46
"gga-mir-1740",-1.6079,0.2544,-4.91610702446999,"3.520e-04","7.636e-04",0.46
"SNX21",1.3329,4.6975,5.43019065250775,"1.504e-04","3.625e-04",0.46
"ALKBH2",0.4668,3.4691,5.4231922914998,"1.521e-04","3.659e-04",0.45
"PHTF2",0.4198,6.1233,5.44668638171412,"1.464e-04","3.540e-04",0.45
"KLF12",-0.7303,4.2465,-5.42150585250343,"1.525e-04","3.666e-04",0.45
"CHRNB2",-0.5879,4.2311,-5.35890575067083,"1.688e-04","4.008e-04",0.45
"RBMS2",0.3837,4.5921,5.42181176558285,"1.524e-04","3.665e-04",0.45
"CD74",-0.8183,6.7543,-5.57757277682072,"1.186e-04","2.948e-04",0.45
"CA8",-0.671,3.8987,-5.39026060906737,"1.604e-04","3.840e-04",0.44
"RPL7L1",0.7337,7.7013,5.4605790953908,"1.431e-04","3.470e-04",0.44
"GNPTG",0.4169,6.601,5.48024995924253,"1.387e-04","3.384e-04",0.44
"TRPM5",-1.1336,2.3512,-5.06038805295803,"2.762e-04","6.167e-04",0.44
"GSTCD",0.4619,4.8689,5.43035901286937,"1.503e-04","3.625e-04",0.43
"HINT3",0.3474,5.7611,5.45420485082629,"1.446e-04","3.500e-04",0.43
"FRMD3",0.7638,2.3191,5.21599398496219,"2.134e-04","4.916e-04",0.42
"PAN3",-0.5161,5.7527,-5.43801776508468,"1.485e-04","3.581e-04",0.42
"SUN2",-0.3718,6.5959,-5.49374933520747,"1.357e-04","3.318e-04",0.41
"ATF3",0.6203,5.5648,5.42860337601344,"1.507e-04","3.632e-04",0.41
"PRDM11",-0.7733,4.6703,-5.40987564779836,"1.554e-04","3.731e-04",0.41
"NUCB2",-0.4603,7.4841,-5.45981639318808,"1.433e-04","3.472e-04",0.41
"TSHZ3",1.7204,1.2547,5.04140882997668,"2.851e-04","6.345e-04",0.41
"MLXIP",-0.6651,6.6407,-5.45846037199833,"1.436e-04","3.479e-04",0.41
"RYR3",-0.5879,2.9493,-5.3605817392423,"1.683e-04","3.999e-04",0.4
"TJP3",-0.4933,4.1442,-5.37332784240253,"1.649e-04","3.930e-04",0.4
"TXNRD3",0.3808,7.6071,5.42927035892782,"1.506e-04","3.629e-04",0.4
"TAX1BP1",-0.7618,8.1277,-5.48045241671661,"1.386e-04","3.384e-04",0.4
"PLXND1",0.6354,3.7003,5.36380276985882,"1.675e-04","3.979e-04",0.39
"CGGBP1",0.6432,4.9021,5.39809382920587,"1.584e-04","3.796e-04",0.39
"RASA2",0.626,6.1408,5.38846993415085,"1.609e-04","3.847e-04",0.39
"MATN3",4.1576,-0.1399,4.86607929405074,"3.832e-04","8.220e-04",0.39
"PTPRG",-0.4749,6.0131,-5.38897120005695,"1.607e-04","3.846e-04",0.39
"AMD1",-0.364,7.8621,-5.47037917966087,"1.409e-04","3.429e-04",0.38
"MIF4GD",-0.7543,7.4344,-5.49749323215962,"1.349e-04","3.299e-04",0.38
"UROC1",-1.0706,1.3781,-5.11895036914516,"2.505e-04","5.659e-04",0.38
"GALT",-0.4817,4.5971,-5.37749589352274,"1.638e-04","3.908e-04",0.38
"MCF2",-0.7198,4.8544,-5.39904352307787,"1.581e-04","3.793e-04",0.38
"SLC9A3R2",-1.3784,7.6904,-5.4794103685622,"1.389e-04","3.386e-04",0.38
"STRN3",0.3706,7.2518,5.42212105431186,"1.523e-04","3.664e-04",0.38
"AOAH",-1.0073,2.184,-5.06981760180712,"2.719e-04","6.078e-04",0.37
"CHPT1",1.245,2.0827,5.03381779013676,"2.888e-04","6.422e-04",0.37
"UFM1",-0.5213,7.3645,-5.42347353095944,"1.520e-04","3.659e-04",0.36
"LETM1",0.4335,6.6397,5.40269771487548,"1.572e-04","3.772e-04",0.36
"PCDH10",1.3228,0.8582,4.90892332485186,"3.563e-04","7.719e-04",0.36
"SNX3",-0.7449,6.8279,-5.42557575929554,"1.515e-04","3.648e-04",0.36
"C22orf39",0.5262,6.4079,5.48456506825448,"1.377e-04","3.364e-04",0.36
"VWA8",-0.8759,6.0667,-5.38677205394761,"1.613e-04","3.856e-04",0.36
"LEPR",1.834,0.9841,4.99305875159076,"3.092e-04","6.823e-04",0.36
"TMEM69",0.3461,6.4388,5.39101137866902,"1.602e-04","3.837e-04",0.36
"KIAA0907",0.3777,7.3226,5.42334340405251,"1.520e-04","3.659e-04",0.35
"SGPP1",0.8027,5.4582,5.38889239382571,"1.608e-04","3.846e-04",0.35
"REEP5",-0.413,5.7568,-5.39045838413291,"1.604e-04","3.840e-04",0.35
"UBA6",0.2909,6.2514,5.38343318609504,"1.622e-04","3.875e-04",0.35
"EXOC2",-0.6607,7.4593,-5.41981123849164,"1.529e-04","3.675e-04",0.35
"ISCA2",0.5511,7.306,5.46838747332702,"1.414e-04","3.436e-04",0.34
"GRB2",-0.3928,9.6186,-5.52117772229475,"1.298e-04","3.187e-04",0.34
"TAB1",0.3858,5.1249,5.36715498408708,"1.666e-04","3.963e-04",0.33
"FABP6",0.6845,3.2101,5.28968385659923,"1.890e-04","4.421e-04",0.33
"SEMA3G",0.7337,1.6906,5.13309197183898,"2.447e-04","5.543e-04",0.32
"USP28",0.2904,5.5451,5.3578659272695,"1.691e-04","4.012e-04",0.32
"OGG1",1.0066,-0.2551,4.85483021892823,"3.906e-04","8.368e-04",0.32
"CACNG3",0.677,6.4112,5.38293750267347,"1.623e-04","3.877e-04",0.31
"IGF2BP2",0.7107,5.2106,5.36790510871982,"1.663e-04","3.960e-04",0.31
"PSMD10",0.6101,6.7678,5.40476455863994,"1.567e-04","3.760e-04",0.31
"KANSL1",0.2636,6.6996,5.37300548384602,"1.650e-04","3.931e-04",0.31
"FGG",-2.8225,2.215,-4.9677352026894,"3.227e-04","7.083e-04",0.3
"SLC16A8",-1.0451,1.0141,-4.94377999225325,"3.360e-04","7.332e-04",0.3
"DDO",-2.9707,3.6671,-5.21517418225404,"2.136e-04","4.921e-04",0.3
"EIF4E2",0.4946,6.6865,5.35018601623148,"1.712e-04","4.057e-04",0.3
"CENPW",-0.7979,7.4505,-5.41325396624208,"1.545e-04","3.713e-04",0.3
"UBXN10",0.8396,3.2818,5.26305473413738,"1.975e-04","4.587e-04",0.29
"PLK2",-0.6515,5.8552,-5.39712302091528,"1.586e-04","3.801e-04",0.29
"PMPCB",-0.6862,6.8053,-5.38137218508121,"1.627e-04","3.885e-04",0.29
"TANGO2",-0.4345,6.2548,-5.35863821004088,"1.689e-04","4.008e-04",0.29
"PDCL",0.5549,6.5432,5.35891996223182,"1.688e-04","4.008e-04",0.29
"gga-mir-1634-2",1.1971,0.8855,4.89286711787704,"3.662e-04","7.911e-04",0.29
"SVOPL",1.526,1.264,5.00053763038352,"3.054e-04","6.744e-04",0.28
"DICER1",-0.7191,6.1776,-5.33389589681827,"1.758e-04","4.155e-04",0.28
"ASPSCR1",-1.511,7.4775,-5.43819534646718,"1.484e-04","3.581e-04",0.28
"ANKRD22",-2.8787,5.6863,-5.36775557355754,"1.664e-04","3.960e-04",0.28
"RASL12",0.7863,2.0953,5.19445359380656,"2.211e-04","5.067e-04",0.28
"UBE2K",0.3322,6.973,5.3656182438038,"1.670e-04","3.972e-04",0.28
"CACYBP",0.8383,7.8719,5.36461069849615,"1.672e-04","3.975e-04",0.28
"ECHDC3",-0.5641,6.4911,-5.37120963002688,"1.655e-04","3.942e-04",0.27
"LARS2",-0.6775,6.2126,-5.35615659295701,"1.696e-04","4.022e-04",0.27
"GRIN2A",-1.5082,3.9586,-5.26620647106989,"1.964e-04","4.568e-04",0.26
"MCM2",0.5998,6.9179,5.33069768099551,"1.768e-04","4.174e-04",0.26
"CWC25",0.5956,5.9229,5.33417442631034,"1.758e-04","4.154e-04",0.25
"ZDHHC14",-0.8096,5.0728,-5.31930206755448,"1.801e-04","4.235e-04",0.25
"NXPH2",-0.6733,4.6598,-5.2750943304328,"1.936e-04","4.513e-04",0.25
"AFAP1",-1.4745,4.656,-5.31957393593522,"1.800e-04","4.235e-04",0.25
"SAP130",-0.3808,6.4125,-5.32668105409426,"1.779e-04","4.196e-04",0.24
"BRE",-0.4566,7.0406,-5.33768736826795,"1.747e-04","4.134e-04",0.24
"LAMP1",-1.162,9.0444,-5.44948120260309,"1.457e-04","3.526e-04",0.24
"PHLPP2",0.5607,6.1358,5.32071302892801,"1.797e-04","4.230e-04",0.24
"SYT7",-0.3619,6.73,-5.35017180318199,"1.712e-04","4.057e-04",0.23
"AMH",1.1832,1.4754,5.00001226028717,"3.056e-04","6.748e-04",0.23
"RGCC",1.3401,2.6733,4.98950686401974,"3.111e-04","6.859e-04",0.23
"AHRR",-1.0993,5.9913,-5.32391695623528,"1.787e-04","4.211e-04",0.22
"CYTH1",0.5697,5.6457,5.30771680090495,"1.835e-04","4.308e-04",0.22
"PPDPF",-0.7848,10.6005,-5.44300710156782,"1.473e-04","3.557e-04",0.22
"MED19",0.4106,6.277,5.33719112685113,"1.749e-04","4.136e-04",0.21
"CHN1",0.4965,5.7148,5.30379845605386,"1.847e-04","4.332e-04",0.21
"RAB3A",0.3702,6.0874,5.31096905127982,"1.825e-04","4.288e-04",0.21
"C1H21ORF59",0.3656,5.4882,5.32218954652,"1.792e-04","4.221e-04",0.21
"SLC30A6",0.3938,5.5839,5.3043248168292,"1.845e-04","4.331e-04",0.21
"UBE3D",0.4267,3.9104,5.2615875779297,"1.979e-04","4.595e-04",0.2
"TRIM37",-0.4704,6.2765,-5.29828436615531,"1.864e-04","4.368e-04",0.19
"CMTM4",-0.7192,5.4047,-5.30980473103366,"1.829e-04","4.295e-04",0.19
"IL15",-2.7885,2.0634,-4.83856562625015,"4.015e-04","8.568e-04",0.19
"NUDCD2",0.4349,6.7959,5.29681548623298,"1.868e-04","4.376e-04",0.19
"SHOC2",-0.4938,5.2808,-5.2818986052325,"1.914e-04","4.470e-04",0.19
"FAS",-0.5863,3.9142,-5.20195678543825,"2.184e-04","5.014e-04",0.18
"SHROOM2",-0.5439,6.1479,-5.28674207579653,"1.899e-04","4.440e-04",0.18
"DUSP19",0.8258,5.0652,5.28262505038762,"1.912e-04","4.465e-04",0.18
"PTGR2",-0.3291,4.6411,-5.2775685799441,"1.928e-04","4.499e-04",0.18
"DAG1",-0.5126,7.3445,-5.34048755363773,"1.740e-04","4.118e-04",0.17
"EFNB1",0.6457,5.7262,5.30331854917882,"1.848e-04","4.335e-04",0.17
"CFAP99",0.7478,1.1418,4.89274510136948,"3.662e-04","7.911e-04",0.17
"GNL3",0.3343,8.6519,5.3483501662174,"1.717e-04","4.068e-04",0.17
"PES1",0.5189,8.1735,5.37591872385121,"1.642e-04","3.917e-04",0.17
"TMEM116",-1.0279,1.9516,-4.93942438886713,"3.384e-04","7.379e-04",0.16
"SMIM20",-0.7233,6.2671,-5.34144625628565,"1.737e-04","4.113e-04",0.16
"CEP192",0.3971,6.5673,5.24909351888854,"2.020e-04","4.682e-04",0.16
"PRKAB2",0.5413,5.4305,5.26863427596025,"1.957e-04","4.554e-04",0.15
"ARID1B",-0.4643,6.3466,-5.26589274485398,"1.965e-04","4.569e-04",0.15
"EVA1C",2.6272,1.4755,4.84353514978776,"3.981e-04","8.504e-04",0.15
"TXNL4B",0.451,3.1519,5.2091937653762,"2.158e-04","4.960e-04",0.15
"ROPN1L",-0.9133,3.4081,-5.16758506355226,"2.311e-04","5.269e-04",0.15
"RSBN1L",-0.4433,5.4366,-5.2675711390495,"1.960e-04","4.561e-04",0.14
"TPST1",0.2858,6.4449,5.27447065524046,"1.938e-04","4.517e-04",0.14
"MRPS2",0.7138,6.2895,5.28984037480303,"1.890e-04","4.421e-04",0.14
"LEAP2",-1.8172,1.4445,-4.81154914294135,"4.204e-04","8.924e-04",0.14
"ACSS2",-0.9199,8.2599,-5.3559232290599,"1.696e-04","4.023e-04",0.14
"UBE2H",-0.3707,7.4578,-5.32597632976089,"1.781e-04","4.199e-04",0.13
"SH3GL1",-0.3282,7.4351,-5.31942253049164,"1.800e-04","4.235e-04",0.13
"CDKN2A",-0.6342,7.8457,-5.38235632247893,"1.625e-04","3.880e-04",0.13
"CDCA7L",0.4545,8.5208,5.32966895336811,"1.770e-04","4.180e-04",0.13
"TNIK",0.491,5.9151,5.26575152587916,"1.966e-04","4.569e-04",0.12
"GSS",-0.3802,8.3144,-5.36456872503681,"1.673e-04","3.975e-04",0.12
"MXD1",0.3254,5.4162,5.24854381626225,"2.022e-04","4.685e-04",0.12
"RBBP8",0.3431,6.6832,5.24768112877377,"2.025e-04","4.690e-04",0.12
"FBXO42",0.3543,7.0406,5.28426540718235,"1.907e-04","4.455e-04",0.12
"FADD",-0.4759,6.158,-5.28521728644704,"1.904e-04","4.450e-04",0.12
"LCORL",-0.4929,4.7249,-5.23638678058509,"2.063e-04","4.768e-04",0.11
"NUMA1",-0.2777,7.4967,-5.2735258800905,"1.941e-04","4.523e-04",0.11
"COPG1",-0.7332,7.9019,-5.31358486286474,"1.818e-04","4.273e-04",0.11
"BYSL",0.6295,7.6625,5.29401730180175,"1.877e-04","4.393e-04",0.11
"CEP70",-0.3871,5.3629,-5.25646248517565,"1.996e-04","4.629e-04",0.11
"UMAD1",0.398,6.0555,5.26142598230994,"1.980e-04","4.595e-04",0.11
"LDHB",-0.3765,7.7342,-5.31170565511658,"1.823e-04","4.285e-04",0.11
"SLC38A11",1.7339,1.8128,4.83780814276189,"4.020e-04","8.577e-04",0.11
"SLC25A21",-0.6725,4.0275,-5.17895386478332,"2.268e-04","5.186e-04",0.11
"RIOK3",-0.8948,8.4861,-5.32772514574033,"1.776e-04","4.190e-04",0.1
"PUM3",0.5158,7.225,5.24253089365773,"2.042e-04","4.725e-04",0.1
"ABCA4",-0.7872,1.5893,-4.98230162885171,"3.149e-04","6.930e-04",0.1
"TSTA3",-0.3217,6.4372,-5.25123523570289,"2.013e-04","4.667e-04",0.1
"SLC10A7",-0.4942,5.7221,-5.21860984111929,"2.124e-04","4.897e-04",0.1
"CPM",3.0247,0.616,4.74540467831661,"4.707e-04","9.879e-04",0.1
"MDH1",-0.66,8.357,-5.2969414519909,"1.868e-04","4.376e-04",0.09
"ANKRD33B",0.4481,3.9058,5.21345602642141,"2.143e-04","4.934e-04",0.09
"UBE2V2",0.4354,7.093,5.21947095287667,"2.121e-04","4.893e-04",0.08
"BARHL2",3.766,0.0449,4.69438723578839,"5.138e-04","1.065e-03",0.08
"DCBLD1",-0.5152,4.9063,-5.2310898431564,"2.081e-04","4.805e-04",0.08
"SLC16A14",-0.6297,5.9205,-5.24009913731125,"2.051e-04","4.741e-04",0.08
"TRMT61B",0.5782,5.3066,5.24187728333039,"2.045e-04","4.729e-04",0.08
"E2F3",0.4319,5.8476,5.23026678162257,"2.084e-04","4.811e-04",0.08
"DCAKD",-1.0013,2.8475,-5.09706565498302,"2.598e-04","5.843e-04",0.08
"DLGAP5",-0.9623,7.4792,-5.27134316538931,"1.948e-04","4.536e-04",0.07
"ECI2",-0.6523,8.8192,-5.33957412148063,"1.742e-04","4.122e-04",0.07
"ITGA8",4.2706,0.8765,4.7245822674985,"4.878e-04","1.019e-03",0.06
"TRPV2",-1.5065,2.336,-4.84557986869202,"3.967e-04","8.488e-04",0.06
"TRAF3IP3",-2.7418,0.447,-4.70408302055953,"5.053e-04","1.050e-03",0.06
"TEAD3",0.8469,3.237,5.09608476840928,"2.603e-04","5.849e-04",0.06
"ABCG2",-1.0409,4.8367,-5.21176968643283,"2.149e-04","4.945e-04",0.06
"IYD",-1.9537,0.4844,-4.69730657953262,"5.112e-04","1.061e-03",0.05
"BZW1",-0.3254,8.992,-5.31151326820009,"1.824e-04","4.285e-04",0.05
"DSG2",-1.7213,9.0202,-5.33166606355106,"1.765e-04","4.169e-04",0.05
"NPY2R",3.7186,-0.056,4.66700904598777,"5.386e-04","1.111e-03",0.05
"CTSH",-0.3738,7.5289,-5.30380941022483,"1.847e-04","4.332e-04",0.05
"SYNCRIP",0.2725,8.0869,5.23359514502191,"2.073e-04","4.787e-04",0.05
"SFRP2",2.0662,0.8337,4.71938702622724,"4.922e-04","1.027e-03",0.05
"MTNR1A",3.2238,0.5772,4.736598515787,"4.779e-04","1.002e-03",0.05
"ASB12",0.7181,3.1047,5.15159767736275,"2.373e-04","5.394e-04",0.04
"TSPAN2",1.2916,2.3962,4.93339114169262,"3.419e-04","7.443e-04",0.04
"NKTR",-0.4886,5.512,-5.17564641369722,"2.281e-04","5.212e-04",0.04
"TGFB1",0.8853,4.2824,5.14028883213667,"2.418e-04","5.484e-04",0.04
"BEND5",-0.6201,4.5641,-5.19485516838781,"2.209e-04","5.065e-04",0.04
"CDC20",-1.5518,7.5989,-5.27063061823568,"1.950e-04","4.540e-04",0.04
"ATXN1",-0.9317,4.9443,-5.20344027038648,"2.178e-04","5.004e-04",0.04
"P4HTM",0.9244,3.9752,5.1298990183333,"2.460e-04","5.569e-04",0.04
"MGST3",-0.5657,7.795,-5.32915643994182,"1.772e-04","4.182e-04",0.04
"CCND1",-0.3274,4.5953,-5.18507262804329,"2.245e-04","5.138e-04",0.04
"DNAJA2",-0.2917,8.5423,-5.26655498371394,"1.963e-04","4.567e-04",0.03
"UBAP1L",0.6879,2.8586,5.11720101870385,"2.513e-04","5.673e-04",0.03
"PTPRF",-0.8842,8.0018,-5.2361504548287,"2.064e-04","4.768e-04",0.03
"NDFIP1",-0.546,7.3943,-5.26243487517258,"1.977e-04","4.590e-04",0.03
"FGB",-2.628,9.4635,-5.33606789947595,"1.752e-04","4.142e-04",0.02
"NEDD4",0.4981,4.7397,5.17555712486799,"2.281e-04","5.212e-04",0.02
"HEY2",2.017,0.9868,4.77800343008946,"4.452e-04","9.407e-04",0.02
"DECR1",-0.7177,8.4918,-5.32028102234817,"1.798e-04","4.231e-04",0.01
"RIMS2",0.6241,4.3121,5.17139237701241,"2.297e-04","5.241e-04",0.01
"MTPN",-0.3666,8.7509,-5.29452958029831,"1.875e-04","4.390e-04",0.01
"SSBP2",1.3754,1.8597,4.89348302921839,"3.658e-04","7.908e-04",0.01
"CAPN1",1.2681,3.6514,5.01213626202092,"2.995e-04","6.627e-04",0.01
"PRKCZ",0.3969,6.0826,5.19699527089107,"2.202e-04","5.049e-04",0.01
"ZNF384",0.4147,5.5712,5.16404262003109,"2.325e-04","5.295e-04",0
"NNT",-0.9054,7.7401,-5.2190997957951,"2.123e-04","4.895e-04",0
"LRP1",-1.0714,8.912,-5.21974107192124,"2.120e-04","4.892e-04",0
"PARP4",-0.4298,5.3147,-5.19080464383624,"2.224e-04","5.095e-04",0
"HMGB2",-1.1191,8.5119,-5.28828327679928,"1.895e-04","4.430e-04",0
"EXOC4",-0.8738,6.596,-5.21292194241381,"2.144e-04","4.937e-04",0
"SCARB1",0.4959,4.1001,5.11181441128663,"2.535e-04","5.718e-04",-0.01
"IGHMBP2",-0.3547,5.517,-5.17107422746296,"2.298e-04","5.241e-04",-0.01
"METAP1",0.3505,7.4319,5.20060557126161,"2.188e-04","5.023e-04",-0.01
"GNG12",-0.6404,3.8513,-5.10628540280182,"2.559e-04","5.763e-04",-0.01
"OBSL1",0.8406,1.388,4.85064996109625,"3.933e-04","8.419e-04",-0.01
"ATP2B4",0.4552,5.2376,5.16703557136371,"2.313e-04","5.272e-04",-0.01
"ERGIC3",-0.4393,6.608,-5.19990067367617,"2.191e-04","5.027e-04",-0.01
"ADI1",-1.1516,6.6772,-5.24636313811853,"2.030e-04","4.699e-04",-0.02
"SUDS3",0.5957,6.3758,5.18407852197434,"2.249e-04","5.145e-04",-0.02
"PLCXD1",1.0445,2.118,4.95182913599192,"3.314e-04","7.245e-04",-0.02
"TRIO",0.6184,6.5815,5.15524773021041,"2.359e-04","5.366e-04",-0.02
"HMGCR",-1.0808,7.7118,-5.20080133841934,"2.188e-04","5.023e-04",-0.02
"PAK1",1.3656,3.8028,5.0647041888127,"2.743e-04","6.124e-04",-0.02
"NEURL1",-0.7786,3.2961,-4.98558364853567,"3.131e-04","6.897e-04",-0.02
"KLHDC3",0.6109,5.0998,5.17130841379487,"2.297e-04","5.241e-04",-0.03
"RNF169",-0.5087,4.2364,-5.13523064602261,"2.439e-04","5.526e-04",-0.03
"YRDC",0.759,6.376,5.19172087715094,"2.221e-04","5.089e-04",-0.03
"COQ9",-0.7333,6.3694,-5.19867299259942,"2.195e-04","5.036e-04",-0.03
"APBB1",-0.6379,4.6658,-5.14645386298559,"2.394e-04","5.436e-04",-0.03
"LRRC1",-0.5135,5.3663,-5.1693370676057,"2.305e-04","5.255e-04",-0.03
"SLC35A1",0.3506,4.5888,5.14915417676747,"2.383e-04","5.415e-04",-0.03
"SPTBN1",-0.7356,7.4465,-5.18089737353498,"2.261e-04","5.171e-04",-0.04
"SH2B3",0.9068,3.5209,5.0453911151043,"2.832e-04","6.308e-04",-0.04
"CCNK",0.3773,7.2369,5.18501583741691,"2.246e-04","5.138e-04",-0.04
"VPS33B",-0.2866,6.7769,-5.17292411404106,"2.291e-04","5.231e-04",-0.04
"MTF1",0.6924,5.553,5.15328215036465,"2.367e-04","5.381e-04",-0.04
"SNRPA1",0.3904,7.4637,5.21157493491986,"2.149e-04","4.945e-04",-0.04
"NFYB",0.3168,6.99,5.17381074831827,"2.288e-04","5.226e-04",-0.04
"HSPB8",2.75,6.589,5.21816283536385,"2.126e-04","4.899e-04",-0.04
"HTR7",0.3922,2.2097,5.11161302051329,"2.536e-04","5.718e-04",-0.04
"FLVCR2",-3.3366,0.9196,-4.63924912564059,"5.650e-04","1.157e-03",-0.04
"PTDSS2",-0.5798,7.4546,-5.21007001212336,"2.155e-04","4.955e-04",-0.04
"PLA1A",-3.4317,3.2594,-4.82199732670871,"4.130e-04","8.788e-04",-0.05
"IGFBP1",-3.6502,7.9208,-5.26106764986938,"1.981e-04","4.597e-04",-0.05
"JAM3",-0.4766,6.0214,-5.18593717471043,"2.242e-04","5.133e-04",-0.05
"RAB4A",-0.4952,3.8136,-5.08907789083774,"2.633e-04","5.908e-04",-0.05
"PPP1R21",0.4564,5.4376,5.13379958012965,"2.444e-04","5.538e-04",-0.05
"TRIM13",0.3991,5.582,5.1564729928408,"2.354e-04","5.356e-04",-0.05
"MMS22L",0.489,5.1926,5.13836331947567,"2.426e-04","5.499e-04",-0.05
"PLAT",-0.9604,3.4942,-5.0060762970487,"3.025e-04","6.690e-04",-0.06
"PPM1J",0.6679,3.3283,5.01703940634252,"2.970e-04","6.577e-04",-0.06
"PRPSAP1",-0.6757,4.1608,-5.11579400453321,"2.519e-04","5.683e-04",-0.07
"TBC1D7",-0.3553,5.3093,-5.1446231480743,"2.401e-04","5.450e-04",-0.07
"GRIK4",0.7948,2.6464,5.03375624925816,"2.888e-04","6.422e-04",-0.07
"FAM234B",-0.7253,5.0376,-5.13836719016265,"2.426e-04","5.499e-04",-0.07
"CHD5",0.3742,5.5837,5.13063248545381,"2.457e-04","5.564e-04",-0.07
"PUS10",0.5838,4.8584,5.1291350215313,"2.463e-04","5.575e-04",-0.07
"TEKT2",0.7462,1.7894,4.85704508004288,"3.891e-04","8.339e-04",-0.08
"USP48",-0.3278,7.0968,-5.164624252898,"2.323e-04","5.292e-04",-0.08
"MOB1B",-0.4869,6.2035,-5.17156877633087,"2.296e-04","5.241e-04",-0.08
"PRKCI",0.3263,6.3585,5.11579746904196,"2.519e-04","5.683e-04",-0.09
"POLR2F",0.4918,7.3089,5.15733719841465,"2.351e-04","5.350e-04",-0.09
"HRH3",3.6247,0.1669,4.58863664662924,"6.168e-04","1.247e-03",-0.1
"ARHGEF7",-0.4247,5.9806,-5.14138626048977,"2.414e-04","5.476e-04",-0.1
"CYTH4",-3.9243,1.6008,-4.65993572388319,"5.452e-04","1.122e-03",-0.11
"CMTM7",-4.0432,2.0995,-4.72859888102354,"4.845e-04","1.012e-03",-0.11
"ROCK1",-0.5357,8.6882,-5.16021660445435,"2.340e-04","5.326e-04",-0.11
"WFS1",0.4244,5.4286,5.12059445669303,"2.499e-04","5.645e-04",-0.11
"FGD4",-2.4108,1.3275,-4.65815389814652,"5.469e-04","1.125e-03",-0.12
"SFXN4",-0.3784,5.4334,-5.12367941533706,"2.486e-04","5.620e-04",-0.12
"RSL24D1",0.5004,6.6857,5.11021813904243,"2.542e-04","5.730e-04",-0.12
"CTSB",-1.1335,8.0972,-5.24360476020044,"2.039e-04","4.718e-04",-0.12
"SNTG1",-0.8588,0.907,-4.66596520669736,"5.396e-04","1.112e-03",-0.13
"PSAT1",-1.6828,8.6717,-5.20911965123008,"2.158e-04","4.960e-04",-0.13
"LPP",-1.5402,3.7695,-5.0550019343056,"2.787e-04","6.219e-04",-0.13
"APAF1",-0.4596,5.7835,-5.104344860658,"2.567e-04","5.777e-04",-0.13
"MRGBP",0.3185,6.4481,5.12756181482779,"2.470e-04","5.585e-04",-0.13
"DDX6",-0.3296,7.1662,-5.12344595196631,"2.487e-04","5.620e-04",-0.14
"PACRG",-0.8799,1.991,-4.91577976441908,"3.522e-04","7.638e-04",-0.14
"LSM4",0.2977,7.2473,5.14473274318723,"2.400e-04","5.450e-04",-0.15
"LCA5",0.4649,3.1125,5.01989906305472,"2.956e-04","6.552e-04",-0.15
"XKR5",-0.527,3.6643,-5.02277456449928,"2.942e-04","6.522e-04",-0.15
"H2AFJ",0.4712,2.9173,4.95640545680526,"3.289e-04","7.199e-04",-0.15
"ALKBH5",0.3146,7.301,5.0948547647216,"2.608e-04","5.858e-04",-0.15
"SLC25A19",0.5015,4.8867,5.09636032889026,"2.601e-04","5.848e-04",-0.15
"CAMK1",0.5936,6.1054,5.10714572806008,"2.555e-04","5.756e-04",-0.16
"RUFY1",-0.3573,5.4435,-5.08792813891454,"2.638e-04","5.915e-04",-0.16
"PPP1R26",0.4251,5.8345,5.08823341532075,"2.637e-04","5.913e-04",-0.16
"TBC1D1",0.33,4.7517,5.07629253072176,"2.690e-04","6.021e-04",-0.16
"ETFA",-0.4848,7.9979,-5.12898076456765,"2.464e-04","5.575e-04",-0.16
"NT5C3B",0.5671,7.1133,5.11864329465708,"2.507e-04","5.661e-04",-0.17
"ZBTB6",0.7298,5.0666,5.09018512268286,"2.628e-04","5.899e-04",-0.17
"M6PR",-0.3299,7.0236,-5.1097837974339,"2.544e-04","5.732e-04",-0.17
"FTO",0.4813,2.9903,5.00397481441492,"3.036e-04","6.710e-04",-0.17
"COQ5",0.3909,5.9082,5.07188703019612,"2.710e-04","6.059e-04",-0.18
"MPPED1",0.6256,4.1629,5.05043478444454,"2.809e-04","6.260e-04",-0.19
"ERN2",0.9344,5.9097,5.09065991647901,"2.626e-04","5.896e-04",-0.19
"DENND6B",-0.7295,4.6725,-5.06770798488538,"2.729e-04","6.097e-04",-0.19
"UBFD1",-0.4763,6.4008,-5.14750752097788,"2.389e-04","5.428e-04",-0.19
"CANT1",0.7584,6.6034,5.0912478509172,"2.624e-04","5.892e-04",-0.2
"ARSI",-3.3001,0.5657,-4.57974745937025,"6.264e-04","1.263e-03",-0.2
"C1QL1",1.0475,2.61,4.77214147732346,"4.497e-04","9.492e-04",-0.2
"FBXO7",-0.4581,6.5085,-5.07685142701531,"2.687e-04","6.017e-04",-0.2
"ZNF341",-0.4132,3.9173,-5.03030456078942,"2.905e-04","6.452e-04",-0.21
"RGS7",-1.2497,2.3601,-4.734535488153,"4.796e-04","1.004e-03",-0.21
"CTPS2",-0.5236,4.6875,-5.05518224246291,"2.786e-04","6.219e-04",-0.21
"LTBP1",0.4903,4.9532,5.04689418734808,"2.825e-04","6.294e-04",-0.21
"LLGL1",0.3262,7.1025,5.09542964645157,"2.606e-04","5.854e-04",-0.22
"NUP153",0.2978,8.1637,5.10503556420423,"2.564e-04","5.773e-04",-0.22
"OSBPL6",-0.7277,4.098,-5.02701267125698,"2.921e-04","6.483e-04",-0.22
"ST8SIA2",0.8456,3.0807,4.8724323798385,"3.791e-04","8.147e-04",-0.23
"OMA1",-0.3714,5.0542,-5.05280574098872,"2.798e-04","6.239e-04",-0.23
"PPP2CA",0.3171,7.318,5.04858007037914,"2.817e-04","6.278e-04",-0.23
"F13A1",-2.2929,1.2648,-4.62795549997585,"5.762e-04","1.177e-03",-0.23
"MED31",0.4884,5.7575,5.06863519650015,"2.725e-04","6.089e-04",-0.23
"GCSH",-0.7095,7.4176,-5.07280117561119,"2.706e-04","6.051e-04",-0.23
"PSMG2",-0.7694,7.36,-5.07396831123736,"2.700e-04","6.043e-04",-0.23
"TECTA",-0.8076,1.9607,-4.8163716608917,"4.170e-04","8.866e-04",-0.24
"EN1",1.6098,1.705,4.66608908438194,"5.395e-04","1.112e-03",-0.25
"DYNC2LI1",0.5592,3.5124,4.94702605893997,"3.341e-04","7.298e-04",-0.25
"gga-mir-1640",1.4721,0.9793,4.52579753283148,"6.880e-04","1.372e-03",-0.25
"COQ3",0.3984,5.521,5.04490865222278,"2.835e-04","6.312e-04",-0.25
"TMPRSS7",-2.6084,0.1116,-4.47033214209341,"7.579e-04","1.497e-03",-0.25
"SLC22A3",-3.7013,1.3613,-4.56494248126107,"6.427e-04","1.292e-03",-0.25
"CREB3L2",-2.2674,7.5116,-5.14149576266199,"2.413e-04","5.476e-04",-0.25
"ERMARD",-0.5887,4.2089,-5.0069369439347,"3.021e-04","6.682e-04",-0.26
"ITGB2",1.2378,1.028,4.65642704797861,"5.485e-04","1.128e-03",-0.26
"SEMA4B",-0.3655,6.1913,-5.04288960944283,"2.844e-04","6.331e-04",-0.26
"ZNF703",-0.8661,5.2853,-5.05058660494366,"2.808e-04","6.260e-04",-0.26
"C1orf109",0.6219,3.6479,4.92382856228041,"3.475e-04","7.551e-04",-0.26
"MAP3K14",0.3952,6.1427,5.02656516198825,"2.923e-04","6.486e-04",-0.26
"TGDS",0.495,4.7977,5.01907255394667,"2.960e-04","6.559e-04",-0.27
"BACH2",-1.0193,2.6173,-4.80113873205485,"4.279e-04","9.072e-04",-0.27
"FSD1L",0.6385,2.798,4.88321003916403,"3.722e-04","8.017e-04",-0.27
"PROZ",-2.9927,2.7799,-4.62850458208722,"5.756e-04","1.176e-03",-0.27
"MYO9A",0.4786,5.9227,5.00815107050441,"3.015e-04","6.670e-04",-0.27
"SOD1",-0.5832,8.3984,-5.10465239902143,"2.566e-04","5.775e-04",-0.28
"CSGALNACT1",1.3172,1.8424,4.76870662470625,"4.523e-04","9.541e-04",-0.28
"PBX3",-0.3996,4.9224,-5.00507312117186,"3.030e-04","6.699e-04",-0.28
"FAM120A",-0.659,8.6842,-5.08472270864052,"2.652e-04","5.945e-04",-0.29
"ASB8",0.4854,6.0587,5.00288190562669,"3.042e-04","6.721e-04",-0.29
"NEK1",-0.3409,6.943,-5.01860380502786,"2.962e-04","6.563e-04",-0.29
"TMEM173",0.6344,3.5341,4.91010858708547,"3.556e-04","7.706e-04",-0.3
"MAST4",0.7867,4.0489,4.98913668252355,"3.113e-04","6.861e-04",-0.3
"C2CD5",-0.3159,6.141,-5.0161787613439,"2.975e-04","6.584e-04",-0.3
"ABI3",0.4788,3.8973,4.95224135149049,"3.312e-04","7.244e-04",-0.3
"GSC",0.6796,2.9953,4.86211382370776,"3.858e-04","8.274e-04",-0.31
"TRAF3IP1",-0.4667,3.6783,-4.95422222978298,"3.301e-04","7.222e-04",-0.31
"EAF1",-0.3608,6.2312,-5.03203152865525,"2.897e-04","6.439e-04",-0.31
"ATP6AP1",-0.3907,8.0198,-5.0794319471806,"2.676e-04","5.995e-04",-0.31
"ARSB",-1.0093,4.1632,-4.89656294556324,"3.639e-04","7.870e-04",-0.32
"SMYD4",0.3775,5.4724,5.0006395138396,"3.053e-04","6.744e-04",-0.32
"SNX11",0.6914,6.2198,5.02575893444738,"2.927e-04","6.493e-04",-0.32
"TRAPPC9",-0.7196,5.9929,-5.01842850580006,"2.963e-04","6.563e-04",-0.32
"TUBA1B",-0.3756,5.8023,-4.92123443817652,"3.490e-04","7.577e-04",-0.32
"COPA",-0.5496,9.826,-5.113842949847,"2.527e-04","5.700e-04",-0.33
"ARID2",-0.3829,5.2096,-4.98546962463565,"3.132e-04","6.897e-04",-0.33
"LTC4S",-1.0856,1.3638,-4.59130086368234,"6.139e-04","1.241e-03",-0.33
"TSPAN1",-1.8582,6.7459,-5.07821015593678,"2.681e-04","6.005e-04",-0.33
"NUBPL",0.3354,5.6768,4.98881766050995,"3.114e-04","6.863e-04",-0.34
"TRMT2B",-0.3357,5.0706,-4.98747010124505,"3.121e-04","6.877e-04",-0.34
"AMPD1",1.0882,1.1957,4.65845779023189,"5.466e-04","1.125e-03",-0.34
"MKNK2",-0.3029,5.2524,-4.99947966224685,"3.059e-04","6.752e-04",-0.35
"MPZL2",-0.9463,2.772,-4.73298391584477,"4.809e-04","1.006e-03",-0.35
"E2F6",0.6528,5.3956,4.97550828880528,"3.185e-04","6.998e-04",-0.35
"gga-mir-6587",0.4969,1.0131,4.69847620680862,"5.102e-04","1.059e-03",-0.35
"LRRC31",0.5043,5.2805,4.97680260891045,"3.178e-04","6.985e-04",-0.35
"TNN",0.9155,2.9933,4.83978318581719,"4.007e-04","8.557e-04",-0.35
"NEMP1",0.5058,6.3965,4.99120224132092,"3.102e-04","6.841e-04",-0.36
"TPD52L1",-0.4799,2.924,-4.87357633068445,"3.783e-04","8.137e-04",-0.36
"ZDHHC6",-0.3774,8.052,-5.06563685300655,"2.738e-04","6.116e-04",-0.36
"SNX5",-0.495,5.0534,-4.98147683814311,"3.153e-04","6.938e-04",-0.36
"PRPSAP2",0.3421,7.6744,5.0294609902857,"2.909e-04","6.460e-04",-0.36
"CABP7",3.1796,1.2594,4.46340984680993,"7.671e-04","1.514e-03",-0.36
"HTR4",1.6385,1.0227,4.48545591312135,"7.381e-04","1.462e-03",-0.36
"RAP1GDS1",0.2963,6.0871,4.97003608152156,"3.214e-04","7.059e-04",-0.36
"DNAJB4",0.6846,4.9911,4.9621222762818,"3.257e-04","7.139e-04",-0.37
"ARFGEF2",-0.7468,7.1803,-4.98335205975542,"3.143e-04","6.919e-04",-0.37
"CAMSAP2",0.5083,5.7762,4.94528245237759,"3.351e-04","7.316e-04",-0.38
"STX8",-0.4291,4.4469,-4.9520611660707,"3.313e-04","7.244e-04",-0.38
"KRT12",1.2834,1.5285,4.60652616156353,"5.979e-04","1.214e-03",-0.38
"SSRP1",0.2673,8.3394,5.02384231762826,"2.937e-04","6.512e-04",-0.38
"OVOL2",1.5671,2.1263,4.63388164606403,"5.703e-04","1.166e-03",-0.38
"TPP2",-0.3538,7.0003,-4.9704454644742,"3.212e-04","7.056e-04",-0.39
"CDPF1",-0.4766,4.8375,-4.95936215328588,"3.273e-04","7.169e-04",-0.39
"KANK4",-0.44,2.5744,-4.83517548575293,"4.038e-04","8.611e-04",-0.39
"NHLRC2",-0.4935,5.1018,-4.9577166052756,"3.282e-04","7.186e-04",-0.39
"MGMT",-0.6296,5.0645,-4.96469157134738,"3.243e-04","7.114e-04",-0.39
"STK11IP",0.4167,4.3725,4.94241756605863,"3.367e-04","7.346e-04",-0.39
"PTPDC1",0.7209,3.4088,4.86720098520792,"3.824e-04","8.209e-04",-0.39
"CYB5A",-1.4499,10.5833,-5.0794166960339,"2.676e-04","5.995e-04",-0.4
"ARFGAP2",0.2838,6.8111,4.96567680894446,"3.238e-04","7.106e-04",-0.4
"LAMB1",-0.2651,7.5572,-4.98069645202621,"3.157e-04","6.945e-04",-0.4
"RBM43",0.6485,5.1306,4.95512813875907,"3.296e-04","7.213e-04",-0.4
"SSR2",-0.3174,8.2248,-5.03071760053371,"2.903e-04","6.450e-04",-0.4
"AP1AR",-0.5799,7.2747,-4.99177121853083,"3.099e-04","6.836e-04",-0.41
"NQO2",0.2871,6.0884,4.96875901629015,"3.221e-04","7.073e-04",-0.41
"ADPRH",-0.3762,4.6337,-4.93801074123947,"3.392e-04","7.391e-04",-0.41
"GRHL3",-0.4742,3.6379,-4.89999796547247,"3.618e-04","7.829e-04",-0.41
"IGF1R",-0.7311,5.8877,-4.9409987518043,"3.375e-04","7.362e-04",-0.41
"SAMD8",0.4695,4.4244,4.92830510494212,"3.449e-04","7.500e-04",-0.42
"TLDC1",0.3886,4.8577,4.93716443225429,"3.397e-04","7.400e-04",-0.43
"NUP58",0.307,6.9588,4.93893803710579,"3.387e-04","7.383e-04",-0.43
"FEM1B",0.5135,7.7406,4.96131534261888,"3.262e-04","7.147e-04",-0.43
"DDX55",0.4836,5.5242,4.93216386115806,"3.426e-04","7.453e-04",-0.43
"MCC",-0.7114,3.9873,-4.91408179271959,"3.532e-04","7.656e-04",-0.43
"ASB16",1.2191,1.9133,4.57081643704035,"6.361e-04","1.281e-03",-0.43
"INPP5D",-0.8909,1.4418,-4.59547721263116,"6.095e-04","1.234e-03",-0.43
"CHRM4",-0.9654,1.731,-4.5920682453161,"6.131e-04","1.240e-03",-0.43
"HIP1R",-0.2459,6.9322,-4.95765916619865,"3.282e-04","7.186e-04",-0.43
"ERLIN1",0.5675,6.8376,4.94647393901411,"3.344e-04","7.303e-04",-0.43
"ADTRP",-1.5405,1.7384,-4.61902357294389,"5.852e-04","1.192e-03",-0.44
"KDSR",-1.3111,8.7297,-5.03090910630658,"2.902e-04","6.449e-04",-0.44
"PLSCR5",-3.3443,2.1636,-4.49837597216201,"7.217e-04","1.432e-03",-0.44
"RAB30",-0.4363,5.6809,-4.93400480739861,"3.416e-04","7.437e-04",-0.45
"TRIM35",-0.4446,5.288,-4.93842753727946,"3.390e-04","7.388e-04",-0.45
"PTPN5",1.3135,1.2481,4.52133882483833,"6.933e-04","1.381e-03",-0.45
"EFHD2",-1.3929,1.1116,-4.46579268785936,"7.639e-04","1.509e-03",-0.45
"B3GAT2",2.3208,1.1714,4.50474448871279,"7.137e-04","1.417e-03",-0.45
"SLC9A2",1.8915,0.6891,4.49619412162381,"7.244e-04","1.437e-03",-0.45
"BORCS8",0.6275,5.6748,4.92595221572908,"3.462e-04","7.526e-04",-0.45
"ALG14",-0.6554,4.1634,-4.87300206160569,"3.787e-04","8.143e-04",-0.45
"KCNMB4",1.7035,0.7199,4.42404076246357,"8.219e-04","1.614e-03",-0.46
"NUAK1",0.97,4.1365,4.86860214943152,"3.815e-04","8.193e-04",-0.47
"NME4",-1.4702,3.3335,-4.74636201389929,"4.699e-04","9.870e-04",-0.48
"GADD45G",1.0884,2.1056,4.62701887451465,"5.771e-04","1.178e-03",-0.48
"CPSF4",-0.4618,8.049,-4.98002018713386,"3.161e-04","6.951e-04",-0.49
"RGMB",1.0887,3.4436,4.78947097927248,"4.365e-04","9.236e-04",-0.49
"SACM1L",-0.8161,7.8914,-4.95058621349581,"3.321e-04","7.259e-04",-0.49
"SLC7A11",-2.3976,4.7556,-4.88621407985823,"3.703e-04","7.983e-04",-0.49
"SFT2D2",-0.5394,6.4289,-4.94857365636745,"3.333e-04","7.281e-04",-0.49
"TINAG",-3.8742,2.078,-4.41408805585342,"8.364e-04","1.639e-03",-0.49
"SDC2",-1.2633,9.8405,-5.03487328396613,"2.883e-04","6.413e-04",-0.49
"ZNF326",0.2841,7.29,4.90573918037388,"3.583e-04","7.757e-04",-0.5
"ST3GAL3",0.4379,5.3614,4.88088930248433,"3.737e-04","8.047e-04",-0.5
"DHRS7B",-0.3701,7.0425,-4.93315822646518,"3.420e-04","7.444e-04",-0.5
"USP8",-0.3375,6.7877,-4.91886474948205,"3.504e-04","7.604e-04",-0.5
"MID1IP1",-0.3556,7.1588,-4.96525470253121,"3.240e-04","7.109e-04",-0.5
"LRIG1",0.327,5.1457,4.88854687076627,"3.688e-04","7.966e-04",-0.5
"ENOX2",0.293,6.6128,4.89400313870333,"3.654e-04","7.903e-04",-0.5
"DMTF1",0.4877,5.4235,4.88676254408997,"3.700e-04","7.978e-04",-0.51
"PTP4A3",-0.2813,7.3419,-4.97739213631111,"3.175e-04","6.980e-04",-0.51
"WARS2",0.5901,4.6985,4.88602816796948,"3.704e-04","7.983e-04",-0.51
"FEM1C",0.4567,4.3399,4.87431642508767,"3.778e-04","8.129e-04",-0.52
"NAPEPLD",0.9033,6.2803,4.90082191845352,"3.613e-04","7.820e-04",-0.52
"DERL1",-0.3536,7.6611,-4.9235551167123,"3.476e-04","7.552e-04",-0.52
"NTMT1",0.4681,6.3306,4.89290551405849,"3.661e-04","7.911e-04",-0.52
"TCAIM",-0.3021,7.2994,-4.92228675984427,"3.484e-04","7.566e-04",-0.52
"PIGW",0.4809,5.1727,4.886708107693,"3.700e-04","7.978e-04",-0.52
"MTHFSD",-0.4479,5.4889,-4.87036719610309,"3.804e-04","8.171e-04",-0.52
"CNN3",-0.3067,7.3944,-4.91760077833004,"3.511e-04","7.619e-04",-0.53
"CCDC88C",0.523,7.5539,4.8724072238253,"3.791e-04","8.147e-04",-0.53
"PCSK6",-0.6415,6.8802,-4.92631512882745,"3.460e-04","7.523e-04",-0.53
"THG1L",0.2879,5.3052,4.86824525582771,"3.818e-04","8.196e-04",-0.53
"NUDT13",0.5555,3.7204,4.81057762817276,"4.211e-04","8.936e-04",-0.53
"DARS",-0.4857,8.2807,-4.93255318947933,"3.424e-04","7.450e-04",-0.54
"ZNF706",-0.2846,7.5441,-4.88715908394349,"3.697e-04","7.976e-04",-0.54
"OSCP1",1.0966,1.8312,4.62561525519702,"5.785e-04","1.180e-03",-0.54
"DENND3",-0.3278,4.0488,-4.8542254771188,"3.910e-04","8.375e-04",-0.54
"NRTN",3.5885,0.7118,4.42956932277697,"8.140e-04","1.599e-03",-0.54
"NADSYN1",-0.4199,6.007,-4.87864909707053,"3.751e-04","8.074e-04",-0.55
"RAD1",0.4482,4.0876,4.84481889281916,"3.973e-04","8.491e-04",-0.56
"TP53BP2",-0.2954,7.2521,-4.8838682181565,"3.718e-04","8.011e-04",-0.56
"PEPD",-0.5729,6.9262,-4.88736459636184,"3.696e-04","7.976e-04",-0.56
"SLITRK2",0.8762,4.8746,4.8581598832556,"3.884e-04","8.325e-04",-0.56
"GYS2",-1.548,1.0123,-4.33477846452682,"9.618e-04","1.856e-03",-0.57
"CMPK1",-0.4662,7.6036,-4.87998745652689,"3.742e-04","8.057e-04",-0.57
"SASH3",0.8858,2.4268,4.648389543828,"5.562e-04","1.141e-03",-0.58
"SLC16A12",-2.1078,0.1437,-4.28218294923273,"1.056e-03","2.018e-03",-0.58
"MTMR12",0.6827,3.5205,4.78436475627151,"4.404e-04","9.312e-04",-0.58
"ROR2",1.3975,1.5689,4.45394332364026,"7.800e-04","1.538e-03",-0.58
"ATP6V0A4",1.0187,1.5427,4.5672605822844,"6.401e-04","1.288e-03",-0.59
"MAN1B1",-0.4863,7.5964,-4.89984718538198,"3.619e-04","7.829e-04",-0.59
"NBN",0.4732,5.3538,4.83862826359623,"4.015e-04","8.568e-04",-0.59
"HAT1",0.3821,6.1828,4.84491194742015,"3.972e-04","8.491e-04",-0.6
"NMRAL1",0.4176,7.5307,4.9211181451042,"3.491e-04","7.577e-04",-0.6
"TRIM7.2",0.6441,6.2187,4.87747770393641,"3.758e-04","8.088e-04",-0.6
"LOX",1.2686,2.0406,4.54605027834857,"6.641e-04","1.329e-03",-0.6
"TFDP2",0.4442,7.7094,4.82455857677835,"4.112e-04","8.757e-04",-0.6
"NFATC3",-0.7009,6.3359,-4.83002057476253,"4.074e-04","8.682e-04",-0.6
"SMURF1",-0.5378,6.5899,-4.86164978037117,"3.861e-04","8.278e-04",-0.61
"POU3F3",0.9297,2.7549,4.76701605280247,"4.536e-04","9.566e-04",-0.61
"UHRF1",0.4878,7.8429,4.84472842638641,"3.973e-04","8.491e-04",-0.61
"RNF170",-0.6777,4.5943,-4.8146093289702,"4.182e-04","8.882e-04",-0.61
"YWHAQ",-0.3941,8.7932,-4.88792637975604,"3.692e-04","7.970e-04",-0.61
"HERC3",-0.3803,5.9117,-4.82787942266181,"4.089e-04","8.712e-04",-0.62
"ARPC1A",-0.3194,8.0892,-4.90668508772464,"3.577e-04","7.747e-04",-0.62
"RUNX1T1",-3.2428,0.3265,-4.27637897508094,"1.066e-03","2.034e-03",-0.62
"RAB19",0.8902,1.9705,4.51608714651274,"6.997e-04","1.392e-03",-0.62
"GCHFR",-1.9669,8.3664,-4.96322684362799,"3.251e-04","7.128e-04",-0.62
"NCMAP",0.8965,5.0923,4.83531425334679,"4.037e-04","8.611e-04",-0.63
"TCEA2",-0.4447,5.8832,-4.82343332570043,"4.120e-04","8.771e-04",-0.63
"CCDC12",0.3847,7.4847,4.86662771384546,"3.828e-04","8.215e-04",-0.63
"GADL1",0.8311,2.2794,4.51043318475917,"7.066e-04","1.404e-03",-0.64
"TSC22D1",0.763,5.6563,4.81426597066235,"4.185e-04","8.885e-04",-0.64
"ULK2",0.6042,5.8671,4.81883955272917,"4.152e-04","8.831e-04",-0.65
"TBC1D16",-0.371,5.3147,-4.81537701848499,"4.177e-04","8.875e-04",-0.65
"RNF6",0.4207,5.3907,4.78557511666786,"4.395e-04","9.295e-04",-0.65
"AKAP6",-0.7822,2.1096,-4.5662795761013,"6.412e-04","1.289e-03",-0.65
"GTF2A1L",-2.2298,-0.4325,-4.22161932295906,"1.175e-03","2.218e-03",-0.65
"TRAF2",0.4523,6.1278,4.81465003468367,"4.182e-04","8.882e-04",-0.66
"PIGF",-0.3956,4.3405,-4.79243142448416,"4.343e-04","9.196e-04",-0.66
"ALDH4A1",-0.8225,7.5576,-4.88831267224534,"3.690e-04","7.967e-04",-0.66
"PDGFC",-0.7194,1.6423,-4.38856542680489,"8.748e-04","1.706e-03",-0.66
"STX2",-0.4909,6.365,-4.78421945690543,"4.405e-04","9.312e-04",-0.66
"ZBTB7C",3.1993,0.4685,4.25059305902851,"1.116e-03","2.118e-03",-0.66
"SUPT4H1",0.7814,6.3195,4.85357527634851,"3.914e-04","8.382e-04",-0.66
"CHERP",0.2823,7.2127,4.81547834336715,"4.176e-04","8.875e-04",-0.66
"EXOC1",0.4465,5.8186,4.79327980010412,"4.337e-04","9.185e-04",-0.66
"PSMG3",0.4444,6.4156,4.82229539072832,"4.128e-04","8.786e-04",-0.67
"SUSD1",-0.5219,3.2609,-4.69167975769965,"5.162e-04","1.069e-03",-0.67
"DTX1",2.6278,0.1599,4.25235471356238,"1.113e-03","2.113e-03",-0.67
"STAG2",-0.5811,8.2672,-4.82486325869521,"4.110e-04","8.754e-04",-0.67
"ADAMTS14",1.8374,1.1511,4.42031968256074,"8.273e-04","1.623e-03",-0.67
"KREMEN1",0.4598,5.315,4.81537249204157,"4.177e-04","8.875e-04",-0.68
"JARID2",-0.2598,7.0135,-4.82048844293282,"4.141e-04","8.809e-04",-0.68
"AEBP1",1.4046,2.0463,4.5008441507528,"7.186e-04","1.426e-03",-0.68
"FN1",-1.1799,9.6164,-4.91498797719457,"3.527e-04","7.647e-04",-0.69
"NOL11",0.3037,6.2288,4.79194004088074,"4.347e-04","9.199e-04",-0.69
"DYNLT3",0.5546,6.1253,4.79331506920628,"4.337e-04","9.185e-04",-0.69
"MICALL1",0.2602,5.1714,4.77809447669107,"4.451e-04","9.407e-04",-0.69
"CDH2",-0.3078,5.6341,-4.79497941649581,"4.325e-04","9.163e-04",-0.7
"PPM1D",0.3264,6.4103,4.79211950021821,"4.346e-04","9.199e-04",-0.7
"GCAT",-0.5012,7.1643,-4.84541674315201,"3.969e-04","8.488e-04",-0.7
"SPRYD3",0.2981,7.507,4.84753148969549,"3.954e-04","8.462e-04",-0.71
"DRAXIN",0.7691,3.055,4.58538656515238,"6.203e-04","1.253e-03",-0.71
"PACS2",-0.2445,7.5943,-4.84458395473179,"3.974e-04","8.491e-04",-0.72
"RPLP2",-0.3004,8.5146,-4.83865839777182,"4.014e-04","8.568e-04",-0.72
"SHE",-0.8681,1.5251,-4.51872395670481,"6.965e-04","1.386e-03",-0.72
"NECAB3",-0.4595,4.9616,-4.7695688900592,"4.516e-04","9.529e-04",-0.73
"AK2",0.2585,8.27,4.8511023396647,"3.930e-04","8.415e-04",-0.73
"FBXO32",1.8609,4.6296,4.73502955141856,"4.792e-04","1.003e-03",-0.73
"XPO6",0.2773,6.7388,4.74774496159752,"4.688e-04","9.857e-04",-0.73
"GRK4",0.5258,4.3651,4.74999636258897,"4.670e-04","9.831e-04",-0.74
"N6AMT1",0.4153,5.3316,4.75920962216477,"4.597e-04","9.685e-04",-0.74
"REN",-0.6757,3.164,-4.58040393420774,"6.256e-04","1.262e-03",-0.74
"EHD4",0.8307,3.8075,4.6818389867152,"5.250e-04","1.085e-03",-0.75
"ANKS3",0.4872,5.2835,4.75961676795462,"4.594e-04","9.683e-04",-0.75
"SENP6",0.3862,5.9981,4.74069901659645,"4.745e-04","9.954e-04",-0.75
"PNO1",0.788,6.4816,4.76448769844816,"4.556e-04","9.605e-04",-0.75
"RAC2",-1.8602,1.5994,-4.36636210895738,"9.097e-04","1.766e-03",-0.75
"TUBB",-0.4706,9.362,-4.8042670547925,"4.257e-04","9.026e-04",-0.75
"RSBN1",0.2822,5.3371,4.74668093095486,"4.697e-04","9.868e-04",-0.76
"SLC2A13",-0.6818,6.1505,-4.77022158024378,"4.511e-04","9.521e-04",-0.76
"WDR36",0.3345,6.6722,4.74916286644885,"4.677e-04","9.836e-04",-0.76
"FOLH1",-0.6332,2.7618,-4.65032157955607,"5.543e-04","1.138e-03",-0.76
"WASF1",0.4336,4.2882,4.73462023206481,"4.795e-04","1.004e-03",-0.76
"PPARD",0.3332,5.2171,4.74410901655651,"4.718e-04","9.899e-04",-0.76
"SCAF11",0.3672,7.6978,4.7366728836527,"4.778e-04","1.002e-03",-0.76
"GNGT2",0.5861,3.9544,4.70552054450012,"5.041e-04","1.048e-03",-0.77
"HCCS",0.3007,6.9115,4.7467233795089,"4.697e-04","9.868e-04",-0.77
"HYPK",0.4106,6.9893,4.75534703566422,"4.628e-04","9.744e-04",-0.77
"METAP2",0.2739,9.1114,4.83026978738308,"4.072e-04","8.681e-04",-0.78
"DCAF7",0.41,6.2989,4.73943962558922,"4.756e-04","9.973e-04",-0.78
"RAB2A",-0.4853,9.8025,-4.87213115254039,"3.793e-04","8.149e-04",-0.78
"TACSTD2",0.989,1.2645,4.38589922704788,"8.789e-04","1.713e-03",-0.78
"ZNF362",0.4379,6.5323,4.75933352118869,"4.596e-04","9.685e-04",-0.78
"RGP1",0.5606,4.9491,4.72389007132506,"4.884e-04","1.019e-03",-0.78
"ARHGAP29",-0.3553,5.4952,-4.72462453996038,"4.878e-04","1.019e-03",-0.78
"RHOBTB2",0.3861,5.5835,4.74746915020604,"4.691e-04","9.859e-04",-0.78
"MAN1C1",0.716,4.886,4.73595490125416,"4.784e-04","1.002e-03",-0.78
"PDGFRL",0.4074,3.6575,4.66153469235451,"5.437e-04","1.120e-03",-0.79
"EPHB2",-0.4414,5.2362,-4.71505389187732,"4.959e-04","1.034e-03",-0.79
"FSIP1",1.2116,1.2993,4.38601629641144,"8.787e-04","1.713e-03",-0.8
"CYBB",-0.3907,2.0374,-4.61063540231173,"5.937e-04","1.207e-03",-0.8
"WAC",0.3698,7.2652,4.77737519676316,"4.457e-04","9.412e-04",-0.8
"ITM2B",-0.4581,7.5799,-4.81023329450303,"4.214e-04","8.939e-04",-0.8
"NRSN1",0.6244,5.5006,4.74921217145047,"4.677e-04","9.836e-04",-0.8
"SGCD",-1.0145,4.7616,-4.70266602779485,"5.065e-04","1.052e-03",-0.81
"MPHOSPH10",0.3434,5.9352,4.71142675488783,"4.990e-04","1.039e-03",-0.81
"ERBB4",1.0366,3.1588,4.63304790164691,"5.711e-04","1.168e-03",-0.81
"ATG2B",-0.4211,6.3594,-4.71336773933402,"4.973e-04","1.036e-03",-0.81
"SBK1",1.5848,2.363,4.42205447574834,"8.248e-04","1.619e-03",-0.81
"SUPT20H",-0.3286,6.3682,-4.73367772385157,"4.803e-04","1.005e-03",-0.81
"TBC1D20",0.4378,5.7654,4.73023156425721,"4.831e-04","1.010e-03",-0.81
"MSN",0.2807,6.9882,4.70570502380297,"5.039e-04","1.048e-03",-0.82
"RAD21",-0.5288,8.8409,-4.80914229597329,"4.221e-04","8.953e-04",-0.82
"SMC5",0.3121,5.3852,4.68822343281224,"5.193e-04","1.075e-03",-0.82
"LRRC3B",1.5403,0.7894,4.23183121575604,"1.154e-03","2.181e-03",-0.82
"GBA2",-0.3775,6.4949,-4.71907219335468,"4.925e-04","1.027e-03",-0.83
"ANO10",-0.6986,5.4119,-4.73654279932943,"4.779e-04","1.002e-03",-0.83
"WWTR1",-0.6303,5.4462,-4.73514849244763,"4.791e-04","1.003e-03",-0.83
"GGA3",-0.225,8.119,-4.7774348622493,"4.456e-04","9.412e-04",-0.83
"AHCYL2",-0.4798,6.4036,-4.71873984329222,"4.928e-04","1.027e-03",-0.83
"NDUFA6",-0.6259,6.0858,-4.72427176798095,"4.881e-04","1.019e-03",-0.84
"SULF2",-0.6071,4.539,-4.69598794213358,"5.124e-04","1.062e-03",-0.84
"SOX2",-0.7337,3.045,-4.60138525921745,"6.033e-04","1.222e-03",-0.84
"SLC15A4",0.5555,6.2962,4.72120950753578,"4.907e-04","1.024e-03",-0.84
"PDRG1",0.4708,5.4566,4.73226804585512,"4.814e-04","1.007e-03",-0.84
"COG2",-0.2976,5.0076,-4.69611264427508,"5.123e-04","1.062e-03",-0.85
"KCNB1",-0.6506,3.5684,-4.55334688142089,"6.558e-04","1.315e-03",-0.85
"MAFK",0.4065,5.9661,4.70080057942317,"5.082e-04","1.055e-03",-0.85
"CFAP45",1.1213,1.7032,4.3696521250407,"9.044e-04","1.756e-03",-0.85
"CACNA1D",-0.3869,3.7423,-4.67204519679672,"5.340e-04","1.103e-03",-0.85
"LMLN",-0.6122,3.99,-4.66944180716834,"5.364e-04","1.107e-03",-0.85
"RBM12",0.259,7.4371,4.70850977769306,"5.015e-04","1.043e-03",-0.86
"ABHD3",0.3589,4.1962,4.67814315466088,"5.284e-04","1.092e-03",-0.86
"RAB11A",-0.6235,8.194,-4.77561993298417,"4.470e-04","9.438e-04",-0.86
"TIMM22",0.4072,6.3471,4.70931753471881,"5.008e-04","1.042e-03",-0.86
"FRYL",-0.5181,6.6979,-4.68989683353067,"5.178e-04","1.072e-03",-0.86
"GSK3B",0.226,6.8486,4.7304978140358,"4.829e-04","1.010e-03",-0.86
"SLC7A3",0.7278,7.7376,4.6925473707632,"5.154e-04","1.068e-03",-0.86
"BCS1L",0.4326,4.2439,4.67401180027051,"5.322e-04","1.099e-03",-0.86
"C7orf50",0.2651,5.9543,4.7005416842423,"5.084e-04","1.055e-03",-0.87
"FERMT2",-0.6664,6.5717,-4.70896327586721,"5.011e-04","1.043e-03",-0.87
"OPA1",-0.3104,7.1801,-4.69690594463645,"5.116e-04","1.061e-03",-0.87
"PLAU",2.8767,0.59,4.18044097182696,"1.265e-03","2.369e-03",-0.87
"USP19",0.3007,5.6372,4.65638261553675,"5.486e-04","1.128e-03",-0.88
"ANKS1B",1.1188,1.0181,4.25998119466227,"1.098e-03","2.089e-03",-0.88
"SURF6",0.4026,7.0255,4.71299388727912,"4.976e-04","1.036e-03",-0.88
"DENND2D",-0.2641,5.29,-4.68396248642501,"5.231e-04","1.082e-03",-0.88
"CYP2U1",-0.3977,4.9665,-4.682456839214,"5.245e-04","1.085e-03",-0.88
"WNT5B",-0.7852,3.3867,-4.52791457990307,"6.854e-04","1.367e-03",-0.89
"RAD51B",-0.4658,4.2752,-4.65551991714366,"5.494e-04","1.129e-03",-0.89
"PRKAA1",-0.328,5.4556,-4.67153223647194,"5.344e-04","1.103e-03",-0.89
"ARRDC2",0.5808,4.5421,4.66522870823929,"5.403e-04","1.113e-03",-0.89
"ZMAT5",0.3226,5.5521,4.69423965895286,"5.139e-04","1.065e-03",-0.89
"MFN1",-0.7467,7.7959,-4.69371307973531,"5.144e-04","1.066e-03",-0.89
"CTSC",-0.2951,7.6211,-4.79563538561527,"4.320e-04","9.155e-04",-0.89
"COX17",0.361,5.5226,4.68519762264511,"5.220e-04","1.080e-03",-0.9
"NCAPG",-0.2824,6.1118,-4.6571911683429,"5.478e-04","1.127e-03",-0.9
"NPAS2",-0.4755,3.1709,-4.54369891150743,"6.668e-04","1.333e-03",-0.9
"QARS",0.6195,7.7865,4.69216920855514,"5.158e-04","1.068e-03",-0.9
"ITGA4",-0.4741,5.1361,-4.65099016515933,"5.537e-04","1.137e-03",-0.9
"SAMHD1",0.4056,7.3224,4.70775062358003,"5.021e-04","1.044e-03",-0.9
"TRMT1L",0.3124,7.1637,4.67737236360647,"5.291e-04","1.093e-03",-0.91
"ALDH7A1",-0.7881,7.6766,-4.72489134554395,"4.876e-04","1.018e-03",-0.91
"FASN",-0.8177,8.0535,-4.67052760548274,"5.354e-04","1.105e-03",-0.92
"CSF3",1.4096,1.9166,4.34519897397322,"9.443e-04","1.825e-03",-0.92
"THNSL1",0.3974,5.1763,4.64865626974476,"5.559e-04","1.140e-03",-0.92
"PHF13",0.4602,5.9166,4.66920381937289,"5.366e-04","1.107e-03",-0.92
"ATP6V0D1",0.4736,7.1246,4.70411959201537,"5.053e-04","1.050e-03",-0.93
"TMEM150C",0.2737,6.1721,4.66404153419733,"5.414e-04","1.115e-03",-0.93
"CRYBB1",1.1293,1.2162,4.29085570948793,"1.039e-03","1.990e-03",-0.93
"TNS4",1.2936,2.8901,4.39515999362528,"8.647e-04","1.687e-03",-0.93
"ACSBG1",0.9271,1.1808,4.30404176387407,"1.015e-03","1.949e-03",-0.93
"LVRN",0.7683,1.9787,4.48612171468413,"7.373e-04","1.460e-03",-0.93
"MMP15",0.4033,8.5442,4.74978724257468,"4.672e-04","9.832e-04",-0.93
"PROSER1",0.5188,5.5879,4.65280466456809,"5.520e-04","1.134e-03",-0.94
"TTC37",-0.4257,5.3468,-4.64917570223003,"5.554e-04","1.140e-03",-0.94
"PDZD11",0.3855,6.0586,4.64902639367087,"5.556e-04","1.140e-03",-0.94
"CAMKV",0.7453,2.9333,4.49030807857355,"7.319e-04","1.450e-03",-0.94
"NQO1",-0.7249,7.7394,-4.7574199661295,"4.611e-04","9.712e-04",-0.94
"SWT1",-0.2973,4.1001,-4.62650208653539,"5.776e-04","1.179e-03",-0.95
"SHISA4",1.0237,3.6205,4.47469023821835,"7.521e-04","1.486e-03",-0.95
"CAPN15",0.3684,6.9928,4.6522014929339,"5.525e-04","1.135e-03",-0.95
"PYGL",-0.5198,7.6833,-4.71342648251005,"4.973e-04","1.036e-03",-0.95
"EPGN",1.366,1.6372,4.35039881209375,"9.356e-04","1.810e-03",-0.95
"MIPOL1",-0.5763,4.9289,-4.63997613455908,"5.643e-04","1.156e-03",-0.96
"WWC2",0.3888,5.0654,4.62380130192149,"5.803e-04","1.183e-03",-0.96
"IFITM5",0.7127,3.2278,4.55760301714742,"6.509e-04","1.306e-03",-0.96
"ATP2C1",-0.2468,8.2893,-4.71155530929281,"4.989e-04","1.039e-03",-0.96
"LGR5",0.7788,4.2081,4.59165742410183,"6.136e-04","1.241e-03",-0.97
"ANKRD44",0.2775,5.7481,4.6219670989303,"5.822e-04","1.187e-03",-0.97
"SDK2",0.9449,1.4165,4.28116646478253,"1.057e-03","2.020e-03",-0.97
"SLC35D1",0.4265,6.3593,4.65746748815973,"5.476e-04","1.126e-03",-0.97
"SREBF1",-0.8381,8.5851,-4.72901959017005,"4.841e-04","1.012e-03",-0.97
"ECH1",-0.3984,8.0599,-4.74627661615294,"4.700e-04","9.870e-04",-0.97
"SLC9A1",-1.2291,8.4932,-4.7495165070787,"4.674e-04","9.835e-04",-0.98
"RAB35",0.3306,6.786,4.64575488673909,"5.587e-04","1.145e-03",-0.98
"UBE2F",-0.5646,4.9425,-4.62117423933832,"5.830e-04","1.188e-03",-0.98
"PDE4D",-0.4064,5.1759,-4.61734766653301,"5.869e-04","1.195e-03",-0.99
"CRB2",-1.143,4.0048,-4.55873149866704,"6.496e-04","1.305e-03",-0.99
"ERAP1",-0.4286,4.2726,-4.60379088264621,"6.008e-04","1.218e-03",-0.99
"COG5",-0.5295,6.3941,-4.62623217046559,"5.779e-04","1.179e-03",-0.99
"TPX2",-0.8482,8.3475,-4.6696475869152,"5.362e-04","1.107e-03",-1
"TAF12",0.2605,6.7794,4.64768431753829,"5.569e-04","1.142e-03",-1
"GRPEL1",0.3766,7.4511,4.63031496861283,"5.738e-04","1.173e-03",-1
"ENG",0.8639,1.6276,4.4126119691318,"8.386e-04","1.642e-03",-1
"TBC1D9",0.5022,6.0413,4.61185856091532,"5.925e-04","1.205e-03",-1
"NR2F6",-0.3767,9.459,-4.74550256582748,"4.706e-04","9.879e-04",-1
"MRPL50",0.4755,6.457,4.66545333300256,"5.401e-04","1.113e-03",-1
"GID4",0.4362,5.2855,4.62911615841484,"5.750e-04","1.175e-03",-1
"FKBP5",-1.1369,7.0369,-4.63647795395471,"5.678e-04","1.162e-03",-1
"NHLRC1",0.7054,4.0174,4.53043933493784,"6.824e-04","1.362e-03",-1
"FYN",0.3519,4.6725,4.60918059267591,"5.952e-04","1.209e-03",-1
"KCNK5",1.6649,1.358,4.25902669371093,"1.100e-03","2.091e-03",-1
"RPAP2",0.4195,5.1197,4.6076790396051,"5.968e-04","1.212e-03",-1
"TOP3A",0.236,5.4548,4.59637291941572,"6.086e-04","1.232e-03",-1
"SOGA1",0.3586,6.6683,4.61966155356182,"5.845e-04","1.191e-03",-1.01
"CREM",-0.4065,5.3512,-4.61469884160998,"5.895e-04","1.200e-03",-1.01
"LHFPL4",0.8517,3.7347,4.53056412377083,"6.823e-04","1.362e-03",-1.01
"NDUFAF2",0.4469,5.3799,4.61716133937385,"5.870e-04","1.195e-03",-1.01
"CPT2",-0.3844,6.3339,-4.61404583572139,"5.902e-04","1.200e-03",-1.01
"PPFIA1",0.5079,6.6814,4.60205125473833,"6.026e-04","1.221e-03",-1.02
"PASK",0.3652,4.8692,4.59432123122087,"6.107e-04","1.236e-03",-1.02
"ACADL",-0.8113,7.28,-4.64457295818257,"5.599e-04","1.147e-03",-1.03
"TRAFD1",-0.2679,5.9288,-4.6054544024558,"5.991e-04","1.215e-03",-1.03
"PAPSS1",-0.4566,5.8501,-4.61045303021821,"5.939e-04","1.207e-03",-1.03
"ARRDC1",0.4251,5.5152,4.60317488961584,"6.014e-04","1.219e-03",-1.03
"NPEPL1",0.373,7.9366,4.65372198366142,"5.511e-04","1.132e-03",-1.03
"POLR3A",0.478,5.0885,4.58351509807751,"6.223e-04","1.257e-03",-1.04
"SLC35B3",0.4397,5.3531,4.58771083950752,"6.178e-04","1.248e-03",-1.04
"NDUFAF1",0.3507,7.1448,4.60571901663051,"5.988e-04","1.215e-03",-1.05
"SMARCD1",0.5228,7.026,4.61452262104649,"5.897e-04","1.200e-03",-1.05
"ACKR2",-3.0245,1.1891,-4.12171735410812,"1.405e-03","2.603e-03",-1.05
"LIG3",0.2354,6.4136,4.57345251763482,"6.332e-04","1.276e-03",-1.05
"ATP11C",-0.5047,7.2523,-4.62491360814902,"5.792e-04","1.181e-03",-1.06
"TMC6",0.2839,6.7981,4.60684938554236,"5.976e-04","1.213e-03",-1.06
"ATP5I",-0.3847,5.8737,-4.6041452968795,"6.004e-04","1.218e-03",-1.06
"PIK3C2B",0.2596,5.1253,4.57406531482345,"6.326e-04","1.275e-03",-1.07
"VRK2",0.4468,6.367,4.60583942908222,"5.987e-04","1.215e-03",-1.07
"WRN",-0.524,4.7885,-4.56661777885564,"6.408e-04","1.289e-03",-1.07
"RFX3",0.6339,3.944,4.55770058093199,"6.508e-04","1.306e-03",-1.07
"GPR155",-0.3418,4.6861,-4.56829328631741,"6.389e-04","1.286e-03",-1.07
"TCTN3",0.2848,5.4913,4.56225715778629,"6.457e-04","1.298e-03",-1.08
"TBC1D19",-0.4799,4.8693,-4.57138051433583,"6.355e-04","1.280e-03",-1.08
"TLCD1",0.4187,6.587,4.63534099059427,"5.689e-04","1.164e-03",-1.08
"REXO1",0.259,6.0506,4.55761355171224,"6.509e-04","1.306e-03",-1.09
"EIF2B2",0.4635,7.2036,4.58831640039044,"6.171e-04","1.247e-03",-1.09
"IRX3",-0.4266,6.0257,-4.60855816985575,"5.958e-04","1.210e-03",-1.09
"CCDC92",0.579,5.5729,4.55262861531289,"6.566e-04","1.316e-03",-1.09
"CDC42EP4",-0.596,3.7547,-4.52848536860568,"6.847e-04","1.366e-03",-1.09
"STK25",-0.4087,7.4542,-4.59665818441404,"6.083e-04","1.232e-03",-1.09
"VGLL4",0.6407,6.0051,4.57424372039112,"6.324e-04","1.274e-03",-1.1
"ASNSD1",0.4768,5.4127,4.55759290388233,"6.509e-04","1.306e-03",-1.1
"ANKRD29",0.803,1.616,4.21703720567195,"1.185e-03","2.235e-03",-1.1
"MCTS1",0.3506,7.8498,4.59604414953485,"6.089e-04","1.233e-03",-1.1
"CRK",0.3551,6.3809,4.54977716382923,"6.598e-04","1.322e-03",-1.1
"SNAP91",0.2907,3.7204,4.52841429072764,"6.848e-04","1.366e-03",-1.11
"TMEM167A",-0.437,5.7608,-4.55692438036097,"6.517e-04","1.307e-03",-1.11
"TMEM254",-0.5054,7.7389,-4.62125024386965,"5.829e-04","1.188e-03",-1.11
"HACD4",-3.0298,1.4322,-4.02941030777473,"1.658e-03","3.012e-03",-1.11
"RAP2B",0.7314,5.4347,4.58305441482216,"6.228e-04","1.257e-03",-1.11
"SYTL3",0.5443,1.2543,4.24806774648593,"1.121e-03","2.126e-03",-1.12
"ELMOD2",-0.4109,6.4399,-4.56625471309226,"6.412e-04","1.289e-03",-1.12
"SERBP1",0.2428,9.2639,4.61459275949431,"5.897e-04","1.200e-03",-1.12
"CYP39A1",0.3097,5.4942,4.54463716057216,"6.658e-04","1.332e-03",-1.12
"ERMP1",0.3617,5.4519,4.54782524344467,"6.621e-04","1.325e-03",-1.12
"GNPTAB",0.2849,7.4127,4.54781226441966,"6.621e-04","1.325e-03",-1.13
"gga-mir-6614",-0.9409,1.1051,-4.08527230745358,"1.500e-03","2.757e-03",-1.13
"TMEM98",-0.4672,7.3958,-4.63417357886803,"5.700e-04","1.166e-03",-1.13
"EGFLAM",-0.6294,1.6858,-4.23261392881375,"1.153e-03","2.179e-03",-1.13
"CCDC18",-0.3469,4.2658,-4.51988703477138,"6.951e-04","1.384e-03",-1.13
"LRFN5",0.7313,6.2928,4.56063415345233,"6.475e-04","1.301e-03",-1.13
"SLC39A3",0.3558,5.4376,4.53112674359923,"6.816e-04","1.361e-03",-1.14
"NR6A1",-0.8906,4.3215,-4.5181844681575,"6.971e-04","1.387e-03",-1.14
"SMIM19",0.4085,6.5501,4.578313768154,"6.279e-04","1.266e-03",-1.14
"AP3S1",-0.333,6.9656,-4.53716283992142,"6.745e-04","1.348e-03",-1.14
"TCF12",-0.3187,8.7131,-4.5818987545238,"6.240e-04","1.259e-03",-1.15
"EIF2S1",0.3437,7.7239,4.55957817067171,"6.487e-04","1.303e-03",-1.15
"MDH1B",-1.1383,1.6183,-4.14903636903065,"1.338e-03","2.492e-03",-1.15
"ZNF276",0.4239,6.2073,4.54793112046004,"6.620e-04","1.325e-03",-1.15
"REPS2",-0.2957,4.9852,-4.52675355040501,"6.868e-04","1.370e-03",-1.15
"GTPBP8",0.2736,6.0342,4.5489747860094,"6.608e-04","1.324e-03",-1.16
"IDH2",-0.6063,8.4371,-4.64377510325609,"5.606e-04","1.148e-03",-1.16
"NEURL1B",-0.7671,3.5278,-4.37426801550416,"8.971e-04","1.744e-03",-1.16
"PKDCC",1.002,2.239,4.31986156580536,"9.875e-04","1.902e-03",-1.17
"BSG",-0.4971,10.1995,-4.64518504426542,"5.593e-04","1.146e-03",-1.17
"MTMR9",-0.3361,5.7808,-4.49465105964026,"7.264e-04","1.440e-03",-1.17
"SLC10A4",0.7872,5.0033,4.52273502039096,"6.916e-04","1.378e-03",-1.17
"DCK",0.3143,6.2592,4.51071949198956,"7.063e-04","1.404e-03",-1.18
"FBXL3",-0.3468,4.7764,-4.50965202510851,"7.076e-04","1.406e-03",-1.18
"ARHGAP1",-0.5845,6.7652,-4.54612808021695,"6.640e-04","1.329e-03",-1.18
"SCT",-1.5499,1.0212,-4.09793094442868,"1.466e-03","2.704e-03",-1.18
"PCGF3",-0.8701,3.6315,-4.37207950507875,"9.006e-04","1.750e-03",-1.18
"PKIG",-0.6286,5.9292,-4.5592976435413,"6.490e-04","1.304e-03",-1.18
"TTC14",-0.3277,6.5946,-4.50934343269135,"7.080e-04","1.406e-03",-1.19
"MEA1",0.9158,5.9282,4.58053332326461,"6.255e-04","1.262e-03",-1.19
"GTPBP1",-0.335,6.7797,-4.5108175340708,"7.062e-04","1.404e-03",-1.2
"RARB",0.4815,1.841,4.17569531777341,"1.276e-03","2.386e-03",-1.2
"LRAT",-0.8907,1.4353,-4.05273937451401,"1.590e-03","2.901e-03",-1.2
"F9",-1.6901,1.4001,-4.12936072583642,"1.386e-03","2.570e-03",-1.21
"CUEDC1",1.2231,0.9988,4.12928225809785,"1.386e-03","2.570e-03",-1.21
"MRPL44",0.3931,7.862,4.57486054574241,"6.317e-04","1.273e-03",-1.21
"UAP1",0.3447,7.7818,4.54659307336525,"6.635e-04","1.328e-03",-1.21
"SMPD3",0.6835,4.2769,4.45937940973818,"7.726e-04","1.524e-03",-1.22
"SEC11C",0.3256,6.3114,4.51881844771223,"6.964e-04","1.386e-03",-1.22
"gga-mir-1609",-2.4262,0.0798,-3.89529255809689,"2.113e-03","3.759e-03",-1.22
"ANKH",-0.8229,8.5303,-4.58958534463576,"6.158e-04","1.245e-03",-1.22
"FAM171A1",0.2359,5.8893,4.49816421617131,"7.219e-04","1.432e-03",-1.23
"MRPL12",0.3467,8.5439,4.62872746035704,"5.754e-04","1.176e-03",-1.23
"C2orf88",1.2866,0.9147,4.05335805039435,"1.588e-03","2.899e-03",-1.23
"PKD2L1",-1.2725,0.9583,-4.04686593682559,"1.607e-03","2.930e-03",-1.23
"TXNDC17",-0.324,6.4865,-4.53729320948273,"6.743e-04","1.348e-03",-1.24
"HADHB",-0.2714,7.7239,-4.53252876282784,"6.799e-04","1.358e-03",-1.24
"B3GNTL1",1.0654,2.1718,4.21572156602253,"1.188e-03","2.239e-03",-1.24
"LRRC52",0.8124,2.2479,4.18018507394635,"1.265e-03","2.369e-03",-1.24
"BOK",0.4539,3.1145,4.39749078228094,"8.612e-04","1.681e-03",-1.24
"RCAN3",-0.2655,7.2069,-4.52294816758271,"6.914e-04","1.378e-03",-1.25
"MCUB",-0.3633,5.513,-4.49029364332832,"7.319e-04","1.450e-03",-1.25
"USP7",0.235,8.2486,4.52446703253051,"6.896e-04","1.375e-03",-1.25
"USP16",-0.3785,6.9758,-4.48041483322346,"7.447e-04","1.473e-03",-1.26
"LARGE2",-0.2959,6.5277,-4.50391733070068,"7.147e-04","1.419e-03",-1.26
"MSX1",-0.9216,4.8768,-4.45342833058735,"7.807e-04","1.539e-03",-1.27
"ST7L",-0.3941,6.3013,-4.49307736098489,"7.284e-04","1.444e-03",-1.27
"WDR72",-1.6438,-0.0327,-3.85758312670279,"2.263e-03","3.995e-03",-1.27
"CTDP1",0.3932,6.4046,4.47085764959155,"7.572e-04","1.496e-03",-1.28
"FGD3",-0.3964,6.5948,-4.47976204316893,"7.455e-04","1.474e-03",-1.28
"LCA5L",-0.5217,2.6571,-4.24354722294036,"1.130e-03","2.142e-03",-1.28
"SNRNP27",0.4581,7.0397,4.5216072211839,"6.930e-04","1.380e-03",-1.28
"LANCL1",0.3277,5.3161,4.44716705744157,"7.893e-04","1.556e-03",-1.29
"SLC46A2",-2.4652,0.5489,-3.91720393204981,"2.031e-03","3.627e-03",-1.29
"RNaseP_nuc",2.0162,2.0819,4.27100439390174,"1.077e-03","2.052e-03",-1.29
"TIMP2",1.2037,2.3613,4.18313167599619,"1.259e-03","2.359e-03",-1.3
"BRAF",0.3293,5.3104,4.43696032869592,"8.035e-04","1.581e-03",-1.3
"MIER1",0.3193,5.3267,4.43794400732819,"8.021e-04","1.579e-03",-1.3
"PDGFRB",-0.9482,1.6795,-4.10391804640891,"1.450e-03","2.677e-03",-1.3
"THAP4",0.3199,6.0354,4.45405563724507,"7.798e-04","1.538e-03",-1.3
"MAP3K4",0.3225,5.7,4.43364366526326,"8.082e-04","1.589e-03",-1.3
"KDF1",0.5648,4.7484,4.4439708211484,"7.937e-04","1.563e-03",-1.3
"XPA",-0.3513,7.0998,-4.44513137372483,"7.921e-04","1.561e-03",-1.31
"BANP",0.2165,4.8102,4.43436045745348,"8.072e-04","1.588e-03",-1.31
"CHRNA5",0.7851,2.2864,4.29685377446017,"1.028e-03","1.972e-03",-1.31
"ARPC3",-0.2955,7.8556,-4.55819284850728,"6.503e-04","1.305e-03",-1.32
"KCTD12",0.844,2.2127,4.05906997561097,"1.572e-03","2.874e-03",-1.32
"NOC4L",0.2021,8.0229,4.48531027969155,"7.383e-04","1.462e-03",-1.32
"CDK1",-0.3897,8.934,-4.54418678913005,"6.663e-04","1.332e-03",-1.33
"GTF2H5",-0.2646,6.9066,-4.43790093412737,"8.022e-04","1.579e-03",-1.33
"NAA30",0.3089,6.4805,4.44402422500923,"7.936e-04","1.563e-03",-1.33
"ZNF710",0.3654,5.6721,4.44182285985514,"7.967e-04","1.569e-03",-1.33
"RNF13",-0.5402,8.1571,-4.48018969924965,"7.449e-04","1.473e-03",-1.33
"SPHK1",0.6802,4.7715,4.42431690201148,"8.215e-04","1.614e-03",-1.33
"CD40",1.3653,1.7972,4.08966045152545,"1.488e-03","2.740e-03",-1.33
"USE1",0.2797,5.9946,4.43385525703887,"8.079e-04","1.589e-03",-1.33
"NADK",-0.9677,8.3617,-4.47528248726359,"7.514e-04","1.485e-03",-1.34
"CSTB",0.5313,5.6891,4.44462382824312,"7.928e-04","1.562e-03",-1.35
"DERL2",0.4014,6.464,4.43095084374919,"8.120e-04","1.596e-03",-1.35
"RTN4",-0.4655,7.5159,-4.41538641690605,"8.345e-04","1.635e-03",-1.35
"ACTR6",0.2992,7.2702,4.41113646087398,"8.408e-04","1.646e-03",-1.35
"GTF2A2",0.4999,5.1515,4.42719040870204,"8.174e-04","1.606e-03",-1.36
"HPS1",0.3379,5.4122,4.41801081321964,"8.307e-04","1.629e-03",-1.36
"SNAPC3",0.4522,5.9335,4.41662858350139,"8.327e-04","1.632e-03",-1.36
"PGRMC1",-0.64,8.6913,-4.47853938399057,"7.471e-04","1.477e-03",-1.37
"SMTNL2",0.4713,3.4191,4.37153876490055,"9.014e-04","1.751e-03",-1.37
"ABCG5",0.6154,1.0948,4.05917870711781,"1.572e-03","2.874e-03",-1.37
"TAGLN2",0.7605,6.848,4.51500862534723,"7.010e-04","1.394e-03",-1.37
"GTF3C4",0.5174,5.215,4.40297218900534,"8.529e-04","1.667e-03",-1.38
"IRF8",-0.293,7.5758,-4.48220745387565,"7.423e-04","1.469e-03",-1.38
"PIAS1",-0.3581,5.763,-4.40612328182348,"8.482e-04","1.658e-03",-1.38
"ABCD3",-0.3251,6.4802,-4.41672885359769,"8.325e-04","1.632e-03",-1.38
"MAF1",-0.2416,7.4197,-4.46155130697568,"7.696e-04","1.519e-03",-1.38
"PREP",-0.5358,7.245,-4.41700317304406,"8.321e-04","1.632e-03",-1.38
"PPEF1",-0.9737,1.4672,-4.11295455834061,"1.427e-03","2.638e-03",-1.38
"SLC16A5",-2.228,5.101,-4.40887836551172,"8.441e-04","1.651e-03",-1.39
"PAFAH2",-0.5831,3.8306,-4.33284604237376,"9.651e-04","1.861e-03",-1.39
"TBL1X",-0.7041,7.7905,-4.42223613371637,"8.245e-04","1.619e-03",-1.39
"SERPINI1",0.6468,4.3928,4.35497326472584,"9.281e-04","1.797e-03",-1.39
"RUNX2",-0.6849,2.6585,-4.11680518645662,"1.417e-03","2.623e-03",-1.4
"CTTN",-0.314,7.7609,-4.40493833283168,"8.500e-04","1.661e-03",-1.4
"TADA1",0.6006,7.1806,4.41150586434273,"8.402e-04","1.645e-03",-1.4
"REV3L",-0.6025,5.6522,-4.37592554289058,"8.945e-04","1.740e-03",-1.4
"RNF141",-0.2957,5.939,-4.38407208460548,"8.817e-04","1.717e-03",-1.4
"CCNL2",0.433,7.1091,4.3855786634966,"8.794e-04","1.713e-03",-1.41
"NCOA4",-0.3586,8.6798,-4.48223803940406,"7.423e-04","1.469e-03",-1.41
"MYO1F",-1.3501,0.7622,-3.88677860962353,"2.146e-03","3.808e-03",-1.41
"PSMG4",-0.4315,6.1701,-4.43427804877542,"8.073e-04","1.588e-03",-1.41
"KLF7",1.2249,1.6525,4.0322083130815,"1.650e-03","2.999e-03",-1.41
"ALS2",1.1046,3.4372,4.24157881839094,"1.134e-03","2.149e-03",-1.41
"gga-mir-6686",1.0697,0.4684,3.84294125064558,"2.324e-03","4.092e-03",-1.41
"UBR1",-0.4813,6.1108,-4.38206987866196,"8.849e-04","1.722e-03",-1.42
"TMEM57",0.2604,6.9166,4.39756445929536,"8.611e-04","1.681e-03",-1.42
"CYBRD1",-0.2693,5.1543,-4.39353670513518,"8.672e-04","1.692e-03",-1.42
"DNAL1",0.3857,3.9131,4.36246529429909,"9.159e-04","1.777e-03",-1.42
"DRG1",0.2406,6.7172,4.37432856012702,"8.970e-04","1.744e-03",-1.43
"ADMP",0.6089,2.5321,4.1729050904607,"1.282e-03","2.397e-03",-1.43
"KPNA3",0.3241,6.7958,4.38369021473296,"8.823e-04","1.718e-03",-1.43
"ANKRA2",0.2474,5.7192,4.36928166617197,"9.050e-04","1.757e-03",-1.43
"ZFHX4",0.5726,2.0032,4.254792225888,"1.108e-03","2.106e-03",-1.43
"CPE",0.5729,4.1689,4.33914576246867,"9.544e-04","1.843e-03",-1.44
"B3GNT4",-0.3956,3.3712,-4.28128380615135,"1.057e-03","2.020e-03",-1.44
"ALDOC",0.2843,10.5955,4.4960908835437,"7.245e-04","1.437e-03",-1.44
"TRAF5",0.9886,1.2275,4.04429069660116,"1.614e-03","2.942e-03",-1.44
"DHCR24",-1.5241,7.594,-4.40834108837545,"8.449e-04","1.652e-03",-1.44
"MTMR14",-0.2812,6.7301,-4.40716710715579,"8.466e-04","1.656e-03",-1.45
"RIMBP2",-0.7776,5.4496,-4.35769211222021,"9.237e-04","1.790e-03",-1.46
"NFKB1",0.2696,5.4261,4.35422777111,"9.293e-04","1.798e-03",-1.46
"RIPK4",2.6693,1.7068,3.96518399468476,"1.862e-03","3.352e-03",-1.46
"CDCP2",0.8674,3.1157,4.20613408514724,"1.208e-03","2.271e-03",-1.46
"AP3B1",-0.3385,5.9859,-4.35452685465585,"9.288e-04","1.798e-03",-1.46
"PLEKHA3",0.394,4.9247,4.34330605912986,"9.474e-04","1.830e-03",-1.48
"MAPK8IP2",0.5969,2.4333,4.21678952935988,"1.186e-03","2.236e-03",-1.48
"POLR2D",0.4066,7.1635,4.40904401115355,"8.439e-04","1.651e-03",-1.48
"AKAP10",0.4091,6.2502,4.35753785993217,"9.239e-04","1.790e-03",-1.48
"PSIP1",0.3249,6.7917,4.35754545845832,"9.239e-04","1.790e-03",-1.49
"HPSE2",0.5192,1.8542,4.14253432314318,"1.353e-03","2.516e-03",-1.49
"PKD2",-0.2434,5.5742,-4.35741952928428,"9.241e-04","1.790e-03",-1.49
"PTPRN",0.8767,2.2133,4.01304383163609,"1.708e-03","3.096e-03",-1.5
"HIC2",-0.5442,4.15,-4.31038498119509,"1.004e-03","1.931e-03",-1.5
"FMOD",-1.8767,1.0879,-3.81693817177453,"2.436e-03","4.266e-03",-1.5
"SNORD89",-0.6887,1.0502,-4.06422100234279,"1.557e-03","2.852e-03",-1.5
"ZMAT2",0.3377,7.1138,4.36346064610735,"9.143e-04","1.774e-03",-1.51
"gga-mir-365-2",-2.6587,0.0911,-3.73356335579318,"2.837e-03","4.905e-03",-1.51
"NCEH1",0.4836,3.894,4.29517013364585,"1.032e-03","1.977e-03",-1.51
"MSMO1",-0.9696,7.706,-4.38515655665671,"8.801e-04","1.714e-03",-1.52
"LCLAT1",-0.3553,5.3112,-4.31074747406044,"1.004e-03","1.930e-03",-1.52
"LSS",-0.3494,7.3811,-4.36352040929496,"9.142e-04","1.774e-03",-1.52
"RBM12B",0.4467,7.2009,4.33877321713703,"9.550e-04","1.844e-03",-1.52
"CACNB2",-0.5228,4.22,-4.31280530911783,"9.999e-04","1.925e-03",-1.52
"HAPLN2",1.4462,0.8394,3.81654619459117,"2.438e-03","4.268e-03",-1.52
"PFKFB3",-0.4112,6.0359,-4.38564949697105,"8.793e-04","1.713e-03",-1.52
"NUDT14",-0.5401,4.0828,-4.24709684656248,"1.123e-03","2.129e-03",-1.52
"ADRA2A",0.7382,4.3611,4.27196155092244,"1.075e-03","2.049e-03",-1.53
"MTF2",0.3283,5.7169,4.3192338760206,"9.886e-04","1.903e-03",-1.53
"LHPP",-0.7242,5.6298,-4.34582711482226,"9.432e-04","1.823e-03",-1.53
"TSPO2",1.0166,1.2231,4.00440410047552,"1.735e-03","3.140e-03",-1.53
"MCF2L2",0.7411,1.968,4.14464698157183,"1.348e-03","2.508e-03",-1.53
"SPATS2",0.2866,6.8968,4.3608093091445,"9.186e-04","1.781e-03",-1.54
"C9orf69",0.4332,4.8558,4.32001038158738,"9.872e-04","1.902e-03",-1.54
"GLP1R",0.2681,2.9207,4.28018167527515,"1.059e-03","2.023e-03",-1.54
"CNDP1",-0.5441,2.8967,-4.08810989162797,"1.492e-03","2.746e-03",-1.54
"ELOVL1",0.235,7.1233,4.33364174117111,"9.637e-04","1.859e-03",-1.54
"DTNA",0.5195,5.6723,4.31031487550578,"1.004e-03","1.931e-03",-1.54
"MRPL17",0.4462,7.4203,4.41891294814614,"8.294e-04","1.627e-03",-1.54
"FAM174B",0.3351,4.5034,4.28118977776277,"1.057e-03","2.020e-03",-1.54
"MED21",0.3103,5.0694,4.30699410421042,"1.010e-03","1.941e-03",-1.55
"KIF9",-0.9185,2.3067,-4.01569979279589,"1.700e-03","3.083e-03",-1.55
"DOLPP1",-0.2725,5.1636,-4.29708560273899,"1.028e-03","1.972e-03",-1.56
"TTYH2",0.3302,5.8484,4.3256892921983,"9.774e-04","1.884e-03",-1.56
"PPM1B",-0.3675,7.1034,-4.30577902146819,"1.012e-03","1.944e-03",-1.56
"EFTUD2",0.264,8.4754,4.34946519298547,"9.372e-04","1.812e-03",-1.56
"FGL1",-0.8926,0.8087,-3.85999004204486,"2.253e-03","3.980e-03",-1.56
"CLDN12",0.4487,6.9097,4.31201482077515,"1.001e-03","1.927e-03",-1.56
"NDUFB4",-0.3969,6.9359,-4.33008105695201,"9.698e-04","1.869e-03",-1.57
"ACAA1",-0.5239,7.2928,-4.38891566305176,"8.743e-04","1.705e-03",-1.57
"SLC26A1",-1.6128,1.7184,-3.92981097024841,"1.985e-03","3.556e-03",-1.57
"SCD",-0.4429,8.1427,-4.36164972123343,"9.173e-04","1.779e-03",-1.57
"UNC13B",0.7565,3.7149,4.23265562275464,"1.153e-03","2.179e-03",-1.57
"LGI1",0.9559,1.3595,3.96361934060633,"1.867e-03","3.360e-03",-1.57
"SPAG9",-0.3874,7.394,-4.30499059596446,"1.014e-03","1.947e-03",-1.57
"RMDN3",-0.2364,7.6576,-4.36139971915728,"9.177e-04","1.779e-03",-1.57
"MINOS1",-0.3821,7.143,-4.30633467672338,"1.011e-03","1.943e-03",-1.57
"INTS10",0.2969,5.6578,4.29464211616261,"1.033e-03","1.978e-03",-1.57
"TRIT1",0.5944,4.6885,4.28889021612614,"1.043e-03","1.997e-03",-1.58
"NUDC",0.4932,8.1994,4.33352564386189,"9.639e-04","1.859e-03",-1.58
"FDFT1",-1.0846,7.2605,-4.33589790331718,"9.599e-04","1.852e-03",-1.58
"LCT",0.5863,3.441,4.27021165831814,"1.078e-03","2.054e-03",-1.58
"RAB21",0.2536,7.5468,4.34619025743751,"9.426e-04","1.822e-03",-1.58
"ITM2A",-0.4889,9.0513,-4.41265937158836,"8.385e-04","1.642e-03",-1.58
"MRPL45",0.2919,7.8321,4.34075999537922,"9.517e-04","1.838e-03",-1.58
"GRHPR",-0.6421,7.7745,-4.37335295970879,"8.985e-04","1.747e-03",-1.58
"RNF103",-0.5347,5.4833,-4.30218134281861,"1.019e-03","1.955e-03",-1.58
"EPB41L1",0.3089,4.9888,4.27702966828297,"1.065e-03","2.032e-03",-1.59
"RBBP6",0.6115,7.4329,4.28301379939409,"1.054e-03","2.016e-03",-1.59
"LDLRAD4",0.3997,5.9339,4.2968392918204,"1.029e-03","1.972e-03",-1.59
"EXD2",0.4525,4.8975,4.27883989690003,"1.062e-03","2.026e-03",-1.6
"CPD",-0.3095,8.5969,-4.37181194219103,"9.010e-04","1.750e-03",-1.6
"ST7",-0.4208,6.7335,-4.29814262286423,"1.026e-03","1.969e-03",-1.6
"PPIL2",0.2921,6.964,4.31092788554639,"1.003e-03","1.930e-03",-1.6
"FTH1",-0.566,11.8474,-4.39765212660188,"8.609e-04","1.681e-03",-1.6
"COMMD7",-0.4409,5.5093,-4.29154427010895,"1.038e-03","1.988e-03",-1.6
"AIMP2",0.4605,7.3558,4.31012300551171,"1.005e-03","1.931e-03",-1.6
"STXBP6",0.4611,6.3734,4.29609558080644,"1.030e-03","1.974e-03",-1.61
"RPL11",-0.2496,9.7401,-4.39897401238348,"8.589e-04","1.678e-03",-1.61
"APOBEC2",0.7352,2.2255,4.09764271065231,"1.467e-03","2.705e-03",-1.61
"IFT22",0.3325,5.7049,4.28679947626077,"1.047e-03","2.003e-03",-1.61
"gga-mir-6712",0.6716,3.5862,4.08653220449677,"1.496e-03","2.752e-03",-1.62
"PKP2",-0.3266,4.6323,-4.26622667295453,"1.086e-03","2.068e-03",-1.62
"SVEP1",-0.6321,4.585,-4.25443728533689,"1.109e-03","2.106e-03",-1.62
"VEZT",-0.6983,6.7711,-4.28823530434818,"1.044e-03","1.998e-03",-1.62
"PDIA3",-0.3361,10.2896,-4.39779667786002,"8.607e-04","1.681e-03",-1.63
"HN1",-0.3243,8.1923,-4.32347706463468,"9.812e-04","1.890e-03",-1.63
"RPL34",-0.2891,8.8765,-4.37933331583092,"8.891e-04","1.730e-03",-1.63
"R3HDM1",0.305,7.0879,4.27476639408597,"1.070e-03","2.039e-03",-1.63
"SMG7",0.326,7.1233,4.26556439422931,"1.087e-03","2.069e-03",-1.63
"MRE11",0.267,7.0139,4.27979920213112,"1.060e-03","2.023e-03",-1.64
"CETN3",0.7514,4.6565,4.25524418043351,"1.107e-03","2.104e-03",-1.64
"ETNK2",0.3777,4.8901,4.2591941694995,"1.099e-03","2.091e-03",-1.64
"SLC5A6",0.3421,7.692,4.31175850409256,"1.002e-03","1.927e-03",-1.65
"PGAP3",0.6715,5.4954,4.28728016574671,"1.046e-03","2.001e-03",-1.65
"STAU1",-0.4464,7.84,-4.30235541122316,"1.019e-03","1.955e-03",-1.65
"YES1",-0.5215,8.8276,-4.33745084627766,"9.573e-04","1.848e-03",-1.66
"PCTP",0.9679,2.1409,4.00109721833132,"1.745e-03","3.157e-03",-1.66
"HESX1",0.3952,2.5832,4.14696449339384,"1.343e-03","2.499e-03",-1.66
"IFI35",-0.7398,4.4125,-4.17124160684483,"1.286e-03","2.403e-03",-1.66
"ARFRP1",-0.2667,5.956,-4.2671782935128,"1.084e-03","2.065e-03",-1.66
"MLXIPL",0.5884,3.0552,4.18362508473072,"1.258e-03","2.357e-03",-1.66
"PLA2G15",0.8601,5.1384,4.26043591596169,"1.097e-03","2.087e-03",-1.67
"RPL27",-0.2964,10.2474,-4.37261703404392,"8.997e-04","1.749e-03",-1.67
"ZP3",0.7185,1.8911,4.03504299554837,"1.641e-03","2.985e-03",-1.67
"FAAP24",0.2279,4.8185,4.22162865041864,"1.175e-03","2.218e-03",-1.67
"RGS1",-1.6957,1.2003,-3.77058853331591,"2.651e-03","4.615e-03",-1.67
"ABCC8",0.7788,2.648,4.08263053011904,"1.507e-03","2.768e-03",-1.68
"VDAC1",-0.4447,5.3594,-4.2347769419783,"1.148e-03","2.172e-03",-1.68
"LNP1",0.8589,1.6119,3.89484214142536,"2.115e-03","3.762e-03",-1.69
"CPSF6",0.2701,7.2293,4.2393406105614,"1.139e-03","2.157e-03",-1.69
"RPS24",-0.2646,9.1901,-4.35303252166235,"9.313e-04","1.802e-03",-1.69
"PMM1",0.4388,7.5924,4.25345133099579,"1.111e-03","2.110e-03",-1.69
"ZNF330",0.2083,6.199,4.22939659614959,"1.159e-03","2.190e-03",-1.69
"GUSB",-0.4952,7.6242,-4.27979698324494,"1.060e-03","2.023e-03",-1.7
"EXOG",0.4455,6.2216,4.27942992589217,"1.061e-03","2.024e-03",-1.7
"CPEB2",-0.6239,3.1795,-4.11442811676389,"1.423e-03","2.633e-03",-1.7
"SYF2",0.2376,6.7294,4.26305724780297,"1.092e-03","2.078e-03",-1.7
"TCTN1",-0.6976,3.2203,-4.0355384131253,"1.640e-03","2.983e-03",-1.7
"TET2",0.7271,4.7594,4.21347594338623,"1.193e-03","2.247e-03",-1.7
"SPOPL",0.3499,5.963,4.2352029610396,"1.147e-03","2.171e-03",-1.7
"SIRT5",-0.2651,5.9814,-4.28248352345711,"1.055e-03","2.017e-03",-1.7
"SERINC2",-0.8419,3.5319,-4.08503035311758,"1.500e-03","2.758e-03",-1.71
"PIGX",-0.6539,4.2934,-4.20767228092704,"1.205e-03","2.267e-03",-1.71
"ARL6",-0.5146,3.4976,-4.15300674992725,"1.328e-03","2.476e-03",-1.72
"TMEM60",0.3034,6.0858,4.25223720159816,"1.113e-03","2.113e-03",-1.72
"WTAP",0.2399,7.4562,4.2666327911087,"1.085e-03","2.067e-03",-1.72
"C2CD2L",0.4926,5.4673,4.19827465189286,"1.225e-03","2.301e-03",-1.73
"PQLC2",0.3798,5.9991,4.23544125020109,"1.147e-03","2.170e-03",-1.73
"SCLY",0.3848,4.6911,4.20769241065328,"1.205e-03","2.267e-03",-1.73
"CCDC61",-0.4438,6.1539,-4.22585456383462,"1.167e-03","2.203e-03",-1.74
"GTF2IRD1",0.5914,4.3921,4.1972806379045,"1.227e-03","2.304e-03",-1.74
"SPON2",-2.2921,0.2348,-3.62927362346496,"3.434e-03","5.803e-03",-1.74
"OTUD3",0.35,5.6742,4.22154999101976,"1.176e-03","2.218e-03",-1.74
"SEC22C",-0.2895,5.8854,-4.23601963246382,"1.146e-03","2.169e-03",-1.74
"SLC30A5",-0.2908,6.8701,-4.23886827862934,"1.140e-03","2.159e-03",-1.74
"PRKCE",-0.3816,4.4187,-4.19350624122318,"1.236e-03","2.319e-03",-1.74
"RCN2",0.3329,7.8985,4.24826864317382,"1.121e-03","2.126e-03",-1.74
"CDKN2C",-1.0162,3.6882,-4.04903172235234,"1.601e-03","2.919e-03",-1.74
"ANO5",0.2811,6.7129,4.18271635909116,"1.260e-03","2.360e-03",-1.75
"SGCE",0.2954,4.9893,4.20907079189376,"1.202e-03","2.262e-03",-1.75
"S1PR1",-0.3697,5.3203,-4.20970020035064,"1.201e-03","2.260e-03",-1.75
"SNU13",0.2479,9.0922,4.2936866705797,"1.034e-03","1.981e-03",-1.75
"POLR3K",0.6392,4.627,4.16971485898708,"1.289e-03","2.409e-03",-1.75
"CDR2L",-0.3696,5.0879,-4.20738725463749,"1.206e-03","2.267e-03",-1.75
"CABP2",0.5976,3.4936,4.13105179482518,"1.382e-03","2.564e-03",-1.75
"AAMP",0.2918,6.76,4.20441288739438,"1.212e-03","2.278e-03",-1.76
"EPB41",-0.8578,7.0675,-4.2214082856309,"1.176e-03","2.218e-03",-1.76
"RNF182",1.5087,1.49,3.85547940885097,"2.271e-03","4.010e-03",-1.76
"TMEM192",-0.3217,5.2936,-4.19174424537254,"1.240e-03","2.326e-03",-1.76
"KLF3",-0.356,5.9893,-4.21251428589537,"1.195e-03","2.250e-03",-1.76
"HCK",-0.7191,2.7876,-4.00400017878393,"1.736e-03","3.141e-03",-1.77
"FABP5",0.4624,6.7898,4.20972814409704,"1.201e-03","2.260e-03",-1.77
"SUMF2",-0.2834,5.7827,-4.212451868208,"1.195e-03","2.250e-03",-1.77
"RFFL",0.3553,4.8442,4.17826224752948,"1.270e-03","2.376e-03",-1.77
"RFC1",0.3069,6.7138,4.19195560542168,"1.239e-03","2.325e-03",-1.77
"NLRX1",0.8046,3.4589,4.06062108881272,"1.568e-03","2.867e-03",-1.77
"SF3B5",0.4966,7.5631,4.25007910824844,"1.117e-03","2.119e-03",-1.78
"DSCC1",0.4903,6.5892,4.20240286638181,"1.216e-03","2.285e-03",-1.78
"SSTR1",0.564,4.0683,4.08407395551238,"1.503e-03","2.762e-03",-1.78
"TTC33",0.3007,4.4802,4.17126119783321,"1.286e-03","2.403e-03",-1.78
"FKBP8",0.6532,7.5121,4.23194960113355,"1.154e-03","2.181e-03",-1.79
"METTL4",-0.2728,4.7939,-4.17655214915477,"1.274e-03","2.383e-03",-1.79
"RASGEF1C",1.2995,2.7895,3.99634987141126,"1.760e-03","3.182e-03",-1.79
"NRCAM",0.549,3.7172,4.148447560729,"1.339e-03","2.493e-03",-1.79
"PPIE",0.2833,6.7032,4.18792706447721,"1.248e-03","2.341e-03",-1.8
"OSBP",0.311,8.068,4.22773266676872,"1.163e-03","2.196e-03",-1.8
"ACSL3",-0.4953,7.3839,-4.20431626529403,"1.212e-03","2.278e-03",-1.81
"DAB2IP",-0.5639,5.7707,-4.1744027191829,"1.279e-03","2.391e-03",-1.81
"MAT1A",-3.1584,6.8988,-4.21481067393122,"1.190e-03","2.242e-03",-1.82
"CLK4",0.4402,6.3319,4.16981923137551,"1.289e-03","2.409e-03",-1.82
"GJA1",-1.0618,4.1086,-4.0326091532946,"1.649e-03","2.997e-03",-1.82
"NF1",-0.558,6.4777,-4.15050934034202,"1.334e-03","2.486e-03",-1.82
"ARPC1B",1.2341,4.8107,4.13152705698558,"1.380e-03","2.563e-03",-1.82
"GXYLT2",-0.3756,6.0424,-4.18424617579185,"1.256e-03","2.355e-03",-1.82
"SEMA6D",-0.4226,3.8495,-4.12723639747714,"1.391e-03","2.579e-03",-1.83
"HOXB4",0.5799,4.265,4.13374584660873,"1.375e-03","2.554e-03",-1.83
"GLRX5",-0.3087,7.5372,-4.20823444976037,"1.204e-03","2.265e-03",-1.83
"TMEM71",-2.1447,0.3572,-3.57870863574882,"3.769e-03","6.322e-03",-1.83
"MED13L",-0.5361,6.1298,-4.16157618193177,"1.308e-03","2.442e-03",-1.83
"SAMM50",-0.4975,6.9644,-4.18143100312371,"1.263e-03","2.365e-03",-1.83
"MON1A",0.2892,6.1855,4.15720424228776,"1.318e-03","2.460e-03",-1.83
"CCNI",-0.3712,8.3057,-4.25967737416468,"1.099e-03","2.089e-03",-1.83
"PHF20",0.301,6.852,4.16777112204389,"1.294e-03","2.416e-03",-1.83
"KLHL5",0.3077,5.9069,4.16012684694237,"1.312e-03","2.448e-03",-1.84
"MRPL40",0.6721,7.4594,4.22292864561721,"1.173e-03","2.214e-03",-1.84
"RPS7",-0.3369,8.9628,-4.25277808119215,"1.112e-03","2.112e-03",-1.84
"CEP112",-0.3586,4.436,-4.13640334287086,"1.368e-03","2.543e-03",-1.84
"SPC25",0.2894,6.409,4.14387284776026,"1.350e-03","2.511e-03",-1.85
"TIPRL",0.3912,6.9021,4.16610766725361,"1.298e-03","2.423e-03",-1.85
"POLK",-0.6048,3.1406,-4.03611013582168,"1.638e-03","2.981e-03",-1.85
"FIBIN",-0.7283,3.2001,-4.05625970710844,"1.580e-03","2.885e-03",-1.85
"GART",-0.3144,5.8193,-4.14681758147087,"1.343e-03","2.499e-03",-1.85
"TSHZ1",0.455,4.6517,4.13995283732737,"1.360e-03","2.527e-03",-1.85
"SH2D3C",-0.3397,3.6957,-4.10982857695197,"1.435e-03","2.652e-03",-1.85
"PMP22",2.3314,-0.356,3.52356778715926,"4.172e-03","6.929e-03",-1.86
"BCL9L",0.3645,4.937,4.1296811721881,"1.385e-03","2.570e-03",-1.86
"COL1A2",2.4935,-0.6932,3.50655579212246,"4.305e-03","7.119e-03",-1.86
"NUP210",-0.8377,7.5497,-4.15521486571433,"1.323e-03","2.468e-03",-1.86
"MRPL9",0.3968,8.4364,4.23544748038898,"1.147e-03","2.170e-03",-1.87
"KIF3A",-0.358,5.0389,-4.13023883613977,"1.384e-03","2.568e-03",-1.87
"EDN1",1.2533,1.656,3.71655822130669,"2.926e-03","5.041e-03",-1.88
"ABHD18",-0.2683,6.3822,-4.11386837618159,"1.425e-03","2.635e-03",-1.89
"HOXB7",-0.2555,5.3285,-4.11825470009102,"1.414e-03","2.618e-03",-1.9
"SLC26A11",-0.359,4.3239,-4.06335891698952,"1.560e-03","2.855e-03",-1.9
"HGS",0.2235,8.1891,4.20143109303887,"1.218e-03","2.288e-03",-1.9
"PPP1R16B",1.378,3.2769,4.04305683584313,"1.618e-03","2.948e-03",-1.9
"NOL7",0.3833,6.913,4.13208996368961,"1.379e-03","2.561e-03",-1.9
"ZMYM3",-0.416,4.6719,-4.10917440146256,"1.437e-03","2.654e-03",-1.9
"ARL6IP5",-0.2959,6.1568,-4.15062826209128,"1.334e-03","2.486e-03",-1.9
"RCAN1",0.3324,5.4188,4.11147142424937,"1.431e-03","2.645e-03",-1.91
"EDF1",-0.8135,9.4397,-4.25093047423711,"1.116e-03","2.117e-03",-1.91
"ARL5A",0.3186,5.88,4.14519468111732,"1.347e-03","2.506e-03",-1.91
"CD38",-1.524,0.2023,-3.53628664804993,"4.075e-03","6.782e-03",-1.91
"GTSE1",0.2185,7.0597,4.12300535038425,"1.402e-03","2.598e-03",-1.92
"GSR",0.4241,4.0383,4.08373398213282,"1.504e-03","2.763e-03",-1.92
"TP53INP1",-0.5092,5.485,-4.11452787433481,"1.423e-03","2.633e-03",-1.92
"DLAT",-0.3121,7.3504,-4.15949311326788,"1.313e-03","2.450e-03",-1.93
"ANKRD2",0.9176,1.587,3.83548610800983,"2.355e-03","4.142e-03",-1.93
"NR2E1",-0.63,1.8197,-3.93547754306217,"1.965e-03","3.522e-03",-1.94
"SLC25A40",1.1272,0.9048,3.69455391172579,"3.047e-03","5.222e-03",-1.94
"VSX2",0.6582,2.6262,3.97942181366798,"1.814e-03","3.272e-03",-1.94
"MAGT1",-0.6054,7.8641,-4.1486658542437,"1.339e-03","2.493e-03",-1.94
"NDUFAF5",0.3366,4.6141,4.08935851472541,"1.489e-03","2.740e-03",-1.94
"IL10",-1.2395,0.8994,-3.59257547969351,"3.674e-03","6.176e-03",-1.95
"DCTN5",0.2253,6.2738,4.10974936493373,"1.435e-03","2.652e-03",-1.95
"PDK3",-0.2839,6.0821,-4.10874091362553,"1.438e-03","2.655e-03",-1.95
"EGR4",3.202,-0.2629,3.47178744379019,"4.590e-03","7.549e-03",-1.95
"HORMAD2",-0.7288,1.8446,-3.70652171724261,"2.981e-03","5.122e-03",-1.96
"CPQ",-2.0041,0.8623,-3.5361014361613,"4.076e-03","6.783e-03",-1.96
"gga-mir-6583",-1.5594,-0.3527,-3.44775737384551,"4.799e-03","7.857e-03",-1.96
"DNAJC28",0.6012,3.4513,4.01121304688082,"1.713e-03","3.104e-03",-1.96
"ACTB",-0.7127,10.5561,-4.20708859927966,"1.206e-03","2.268e-03",-1.97
"DNAJC5",0.3889,6.0713,4.09960219249822,"1.462e-03","2.696e-03",-1.97
"ACAD9",-0.5238,8.0423,-4.14884215557032,"1.338e-03","2.492e-03",-1.97
"AHSA1",0.6037,8.4695,4.15499356680188,"1.324e-03","2.468e-03",-1.97
"RBFOX2",0.2894,5.5333,4.08596571217267,"1.498e-03","2.755e-03",-1.97
"SUCLG1",-0.4123,7.1724,-4.09735356294641,"1.468e-03","2.705e-03",-1.97
"FLNB",-0.3372,8.2849,-4.1182120341953,"1.414e-03","2.618e-03",-1.97
"ZBTB11",0.3173,5.168,4.07358900015294,"1.531e-03","2.810e-03",-1.97
"TPK1",-0.361,4.3801,-4.06077775756116,"1.567e-03","2.867e-03",-1.98
"UBE2QL1",0.3907,6.0464,4.10019998947847,"1.460e-03","2.694e-03",-1.98
"COMT",-0.3204,5.249,-4.09432191091044,"1.476e-03","2.718e-03",-1.98
"PKNOX1",0.36,5.0069,4.06565588254772,"1.553e-03","2.848e-03",-1.98
"SLAIN2",0.3898,5.7475,4.08787480629837,"1.493e-03","2.746e-03",-1.98
"LAS1L",0.2399,6.716,4.07208866118389,"1.536e-03","2.816e-03",-1.99
"CRADD",0.3919,4.6653,4.06133408355909,"1.566e-03","2.865e-03",-1.99
"ZNF770",0.59,5.0416,4.05793733117852,"1.575e-03","2.878e-03",-1.99
"PLA2G4A",0.389,4.619,4.05838882515477,"1.574e-03","2.876e-03",-1.99
"VTI1B",0.4848,5.671,4.08048987342732,"1.513e-03","2.778e-03",-1.99
"MSL2",0.4303,5.6973,4.06524576720035,"1.555e-03","2.849e-03",-2
"MRPL32",0.3783,7.1035,4.10668106412288,"1.443e-03","2.665e-03",-2
"CCR10",0.6389,0.8423,3.62720974395401,"3.447e-03","5.822e-03",-2
"GGPS1",0.4709,6.1201,4.07456325111061,"1.529e-03","2.806e-03",-2.01
"SYNE3",-0.8412,2.8738,-3.88833311978603,"2.140e-03","3.800e-03",-2.01
"RPS6",-0.343,10.1717,-4.18535238173875,"1.254e-03","2.351e-03",-2.01
"ATAD1",-0.3563,6.8604,-4.09314071493262,"1.479e-03","2.724e-03",-2.01
"NOL8",0.5965,6.3326,4.03857848743734,"1.631e-03","2.968e-03",-2.02
"SNORD14",-0.8336,1.9635,-3.64425998112947,"3.341e-03","5.664e-03",-2.02
"DDOST",-0.3299,9.5697,-4.17958462593834,"1.267e-03","2.371e-03",-2.02
"TMEM59",-0.324,7.2882,-4.09536398880883,"1.473e-03","2.714e-03",-2.03
"SEC22B",-0.221,9.1094,-4.15302356666962,"1.328e-03","2.476e-03",-2.03
"CCDC28A",0.3557,5.5123,4.04725229056309,"1.606e-03","2.928e-03",-2.03
"PPP1R7",0.2259,6.8678,4.04595610230756,"1.609e-03","2.934e-03",-2.04
"KATNA1",0.3172,5.8216,4.04963484164851,"1.599e-03","2.917e-03",-2.04
"NME7",-0.2908,4.6338,-4.03928989838121,"1.629e-03","2.965e-03",-2.04
"SMNDC1",0.2102,7.0665,4.06630802752335,"1.552e-03","2.845e-03",-2.04
"ARL14",0.7789,1.6637,3.74424392157015,"2.782e-03","4.819e-03",-2.04
"CLCN1",0.7607,1.411,3.76547111278649,"2.676e-03","4.655e-03",-2.04
"AIMP1",0.2813,7.5238,4.08519248454866,"1.500e-03","2.757e-03",-2.04
"STK38",0.5111,6.1266,4.04114760887227,"1.623e-03","2.957e-03",-2.04
"PNRC2",-0.4432,8.7702,-4.10583473599305,"1.445e-03","2.668e-03",-2.05
"PHAX",0.4476,5.1507,4.03041256544742,"1.655e-03","3.007e-03",-2.05
"OLFML2A",0.2843,6.837,4.08940250482949,"1.489e-03","2.740e-03",-2.06
"SYPL2",0.8541,4.658,4.01911860923301,"1.689e-03","3.065e-03",-2.06
"MTMR1",-0.3277,6.8321,-4.06451410373548,"1.557e-03","2.852e-03",-2.06
"ACAP3",-0.2941,4.8253,-4.03059992220293,"1.655e-03","3.007e-03",-2.06
"MYDGF",0.2574,6.5792,4.05845778285998,"1.574e-03","2.876e-03",-2.06
"MBD5",-0.3234,6.2768,-4.02894817802457,"1.659e-03","3.014e-03",-2.06
"AP2B1",-0.4592,7.9392,-4.09541541148171,"1.473e-03","2.714e-03",-2.07
"RABEPK",-0.3539,5.8282,-4.07855242839521,"1.518e-03","2.787e-03",-2.07
"SCTR",-1.0279,0.9637,-3.54356132870732,"4.021e-03","6.698e-03",-2.07
"SEH1L",0.2151,7.6754,4.02281028670833,"1.678e-03","3.046e-03",-2.07
"EIF4A3",0.2761,7.853,4.05723298206992,"1.577e-03","2.881e-03",-2.07
"FNDC1",1.0264,1.1861,3.56509465757864,"3.864e-03","6.462e-03",-2.07
"HPSE",2.5361,-0.2562,3.4028346187592,"5.215e-03","8.480e-03",-2.08
"gga-mir-6652",-1.6051,1.4578,-3.52422615364376,"4.167e-03","6.922e-03",-2.08
"KIF13A",-0.4412,5.7413,-4.01288875053833,"1.708e-03","3.096e-03",-2.09
"JUND",0.779,7.5117,4.11717045933373,"1.416e-03","2.622e-03",-2.09
"TM9SF2",-0.4191,8.5238,-4.11334638752306,"1.426e-03","2.637e-03",-2.09
"PPP2CB",0.2511,8.0624,4.12020280691612,"1.409e-03","2.610e-03",-2.1
"SGSM3",0.2576,5.2092,4.00980640721128,"1.718e-03","3.111e-03",-2.1
"RPL31",-0.3162,8.2758,-4.07257079729293,"1.534e-03","2.814e-03",-2.1
"EEF1A1",-0.3923,11.6491,-4.12668110626938,"1.392e-03","2.581e-03",-2.11
"EEF1B2",-0.2464,10.3517,-4.13440578648688,"1.373e-03","2.551e-03",-2.11
"RAD18",0.3774,4.7633,3.99081570141778,"1.778e-03","3.210e-03",-2.11
"PRKAG2",-0.3631,6.4463,-4.00018958809894,"1.748e-03","3.161e-03",-2.11
"CERS3",1.4405,0.8706,3.56564486328314,"3.861e-03","6.456e-03",-2.11
"STX18",-0.3361,5.944,-4.02168602451749,"1.681e-03","3.051e-03",-2.11
"DCTN6",0.329,6.3838,4.01271475178519,"1.709e-03","3.097e-03",-2.12
"ARHGAP10",-0.3931,3.9567,-3.94291879002729,"1.938e-03","3.478e-03",-2.12
"CTCF",0.206,7.109,3.99429795319974,"1.766e-03","3.193e-03",-2.12
"ELAC2",0.2204,5.1783,3.98953080220938,"1.782e-03","3.217e-03",-2.12
"SETX",0.5558,6.2706,3.98353448523563,"1.801e-03","3.251e-03",-2.12
"PMPCA",0.2224,7.8409,4.05402616357498,"1.586e-03","2.896e-03",-2.12
"P2RX3",0.9122,1.453,3.6632425222568,"3.227e-03","5.500e-03",-2.12
"HPF1",0.355,7.3728,4.02293645220577,"1.678e-03","3.046e-03",-2.12
"DNAJC1",-0.3216,7.2319,-4.06404043693566,"1.558e-03","2.852e-03",-2.13
"MYO18B",-0.3047,4.3899,-3.97660234314044,"1.824e-03","3.287e-03",-2.13
"EEA1",-0.4541,7.1228,-3.99530931837171,"1.763e-03","3.188e-03",-2.13
"GRB14",0.5017,3.3432,3.92496036290252,"2.002e-03","3.582e-03",-2.13
"gga-mir-22",-1.5519,0.7751,-3.4569577488746,"4.718e-03","7.739e-03",-2.13
"ALG12",-0.2412,7.4828,-4.0150986724842,"1.701e-03","3.085e-03",-2.13
"TMC5",-0.4189,4.68,-3.9675967460426,"1.854e-03","3.339e-03",-2.14
"CHIC2",0.4384,4.8342,3.99190427494143,"1.774e-03","3.205e-03",-2.14
"ING4",0.3967,5.2609,3.99293618156638,"1.771e-03","3.199e-03",-2.14
"RAPGEF5",0.5622,3.3451,3.87076687167282,"2.209e-03","3.911e-03",-2.14
"NRP2",-0.4608,6.9734,-3.98128198568397,"1.808e-03","3.262e-03",-2.15
"RRAGC",0.2828,6.1781,3.97886623886767,"1.816e-03","3.275e-03",-2.15
"RNF4",0.2737,6.3394,4.0102225052089,"1.716e-03","3.109e-03",-2.15
"TOP1MT",-0.7399,7.5446,-4.03277795216157,"1.648e-03","2.997e-03",-2.15
"RIC1",-0.4219,5.3077,-3.97963923136176,"1.814e-03","3.271e-03",-2.15
"HSD17B1",0.9512,2.446,3.74803714319694,"2.763e-03","4.789e-03",-2.15
"KLHL2",0.2364,6.2126,3.96533414093706,"1.861e-03","3.352e-03",-2.15
"PGLS",0.5614,7.8648,4.06497819377728,"1.555e-03","2.850e-03",-2.16
"UXS1",0.2666,6.2145,3.98556207397033,"1.794e-03","3.239e-03",-2.16
"gga-mir-1586",-0.9451,0.0625,-3.35503030449614,"5.697e-03","9.191e-03",-2.16
"FXYD2",-1.942,2.3154,-3.6135839378335,"3.535e-03","5.960e-03",-2.16
"RPL9",-0.2953,9.1233,-4.05356776672644,"1.588e-03","2.898e-03",-2.17
"IFT20",-0.2464,5.9074,-4.00592172852862,"1.730e-03","3.132e-03",-2.17
"MAD1L1",-0.3,6.1391,-3.98188658874943,"1.806e-03","3.260e-03",-2.17
"NEMF",0.2011,6.9269,3.96137041794879,"1.875e-03","3.372e-03",-2.18
"IL16",0.5124,1.0865,3.65515421366605,"3.275e-03","5.566e-03",-2.18
"TMEM138",0.3389,3.9923,3.94951231351715,"1.915e-03","3.440e-03",-2.18
"CHRDL2",0.5958,1.5053,3.60370301805172,"3.599e-03","6.062e-03",-2.19
"ACO2",-0.6358,8.775,-4.04011998376884,"1.626e-03","2.961e-03",-2.19
"ZRANB2",0.2508,7.3047,3.96774514130195,"1.853e-03","3.339e-03",-2.19
"ZNF593",0.6053,7.3742,4.04123332207553,"1.623e-03","2.957e-03",-2.19
"CHST10",0.4006,5.4538,3.96490665900264,"1.863e-03","3.353e-03",-2.19
"ZC3H12C",0.3715,4.619,3.95127349228773,"1.909e-03","3.431e-03",-2.2
"gga-mir-1630",1.2473,0.6399,3.39970751638561,"5.245e-03","8.526e-03",-2.2
"SENP7",-0.5283,4.3856,-3.93949093047404,"1.950e-03","3.498e-03",-2.2
"ATP10D",1.1234,2.793,3.77402889863537,"2.635e-03","4.588e-03",-2.2
"TRIM54",-0.4558,4.1098,-3.92521922493938,"2.001e-03","3.581e-03",-2.21
"ESPL1",-0.2264,6.9072,-3.94931986755329,"1.916e-03","3.441e-03",-2.21
"RPL7A",-0.2416,10.4261,-4.07389111306843,"1.531e-03","2.809e-03",-2.22
"TGM2",-0.5465,3.8771,-3.86148156120268,"2.247e-03","3.970e-03",-2.22
"SOCS6",-0.2936,3.6316,-3.91048537062741,"2.055e-03","3.667e-03",-2.22
"TTC32",0.4959,4.5717,3.90709967671608,"2.068e-03","3.688e-03",-2.23
"PRSS23",-0.4513,3.5377,-3.72142507464725,"2.900e-03","5.001e-03",-2.23
"CSRNP3",1.1732,1.7095,3.69743242383502,"3.031e-03","5.197e-03",-2.23
"ADGRA2",-0.3761,3.7137,-3.86153373045156,"2.246e-03","3.970e-03",-2.23
"EFCAB1",-0.6163,3.2591,-3.81371604832359,"2.451e-03","4.289e-03",-2.23
"GCC2",-0.4654,5.4628,-3.92671259266148,"1.996e-03","3.574e-03",-2.23
"SLC5A9",-1.9672,1.1685,-3.40503425363292,"5.193e-03","8.450e-03",-2.23
"LMBRD1",-0.2799,5.5341,-3.94688647283797,"1.924e-03","3.454e-03",-2.23
"ATP13A1",-0.2923,6.6989,-3.94090232641218,"1.945e-03","3.490e-03",-2.23
"COL22A1",-1.5772,0.27,-3.3365167537191,"5.896e-03","9.488e-03",-2.23
"RPS8",-0.2317,10.5856,-4.06418688556902,"1.558e-03","2.852e-03",-2.23
"BMP2",0.2053,5.6722,3.95672851854197,"1.890e-03","3.399e-03",-2.24
"RAD51D",0.5257,4.8874,3.93482132685754,"1.967e-03","3.526e-03",-2.25
"CAMK2N2",0.8014,1.5888,3.77333027351382,"2.638e-03","4.592e-03",-2.25
"CHMP7",0.2592,7.1589,3.95891211749629,"1.883e-03","3.386e-03",-2.25
"RAB3GAP1",-0.3638,6.5096,-3.94715389006492,"1.923e-03","3.453e-03",-2.25
"ALKBH8",0.2496,4.8206,3.9211777997265,"2.016e-03","3.603e-03",-2.26
"CTRL",0.817,1.1292,3.57177380364724,"3.817e-03","6.392e-03",-2.26
"ARMC9",-0.3137,4.0302,-3.90516210434744,"2.075e-03","3.698e-03",-2.26
"CYTH3",0.3782,4.7556,3.92290208546628,"2.010e-03","3.593e-03",-2.26
"VAC14",0.2936,6.293,3.92552929036917,"2.000e-03","3.581e-03",-2.27
"CLOCK",0.3999,4.6376,3.90702953954626,"2.068e-03","3.688e-03",-2.27
"GAREM1",-0.393,6.0652,-3.92537276633766,"2.001e-03","3.581e-03",-2.28
"AGR3",-2.035,0.461,-3.32671056626731,"6.005e-03","9.636e-03",-2.28
"SCARA5",-0.7661,1.4284,-3.42133412825878,"5.039e-03","8.213e-03",-2.28
"PDLIM1",-0.2865,5.8546,-3.96099981043746,"1.876e-03","3.374e-03",-2.28
"BCL9",-0.2672,6.0227,-3.92122699861192,"2.016e-03","3.603e-03",-2.28
"PAK3",0.357,6.9692,3.92425902947674,"2.005e-03","3.585e-03",-2.28
"GPR37L1",-1.1425,2.1286,-3.55505585163201,"3.937e-03","6.572e-03",-2.29
"ACE",-1.0828,0.1773,-3.32698938798847,"6.001e-03","9.633e-03",-2.29
"IPP",0.2335,4.8386,3.89392958991115,"2.118e-03","3.766e-03",-2.29
"TUBGCP4",0.2169,6.5953,3.91444053942638,"2.041e-03","3.644e-03",-2.29
"PPIC",-0.2966,6.593,-3.95589806877973,"1.893e-03","3.403e-03",-2.29
"ZBTB34",0.6202,4.7858,3.90057164199769,"2.093e-03","3.727e-03",-2.29
"CEMIP",-0.5634,3.5656,-3.80527109970554,"2.489e-03","4.352e-03",-2.29
"ITFG2",0.2787,5.7708,3.9244246011771,"2.004e-03","3.585e-03",-2.29
"PLOD2",0.6195,6.3024,3.93828505474212,"1.955e-03","3.505e-03",-2.3
"MED13",-0.2776,7.2982,-3.91721448853821,"2.031e-03","3.627e-03",-2.3
"MTOR",-0.3816,7.0501,-3.91208240537765,"2.050e-03","3.658e-03",-2.3
"LRRC4C",-0.469,4.1286,-3.85827896283448,"2.260e-03","3.991e-03",-2.3
"ABHD11",-0.596,2.2757,-3.65749885896162,"3.261e-03","5.547e-03",-2.31
"TTYH3",-0.547,5.799,-3.92759466202034,"1.993e-03","3.570e-03",-2.31
"GRK7",0.4827,2.6386,3.78152980386512,"2.599e-03","4.533e-03",-2.31
"MAU2",0.2481,6.5851,3.90640475496497,"2.071e-03","3.691e-03",-2.31
"STRN",0.325,4.7987,3.88852234027848,"2.139e-03","3.799e-03",-2.31
"RPL6",-0.3044,10.7136,-4.01533142324284,"1.701e-03","3.085e-03",-2.31
"HECA",0.5194,5.3908,3.8900101754659,"2.133e-03","3.790e-03",-2.32
"BF1",-0.2763,5.1635,-3.89657686421661,"2.108e-03","3.752e-03",-2.32
"JAG1",0.8087,5.0894,3.89557364055605,"2.112e-03","3.758e-03",-2.32
"MANF",0.4651,7.0654,3.94774762553049,"1.921e-03","3.450e-03",-2.33
"LGALS3",-0.4261,3.5988,-3.80413789891114,"2.494e-03","4.360e-03",-2.33
"OAT",-1.1636,7.6428,-3.93031390264638,"1.983e-03","3.554e-03",-2.33
"GGT7",-0.3412,3.381,-3.81987786620779,"2.423e-03","4.247e-03",-2.34
"DDHD1",-0.2198,6.4679,-3.91051707759343,"2.055e-03","3.667e-03",-2.34
"TM4SF18",-1.141,2.0164,-3.45567036036498,"4.729e-03","7.753e-03",-2.34
"ARHGAP18",0.3023,6.0808,3.89253541481722,"2.123e-03","3.774e-03",-2.34
"COL3A1",0.7527,2.4197,3.68397200160554,"3.106e-03","5.313e-03",-2.34
"LRRN3",-1.334,0.5179,-3.34983580527457,"5.752e-03","9.274e-03",-2.34
"ID4",0.9912,5.1437,3.8792830543281,"2.175e-03","3.856e-03",-2.35
"NRBP1",0.2164,6.5384,3.89316667931414,"2.121e-03","3.771e-03",-2.35
"CUL2",-0.2744,6.8999,-3.87435227996921,"2.195e-03","3.889e-03",-2.35
"PSMA6",-0.4049,8.9968,-4.00015311343005,"1.748e-03","3.161e-03",-2.35
"SNX18",-0.3982,4.7606,-3.86653948492216,"2.226e-03","3.940e-03",-2.35
"ECI1",-0.4232,7.9325,-3.96295847095467,"1.869e-03","3.364e-03",-2.36
"MFSD9",0.2922,5.0215,3.87516238637391,"2.192e-03","3.884e-03",-2.36
"DHTKD1",-0.4169,6.4342,-3.88602422579387,"2.149e-03","3.813e-03",-2.37
"PIGU",0.2664,5.7256,3.8709733981559,"2.208e-03","3.911e-03",-2.37
"CAPZA2",-0.3103,7.8109,-3.90389421572892,"2.080e-03","3.706e-03",-2.37
"SLC25A11",-0.5524,8.4048,-3.97412392124946,"1.832e-03","3.301e-03",-2.37
"SLX4",0.2419,6.3023,3.85475788235924,"2.274e-03","4.014e-03",-2.37
"ASH1L",0.3826,8.1601,3.88794435570891,"2.141e-03","3.802e-03",-2.37
"ACER2",0.5868,2.8539,3.66018574773467,"3.245e-03","5.524e-03",-2.38
"BAHD1",0.2303,7.1368,3.90372207715187,"2.081e-03","3.706e-03",-2.38
"ORC4",0.2866,6.5661,3.86278220782464,"2.241e-03","3.964e-03",-2.38
"RCL1",0.4114,7.2045,3.8869202558517,"2.145e-03","3.808e-03",-2.38
"HSD11B2",0.623,4.6288,3.82522484539087,"2.400e-03","4.209e-03",-2.39
"CENPN",0.2805,6.2572,3.86570549096316,"2.229e-03","3.945e-03",-2.39
"PDIK1L",-0.2299,5.2841,-3.86454121174331,"2.234e-03","3.953e-03",-2.39
"CDC42",-0.2085,9.5118,-3.95012788833542,"1.913e-03","3.437e-03",-2.39
"CEP162",-0.3276,4.5652,-3.83236426070055,"2.369e-03","4.164e-03",-2.39
"MSH3",-0.2761,5.3329,-3.84098502166731,"2.332e-03","4.104e-03",-2.4
"ASAP2",0.3813,5.2472,3.84812851827706,"2.302e-03","4.059e-03",-2.4
"CDK5RAP1",-0.2769,5.7241,-3.862899742966,"2.241e-03","3.964e-03",-2.4
"TULP4",-0.6435,3.9706,-3.82871547627998,"2.385e-03","4.188e-03",-2.4
"RRS1",1.3058,8.0115,3.9940277778495,"1.767e-03","3.194e-03",-2.4
"SIN3A",-0.3145,6.7004,-3.86189802985252,"2.245e-03","3.969e-03",-2.4
"COX7A2",-0.3353,6.9705,-3.86687692436205,"2.225e-03","3.938e-03",-2.4
"PCGF5",0.5264,5.3536,3.84309112566361,"2.323e-03","4.092e-03",-2.4
"SLC6A1",1.6624,0.6464,3.36589311707683,"5.584e-03","9.025e-03",-2.4
"SKIV2L2",0.2336,7.1345,3.85059652285976,"2.292e-03","4.043e-03",-2.4
"NAB1",-0.3045,6.6964,-3.88380105657462,"2.157e-03","3.826e-03",-2.41
"ORMDL1",-0.3684,4.809,-3.83806753813117,"2.344e-03","4.124e-03",-2.41
"MAPKAPK5",-0.2414,6.368,-3.87308188308373,"2.200e-03","3.897e-03",-2.41
"ANP32B",0.2129,9.0262,3.9273494178278,"1.994e-03","3.571e-03",-2.41
"TBCK",-0.5355,4.2512,-3.82676714799707,"2.393e-03","4.201e-03",-2.41
"TCP1",0.2786,9.3569,3.90517735887323,"2.075e-03","3.698e-03",-2.41
"TPGS2",-0.2622,3.8819,-3.81926567127594,"2.426e-03","4.251e-03",-2.41
"CMAS",-0.2481,5.0465,-3.84261465947252,"2.325e-03","4.093e-03",-2.42
"SNAPIN",0.5328,5.228,3.85034079840137,"2.293e-03","4.044e-03",-2.42
"ERN1",-0.243,5.8586,-3.83347965317525,"2.364e-03","4.156e-03",-2.42
"CFAP70",0.7219,1.2176,3.45649991599791,"4.722e-03","7.744e-03",-2.42
"NRN1",2.3062,0.2509,3.26488562508873,"6.735e-03","1.069e-02",-2.43
"HSD17B7",-0.6508,8.3441,-3.91376719436815,"2.043e-03","3.648e-03",-2.43
"CNOT8",0.2871,6.5099,3.83712524151904,"2.348e-03","4.130e-03",-2.43
"KARS",-0.4493,8.7801,-3.90723861401487,"2.068e-03","3.688e-03",-2.43
"NKIRAS2",0.556,8.3943,3.91811172507853,"2.027e-03","3.622e-03",-2.43
"FBRSL1",-0.4174,6.5926,-3.83999030037856,"2.336e-03","4.111e-03",-2.44
"SLC38A10",-0.4044,8.1988,-3.89875566215868,"2.100e-03","3.738e-03",-2.44
"WWP1",0.3235,5.9689,3.83204599798953,"2.370e-03","4.165e-03",-2.44
"ABHD2",-0.6257,7.4849,-3.89446458250349,"2.116e-03","3.763e-03",-2.44
"SAMD11",0.7645,6.7885,3.84282154500556,"2.324e-03","4.092e-03",-2.44
"WDR1",-0.3532,7.9222,-3.87964338299949,"2.174e-03","3.855e-03",-2.44
"MCM3",0.4685,7.5643,3.84751648262863,"2.304e-03","4.061e-03",-2.44
"CHST13",-0.3092,3.6527,-3.78316355261432,"2.591e-03","4.520e-03",-2.45
"SNX13",-0.522,5.8,-3.82559371237978,"2.398e-03","4.208e-03",-2.45
"SLC31A1",0.4122,7.3543,3.8477855800522,"2.303e-03","4.060e-03",-2.46
"FAM214A",0.5616,6.8412,3.83040096184551,"2.377e-03","4.176e-03",-2.46
"CNKSR2",1.222,1.0864,3.39166888045705,"5.323e-03","8.645e-03",-2.46
"ARIH2",-0.2036,5.8771,-3.81692432757146,"2.436e-03","4.266e-03",-2.46
"ZBTB17",0.29,6.1156,3.8248321148987,"2.402e-03","4.211e-03",-2.46
"RPS21",-0.3434,6.8888,-3.82392092027169,"2.406e-03","4.218e-03",-2.46
"HEXB",-0.3087,6.2327,-3.87654968682776,"2.186e-03","3.875e-03",-2.47
"PIGC",0.4651,6.3823,3.85053699322808,"2.292e-03","4.043e-03",-2.47
"TPRKB",0.2601,5.854,3.80298783713671,"2.499e-03","4.366e-03",-2.47
"VPS53",0.1945,6.2397,3.80389768960683,"2.495e-03","4.361e-03",-2.48
"GAL3ST1",0.5358,2.7247,3.57780172209858,"3.775e-03","6.329e-03",-2.48
"PLCD3",-0.3537,3.2903,-3.68206571626211,"3.117e-03","5.330e-03",-2.48
"SMAP1",-0.2434,7.0059,-3.85954549810058,"2.255e-03","3.983e-03",-2.48
"B3GLCT",-0.27,5.2034,-3.80781363652335,"2.477e-03","4.333e-03",-2.48
"GDF9",0.7715,0.951,3.43557862522315,"4.908e-03","8.023e-03",-2.49
"SEC61G",-0.3172,6.5488,-3.82028093142646,"2.422e-03","4.245e-03",-2.49
"ZFP64",-0.2197,7.1642,-3.82854259176861,"2.385e-03","4.188e-03",-2.49
"ZFAND5",0.3007,5.8808,3.80350147771887,"2.497e-03","4.363e-03",-2.5
"TAF4B",0.8362,6.641,3.77580916821713,"2.626e-03","4.575e-03",-2.5
"CPNE7",0.7459,1.2764,3.50530163080085,"4.315e-03","7.133e-03",-2.5
"NDUFAF8",1.1938,3.2319,3.55071275286047,"3.968e-03","6.617e-03",-2.51
"ATG3",-0.3297,5.8767,-3.7937810250378,"2.541e-03","4.437e-03",-2.51
"PCGF1",-0.4822,3.7628,-3.72977693708938,"2.856e-03","4.933e-03",-2.52
"SF3B6",0.3504,6.5629,3.81849457874581,"2.429e-03","4.256e-03",-2.52
"WDR54",0.391,3.2958,3.69817251835058,"3.026e-03","5.191e-03",-2.52
"DCLRE1A",0.3014,5.6704,3.77582983091439,"2.626e-03","4.575e-03",-2.52
"DAPK2",0.7953,2.2679,3.57820301995949,"3.772e-03","6.326e-03",-2.52
"RBM39",-0.2028,8.2559,-3.84589226141102,"2.311e-03","4.073e-03",-2.52
"SNORD15",1.5984,0.5343,3.2503028241835,"6.920e-03","1.095e-02",-2.53
"SERINC3",-0.6436,8.6616,-3.88453442483152,"2.155e-03","3.822e-03",-2.53
"CRY1",-0.3686,8.1799,-3.84434043992017,"2.318e-03","4.083e-03",-2.53
"RNF139",0.2734,7.0637,3.8260710626009,"2.396e-03","4.205e-03",-2.53
"STK11",0.2656,6.7853,3.80985369477804,"2.468e-03","4.318e-03",-2.53
"CAMKMT",-0.6331,3.9349,-3.70575800134625,"2.985e-03","5.128e-03",-2.53
"NEDD1",0.2718,7.8189,3.79146190655503,"2.552e-03","4.455e-03",-2.53
"ACLY",-0.8475,10.3486,-3.89147959345573,"2.128e-03","3.781e-03",-2.54
"GMIP",-0.5973,1.4846,-3.49038728940047,"4.435e-03","7.311e-03",-2.54
"NFX1",-0.4224,6.5769,-3.77953670052966,"2.608e-03","4.546e-03",-2.55
"VWA1",-1.1579,0.8155,-3.22040597138934,"7.315e-03","1.154e-02",-2.55
"AS3MT",-0.404,4.7266,-3.73173198474171,"2.846e-03","4.917e-03",-2.55
"TFRC",-0.5952,8.3124,-3.75290565889904,"2.738e-03","4.751e-03",-2.56
"DPP7",-0.2849,5.8511,-3.79516828074538,"2.535e-03","4.427e-03",-2.56
"TUBD1",-0.2962,5.3779,-3.7619779674819,"2.693e-03","4.681e-03",-2.56
"LAMB4",0.7092,1.2252,3.45128899632209,"4.767e-03","7.812e-03",-2.56
"NIPA2",-0.3203,5.5542,-3.7599805598292,"2.703e-03","4.697e-03",-2.56
"BCL7A",0.3946,5.9741,3.78026091216875,"2.605e-03","4.542e-03",-2.57
"LYPD6B",-0.3877,4.4557,-3.74779525372429,"2.764e-03","4.790e-03",-2.57
"KAT6A",0.4555,6.5919,3.75052198616374,"2.750e-03","4.771e-03",-2.57
"gga-mir-1682",-0.4712,4.1172,-3.66261207082118,"3.230e-03","5.505e-03",-2.57
"ACP6",0.3124,4.6638,3.74816256444445,"2.762e-03","4.789e-03",-2.57
"UBLCP1",0.2392,5.6275,3.74314999501857,"2.787e-03","4.828e-03",-2.57
"SUOX",0.4235,5.7297,3.7897905140584,"2.560e-03","4.468e-03",-2.58
"RAB3GAP2",-0.2046,6.0834,-3.74943275026352,"2.756e-03","4.780e-03",-2.58
"ENDOU",-1.0656,2.2194,-3.45002195052344,"4.779e-03","7.827e-03",-2.58
"ARAP2",0.4147,3.2056,3.67732557540105,"3.144e-03","5.370e-03",-2.59
"MRPL3",0.2432,8.2341,3.80476253004104,"2.491e-03","4.356e-03",-2.59
"PANK4",-0.2095,5.6291,-3.74804258229493,"2.763e-03","4.789e-03",-2.59
"DCP2",0.3885,4.237,3.73253885334567,"2.842e-03","4.913e-03",-2.59
"FZD2",-0.3012,5.426,-3.76583961637158,"2.674e-03","4.653e-03",-2.59
"PGAP2",0.4678,5.6743,3.75448438519341,"2.730e-03","4.740e-03",-2.59
"UBE2D2",0.4357,7.718,3.78407885730376,"2.587e-03","4.514e-03",-2.6
"GPAT4",0.2331,6.9605,3.7777250223567,"2.617e-03","4.560e-03",-2.6
"SUN1",-0.4122,6.9393,-3.78017845682132,"2.605e-03","4.542e-03",-2.6
"MRPL47",0.2963,6.296,3.74302977407196,"2.788e-03","4.828e-03",-2.6
"ZDHHC4",0.3474,4.9072,3.74132984099093,"2.797e-03","4.840e-03",-2.61
"USP34",-0.3445,6.5835,-3.71533071761402,"2.933e-03","5.051e-03",-2.61
"SUSD6",-0.5625,6.9,-3.76345013597422,"2.686e-03","4.669e-03",-2.61
"CTNNA1",-0.1828,8.395,-3.81124696477313,"2.462e-03","4.308e-03",-2.61
"WFIKKN1",0.7588,1.9209,3.33227146961009,"5.943e-03","9.550e-03",-2.61
"COX4I1",-0.2785,9.1823,-3.84901810648186,"2.298e-03","4.053e-03",-2.61
"KLHL38",-0.6898,1.7673,-3.32858951025114,"5.984e-03","9.608e-03",-2.61
"PIK3C2A",-0.31,6.3217,-3.74067195715208,"2.800e-03","4.845e-03",-2.61
"HEYL",0.734,4.6713,3.71541713471229,"2.932e-03","5.051e-03",-2.61
"gga-mir-1600",1.7186,-0.3315,3.08080865785087,"9.484e-03","1.462e-02",-2.62
"TTC7B",0.3444,5.2552,3.72085294282109,"2.903e-03","5.004e-03",-2.62
"IQCK",0.4957,2.3787,3.58058877506012,"3.756e-03","6.304e-03",-2.62
"FST",-0.5235,3.8748,-3.64407662543633,"3.342e-03","5.664e-03",-2.62
"GATB",-0.3195,5.3746,-3.73104795676748,"2.850e-03","4.923e-03",-2.63
"UQCRC2",-0.4555,8.1462,-3.76421702993929,"2.682e-03","4.664e-03",-2.63
"NDUFA10",-0.4152,8.0325,-3.79649384730004,"2.529e-03","4.417e-03",-2.63
"GRK3",-0.1814,7.74,-3.7529797854954,"2.738e-03","4.751e-03",-2.63
"CERCAM",0.4272,4.859,3.72651072745273,"2.874e-03","4.960e-03",-2.63
"SENP8",0.3258,5.6345,3.72106945786965,"2.902e-03","5.003e-03",-2.64
"POLH",0.2986,5.856,3.73182322627729,"2.846e-03","4.917e-03",-2.64
"ST6GALNAC3",-0.5144,2.7312,-3.56968019157926,"3.832e-03","6.415e-03",-2.64
"LSM3",0.2809,6.51,3.74287727022075,"2.789e-03","4.828e-03",-2.64
"SLC11A1",0.663,1.1366,3.36731309670302,"5.569e-03","9.003e-03",-2.64
"RASGRF2",0.441,3.0066,3.63457913740509,"3.401e-03","5.755e-03",-2.64
"STAM2",-0.336,7.2573,-3.72450313941725,"2.884e-03","4.975e-03",-2.65
"RASAL2",0.5888,4.5975,3.70457500742236,"2.991e-03","5.137e-03",-2.65
"JKAMP",0.2985,5.0557,3.7066096785618,"2.980e-03","5.122e-03",-2.65
"SOD2",-0.3285,6.0002,-3.7323786322147,"2.843e-03","4.914e-03",-2.65
"SF3B3",0.2113,8.7327,3.75651265186106,"2.720e-03","4.724e-03",-2.65
"TAF15",-0.3933,7.7175,-3.76811157691345,"2.663e-03","4.634e-03",-2.66
"LYSMD3",0.6545,4.3172,3.69367493165871,"3.052e-03","5.228e-03",-2.66
"OXSR1",-0.2665,6.4644,-3.73452312890007,"2.832e-03","4.897e-03",-2.66
"CLIC3",1.596,3.1953,3.45410167750407,"4.743e-03","7.774e-03",-2.66
"FRMPD4",-0.516,2.0684,-3.61713949268244,"3.512e-03","5.924e-03",-2.66
"SLC25A46",-0.3114,4.616,-3.7005221179356,"3.013e-03","5.171e-03",-2.66
"RPS20",-0.3451,11.4138,-3.82551564814029,"2.399e-03","4.208e-03",-2.66
"TMEM154",0.5759,3.7295,3.65506250506387,"3.275e-03","5.566e-03",-2.67
"TRIM62",0.4996,6.0608,3.75364529849459,"2.734e-03","4.747e-03",-2.67
"ANO1",-2.7993,0.9618,-3.19965340336759,"7.603e-03","1.195e-02",-2.67
"APBB1IP",0.4581,4.0512,3.67698230432531,"3.146e-03","5.372e-03",-2.67
"TTBK1",0.5654,4.0427,3.6871864632235,"3.088e-03","5.287e-03",-2.67
"FECH",0.3049,6.367,3.71008152869062,"2.961e-03","5.092e-03",-2.67
"PRDX6",-0.396,9.2242,-3.83112964039422,"2.374e-03","4.171e-03",-2.67
"DENND4A",-0.3972,5.893,-3.69476019366918,"3.045e-03","5.221e-03",-2.67
"SRSF1",0.2297,9.067,3.75742550702089,"2.716e-03","4.717e-03",-2.68
"RSL1D1",0.3022,8.4566,3.77500272832104,"2.630e-03","4.580e-03",-2.69
"SH3GLB1",-0.3657,6.742,-3.71138913486328,"2.954e-03","5.083e-03",-2.69
"RBP1",-1.5947,-0.1403,-3.05318856600829,"9.984e-03","1.532e-02",-2.69
"LRP5",-0.2235,5.9231,-3.69405672700527,"3.049e-03","5.226e-03",-2.69
"DDX1",-0.288,7.936,-3.74238234469347,"2.791e-03","4.832e-03",-2.69
"FAR2",-0.6598,4.6468,-3.67834672349953,"3.138e-03","5.362e-03",-2.69
"PRPF3",0.2038,7.6182,3.72379945016003,"2.888e-03","4.980e-03",-2.7
"MRPL39",0.2308,6.5837,3.70220170793232,"3.004e-03","5.158e-03",-2.7
"NUP37",0.2421,7.1788,3.70228599379761,"3.004e-03","5.158e-03",-2.7
"TTLL1",0.4888,2.7088,3.53533059849006,"4.082e-03","6.788e-03",-2.7
"TUB",0.435,4.5022,3.67861107318717,"3.137e-03","5.360e-03",-2.7
"VIPAS39",0.6086,7.1331,3.71330639736122,"2.944e-03","5.066e-03",-2.7
"MFSD5",0.6494,6.6659,3.74762394174854,"2.765e-03","4.790e-03",-2.71
"PSCA",-2.0833,0.6941,-3.14484275996321,"8.419e-03","1.312e-02",-2.71
"UBA2",0.2709,5.8399,3.68271616310991,"3.113e-03","5.324e-03",-2.71
"RHBDF2",0.2931,4.1222,3.66023263270241,"3.244e-03","5.524e-03",-2.71
"HSDL2",-0.5694,7.5575,-3.73644345887994,"2.822e-03","4.881e-03",-2.71
"PIAS2",0.2608,5.8242,3.67732474615206,"3.144e-03","5.370e-03",-2.71
"KLHDC1",-0.2153,5.2597,-3.67332225484293,"3.167e-03","5.405e-03",-2.71
"ZFAND3",0.2413,5.8297,3.68123156878107,"3.122e-03","5.336e-03",-2.71
"ATPAF2",0.2197,6.777,3.7271699779149,"2.870e-03","4.955e-03",-2.72
"SRPRA",0.3899,8.7646,3.76440460159336,"2.681e-03","4.663e-03",-2.72
"RRM2B",0.2464,5.5631,3.69834592188381,"3.026e-03","5.190e-03",-2.72
"CLEC16A",0.3094,5.5419,3.66838483410787,"3.196e-03","5.451e-03",-2.72
"C9orf78",0.3626,6.2935,3.7009475117585,"3.011e-03","5.168e-03",-2.72
"C9orf85",0.3592,5.4656,3.67594517626208,"3.152e-03","5.381e-03",-2.72
"SPG21",-0.3044,6.4191,-3.69944036069223,"3.019e-03","5.181e-03",-2.73
"HELZ",-0.3318,5.1278,-3.66179874345204,"3.235e-03","5.511e-03",-2.73
"JMJD4",-0.3178,5.7689,-3.68126710291128,"3.122e-03","5.336e-03",-2.73
"COX7A2L",0.2391,7.1212,3.71518620029106,"2.934e-03","5.051e-03",-2.73
"AKAP9",-0.5477,7.0942,-3.64368411268293,"3.344e-03","5.667e-03",-2.73
"HCLS1",-0.6506,2.1804,-3.49245928820356,"4.418e-03","7.286e-03",-2.73
"MEGF11",0.5265,2.3978,3.51289955151018,"4.255e-03","7.050e-03",-2.74
"ELMOD3",0.3734,5.4245,3.68596964184009,"3.095e-03","5.297e-03",-2.74
"RPAP1",0.3069,5.6617,3.65715228258051,"3.263e-03","5.550e-03",-2.74
"HMG20B",-0.3127,5.762,-3.6858748138323,"3.095e-03","5.297e-03",-2.75
"CLSTN2",0.6108,1.7491,3.33500345759091,"5.913e-03","9.505e-03",-2.75
"KCTD18",-1.1034,1.0898,-3.25197211217649,"6.898e-03","1.092e-02",-2.75
"MBNL3",-0.3109,7.5517,-3.65946330049294,"3.249e-03","5.529e-03",-2.75
"CTSZ",-0.4076,8.0299,-3.72794504415076,"2.866e-03","4.949e-03",-2.75
"EIF4G3",0.2939,8.3556,3.70706926183966,"2.978e-03","5.119e-03",-2.75
"AZI2",-0.1897,7.4374,-3.72446691689008,"2.884e-03","4.975e-03",-2.76
"GAS8",0.3232,4.9897,3.65655909189844,"3.266e-03","5.553e-03",-2.76
"MCOLN3",-0.4517,1.9151,-3.39425928182496,"5.298e-03","8.606e-03",-2.76
"GPALPP1",0.3338,5.2541,3.6501773763492,"3.305e-03","5.607e-03",-2.76
"CMTR2",-0.499,4.5221,-3.63688087866058,"3.387e-03","5.734e-03",-2.76
"QRICH1",0.3531,6.7314,3.66208125127716,"3.233e-03","5.510e-03",-2.76
"C15orf62",-1.1379,1.4711,-3.1711788107482,"8.016e-03","1.255e-02",-2.76
"RIC8B",-0.266,6.475,-3.69230194397427,"3.059e-03","5.240e-03",-2.77
"ALG6",-0.2317,5.9034,-3.65019169786644,"3.305e-03","5.607e-03",-2.77
"MLLT6",-0.218,4.1854,-3.62641718905202,"3.452e-03","5.828e-03",-2.77
"ACBD3",0.2607,6.452,3.66056523714115,"3.242e-03","5.523e-03",-2.77
"ERI1",0.2631,5.8082,3.6367491764,"3.387e-03","5.735e-03",-2.77
"SEC61A1",-0.3819,9.3461,-3.75961134253211,"2.705e-03","4.699e-03",-2.78
"SERGEF",0.3546,2.6221,3.51591364673644,"4.231e-03","7.016e-03",-2.78
"LCOR",0.3884,4.85,3.62800576714565,"3.442e-03","5.815e-03",-2.78
"NANOS1",-0.4785,5.4497,-3.670101058643,"3.186e-03","5.435e-03",-2.78
"UQCRC1",-0.4226,8.1856,-3.70459542268573,"2.991e-03","5.137e-03",-2.79
"PEF1",0.6247,7.0612,3.72530241092754,"2.880e-03","4.969e-03",-2.79
"PEMT",-0.948,7.5465,-3.71372647944086,"2.942e-03","5.063e-03",-2.79
"EXOC6B",-0.3816,4.1542,-3.62179295778363,"3.482e-03","5.875e-03",-2.79
"LNPEP",-0.2067,4.5441,-3.62998513676213,"3.430e-03","5.799e-03",-2.79
"RD3",-1.62,0.1808,-3.01531008264224,"1.071e-02","1.631e-02",-2.79
"CNPPD1",0.2923,7.0053,3.66391843686598,"3.223e-03","5.494e-03",-2.79
"CLIP4",-0.3087,5.0126,-3.63164814193367,"3.419e-03","5.784e-03",-2.79
"DYNC1I2",-0.2961,6.6767,-3.6380637055766,"3.379e-03","5.723e-03",-2.8
"RNF157",1.1467,1.2946,3.26676567672175,"6.711e-03","1.066e-02",-2.8
"WT1",1.29,1.3333,3.23394840306748,"7.133e-03","1.128e-02",-2.8
"SEC63",-0.5924,8.6499,-3.71692424214255,"2.924e-03","5.039e-03",-2.81
"TAOK1",0.4007,6.5401,3.63644243426502,"3.389e-03","5.737e-03",-2.81
"FBXW2",0.2804,5.6913,3.61325706683452,"3.537e-03","5.962e-03",-2.81
"CDK2AP2",0.7536,5.1351,3.62929029747296,"3.434e-03","5.803e-03",-2.81
"PTGER3",0.7947,1.2297,3.22217640920647,"7.291e-03","1.151e-02",-2.82
"PDK1",-0.2659,6.639,-3.65855921081423,"3.254e-03","5.537e-03",-2.82
"MAP2K1",0.2309,7.0262,3.6439998514735,"3.343e-03","5.664e-03",-2.82
"CER1",-1.3062,-0.5181,-2.9623260523132,"1.182e-02","1.784e-02",-2.82
"GNL2",0.2671,6.8768,3.62698798830737,"3.449e-03","5.823e-03",-2.82
"NDUFA1",-0.4227,5.3755,-3.61776199732721,"3.508e-03","5.918e-03",-2.82
"CHL1",-2.2192,0.4981,-3.06970606354815,"9.682e-03","1.491e-02",-2.82
"CA9",0.3254,3.783,3.59410611810368,"3.664e-03","6.160e-03",-2.83
"gga-mir-7444",1.5916,-0.4764,2.94251581969912,"1.227e-02","1.844e-02",-2.83
"PEX5",-0.2151,6.3855,-3.62919884513705,"3.435e-03","5.803e-03",-2.83
"MRPL18",0.2866,6.6909,3.63336780539837,"3.408e-03","5.767e-03",-2.83
"COPS7A",0.2431,7.5898,3.67466433547723,"3.160e-03","5.393e-03",-2.83
"ZDHHC3",-0.2391,6.9526,-3.65988316921735,"3.247e-03","5.526e-03",-2.83
"MCUR1",0.3572,6.6222,3.64239558857616,"3.352e-03","5.679e-03",-2.83
"MAPKAP1",-0.2329,6.5647,-3.65262937120016,"3.290e-03","5.589e-03",-2.83
"PEAK1",0.6323,5.6751,3.60782416788287,"3.572e-03","6.020e-03",-2.84
"ELAVL1",-0.228,8.0415,-3.67056844499317,"3.184e-03","5.431e-03",-2.84
"CLRN2",-0.4907,2.5682,-3.44661717666269,"4.809e-03","7.870e-03",-2.84
"NSUN3",-0.197,4.8285,-3.61109126406506,"3.551e-03","5.985e-03",-2.84
"SRCIN1",-0.2223,5.4379,-3.59434030720478,"3.662e-03","6.159e-03",-2.84
"SPRYD7",0.452,6.6955,3.6448559911224,"3.337e-03","5.659e-03",-2.85
"CSTA",-0.4878,3.1971,-3.51272556806835,"4.256e-03","7.051e-03",-2.85
"OTULIN",0.3172,4.0151,3.57405596334564,"3.801e-03","6.370e-03",-2.85
"TIAL1",0.2466,7.0961,3.61583932349176,"3.520e-03","5.937e-03",-2.86
"ATG4C",-0.29,5.0621,-3.59514687653466,"3.656e-03","6.151e-03",-2.86
"SLC6A4",-0.6719,3.2404,-3.38821884520774,"5.358e-03","8.696e-03",-2.86
"LPAR2",0.4787,4.3882,3.56053066413623,"3.897e-03","6.510e-03",-2.87
"GNB2L1",-0.2904,9.7241,-3.7107604187479,"2.958e-03","5.088e-03",-2.87
"KPNA1",0.3102,5.8612,3.60064736896294,"3.620e-03","6.092e-03",-2.87
"CLTCL1",-0.4094,6.2812,-3.6863128136571,"3.093e-03","5.295e-03",-2.87
"SLC12A4",-0.5478,6.9993,-3.60769797216437,"3.573e-03","6.020e-03",-2.88
"MRPL10",0.3173,7.2681,3.6570151187774,"3.264e-03","5.550e-03",-2.89
"TC2N",-2.0922,1.1108,-3.04381734721919,"1.016e-02","1.557e-02",-2.89
"TRIP4",-0.3211,5.6169,-3.59111785148211,"3.684e-03","6.190e-03",-2.89
"SCNN1A",-0.3129,2.8584,-3.48546243871906,"4.476e-03","7.370e-03",-2.9
"ELP3",0.2261,5.8608,3.58146403661195,"3.750e-03","6.295e-03",-2.9
"RPS19",-0.2192,10.0175,-3.71066280485206,"2.958e-03","5.088e-03",-2.9
"PRUNE1",0.4054,6.4256,3.63016314068779,"3.429e-03","5.799e-03",-2.9
"CARNMT1",0.2313,5.2686,3.55273591110199,"3.953e-03","6.596e-03",-2.91
"COL4A1",0.3879,5.1318,3.58309778262711,"3.738e-03","6.277e-03",-2.91
"GNAZ",-0.8816,4.3073,-3.5617426039532,"3.888e-03","6.497e-03",-2.91
"ARFIP2",-0.1883,7.0969,-3.60056387688486,"3.620e-03","6.092e-03",-2.91
"ITSN1",-0.3499,6.7628,-3.56660717257273,"3.854e-03","6.446e-03",-2.91
"SLC12A5",0.6977,1.6478,3.34385607350156,"5.817e-03","9.365e-03",-2.91
"GRM2",-1.076,0.2002,-2.97431533289013,"1.156e-02","1.748e-02",-2.91
"HYOU1",0.2079,7.2345,3.56733428302626,"3.849e-03","6.440e-03",-2.92
"APOA4",-1.8849,4.1866,-3.39748691955524,"5.266e-03","8.559e-03",-2.92
"CAPZB",-0.4205,8.0338,-3.64911390143141,"3.311e-03","5.617e-03",-2.93
"MORN4",0.2841,5.4639,3.57909455849907,"3.766e-03","6.319e-03",-2.93
"MCM6",0.3026,7.8216,3.57958650988951,"3.763e-03","6.314e-03",-2.93
"ASAP1",0.449,5.3789,3.55744574383262,"3.919e-03","6.544e-03",-2.93
"CCDC134",0.246,7.4598,3.65162855801219,"3.296e-03","5.598e-03",-2.94
"BCAT1",0.6336,5.799,3.56495887668636,"3.865e-03","6.462e-03",-2.94
"PSMD12",0.2492,7.2527,3.57210375870421,"3.815e-03","6.389e-03",-2.94
"TPT1",-0.2295,9.9569,-3.68812793922942,"3.083e-03","5.279e-03",-2.94
"SLC25A26",-0.3478,4.2813,-3.54370698551943,"4.020e-03","6.697e-03",-2.94
"PPIB",-0.2998,9.8328,-3.68429278823538,"3.104e-03","5.311e-03",-2.95
"NFKBIA",-0.3794,6.4135,-3.60040979090226,"3.621e-03","6.093e-03",-2.95
"SRP72",-0.3762,7.7597,-3.62528094340618,"3.459e-03","5.839e-03",-2.95
"ZHX1",0.4237,5.2317,3.55415854983564,"3.943e-03","6.581e-03",-2.95
"HDAC11",-0.2718,4.45,-3.5410457076472,"4.039e-03","6.726e-03",-2.95
"PCBP4",0.4633,2.3995,3.4038656826735,"5.205e-03","8.465e-03",-2.95
"COTL1",-0.3829,7.7936,-3.65095184869046,"3.300e-03","5.603e-03",-2.96
"POLA1",0.3125,7.2452,3.55399625795607,"3.944e-03","6.582e-03",-2.96
"ZBTB5",-0.3367,4.8206,-3.548769218373,"3.982e-03","6.638e-03",-2.96
"GUCY1A2",-0.6514,4.5485,-3.51170342689332,"4.264e-03","7.063e-03",-2.96
"DDB1",-0.2161,7.8277,-3.57354333805595,"3.805e-03","6.373e-03",-2.96
"TIMM21",-0.2539,7.5704,-3.64796541572057,"3.318e-03","5.628e-03",-2.96
"B3GALNT2",0.3796,5.98,3.55795016870948,"3.916e-03","6.540e-03",-2.97
"MAPK8IP3",0.3702,5.503,3.54322426347542,"4.023e-03","6.701e-03",-2.97
"C26H6ORF125",0.3385,5.9542,3.56246200290455,"3.883e-03","6.489e-03",-2.97
"DNAJC2",-0.2817,7.8818,-3.58529466681587,"3.723e-03","6.253e-03",-2.97
"PHKG1",0.2895,6.1865,3.57379752618002,"3.803e-03","6.372e-03",-2.97
"UBE2E1",0.2447,7.205,3.60114169332575,"3.616e-03","6.088e-03",-2.97
"ZCCHC8",0.3534,7.0491,3.55130329584485,"3.964e-03","6.611e-03",-2.97
"BICDL1",0.9817,1.016,3.12183361147136,"8.787e-03","1.364e-02",-2.97
"APP",-0.8925,9.3945,-3.65346012994247,"3.285e-03","5.582e-03",-2.97
"SCIN",-0.3097,3.3177,-3.45116977585481,"4.768e-03","7.812e-03",-2.97
"NUTF2",0.3347,7.8213,3.564837616777,"3.866e-03","6.462e-03",-2.98
"ATP13A2",-0.2062,7.0644,-3.5670417628864,"3.851e-03","6.442e-03",-2.98
"MFGE8",-0.3101,7.9645,-3.62980221725303,"3.431e-03","5.800e-03",-2.98
"SOCS3",0.6451,5.0676,3.54949720697542,"3.977e-03","6.630e-03",-2.98
"LSM14A",0.2279,8.3549,3.60620218938216,"3.583e-03","6.035e-03",-2.98
"ENPP6",-0.7841,2.0041,-3.25293698177001,"6.886e-03","1.091e-02",-2.98
"APIP",-0.2839,5.2985,-3.5210161552304,"4.191e-03","6.956e-03",-2.99
"ENO1",-0.3476,11.5332,-3.6504296271735,"3.303e-03","5.607e-03",-2.99
"SLITRK3",-0.8379,1.5905,-3.08957836889967,"9.330e-03","1.440e-02",-2.99
"FNBP1",0.3551,5.8761,3.53539577993224,"4.082e-03","6.788e-03",-3
"LRCH3",0.3665,5.1828,3.50831766481818,"4.291e-03","7.100e-03",-3
"PRKDC",-0.3632,5.7563,-3.50249846155049,"4.337e-03","7.168e-03",-3
"OAZ1",-0.4181,10.632,-3.65094545192879,"3.300e-03","5.603e-03",-3
"VCL",-0.457,6.7401,-3.55175573843874,"3.961e-03","6.607e-03",-3
"TOP3B",0.2151,6.2963,3.52223569731987,"4.182e-03","6.942e-03",-3.01
"SPPL3",0.2307,7.0942,3.5679333330594,"3.844e-03","6.434e-03",-3.01
"RNF20",-0.1929,7.4236,-3.54792906616937,"3.989e-03","6.647e-03",-3.01
"SFXN3",0.3883,5.4269,3.52751329913705,"4.142e-03","6.883e-03",-3.01
"GRP",0.8198,1.4902,3.12795339487487,"8.687e-03","1.352e-02",-3.02
"XPR1",-0.5282,8.0014,-3.5923624060721,"3.675e-03","6.177e-03",-3.02
"UBE2J1",0.3846,5.0906,3.51045255998084,"4.274e-03","7.078e-03",-3.02
"MVB12B",0.2282,6.4072,3.5201963515645,"4.198e-03","6.965e-03",-3.02
"CENPJ",0.2123,4.2746,3.49910066143452,"4.364e-03","7.208e-03",-3.02
"AP1M1",0.2928,7.3098,3.51958803674545,"4.203e-03","6.972e-03",-3.02
"SDHB",-0.362,8.6082,-3.60286505705133,"3.605e-03","6.070e-03",-3.02
"ZFYVE26",-0.4853,4.5895,-3.49944137716248,"4.362e-03","7.204e-03",-3.03
"GLIPR2",-0.2866,4.1284,-3.44167493929069,"4.853e-03","7.936e-03",-3.03
"STX1A",0.2652,4.3719,3.49750455375081,"4.377e-03","7.226e-03",-3.03
"ST6GALNAC1",-1.028,1.655,-3.09222453951792,"9.285e-03","1.434e-02",-3.04
"FOXK1",0.1737,6.5233,3.53850079370289,"4.058e-03","6.755e-03",-3.04
"RALGAPB",-0.3417,6.3647,-3.50761375443336,"4.296e-03","7.108e-03",-3.04
"EVX2",1.0988,1.0703,3.02889907162837,"1.045e-02","1.596e-02",-3.04
"IKZF2",0.9726,2.1316,3.29468706984552,"6.372e-03","1.017e-02",-3.04
"CISD2",0.1829,7.1209,3.57716691565427,"3.779e-03","6.335e-03",-3.04
"VIP",1.2711,1.2668,3.07850878326374,"9.525e-03","1.468e-02",-3.05
"CGRRF1",0.286,5.5635,3.50027279734484,"4.355e-03","7.195e-03",-3.05
"ZNF804B",-0.8893,1.9497,-3.2331703245768,"7.143e-03","1.129e-02",-3.06
"WSCD1",0.2912,3.3491,3.43013229202752,"4.958e-03","8.093e-03",-3.06
"gga-mir-126",-0.962,0.8775,-2.93849059147554,"1.236e-02","1.857e-02",-3.06
"NDUFS2",-0.3147,7.4577,-3.51706702804359,"4.222e-03","7.003e-03",-3.06
"WDR81",0.2373,6.6182,3.49087341511171,"4.431e-03","7.306e-03",-3.06
"CDK12",0.2174,7.2139,3.48776147208469,"4.457e-03","7.343e-03",-3.06
"SPOP",0.2079,6.5696,3.51020137738329,"4.276e-03","7.078e-03",-3.06
"NAA40",0.3152,7.4229,3.5283340758244,"4.135e-03","6.874e-03",-3.06
"AAGAB",-0.3317,5.4984,-3.50717044883731,"4.300e-03","7.112e-03",-3.06
"PSMC2",-0.3412,8.7049,-3.58692887379739,"3.712e-03","6.236e-03",-3.07
"TRPC1",0.4094,4.1936,3.42632993929864,"4.993e-03","8.147e-03",-3.07
"RAB37",0.2849,4.9651,3.49665897968061,"4.384e-03","7.234e-03",-3.07
"TBC1D5",-0.3693,7.1129,-3.51358731064557,"4.249e-03","7.042e-03",-3.07
"CEP85",-0.232,5.299,-3.48653136195804,"4.467e-03","7.357e-03",-3.07
"ADCY8",-0.6712,4.2309,-3.37303459280457,"5.510e-03","8.918e-03",-3.08
"IDNK",0.1959,5.1097,3.49648655460004,"4.386e-03","7.234e-03",-3.08
"NUP107",0.2885,8.1374,3.52334036564667,"4.174e-03","6.930e-03",-3.08
"PNPLA4",0.5718,2.3606,3.35908564524672,"5.655e-03","9.127e-03",-3.08
"HP1BP3",-0.6214,9.2455,-3.59020042514476,"3.690e-03","6.199e-03",-3.09
"KPNA5",0.3423,5.6362,3.47708904892828,"4.545e-03","7.482e-03",-3.09
"CCNL1",0.2336,6.8897,3.51431550753512,"4.244e-03","7.034e-03",-3.09
"SEC61A2",0.4866,7.8164,3.52574913989271,"4.155e-03","6.904e-03",-3.09
"NAGLU",0.3492,5.3699,3.48889543501305,"4.447e-03","7.330e-03",-3.1
"BTBD17",-1.4888,0.0093,-2.82848440591881,"1.517e-02","2.243e-02",-3.1
"SPRY4",1.2346,0.893,3.00893442881782,"1.084e-02","1.649e-02",-3.1
"GPBP1L1",0.2179,7.7395,3.50617428746907,"4.308e-03","7.122e-03",-3.1
"TRIM14",0.7889,2.016,3.11215163386683,"8.947e-03","1.386e-02",-3.1
"COL9A1",-1.6235,-0.6524,-2.77788527767294,"1.666e-02","2.439e-02",-3.1
"ECSIT",0.2315,5.8217,3.49657812637137,"4.385e-03","7.234e-03",-3.1
"BCAP29",-1.0473,7.6157,-3.53863394775106,"4.057e-03","6.755e-03",-3.11
"H2AFY2",-0.3348,4.5986,-3.45724578341765,"4.715e-03","7.737e-03",-3.11
"CPEB3",-0.7847,2.5655,-3.28806801481514,"6.451e-03","1.028e-02",-3.12
"GHITM",-0.3485,8.7639,-3.48671088551598,"4.465e-03","7.356e-03",-3.12
"PPP3CB",0.2966,6.8922,3.4755779136538,"4.558e-03","7.500e-03",-3.12
"VSTM2B",2.4988,3.168,3.14495483584862,"8.417e-03","1.312e-02",-3.13
"TRAPPC13",-0.308,4.881,-3.4590823169913,"4.699e-03","7.714e-03",-3.13
"AGFG1",-0.5285,7.7079,-3.50190127669336,"4.342e-03","7.175e-03",-3.13
"TRAF6",0.3358,5.2599,3.45617957045646,"4.725e-03","7.747e-03",-3.13
"ECHDC2",-0.4096,5.3402,-3.48081643921683,"4.514e-03","7.432e-03",-3.13
"FBXO9",-0.196,7.11,-3.48864296882742,"4.450e-03","7.332e-03",-3.13
"MRPL38",-0.3702,5.5776,-3.45953661625376,"4.695e-03","7.709e-03",-3.14
"UBE3B",-0.3034,7.2233,-3.47029607094066,"4.603e-03","7.567e-03",-3.14
"CCDC149",0.3811,5.0719,3.44559453991985,"4.818e-03","7.881e-03",-3.14
"RPLP1",-0.3584,10.4819,-3.57817834174177,"3.772e-03","6.326e-03",-3.14
"RAB40C",0.2146,5.2682,3.46560745152656,"4.643e-03","7.628e-03",-3.14
"OSTN",-2.6438,1.705,-3.05434156685284,"9.963e-03","1.530e-02",-3.14
"FAM183A",-0.8871,0.3256,-2.8607021875031,"1.429e-02","2.120e-02",-3.15
"TM6SF2",-2.0546,2.1117,-2.99924493281508,"1.104e-02","1.676e-02",-3.15
"HECW2",0.5377,3.755,3.42128310505449,"5.039e-03","8.213e-03",-3.15
"HPGDS",-1.0646,7.3194,-3.50983993409429,"4.279e-03","7.081e-03",-3.15
"AHCY",-0.425,8.6503,-3.51031442615232,"4.275e-03","7.078e-03",-3.16
"AP2A2",-0.2974,7.6633,-3.46243711834836,"4.670e-03","7.670e-03",-3.16
"PITHD1",-0.4339,6.6635,-3.49751451693012,"4.377e-03","7.226e-03",-3.16
"CNR2",-0.6127,1.1252,-3.01113161764561,"1.080e-02","1.643e-02",-3.16
"PARP6",0.3164,5.1529,3.43878143938014,"4.879e-03","7.977e-03",-3.17
"FAM114A2",-0.4258,5.9044,-3.45295681948152,"4.753e-03","7.789e-03",-3.17
"FMNL2",0.286,6.115,3.44700179839621,"4.805e-03","7.866e-03",-3.17
"PPM1F",0.663,3.7247,3.37428302986362,"5.498e-03","8.901e-03",-3.17
"SRXN1",0.459,6.2114,3.44614547956428,"4.813e-03","7.876e-03",-3.17
"NRDE2",0.2412,5.6526,3.4250348208968,"5.005e-03","8.161e-03",-3.18
"ELMO1",0.2367,5.8145,3.42541318975558,"5.001e-03","8.157e-03",-3.18
"MC3R",1.7691,0.2532,2.79881690170511,"1.603e-02","2.355e-02",-3.18
"NACC2",0.2081,4.9475,3.43099026792394,"4.950e-03","8.084e-03",-3.18
"PDCL2",1.3273,1.0184,2.99712714143289,"1.108e-02","1.682e-02",-3.18
"TMEM41B",0.2023,7.2234,3.43528389931197,"4.911e-03","8.026e-03",-3.18
"BZW2",-0.231,8.9434,-3.53568656578948,"4.080e-03","6.786e-03",-3.18
"ANKRD10",-0.4034,4.8367,-3.42328604221118,"5.021e-03","8.185e-03",-3.18
"UPP1",0.7079,2.7618,3.28877915540037,"6.442e-03","1.027e-02",-3.18
"GJB1",-0.3607,6.7682,-3.47007771074,"4.605e-03","7.569e-03",-3.19
"gga-mir-7437",1.0107,2.0367,3.02896917316534,"1.044e-02","1.596e-02",-3.2
"SRRD",0.4639,4.9437,3.41801676269549,"5.070e-03","8.258e-03",-3.2
"RPL24",-0.2543,8.6464,-3.5305176869175,"4.119e-03","6.847e-03",-3.2
"MAPRE3",0.3282,6.1208,3.44558006752804,"4.818e-03","7.881e-03",-3.21
"RTN4IP1",-0.3169,5.4028,-3.4257336972663,"4.998e-03","8.153e-03",-3.21
"PSMD11",0.2566,7.6744,3.47099180900755,"4.597e-03","7.559e-03",-3.21
"RHOG",1.3265,1.5991,3.02437032051593,"1.053e-02","1.608e-02",-3.21
"COPS5",0.2581,8.454,3.49723537470839,"4.379e-03","7.228e-03",-3.21
"GALNT12",-0.2778,6.5532,-3.44889256784823,"4.789e-03","7.842e-03",-3.21
"PLTP",-0.263,3.9125,-3.37921553527916,"5.448e-03","8.832e-03",-3.22
"RORB",0.3108,2.7059,3.26381116084104,"6.748e-03","1.071e-02",-3.22
"ASS1",-0.8842,3.3695,-3.15722643703366,"8.227e-03","1.284e-02",-3.22
"CDS2",-0.3266,6.9724,-3.47232846709259,"4.586e-03","7.543e-03",-3.22
"PPP2R5E",0.2695,5.4723,3.40838434833513,"5.161e-03","8.400e-03",-3.22
"GTF2H3",-0.2287,6.4119,-3.41671638143284,"5.082e-03","8.274e-03",-3.23
"MAFG",0.3229,5.6767,3.42699664504792,"4.986e-03","8.139e-03",-3.23
"DEF8",0.3926,4.2893,3.37866199898926,"5.453e-03","8.836e-03",-3.23
"RAB28",-0.4557,3.7429,-3.36906615507247,"5.551e-03","8.980e-03",-3.23
"DOCK11",-0.3369,4.2669,-3.38663524962616,"5.373e-03","8.718e-03",-3.24
"CTNNB1",-0.4716,10.3345,-3.52313450271881,"4.175e-03","6.932e-03",-3.24
"SDCBP2",-0.6808,3.4808,-3.17410707361082,"7.973e-03","1.249e-02",-3.24
"SHPRH",-0.3292,4.2046,-3.38171246972804,"5.423e-03","8.793e-03",-3.24
"HOOK2",-0.2115,4.8286,-3.39689725310915,"5.272e-03","8.567e-03",-3.24
"CDC5L",0.203,7.795,3.42596847944065,"4.996e-03","8.151e-03",-3.24
"CRTAP",0.4051,6.1895,3.41528561987802,"5.096e-03","8.295e-03",-3.25
"MRPS22",0.2854,7.2345,3.43096378574973,"4.950e-03","8.084e-03",-3.25
"KLHL3",0.2984,4.3538,3.38345441464956,"5.405e-03","8.768e-03",-3.25
"XPO1",-0.2145,9.5284,-3.46702630487467,"4.631e-03","7.610e-03",-3.25
"COX5A",-0.3078,8.1192,-3.51472719725911,"4.240e-03","7.030e-03",-3.26
"GBF1",-0.313,6.9596,-3.38917437362667,"5.348e-03","8.682e-03",-3.26
"EFHD1",-0.2137,7.7667,-3.46274897847654,"4.668e-03","7.667e-03",-3.26
"BSDC1",0.2899,5.8397,3.37518550974212,"5.488e-03","8.888e-03",-3.26
"DHODH",0.274,7.2273,3.42010111177296,"5.051e-03","8.228e-03",-3.26
"SRBD1",-0.2446,5.3886,-3.37344959798899,"5.506e-03","8.913e-03",-3.27
"AGRN",0.7379,1.9482,3.04614927487633,"1.012e-02","1.550e-02",-3.27
"SREK1IP1",0.3513,4.6532,3.37870106112959,"5.453e-03","8.836e-03",-3.27
"ADRA2C",0.8411,1.6379,2.97685708555687,"1.151e-02","1.740e-02",-3.27
"gga-mir-1697",-1.6365,-0.0189,-2.69993167759682,"1.925e-02","2.782e-02",-3.28
"ELMO2",-0.3248,7.4737,-3.43046833845174,"4.955e-03","8.090e-03",-3.28
"PDP1",-0.1916,6.6633,-3.40442661767135,"5.199e-03","8.458e-03",-3.28
"LATS1",0.2808,6.0133,3.35896245195813,"5.656e-03","9.127e-03",-3.28
"CEP128",-0.3921,4.7717,-3.35499538241455,"5.698e-03","9.191e-03",-3.29
"POT1",-0.2083,5.7393,-3.36483220033194,"5.595e-03","9.039e-03",-3.29
"DACT2",0.6336,2.9655,3.21438744238056,"7.397e-03","1.166e-02",-3.29
"AKR1B1",0.2025,6.5431,3.4309423523815,"4.950e-03","8.084e-03",-3.29
"TSPAN5",-0.3513,5.6427,-3.39989676742348,"5.243e-03","8.525e-03",-3.29
"PUSL1",-0.3138,4.1904,-3.34018894392747,"5.856e-03","9.427e-03",-3.29
"TRIB2",-1.0138,5.7578,-3.39507863543587,"5.290e-03","8.594e-03",-3.29
"PARG",0.3045,7.5144,3.39156858893074,"5.324e-03","8.645e-03",-3.29
"ATP6V1B2",0.1999,7.6412,3.43290849487485,"4.932e-03","8.060e-03",-3.29
"DNAJC27",0.2712,5.2192,3.36799626695736,"5.562e-03","8.994e-03",-3.3
"GLA",-0.3709,4.9046,-3.36845734342655,"5.557e-03","8.989e-03",-3.3
"APCDD1L",1.0257,2.009,3.05482832069583,"9.954e-03","1.529e-02",-3.3
"ADCY3",0.2041,3.4144,3.33187015402008,"5.947e-03","9.555e-03",-3.3
"FBXO48",-0.3638,3.3588,-3.18983438852021,"7.743e-03","1.216e-02",-3.3
"ATP2B1",-0.2127,8.0068,-3.37544512193245,"5.486e-03","8.885e-03",-3.3
"WDR11",-0.3118,6.4144,-3.36791134161287,"5.563e-03","8.994e-03",-3.3
"FRMD4A",-0.7137,0.6957,-2.82542419052103,"1.525e-02","2.255e-02",-3.31
"DLD",-0.3287,8.2989,-3.42105370051928,"5.042e-03","8.215e-03",-3.31
"ELOF1",0.3964,4.8773,3.3653382436518,"5.590e-03","9.032e-03",-3.31
"SZT2",-0.2065,5.9499,-3.3369122316564,"5.892e-03","9.483e-03",-3.31
"ANKMY2",0.2001,6.9405,3.38743304531329,"5.365e-03","8.707e-03",-3.31
"PKP1",1.1466,0.3977,2.77543929951112,"1.674e-02","2.447e-02",-3.32
"MDM2",0.3256,6.2879,3.3705967957004,"5.535e-03","8.957e-03",-3.32
"ME3",-0.4496,3.3436,-3.13549942877234,"8.566e-03","1.333e-02",-3.32
"TSPAN3",-0.2836,8.62,-3.46101704587229,"4.682e-03","7.689e-03",-3.32
"gga-mir-200b",-1.2664,0.4072,-2.72460632897372,"1.839e-02","2.664e-02",-3.32
"ZDHHC23",-0.5919,2.6653,-3.24646933266676,"6.969e-03","1.103e-02",-3.32
"SMC4",-0.2828,7.5268,-3.36026174876463,"5.642e-03","9.109e-03",-3.32
"CD3E",-0.9247,1.2029,-2.87066409476195,"1.402e-02","2.083e-02",-3.32
"MYH7B",-0.2357,7.6553,-3.37911873402137,"5.449e-03","8.832e-03",-3.33
"MGEA5",0.3696,6.9879,3.34928421684821,"5.758e-03","9.280e-03",-3.33
"RPL13",-0.2375,10.3401,-3.47628526883951,"4.552e-03","7.491e-03",-3.33
"NDUFA5",-0.3305,7.3814,-3.38316568372608,"5.408e-03","8.771e-03",-3.33
"GBGT1",0.5551,2.4931,3.11273171652509,"8.937e-03","1.385e-02",-3.34
"GOLGA5",0.4362,5.9144,3.35204047081042,"5.729e-03","9.240e-03",-3.34
"LSAMP",-0.5773,2.7654,-3.10543907931164,"9.059e-03","1.402e-02",-3.34
"FBXO40",0.726,0.8471,2.93044352341518,"1.255e-02","1.883e-02",-3.34
"TUBGCP2",-0.1744,6.0665,-3.36306692921275,"5.613e-03","9.065e-03",-3.34
"DRC7",0.7165,0.9797,2.87739517013711,"1.385e-02","2.061e-02",-3.35
"NR2C2",-0.397,5.5471,-3.34660992749856,"5.787e-03","9.323e-03",-3.35
"TMEM35B",-0.5825,5.244,-3.3439132666615,"5.816e-03","9.365e-03",-3.35
"IGSF6",0.5291,1.3232,2.94164223613668,"1.229e-02","1.847e-02",-3.35
"ADPRM",0.4184,3.3545,3.18461352944494,"7.818e-03","1.227e-02",-3.35
"RPS15",-0.2614,10.0126,-3.45882575690247,"4.701e-03","7.716e-03",-3.36
"DIS3L",0.2019,6.1929,3.33229180399607,"5.943e-03","9.550e-03",-3.36
"ANKZF1",0.2624,5.2548,3.31897112420522,"6.091e-03","9.757e-03",-3.36
"CCDC77",0.2549,5.411,3.33605448351573,"5.901e-03","9.492e-03",-3.36
"GOT1",-0.557,8.3752,-3.41731603978604,"5.077e-03","8.267e-03",-3.36
"C7orf25",0.3243,5.1797,3.33584105613186,"5.904e-03","9.494e-03",-3.36
"CRYZL1",-0.4074,4.1415,-3.31580555968703,"6.127e-03","9.809e-03",-3.36
"WDR48",0.1853,6.5317,3.33624554768921,"5.899e-03","9.491e-03",-3.36
"DTD1",0.2215,6.1732,3.34453195634419,"5.809e-03","9.357e-03",-3.36
"ZBTB37",-0.4527,6.1304,-3.32697530161653,"6.002e-03","9.633e-03",-3.37
"PNKD",0.2933,5.6919,3.35098531291936,"5.740e-03","9.256e-03",-3.37
"TLL2",0.5724,2.7741,3.17335988552033,"7.984e-03","1.251e-02",-3.38
"CMTM3",-0.4121,5.5598,-3.32355198394611,"6.040e-03","9.685e-03",-3.38
"B9D1",-0.2771,4.6976,-3.31917626199036,"6.089e-03","9.756e-03",-3.38
"GLYCTK",0.2525,5.3271,3.31453430974474,"6.142e-03","9.824e-03",-3.38
"RHBG",0.8013,2.9395,3.0431021896644,"1.017e-02","1.558e-02",-3.39
"SQLE",-0.426,7.5566,-3.34957770257547,"5.755e-03","9.277e-03",-3.39
"ARHGAP42",-0.4696,5.0571,-3.31480659811886,"6.139e-03","9.823e-03",-3.39
"G6PC3",-0.3449,4.8012,-3.31153947059032,"6.176e-03","9.872e-03",-3.39
"FUBP3",-0.208,7.6143,-3.36194733352635,"5.625e-03","9.082e-03",-3.39
"XRCC5",-0.2521,6.1318,-3.31820215420452,"6.100e-03","9.769e-03",-3.4
"VPS25",0.4078,7.5157,3.37824641512796,"5.457e-03","8.841e-03",-3.4
"GGNBP2",0.1844,6.4957,3.31205387959736,"6.170e-03","9.864e-03",-3.4
"CCT7",0.3059,8.6778,3.36312356654478,"5.613e-03","9.065e-03",-3.41
"CCKBR",1.0066,2.2869,2.97606579569016,"1.153e-02","1.743e-02",-3.41
"NCAPG2",0.2094,6.2165,3.30403033095745,"6.263e-03","1.000e-02",-3.41
"PIGS",0.2908,6.8365,3.34682640672329,"5.785e-03","9.321e-03",-3.41
"OST4",-0.3132,6.2364,-3.32988104206791,"5.969e-03","9.587e-03",-3.42
"NDUFAF7",0.2554,5.4613,3.31276359538548,"6.162e-03","9.853e-03",-3.42
"TMOD4",0.3308,3.3767,3.25685037232536,"6.836e-03","1.083e-02",-3.42
"DCTN4",0.1597,7.0315,3.32107914615645,"6.068e-03","9.728e-03",-3.43
"S100A11",-0.2965,5.2451,-3.30616906922225,"6.238e-03","9.969e-03",-3.43
"IARS2",-0.2837,6.1871,-3.31407478169687,"6.147e-03","9.831e-03",-3.43
"C4orf47",2.0807,0.2515,2.69585834932499,"1.940e-02","2.800e-02",-3.43
"ATXN10",0.266,4.7846,3.29133960650644,"6.412e-03","1.022e-02",-3.43
"PPP1CB",-0.251,7.3576,-3.31531143127705,"6.133e-03","9.816e-03",-3.44
"CHTF18",0.1888,7.2015,3.31960840162199,"6.084e-03","9.751e-03",-3.44
"USF1",0.2338,7.7581,3.3205759311686,"6.073e-03","9.735e-03",-3.44
"KBTBD13",0.5695,1.6857,3.0572668436587,"9.909e-03","1.523e-02",-3.44
"PEX12",0.4015,4.435,3.27971223515357,"6.552e-03","1.043e-02",-3.44
"CALB1",0.8722,0.8373,2.80376786519568,"1.588e-02","2.336e-02",-3.45
"EMC2",-0.326,7.1941,-3.32394294593298,"6.035e-03","9.680e-03",-3.45
"BBS7",-0.2783,4.9211,-3.28255964319508,"6.517e-03","1.038e-02",-3.45
"PARVA",-0.4567,5.2319,-3.29121839076845,"6.413e-03","1.022e-02",-3.45
"CC2D2A",-0.2567,4.6905,-3.27658492450579,"6.590e-03","1.049e-02",-3.45
"RNF152",0.3755,2.3329,3.11598968576276,"8.883e-03","1.377e-02",-3.45
"MRPL1",-0.2862,6.0655,-3.30256528837706,"6.280e-03","1.003e-02",-3.45
"FAM172A",-0.3079,5.5752,-3.30571139764307,"6.243e-03","9.975e-03",-3.46
"SNX24",-0.3048,5.7628,-3.29711752088741,"6.343e-03","1.012e-02",-3.46
"FKBP11",-0.3011,5.6089,-3.32475294589969,"6.026e-03","9.669e-03",-3.46
"gga-mir-1453",1.3175,-0.7073,2.55836924908176,"2.501e-02","3.539e-02",-3.46
"POLR2E",0.2217,8.1816,3.33505289222283,"5.912e-03","9.505e-03",-3.46
"OPN3",1.2575,1.5188,2.83448837893305,"1.500e-02","2.219e-02",-3.46
"SPCS1",-0.2293,6.89,-3.28846010326789,"6.446e-03","1.027e-02",-3.46
"SURF1",0.3054,5.7982,3.29837509259687,"6.329e-03","1.011e-02",-3.47
"ABHD12",0.2221,6.4736,3.29065160921642,"6.420e-03","1.023e-02",-3.47
"CMTM6",-0.3604,5.6573,-3.31462910735706,"6.141e-03","9.824e-03",-3.47
"DMXL1",-0.4831,5.5671,-3.2564411591577,"6.841e-03","1.084e-02",-3.47
"MED12L",0.3049,4.6807,3.2553510463551,"6.855e-03","1.086e-02",-3.47
"HTR2A",0.8508,0.8077,2.7722761807025,"1.684e-02","2.459e-02",-3.48
"TMEM117",1.2863,0.957,2.73219102308097,"1.814e-02","2.631e-02",-3.48
"TMEM164",0.2791,6.4654,3.27448110783068,"6.616e-03","1.052e-02",-3.48
"NABP2",-0.3154,5.9729,-3.29712619060259,"6.343e-03","1.012e-02",-3.48
"NFU1",-0.5046,6.484,-3.31680520397646,"6.116e-03","9.792e-03",-3.48
"PSEN1",-0.2282,5.2929,-3.27230135006204,"6.643e-03","1.056e-02",-3.48
"LPAR5",-1.7153,0.5471,-2.67355975248987,"2.022e-02","2.909e-02",-3.48
"WSB2",0.2323,5.7334,3.26625870325599,"6.718e-03","1.067e-02",-3.48
"SEC24B",0.2899,5.7756,3.25930982768293,"6.805e-03","1.079e-02",-3.48
"P3H4",0.462,4.6377,3.25932510678636,"6.805e-03","1.079e-02",-3.49
"MICALL2",-0.2321,4.9541,-3.2644136214634,"6.741e-03","1.070e-02",-3.49
"DCLK1",-0.8696,2.3217,-3.05102899675513,"1.002e-02","1.537e-02",-3.49
"STARD5",0.2559,6.4072,3.27992344336927,"6.549e-03","1.043e-02",-3.5
"HAUS8",0.2119,5.6255,3.25882357229046,"6.811e-03","1.080e-02",-3.5
"ZC3HC1",0.2099,5.8643,3.27379183353723,"6.624e-03","1.053e-02",-3.5
"EGFL7",-0.5897,1.9636,-3.06790928713399,"9.714e-03","1.495e-02",-3.5
"TRIM33",0.2969,6.4855,3.26868029035363,"6.687e-03","1.063e-02",-3.5
"PUS7L",0.3566,4.169,3.23847914316831,"7.073e-03","1.118e-02",-3.51
"LYAR",0.3978,7.8961,3.27545920454386,"6.604e-03","1.051e-02",-3.51
"GCH1",-0.2071,5.3056,-3.25975736363106,"6.799e-03","1.079e-02",-3.51
"TERT",0.242,4.4243,3.23856341100868,"7.072e-03","1.118e-02",-3.51
"GIPC2",-0.2794,5.2514,-3.26862313556758,"6.688e-03","1.063e-02",-3.52
"THBS4",-0.4662,3.8326,-3.16654709321525,"8.085e-03","1.265e-02",-3.52
"GHSR",0.9486,1.6258,2.86194713375866,"1.425e-02","2.116e-02",-3.52
"WEE1",-0.207,6.2093,-3.24950479413193,"6.930e-03","1.097e-02",-3.52
"NOP14",0.2004,6.7259,3.2428864400887,"7.016e-03","1.110e-02",-3.52
"ZC3H14",0.1788,7.3858,3.26583917232364,"6.723e-03","1.068e-02",-3.52
"CPLX3",0.4635,2.3125,3.01622749725956,"1.070e-02","1.629e-02",-3.52
"CSNK1G1",0.1845,5.6022,3.25055234053963,"6.916e-03","1.095e-02",-3.52
"MAMLD1",-0.3116,4.5176,-3.22717378195295,"7.223e-03","1.141e-02",-3.53
"COPB1",-0.2926,8.185,-3.2933579555942,"6.388e-03","1.019e-02",-3.53
"LRRC34",0.3187,4.5705,3.21831701388538,"7.343e-03","1.158e-02",-3.54
"gga-mir-3540",-1.2348,0.3644,-2.79285615644805,"1.621e-02","2.379e-02",-3.54
"FNIP1",-0.3008,4.8852,-3.2310154322414,"7.172e-03","1.133e-02",-3.54
"CARF",0.5562,3.4625,3.19066230353602,"7.731e-03","1.214e-02",-3.55
"NFKBIB",0.216,7.0718,3.29820804650658,"6.331e-03","1.011e-02",-3.55
"SASH1",-0.4217,6.5829,-3.26546154759046,"6.727e-03","1.068e-02",-3.56
"GADD45A",0.4824,7.0418,3.28407243127391,"6.499e-03","1.035e-02",-3.56
"FNTA",0.2649,4.8987,3.22424915018109,"7.263e-03","1.147e-02",-3.57
"PDIA4",-0.2649,9.1346,-3.33072631214461,"5.960e-03","9.574e-03",-3.57
"ANKRD9",-0.4032,4.4292,-3.19971591202322,"7.602e-03","1.195e-02",-3.57
"SYNRG",-0.7277,6.0315,-3.2239505653058,"7.267e-03","1.147e-02",-3.57
"ZDHHC7",0.2643,6.7861,3.25932778211657,"6.805e-03","1.079e-02",-3.57
"JAKMIP2",-0.3205,4.615,-3.20502788246906,"7.527e-03","1.185e-02",-3.57
"TLK1",-0.3248,4.9655,-3.2037775333797,"7.545e-03","1.187e-02",-3.58
"FREM2",-0.7,2.7926,-3.10198441270663,"9.117e-03","1.411e-02",-3.58
"FBXO38",0.226,5.3402,3.21471201813938,"7.393e-03","1.165e-02",-3.58
"PARD6B",0.2994,5.3041,3.21986805813007,"7.322e-03","1.155e-02",-3.58
"SPR",-0.217,6.8982,-3.26208308887987,"6.770e-03","1.074e-02",-3.58
"C1D",0.2514,6.187,3.21971203354108,"7.324e-03","1.155e-02",-3.58
"PPP1R42",0.5483,1.097,2.87101366761081,"1.401e-02","2.082e-02",-3.58
"RNF44",0.3036,5.6066,3.22669991204807,"7.230e-03","1.142e-02",-3.58
"CNST",0.366,4.706,3.20104322365957,"7.583e-03","1.192e-02",-3.59
"CLTC",-0.3816,9.3121,-3.29399894223685,"6.380e-03","1.018e-02",-3.59
"RHOT2",0.2418,6.7094,3.23144471102113,"7.166e-03","1.132e-02",-3.59
"FURIN",-0.2121,6.5331,-3.20980561911913,"7.460e-03","1.175e-02",-3.59
"gga-mir-30b",-0.9931,0.6981,-2.60243476170409,"2.306e-02","3.285e-02",-3.59
"SEMA3C",-0.4506,2.4042,-2.83960253782893,"1.486e-02","2.200e-02",-3.59
"RPL8",-0.2509,9.6686,-3.31909969767632,"6.090e-03","9.756e-03",-3.6
"DPM2",0.2788,6.1563,3.23951828713792,"7.060e-03","1.117e-02",-3.6
"HYAL3",0.6616,4.0611,3.12625507287143,"8.715e-03","1.355e-02",-3.6
"ITGB1",-0.3226,9.6876,-3.32401731232402,"6.035e-03","9.680e-03",-3.6
"CACHD1",-0.2529,6.5732,-3.21420209270322,"7.400e-03","1.166e-02",-3.61
"CHRM5",0.517,2.0794,2.94591941625146,"1.219e-02","1.834e-02",-3.61
"B3GNT7",-0.3893,2.906,-3.07083999314051,"9.662e-03","1.488e-02",-3.61
"STOX2",0.4455,3.1277,3.17589371113253,"7.946e-03","1.245e-02",-3.61
"UBE2D3",-0.2144,7.1073,-3.1945327150499,"7.675e-03","1.206e-02",-3.61
"RSRC1",-0.2456,5.5064,-3.19475549048019,"7.672e-03","1.206e-02",-3.62
"ACVR1B",-0.3136,5.8424,-3.20269265590251,"7.560e-03","1.189e-02",-3.62
"POMGNT1",-0.2089,5.4804,-3.1869316936252,"7.785e-03","1.222e-02",-3.62
"NT5DC1",-0.2797,5.6493,-3.20931445655865,"7.467e-03","1.176e-02",-3.62
"FMC1",-0.5007,5.1421,-3.20448242562159,"7.535e-03","1.186e-02",-3.63
"UST",0.2181,5.3999,3.18947049659632,"7.748e-03","1.217e-02",-3.63
"FLVCR1",0.3458,5.6733,3.21211416401219,"7.429e-03","1.170e-02",-3.63
"NDUFS1",-0.4641,8.7867,-3.27684606525708,"6.587e-03","1.048e-02",-3.64
"NOX1",-0.8943,1.4147,-2.7556413306817,"1.736e-02","2.529e-02",-3.65
"ZFAND1",-0.3266,4.6928,-3.17138972978258,"8.013e-03","1.254e-02",-3.65
"ITGB1BP1",0.3336,4.5805,3.17032902355947,"8.029e-03","1.256e-02",-3.66
"TNPO1",0.2812,7.094,3.18909222507358,"7.753e-03","1.217e-02",-3.66
"CRELD1",-0.2556,6.6453,-3.2028257100286,"7.558e-03","1.189e-02",-3.66
"KIZ",0.2705,5.1387,3.17169276782857,"8.008e-03","1.254e-02",-3.66
"ESR2",-0.6362,1.7251,-2.84879304905432,"1.461e-02","2.165e-02",-3.66
"FAM98B",0.2581,7.2111,3.20857976956299,"7.477e-03","1.177e-02",-3.66
"KLHL41",0.4268,2.307,3.02353145792088,"1.055e-02","1.610e-02",-3.67
"OTOS",0.4281,2.4018,3.05317775724955,"9.985e-03","1.532e-02",-3.67
"KCNJ15",-1.2405,-0.4841,-2.43872486683096,"3.116e-02","4.324e-02",-3.67
"FGFR4",0.2173,7.6137,3.18276166121817,"7.845e-03","1.230e-02",-3.67
"BBS4",0.5622,2.6127,3.00236058518683,"1.098e-02","1.668e-02",-3.67
"PLCXD2",0.3078,3.4816,3.10734296688419,"9.027e-03","1.399e-02",-3.68
"gga-mir-196-4",-0.6538,2.4066,-2.87321318255813,"1.396e-02","2.076e-02",-3.68
"ADAMTS9",-0.3566,2.6728,-3.01252910965521,"1.077e-02","1.639e-02",-3.68
"FAU",-0.2209,9.4489,-3.29605744230337,"6.356e-03","1.014e-02",-3.68
"PIBF1",0.2276,4.587,3.15021624993832,"8.335e-03","1.300e-02",-3.68
"RFLNB",0.989,4.4075,3.05884941079345,"9.880e-03","1.519e-02",-3.68
"SCAMP1",-0.2543,5.5115,-3.16413837101154,"8.122e-03","1.269e-02",-3.68
"CNGA2",0.771,1.7481,2.80835076052976,"1.575e-02","2.319e-02",-3.69
"KIAA2026",-0.2164,5.5261,-3.14901511957102,"8.353e-03","1.303e-02",-3.69
"MED1",0.211,8.0876,3.178349812148,"7.910e-03","1.240e-02",-3.69
"C1orf159",0.2943,5.8341,3.16109125732007,"8.168e-03","1.276e-02",-3.69
"SHCBP1",0.298,5.2333,3.15267737697929,"8.297e-03","1.295e-02",-3.7
"NAPB",0.2793,4.398,3.14356791015777,"8.439e-03","1.315e-02",-3.7
"NPAS3",-0.3754,3.767,-3.12624230056581,"8.715e-03","1.355e-02",-3.7
"FDX1",-0.2401,7.5396,-3.18945645299304,"7.748e-03","1.217e-02",-3.7
"LGALSL",0.1851,5.5958,3.16381675630983,"8.127e-03","1.270e-02",-3.7
"CDC73",-0.2162,6.6065,-3.1641730090471,"8.121e-03","1.269e-02",-3.7
"THNSL2",-0.2354,5.528,-3.16593980443257,"8.095e-03","1.266e-02",-3.7
"SGSM1",0.6384,3.6739,3.0945794959932,"9.244e-03","1.428e-02",-3.71
"gga-mir-1580",-1.9072,1.8607,-2.65871247293598,"2.078e-02","2.981e-02",-3.71
"SAT1",-0.4369,8.5044,-3.26225450753195,"6.768e-03","1.074e-02",-3.71
"PPAT",-0.2096,7.7705,-3.17239751795585,"7.998e-03","1.253e-02",-3.71
"HSPB7",1.1724,0.9021,2.64258656066343,"2.141e-02","3.065e-02",-3.72
"ACP5",-0.5679,1.4273,-2.69233514327482,"1.953e-02","2.816e-02",-3.72
"UBE2L3",0.2037,7.8046,3.16388124408155,"8.126e-03","1.270e-02",-3.72
"TRAF4",-0.3558,4.5371,-3.11621387420018,"8.879e-03","1.377e-02",-3.73
"PMS1",0.2007,4.4451,3.12164788011462,"8.790e-03","1.365e-02",-3.73
"SNX33",0.4352,6.6752,3.17199892500743,"8.004e-03","1.253e-02",-3.73
"DGKH",0.9341,2.582,2.98958457434004,"1.124e-02","1.703e-02",-3.73
"RAD51C",0.1996,5.525,3.13700280010507,"8.542e-03","1.330e-02",-3.73
"MPI",0.2373,7.0115,3.18382420939314,"7.830e-03","1.228e-02",-3.73
"SNX30",0.2495,4.39,3.12206824127669,"8.783e-03","1.364e-02",-3.73
"SKIV2L",-0.2629,5.6836,-3.14548112399444,"8.409e-03","1.311e-02",-3.73
"NDUFV2",-0.3285,8.3339,-3.22076171705566,"7.310e-03","1.154e-02",-3.73
"PCSK7",0.2366,6.1761,3.13809307566528,"8.525e-03","1.328e-02",-3.73
"SNAP47",0.2956,5.7242,3.13713685148341,"8.540e-03","1.329e-02",-3.73
"BRAP",0.2395,6.5817,3.1504531386794,"8.331e-03","1.300e-02",-3.74
"SAMD12",-0.4499,4.5904,-3.09918936775803,"9.165e-03","1.417e-02",-3.74
"gga-mir-6667",1.0264,-0.4733,2.40188405552983,"3.333e-02","4.600e-02",-3.74
"PREB",-0.3956,4.7716,-3.12492160055257,"8.736e-03","1.357e-02",-3.74
"TBC1D12",-0.2548,5.8219,-3.15175703928768,"8.311e-03","1.297e-02",-3.74
"ROS1",-0.7621,1.5281,-2.70003231298594,"1.925e-02","2.782e-02",-3.74
"MED20",0.2197,5.702,3.11577463076037,"8.886e-03","1.378e-02",-3.74
"HNRNPA0",0.2046,8.094,3.2420388666332,"7.027e-03","1.112e-02",-3.74
"CREB3L1",-0.4499,5.1119,-3.14138601174542,"8.473e-03","1.320e-02",-3.74
"SUGP1",-0.1873,6.411,-3.13746165851356,"8.535e-03","1.329e-02",-3.75
"POP5",0.2924,6.6888,3.17283791284582,"7.991e-03","1.252e-02",-3.75
"TMEM94",-0.5391,8.1403,-3.18706879191918,"7.783e-03","1.221e-02",-3.76
"GATAD2A",0.1666,7.4403,3.12735143597658,"8.697e-03","1.353e-02",-3.76
"GADD45B",0.2151,7.9256,3.20429494001719,"7.537e-03","1.186e-02",-3.76
"FAF2",0.2312,7.328,3.14287670784783,"8.449e-03","1.316e-02",-3.76
"TM2D2",0.3449,6.3976,3.20920071046986,"7.469e-03","1.176e-02",-3.76
"CRCP",-0.1955,5.7723,-3.12695445889387,"8.703e-03","1.353e-02",-3.76
"RPS14",-0.2758,8.4118,-3.16217977587758,"8.151e-03","1.273e-02",-3.77
"MARCH1",-0.2692,4.1677,-3.09999029946067,"9.151e-03","1.416e-02",-3.77
"RHOBTB3",-0.6492,0.9689,-2.72008767956897,"1.855e-02","2.685e-02",-3.77
"IL6R",0.9449,7.257,3.16870231446267,"8.053e-03","1.260e-02",-3.78
"UBE2E2",0.6007,5.722,3.16693596104179,"8.080e-03","1.264e-02",-3.78
"MT-CO1",0.1867,7.9151,3.01901807286243,"1.064e-02","1.622e-02",-3.78
"TTC19",-0.3459,4.807,-3.10602503148399,"9.049e-03","1.401e-02",-3.78
"ERCC3",0.1547,6.7515,3.1181998921991,"8.846e-03","1.373e-02",-3.79
"UBA5",-0.1985,6.4979,-3.12696330735147,"8.703e-03","1.353e-02",-3.79
"FN3K",-0.5132,1.9754,-2.84172817780378,"1.480e-02","2.193e-02",-3.79
"KIAA1841",0.3606,3.949,3.07309586565874,"9.621e-03","1.482e-02",-3.79
"CCR7",0.3671,2.1858,2.88229958909545,"1.372e-02","2.045e-02",-3.79
"NCLN",-0.376,7.9075,-3.12365280557744,"8.757e-03","1.360e-02",-3.8
"gga-mir-1742",1.2316,0.5785,2.48179961772287,"2.879e-02","4.022e-02",-3.8
"TMX3",-0.2777,7.1308,-3.09653994102131,"9.210e-03","1.424e-02",-3.8
"SCAI",-0.3646,4.7206,-3.09299550541145,"9.271e-03","1.432e-02",-3.81
"NOXA1",-0.5794,2.6947,-2.77501078269124,"1.675e-02","2.449e-02",-3.81
"ZBTB7A",0.3179,5.7485,3.1035464834544,"9.091e-03","1.407e-02",-3.81
"SLC38A2",-0.486,7.6029,-3.11810307995653,"8.848e-03","1.373e-02",-3.81
"gga-mir-1627",0.75,4.1823,2.97098655599798,"1.164e-02","1.757e-02",-3.81
"LONRF2",-0.287,6.1366,-3.10694136417981,"9.034e-03","1.399e-02",-3.82
"LRRC40",0.1859,5.4864,3.0917061717013,"9.294e-03","1.435e-02",-3.82
"FAM168A",-0.3666,4.5061,-3.0763585987639,"9.563e-03","1.473e-02",-3.82
"CLPTM1L",-0.1635,7.9091,-3.10595958477331,"9.050e-03","1.401e-02",-3.82
"RPUSD4",0.2225,5.0499,3.07672880368762,"9.556e-03","1.473e-02",-3.82
"gga-mir-1683",0.5577,3.487,2.91319781978307,"1.296e-02","1.939e-02",-3.82
"PPT1",-0.3286,7.0469,-3.14712904909931,"8.383e-03","1.307e-02",-3.83
"MRPL24",0.2678,8.0022,3.18351226719085,"7.834e-03","1.229e-02",-3.83
"PNPLA6",-0.2932,4.51,-3.07266746884123,"9.629e-03","1.483e-02",-3.83
"gga-mir-1715",-0.601,1.4582,-2.56334923230208,"2.478e-02","3.513e-02",-3.83
"C14orf132",-1.171,1.5843,-2.60516092419389,"2.294e-02","3.270e-02",-3.83
"gga-mir-6609",-1.0687,-0.2447,-2.35700819996248,"3.617e-02","4.958e-02",-3.83
"MRPS10",-0.2277,5.4609,-3.09619263890923,"9.216e-03","1.424e-02",-3.83
"SLC7A9",-0.4252,2.4254,-2.90759395542541,"1.309e-02","1.958e-02",-3.84
"TAP1",-0.3324,4.0875,-3.0127051638945,"1.077e-02","1.639e-02",-3.84
"MGP",-0.4763,3.4735,-2.89968067447187,"1.329e-02","1.984e-02",-3.84
"CPSF3",-0.1969,6.997,-3.09926523513575,"9.164e-03","1.417e-02",-3.84
"PER2",-0.264,7.2355,-3.06713396147396,"9.728e-03","1.497e-02",-3.84
"CDKN1B",-0.1901,6.0771,-3.12063761962538,"8.806e-03","1.367e-02",-3.85
"WNT5A",0.3428,2.2083,2.82182368170992,"1.536e-02","2.268e-02",-3.85
"gga-mir-1754",-1.1309,1.0069,-2.48242469578431,"2.876e-02","4.018e-02",-3.85
"USP15",0.3094,6.7047,3.05982632917555,"9.862e-03","1.517e-02",-3.85
"ANGEL1",-0.3294,7.4368,-3.12496482372051,"8.736e-03","1.357e-02",-3.86
"TARSL2",0.4045,-0.4582,2.42851712902677,"3.175e-02","4.400e-02",-3.86
"KLHL8",0.3015,4.8119,3.05498395970578,"9.951e-03","1.528e-02",-3.86
"NUDT21",0.21,7.959,3.16211499906066,"8.152e-03","1.273e-02",-3.86
"KRTCAP3",-0.8106,3.0464,-2.79525959621352,"1.613e-02","2.369e-02",-3.86
"NRBF2",0.3142,5.5678,3.08170761150828,"9.468e-03","1.460e-02",-3.86
"ND6",0.3679,4.6896,3.01457420171067,"1.073e-02","1.633e-02",-3.86
"PRKAR1B",-0.2368,4.3917,-3.05405595370962,"9.968e-03","1.530e-02",-3.86
"CCDC157",0.7636,1.4217,2.75851610949468,"1.727e-02","2.516e-02",-3.87
"NDUFA2",-0.312,5.8579,-3.08342960550639,"9.438e-03","1.456e-02",-3.87
"HERC2",-0.3518,6.7874,-3.04117132724391,"1.021e-02","1.564e-02",-3.88
"SMIM4",0.382,4.709,3.05261003393704,"9.995e-03","1.533e-02",-3.88
"HSF4",-1.63,-0.3941,-2.33721186131719,"3.750e-02","5.123e-02",-3.88
"CACNA2D2",-0.3537,4.0784,-3.01797175904182,"1.066e-02","1.625e-02",-3.89
"CNOT1",0.2148,9.1307,3.11552632858731,"8.891e-03","1.378e-02",-3.89
"gga-mir-1465",-1.2366,0.139,-2.36317591674188,"3.577e-02","4.911e-02",-3.89
"MYLK",-0.472,1.8935,-2.77680690323308,"1.670e-02","2.443e-02",-3.89
"RALGAPA1",-0.2295,6.3032,-3.02195521711455,"1.058e-02","1.614e-02",-3.89
"ETV6",-0.2207,5.0369,-3.04005801398345,"1.023e-02","1.567e-02",-3.89
"ARNTL2",-0.2501,5.5626,-3.05387292455329,"9.972e-03","1.530e-02",-3.89
"GEMIN2",0.1835,6.6696,3.04838474900231,"1.007e-02","1.545e-02",-3.89
"ADAM23",0.2421,4.2433,3.03083447551775,"1.041e-02","1.591e-02",-3.9
"MAPK1IP1L",0.2109,6.9113,3.06419774384539,"9.782e-03","1.505e-02",-3.9
"POLQ",-0.3682,5.3284,-3.02414618349638,"1.054e-02","1.609e-02",-3.9
"FAM149B1",-0.1767,6.0937,-3.03957583957335,"1.024e-02","1.568e-02",-3.91
"MRPS18A",-0.2131,5.357,-3.03510910570138,"1.033e-02","1.580e-02",-3.91
"SNORD94",1.0804,0.2682,2.38808541027207,"3.418e-02","4.710e-02",-3.91
"EIF5A2",0.1744,9.0809,3.09995114773941,"9.152e-03","1.416e-02",-3.91
"HACD3",-0.2202,8.5544,-3.11804323081569,"8.849e-03","1.373e-02",-3.91
"AAAS",0.2256,8.0507,3.09765776790181,"9.191e-03","1.421e-02",-3.91
"TRADD",-0.3396,5.2596,-3.0475200888945,"1.009e-02","1.547e-02",-3.92
"CALML3",-1.3116,0.8398,-2.55252842034131,"2.528e-02","3.575e-02",-3.92
"PLIN1",0.5172,2.1058,2.81900214784543,"1.544e-02","2.278e-02",-3.92
"HHIPL2",0.5863,1.4708,2.73436836484886,"1.806e-02","2.621e-02",-3.92
"MRPL16",0.4403,5.9079,3.05845925583813,"9.887e-03","1.519e-02",-3.92
"IFT43",0.4384,4.0387,3.00176994245593,"1.099e-02","1.669e-02",-3.93
"ISOC1",-0.2463,5.4612,-3.03884115771211,"1.025e-02","1.570e-02",-3.93
"ANXA6",-1.4698,0.1543,-2.37193558482864,"3.520e-02","4.838e-02",-3.93
"TIFA",1.2852,-0.3573,2.30979866424101,"3.941e-02","5.355e-02",-3.94
"NDUFV1",-0.3517,7.5435,-3.09062128045097,"9.312e-03","1.437e-02",-3.94
"FAM76B",0.2579,5.4075,3.03125937492634,"1.040e-02","1.590e-02",-3.94
"TMEM144",-0.4216,3.1735,-2.87143163155894,"1.400e-02","2.081e-02",-3.94
"DNAJC11",0.2046,7.8469,3.06034991477427,"9.852e-03","1.515e-02",-3.95
"SLC25A4",0.4552,8.0581,3.05856882706046,"9.885e-03","1.519e-02",-3.95
"RPL3",-0.2726,9.5248,-3.15556765255022,"8.252e-03","1.288e-02",-3.95
"HAGHL",0.3986,5.919,3.03517971069491,"1.032e-02","1.580e-02",-3.95
"EFNB2",0.5355,3.6309,2.95572329025776,"1.197e-02","1.804e-02",-3.96
"B3GALT5",-0.4019,2.5575,-2.85506565462338,"1.444e-02","2.141e-02",-3.96
"COPG2",-0.296,7.5182,-3.05852404516232,"9.886e-03","1.519e-02",-3.97
"CHMP4B",0.1653,8.0088,3.09028785323194,"9.318e-03","1.438e-02",-3.97
"SLC26A2",-0.2496,4.7588,-2.99986285490743,"1.103e-02","1.674e-02",-3.97
"VCPIP1",0.3534,6.3639,2.99301562841284,"1.117e-02","1.693e-02",-3.97
"NDUFB5",-0.3106,7.992,-3.12619236848058,"8.716e-03","1.355e-02",-3.97
"PRDX3",-0.249,7.1355,-3.03610135274882,"1.031e-02","1.577e-02",-3.97
"TTC7A",-0.2205,5.1129,-3.01053036746706,"1.081e-02","1.644e-02",-3.97
"TATDN3",0.2409,4.5871,2.99703606246245,"1.108e-02","1.682e-02",-3.98
"ACOT11",0.5162,1.8117,2.71943791029301,"1.857e-02","2.688e-02",-3.98
"MLST8",0.2062,7.1063,3.04737055537617,"1.009e-02","1.547e-02",-3.98
"gga-mir-3523",-0.7195,-0.8551,-2.2876176259627,"4.103e-02","5.553e-02",-3.98
"ARR3",-0.5275,1.5063,-2.66774248255783,"2.044e-02","2.936e-02",-3.98
"HLCS",-0.2509,5.0713,-2.98706165528975,"1.129e-02","1.710e-02",-3.98
"PI4KB",0.2069,7.4663,3.05606201307278,"9.931e-03","1.526e-02",-3.98
"SEC23A",-0.3249,8.4749,-3.08438625209038,"9.421e-03","1.453e-02",-3.99
"VAX1",1.2271,0.7059,2.41568489648452,"3.250e-02","4.498e-02",-3.99
"TMEM63B",0.2268,6.3386,3.02586836779881,"1.051e-02","1.604e-02",-3.99
"FER",-0.2301,3.403,-2.93192372503029,"1.251e-02","1.878e-02",-3.99
"MRPL13",-0.1994,7.0344,-3.04406114508623,"1.016e-02","1.556e-02",-3.99
"UBXN6",0.3285,5.1707,3.0047470001584,"1.093e-02","1.661e-02",-3.99
"CDK17",-0.3417,6.5657,-3.01549728529266,"1.071e-02","1.631e-02",-3.99
"DIABLO",-0.2099,6.9368,-2.98956311765093,"1.124e-02","1.703e-02",-3.99
"C7orf73",-0.2157,7.1845,-3.08334117296434,"9.439e-03","1.456e-02",-3.99
"VPS26B",0.2484,7.4431,3.02122624123781,"1.060e-02","1.615e-02",-3.99
"gga-mir-6690",-0.6985,-0.5465,-2.27466359087379,"4.200e-02","5.667e-02",-4
"TTC1",0.1946,5.6258,2.97802944133865,"1.148e-02","1.738e-02",-4
"CAB39",-0.1926,7.9032,-3.02211902420907,"1.058e-02","1.614e-02",-4
"ATXN7L1",0.2318,5.3246,2.98826448650738,"1.127e-02","1.707e-02",-4
"PPIG",0.3194,7.6436,3.0037933215219,"1.095e-02","1.664e-02",-4
"IMMP1L",-0.2501,3.9269,-2.96560341411805,"1.175e-02","1.774e-02",-4
"CCT2",0.224,9.696,3.09367563058628,"9.260e-03","1.431e-02",-4.01
"ZNF598",0.1652,7.8526,3.03453055417978,"1.034e-02","1.581e-02",-4.01
"SH3BGRL2",-0.2524,4.6943,-2.97958611075494,"1.145e-02","1.733e-02",-4.01
"CARMIL3",-0.3409,3.7505,-2.93362295502208,"1.247e-02","1.873e-02",-4.01
"MSRB1",0.2737,6.0443,3.03156737461689,"1.039e-02","1.589e-02",-4.01
"SNN",0.2192,5.7704,2.99332401994619,"1.116e-02","1.693e-02",-4.01
"ZFAND4",0.2256,4.9279,2.97361988045626,"1.158e-02","1.750e-02",-4.02
"TMEM230",-0.2134,5.9099,-2.98704523882767,"1.129e-02","1.710e-02",-4.02
"RAD52",0.2043,6.0307,2.98037913726023,"1.143e-02","1.731e-02",-4.02
"SPARCL1",-0.4738,2.5299,-2.77442380888676,"1.677e-02","2.451e-02",-4.02
"RANBP10",0.1855,6.8769,3.00355361323288,"1.095e-02","1.664e-02",-4.03
"VAMP3",-0.2504,7.8554,-3.09318905237656,"9.268e-03","1.432e-02",-4.03
"ADAP2",0.5363,1.5386,2.71490023135503,"1.873e-02","2.709e-02",-4.03
"gga-mir-30e",0.8527,0.5636,2.34513687300685,"3.696e-02","5.055e-02",-4.03
"THOC1",0.1955,8.2068,3.02589084997861,"1.050e-02","1.604e-02",-4.03
"ZCCHC2",0.3442,7.3156,2.98620216762704,"1.131e-02","1.713e-02",-4.03
"AP3M2",-0.2088,7.1808,-3.02144002616174,"1.059e-02","1.615e-02",-4.04
"USP24",-0.3989,7.2309,-2.97342468134286,"1.158e-02","1.750e-02",-4.04
"RPS3",-0.1781,9.3431,-3.06844495617917,"9.705e-03","1.494e-02",-4.04
"PTPRS",0.1954,6.8795,2.95616015281218,"1.196e-02","1.803e-02",-4.04
"RNF149",0.2319,6.2935,2.98881243963043,"1.126e-02","1.705e-02",-4.05
"YAP1",-0.247,6.873,-2.99159822668302,"1.120e-02","1.698e-02",-4.05
"UBL7",0.2005,5.9136,2.95416705891848,"1.201e-02","1.808e-02",-4.05
"KCNRG",-0.2968,3.7654,-2.90018901527373,"1.327e-02","1.983e-02",-4.05
"PURA",0.4552,6.273,3.02361828789191,"1.055e-02","1.610e-02",-4.05
"XPO7",-0.1722,7.608,-2.97757543988601,"1.149e-02","1.738e-02",-4.05
"MVK",-0.3223,7.4091,-3.00033874261493,"1.102e-02","1.673e-02",-4.06
"NARFL",0.212,5.2569,2.95481975004871,"1.199e-02","1.807e-02",-4.06
"PRKX",0.2265,5.1386,2.96362877342315,"1.180e-02","1.780e-02",-4.06
"VAMP7",-0.1845,5.1661,-2.94361434621914,"1.224e-02","1.841e-02",-4.06
"SPRY2",1.7425,0.8567,2.35680150875214,"3.619e-02","4.959e-02",-4.06
"GALNT7",-0.2202,6.3124,-2.96666603378896,"1.173e-02","1.771e-02",-4.06
"RSF1",0.3416,5.5493,2.94535487786126,"1.220e-02","1.836e-02",-4.06
"NPNT",0.618,3.6593,2.87168210912322,"1.400e-02","2.080e-02",-4.07
"DNAJB2",0.2507,7.6412,3.01765630549045,"1.067e-02","1.625e-02",-4.07
"LPCAT1",0.249,5.5713,2.95030097442845,"1.209e-02","1.820e-02",-4.07
"SORCS2",-0.6707,3.6492,-2.88173780090329,"1.374e-02","2.046e-02",-4.07
"ICA1",0.3668,4.59,2.94409678390815,"1.223e-02","1.840e-02",-4.08
"COASY",0.3322,5.3508,2.9724359777748,"1.160e-02","1.753e-02",-4.08
"PDHX",-0.2322,6.6011,-2.95299612472062,"1.203e-02","1.812e-02",-4.08
"SNORD102",0.5774,2.0868,2.68923225528181,"1.964e-02","2.830e-02",-4.08
"FAM171B",-0.3723,5.3273,-2.94860614927283,"1.213e-02","1.826e-02",-4.09
"KCTD8",-0.3732,3.8092,-2.79575226166597,"1.612e-02","2.367e-02",-4.09
"MDK",0.4364,2.5039,2.76980099098256,"1.691e-02","2.468e-02",-4.1
"SUPT6H",0.2129,7.6551,2.9681494817347,"1.170e-02","1.766e-02",-4.1
"SAR1A",0.3803,7.8298,3.01658376113761,"1.069e-02","1.628e-02",-4.1
"PMAIP1",-1.618,-0.131,-2.22277560162689,"4.612e-02","6.178e-02",-4.1
"ATG13",-0.5486,7.0868,-3.00125932245292,"1.100e-02","1.670e-02",-4.1
"ATP5C1",-0.3943,8.714,-3.02131626001392,"1.059e-02","1.615e-02",-4.1
"SLC41A2",0.3216,4.3475,2.92288784443271,"1.272e-02","1.907e-02",-4.1
"ETNK1",-0.468,5.5822,-2.93963766768329,"1.233e-02","1.853e-02",-4.11
"MRPL58",0.2543,5.9199,2.95429871970423,"1.200e-02","1.808e-02",-4.11
"ATP6V0B",0.237,6.7457,2.96636576295154,"1.174e-02","1.772e-02",-4.11
"PTP4A2",-0.3122,8.2486,-2.99530626616364,"1.112e-02","1.687e-02",-4.11
"TANC1",0.3115,5.8376,2.9260715988305,"1.265e-02","1.896e-02",-4.12
"FRA10AC1",-0.2155,5.4675,-2.92791743785128,"1.261e-02","1.890e-02",-4.12
"IGFBP5",1.531,0.6324,2.29832349895141,"4.024e-02","5.454e-02",-4.12
"RACGAP1",-0.3298,7.2259,-2.95734168340661,"1.193e-02","1.800e-02",-4.12
"RILP",0.4693,3.3398,2.77772426704985,"1.667e-02","2.439e-02",-4.12
"WDR31",0.4819,1.1623,2.47841101094346,"2.897e-02","4.047e-02",-4.12
"CNPY3",-0.2368,6.1759,-2.97790307060481,"1.149e-02","1.738e-02",-4.13
"COX14",0.7673,4.674,2.91166546954192,"1.299e-02","1.944e-02",-4.13
"RPL27A",-0.2296,9.2756,-3.0302505242793,"1.042e-02","1.592e-02",-4.13
"TRA2A",-0.2082,7.9529,-2.96358195413394,"1.180e-02","1.780e-02",-4.13
"B4GALNT3",-0.315,5.0471,-2.92729929117165,"1.262e-02","1.892e-02",-4.13
"FARSB",0.259,7.337,2.94010954503172,"1.232e-02","1.852e-02",-4.13
"ZDHHC13",-0.223,7.2833,-2.95826291047232,"1.191e-02","1.797e-02",-4.13
"TMEM55A",-0.216,6.5668,-2.95672119391836,"1.195e-02","1.801e-02",-4.14
"DCN",1.4274,-0.6016,2.14657935712502,"5.288e-02","6.995e-02",-4.14
"CSNK1E",0.3039,7.7504,2.99301311005487,"1.117e-02","1.693e-02",-4.14
"CAMK2G",-0.3155,4.5378,-2.90304927287227,"1.320e-02","1.973e-02",-4.15
"C1QTNF4",1.976,0.7887,2.35827931771812,"3.609e-02","4.948e-02",-4.15
"TMEM214",0.2345,6.8563,2.9472190635069,"1.216e-02","1.830e-02",-4.15
"IKBKB",-0.1835,5.351,-2.9029637128503,"1.321e-02","1.973e-02",-4.15
"ERBIN",-0.3361,5.9464,-2.91498562795,"1.291e-02","1.933e-02",-4.15
"PIGQ",0.1771,5.4209,2.91481877171323,"1.292e-02","1.934e-02",-4.16
"SH3BGRL3",0.3522,7.0741,2.97213999598559,"1.161e-02","1.754e-02",-4.16
"PHEX",-0.4101,1.012,-2.50994378507098,"2.734e-02","3.838e-02",-4.16
"gga-mir-6591",0.6397,0.7046,2.30095604506388,"4.005e-02","5.432e-02",-4.16
"PHKA1",-0.1692,6.1249,-2.91902750283586,"1.282e-02","1.920e-02",-4.16
"XRCC6",0.1939,6.9504,2.92789121402717,"1.261e-02","1.890e-02",-4.16
"SSR3",-0.2049,9.1997,-3.0340848767523,"1.035e-02","1.582e-02",-4.16
"SZRD1",0.4588,7.8232,2.94769630544693,"1.215e-02","1.829e-02",-4.16
"CHMP1B",0.2,7.0006,2.9513025568799,"1.207e-02","1.817e-02",-4.16
"AVEN",0.2113,5.5726,2.93193206073741,"1.251e-02","1.878e-02",-4.17
"NCKAP1L",0.2253,2.4082,2.74906670279749,"1.758e-02","2.557e-02",-4.17
"ENKUR",0.9106,0.7369,2.35495139018232,"3.631e-02","4.975e-02",-4.17
"ALYREF",0.293,8.5008,3.00553935931609,"1.091e-02","1.659e-02",-4.17
"SLC2A12",-1.362,0.2611,-2.216674465374,"4.663e-02","6.239e-02",-4.17
"FAM129A",-0.5759,2.8596,-2.80791765324655,"1.576e-02","2.320e-02",-4.17
"NCKAP1",-0.31,7.9893,-2.94101246406423,"1.230e-02","1.849e-02",-4.18
"IQUB",0.3734,3.2978,2.8274845127148,"1.520e-02","2.247e-02",-4.18
"LRRC57",0.1583,4.9102,2.88784465316477,"1.358e-02","2.026e-02",-4.18
"PTPN2",-0.1625,9.147,-3.00129139860942,"1.100e-02","1.670e-02",-4.18
"MYOM3",-0.5809,1.5127,-2.66478938535877,"2.055e-02","2.949e-02",-4.18
"gga-mir-6613",-1.0845,-0.5275,-2.16302863205898,"5.135e-02","6.808e-02",-4.18
"gga-mir-6585",0.654,2.321,2.57879175643477,"2.409e-02","3.421e-02",-4.18
"TMED5",-0.2374,8.2955,-2.93054997066097,"1.254e-02","1.883e-02",-4.19
"HOXD4",-0.8675,1.2628,-2.52146532061633,"2.677e-02","3.764e-02",-4.19
"A4GNT",-1.3676,-0.6768,-2.10968385402393,"5.647e-02","7.440e-02",-4.19
"RNF38",-0.27,4.7035,-2.8767490774222,"1.387e-02","2.063e-02",-4.2
"DYNLRB1",-0.1689,6.311,-2.85961960000645,"1.431e-02","2.124e-02",-4.2
"gga-mir-1747",-0.9156,0.0419,-2.15687054543111,"5.191e-02","6.878e-02",-4.21
"IL6ST",-0.3871,6.6063,-2.88192123033025,"1.373e-02","2.046e-02",-4.21
"ASXL3",-0.2296,4.6331,-2.86118022200165,"1.427e-02","2.119e-02",-4.21
"PRPF40A",0.1721,8.0782,2.92267377687074,"1.273e-02","1.908e-02",-4.21
"TBC1D22B",0.2046,5.7711,2.90063104736947,"1.326e-02","1.981e-02",-4.21
"CDC27",0.2239,7.7631,2.90321930641982,"1.320e-02","1.973e-02",-4.21
"WAPL",-0.177,7.1678,-2.86461730694118,"1.418e-02","2.106e-02",-4.21
"MITD1",0.21,5.1226,2.87278932294921,"1.397e-02","2.076e-02",-4.22
"TOLLIP",0.1824,7.0358,2.88376546455238,"1.369e-02","2.041e-02",-4.22
"CHID1",-0.2799,5.0092,-2.88089255112529,"1.376e-02","2.049e-02",-4.22
"TSC2",-0.1515,6.9617,-2.8759495444896,"1.389e-02","2.066e-02",-4.22
"HSPA4",0.247,7.7512,2.89386843581021,"1.343e-02","2.004e-02",-4.22
"DCTD",0.2536,6.4229,2.87597199287419,"1.389e-02","2.066e-02",-4.22
"ACYP2",-0.258,5.0846,-2.87298925846324,"1.396e-02","2.076e-02",-4.23
"UNC5B",0.4776,3.9144,2.80998241861306,"1.570e-02","2.313e-02",-4.23
"gga-mir-1571",-1.0965,-0.2543,-2.10616951728555,"5.683e-02","7.485e-02",-4.23
"MCEE",-0.6599,1.8977,-2.57156746257561,"2.441e-02","3.463e-02",-4.24
"LEMD2",0.2309,6.363,2.88209486366824,"1.373e-02","2.046e-02",-4.24
"ABRACL",0.3107,5.5994,2.8783548169984,"1.382e-02","2.058e-02",-4.25
"TBL3",0.2265,8.2654,2.91503832811118,"1.291e-02","1.933e-02",-4.26
"TBC1D4",-0.3088,5.091,-2.84940184569832,"1.459e-02","2.163e-02",-4.26
"MYCBP2",-0.4056,6.0776,-2.82228625915833,"1.534e-02","2.267e-02",-4.27
"SLC22A15",-0.6791,3.5529,-2.74210075382016,"1.781e-02","2.587e-02",-4.27
"SFXN1",-0.7489,7.0494,-2.89841503584502,"1.332e-02","1.989e-02",-4.27
"ECHDC1",-0.2803,3.9762,-2.80556865933098,"1.583e-02","2.329e-02",-4.27
"STK26",-0.1946,7.5439,-2.8915874275281,"1.349e-02","2.013e-02",-4.27
"ILK",0.1713,6.7761,2.87300398195522,"1.396e-02","2.076e-02",-4.27
"QSOX1",0.3856,8.8071,2.97966678026156,"1.145e-02","1.733e-02",-4.28
"KIAA1328",-0.2279,4.0216,-2.8188334233886,"1.544e-02","2.278e-02",-4.28
"BIVM",-0.1984,6.2781,-2.83617677773141,"1.495e-02","2.213e-02",-4.29
"GNAI1",0.5064,6.8474,2.86001115906677,"1.430e-02","2.123e-02",-4.29
"TECPR1",-0.3566,5.2195,-2.83818462751882,"1.490e-02","2.205e-02",-4.29
"CYGB",1.2753,1.2375,2.25741411728544,"4.333e-02","5.829e-02",-4.29
"UCHL3",0.2336,6.516,2.83894859041426,"1.488e-02","2.202e-02",-4.29
"SRSF6",-0.3156,9.0065,-2.90685459775295,"1.311e-02","1.961e-02",-4.29
"NMRK1",0.2899,4.3184,2.81858900477481,"1.545e-02","2.279e-02",-4.29
"CTH",-0.8629,8.3436,-2.93034638142824,"1.255e-02","1.883e-02",-4.29
"RNF26",0.201,5.6632,2.84961756242627,"1.458e-02","2.163e-02",-4.29
"COQ8A",-0.2474,7.846,-2.89819191109891,"1.332e-02","1.989e-02",-4.29
"FAM3B",1.5527,0.2065,2.14352726960958,"5.317e-02","7.032e-02",-4.29
"ADAMTSL5",-0.4956,1.5388,-2.45143497216986,"3.044e-02","4.233e-02",-4.29
"UNK",0.4026,3.6192,2.7893777701138,"1.631e-02","2.392e-02",-4.3
"KCNC1",-0.5928,2.6207,-2.5591358112297,"2.498e-02","3.534e-02",-4.3
"S100A10",-0.2448,6.9059,-2.89106089375361,"1.350e-02","2.014e-02",-4.31
"CASD1",0.2458,5.0695,2.81627450736179,"1.552e-02","2.288e-02",-4.31
"ARFIP1",-0.1865,5.8211,-2.79075937098293,"1.627e-02","2.387e-02",-4.32
"DAZAP1",0.232,8.5956,2.88307025683387,"1.370e-02","2.043e-02",-4.32
"DNAJC16",0.1686,6.2662,2.8212830599309,"1.537e-02","2.269e-02",-4.32
"CMC2",0.3874,4.6769,2.81478537934811,"1.556e-02","2.294e-02",-4.32
"TRAK1",-0.2306,6.7372,-2.83929990735512,"1.487e-02","2.201e-02",-4.32
"EPRS",-0.4521,8.6931,-2.87905822424234,"1.381e-02","2.056e-02",-4.32
"STARD4",-0.2132,5.2438,-2.80718660789415,"1.578e-02","2.323e-02",-4.32
"POC1B",-0.2309,5.5225,-2.8082637289042,"1.575e-02","2.319e-02",-4.32
"TRAPPC3",-0.1593,7.5166,-2.87268559029442,"1.397e-02","2.076e-02",-4.32
"AARSD1",-0.4881,4.825,-2.81165266244278,"1.565e-02","2.306e-02",-4.32
"TM9SF3",-0.2296,8.8657,-2.90538169227941,"1.315e-02","1.965e-02",-4.32
"PLA2G2E",0.461,2.415,2.56874204619895,"2.454e-02","3.480e-02",-4.32
"KIDINS220",-0.3789,7.5892,-2.84142723975759,"1.481e-02","2.193e-02",-4.33
"EIF3B",0.19,9.7288,2.9382897097911,"1.237e-02","1.857e-02",-4.33
"SPEN",0.3958,7.6118,2.8158338523639,"1.553e-02","2.290e-02",-4.33
"DHX8",0.1623,6.6149,2.8246626050436,"1.528e-02","2.258e-02",-4.33
"ARMC8",0.1966,6.0655,2.80078512754656,"1.597e-02","2.347e-02",-4.33
"TAX1BP3",0.1946,7.795,2.88354464481215,"1.369e-02","2.041e-02",-4.33
"PFDN4",0.242,6.4163,2.81329495778973,"1.560e-02","2.300e-02",-4.33
"ASB1",1.2923,0.5227,2.13523739263052,"5.396e-02","7.132e-02",-4.33
"ITGA6",0.2021,5.9231,2.80797859012237,"1.576e-02","2.320e-02",-4.33
"SMIM15",-0.1836,6.6052,-2.82163769634534,"1.536e-02","2.268e-02",-4.33
"SEMA3B",1.8428,0.5497,2.18595827718374,"4.928e-02","6.557e-02",-4.34
"TUBGCP3",0.2133,6.1988,2.80282354254467,"1.591e-02","2.339e-02",-4.34
"EPAS1",-0.2428,3.9356,-2.76966748881296,"1.692e-02","2.468e-02",-4.34
"RBPMS2",0.5972,2.5769,2.5948978586885,"2.338e-02","3.324e-02",-4.34
"PPP1R14C",0.5494,1.4613,2.38893308719975,"3.413e-02","4.703e-02",-4.34
"ELP6",-0.2162,6.1528,-2.83571771057094,"1.496e-02","2.214e-02",-4.35
"RPS25",-0.1973,7.8767,-2.91804234261339,"1.284e-02","1.923e-02",-4.35
"N4BP1",0.3155,6.2317,2.8210756325002,"1.538e-02","2.270e-02",-4.35
"TMCO3",0.1719,4.3802,2.79152378162424,"1.625e-02","2.384e-02",-4.35
"HLF",-0.1674,5.4079,-2.79909846429435,"1.602e-02","2.354e-02",-4.35
"WDHD1",0.2142,5.5367,2.78646109850215,"1.640e-02","2.403e-02",-4.35
"PTGES",0.9258,1.1692,2.28327601708193,"4.135e-02","5.589e-02",-4.35
"FAF1",-0.2161,5.8844,-2.80320608345927,"1.590e-02","2.338e-02",-4.35
"DSTYK",0.1987,4.6251,2.78936607881116,"1.631e-02","2.392e-02",-4.36
"VPS39",0.1856,5.0078,2.78900403165173,"1.632e-02","2.393e-02",-4.36
"TPR",-0.3542,7.723,-2.79701556966538,"1.608e-02","2.362e-02",-4.36
"LIMS2",-0.246,5.2706,-2.80162235803737,"1.594e-02","2.344e-02",-4.37
"GUCD1",-0.3952,4.1154,-2.72517326910549,"1.837e-02","2.662e-02",-4.37
"UBE4B",-0.3674,8.0718,-2.84340882827421,"1.475e-02","2.186e-02",-4.37
"ACMSD",-0.5462,3.4614,-2.65844562259594,"2.079e-02","2.982e-02",-4.37
"RCC2",-0.3059,9.1114,-2.90676012822894,"1.311e-02","1.961e-02",-4.37
"RBBP4",0.2327,9.4968,2.91559166308492,"1.290e-02","1.932e-02",-4.37
"TMEM30A",-0.2736,7.017,-2.82310679483144,"1.532e-02","2.264e-02",-4.37
"RPL7",-0.2227,10.868,-2.91083119060895,"1.301e-02","1.947e-02",-4.38
"RBM6",0.1981,6.056,2.78458312432109,"1.646e-02","2.411e-02",-4.38
"XPC",0.2607,5.5243,2.77725221029779,"1.668e-02","2.441e-02",-4.38
"SNORA71",0.5627,2.6191,2.50391110789109,"2.765e-02","3.877e-02",-4.38
"RUVBL1",0.1653,8.0779,2.82200836728979,"1.535e-02","2.268e-02",-4.38
"GPATCH1",0.2091,5.4297,2.76963351995346,"1.692e-02","2.468e-02",-4.38
"CDC16",0.2205,6.216,2.78385962414614,"1.648e-02","2.414e-02",-4.38
"CX3CL1",-1.2136,0.6957,-2.1305469036491,"5.441e-02","7.185e-02",-4.38
"ZSWIM8",0.2255,5.3731,2.76639294633588,"1.702e-02","2.482e-02",-4.39
"JAK1",-0.2711,7.6775,-2.82662425472211,"1.522e-02","2.250e-02",-4.39
"DCAF13",0.1282,8.3895,2.83374773504343,"1.502e-02","2.222e-02",-4.39
"HOXA7",0.1901,5.8814,2.78146652927325,"1.655e-02","2.425e-02",-4.39
"WDR44",0.1754,6.5935,2.77985696291562,"1.660e-02","2.431e-02",-4.39
"CCNG1",-0.2279,6.9436,-2.78846770528807,"1.634e-02","2.395e-02",-4.39
"TTPAL",-0.1793,5.9098,-2.76895356244213,"1.694e-02","2.471e-02",-4.39
"COG6",-0.2629,6.6907,-2.79204974641028,"1.623e-02","2.382e-02",-4.4
"ITPR1",0.2605,5.1611,2.75277748912274,"1.746e-02","2.541e-02",-4.4
"IL18",-0.3131,5.1556,-2.77888596345925,"1.663e-02","2.435e-02",-4.4
"gga-mir-1772",-1.1398,0.0943,-2.04410493598443,"6.344e-02","8.283e-02",-4.4
"CFAP97",-0.1873,4.8173,-2.76524986016229,"1.706e-02","2.487e-02",-4.4
"GPATCH2L",0.379,5.5177,2.77254053591088,"1.683e-02","2.459e-02",-4.41
"EEF1AKMT1",0.2451,5.3375,2.77602945530057,"1.672e-02","2.445e-02",-4.41
"HEXIM1",0.8228,9.152,2.89579946653559,"1.338e-02","1.998e-02",-4.41
"FEZ2",0.2001,5.2175,2.77181875988749,"1.685e-02","2.461e-02",-4.41
"UBAC1",0.1646,6.5601,2.77925719861571,"1.662e-02","2.434e-02",-4.41
"PLRG1",0.1621,6.8191,2.76598438451224,"1.703e-02","2.484e-02",-4.41
"TEK",0.2947,1.1268,2.42211194299879,"3.212e-02","4.448e-02",-4.42
"PUM1",-0.2169,7.4514,-2.78905415606675,"1.632e-02","2.393e-02",-4.42
"ZBED4",-0.2039,6.8536,-2.75939440733051,"1.724e-02","2.513e-02",-4.42
"THRA",0.286,6.0053,2.77613058668069,"1.672e-02","2.445e-02",-4.42
"PSMD7",0.167,8.915,2.88472374126326,"1.366e-02","2.037e-02",-4.42
"OPCML",-0.8757,2.2158,-2.34692280723443,"3.684e-02","5.041e-02",-4.43
"SOCS1",0.5308,3.9172,2.67331321122637,"2.023e-02","2.910e-02",-4.43
"MRPL22",0.2398,6.5732,2.76443707168355,"1.708e-02","2.490e-02",-4.43
"ONECUT1",0.4757,5.1091,2.76938545461954,"1.693e-02","2.469e-02",-4.43
"MFSD1",-0.1655,6.6003,-2.79364483373599,"1.618e-02","2.376e-02",-4.43
"AGO2",-0.4881,5.3496,-2.75126140009289,"1.751e-02","2.547e-02",-4.43
"RNF24",0.3388,4.0498,2.67917040892605,"2.001e-02","2.881e-02",-4.44
"MPP1",0.2081,6.4704,2.77107748467316,"1.687e-02","2.464e-02",-4.45
"FBXL22",-0.7612,1.53,-2.41274553114504,"3.268e-02","4.517e-02",-4.45
"SAP30L",0.3006,4.783,2.7457889891247,"1.768e-02","2.571e-02",-4.45
"PARP16",-0.267,4.7505,-2.73501999657023,"1.804e-02","2.619e-02",-4.45
"DDB2",0.211,5.3283,2.74279981709741,"1.778e-02","2.584e-02",-4.45
"RAB8B",-0.23,4.995,-2.74843996182696,"1.760e-02","2.559e-02",-4.46
"SMPD1",0.2324,7.4558,2.84394434326882,"1.474e-02","2.184e-02",-4.46
"PSMB2",-0.2631,8.3183,-2.80400138466003,"1.587e-02","2.335e-02",-4.46
"NECAP2",0.2342,5.9729,2.75431963092061,"1.741e-02","2.534e-02",-4.46
"STT3A",-0.3274,8.888,-2.85241871751086,"1.451e-02","2.152e-02",-4.47
"INPP4B",0.4866,2.7134,2.66631397727157,"2.049e-02","2.942e-02",-4.47
"CYSLTR1",-0.9987,1.8137,-2.36147646168345,"3.588e-02","4.925e-02",-4.47
"ELF1",0.2696,6.44,2.75535556932318,"1.737e-02","2.530e-02",-4.48
"WDPCP",-0.4799,2.7555,-2.57769372070226,"2.414e-02","3.426e-02",-4.48
"FEZ1",-0.3593,4.1408,-2.69741887329197,"1.934e-02","2.793e-02",-4.48
"ARID3B",0.3366,5.1823,2.72945156847733,"1.823e-02","2.644e-02",-4.49
"ADCY7",0.5872,1.3104,2.41890300234958,"3.231e-02","4.473e-02",-4.49
"CLNS1A",0.2092,7.58,2.77230444591673,"1.684e-02","2.459e-02",-4.49
"LSM5",0.2431,6.2545,2.72516997072477,"1.837e-02","2.662e-02",-4.49
"CENPI",0.2194,6.088,2.71446808528339,"1.874e-02","2.711e-02",-4.5
"FAM32A",0.461,5.813,2.75088366639053,"1.752e-02","2.549e-02",-4.5
"FAAH2",0.1616,6.8381,2.74055670429185,"1.786e-02","2.594e-02",-4.5
"REV1",0.1573,5.0109,2.70067743890905,"1.923e-02","2.779e-02",-4.5
"ARL11",-0.186,3.1293,-2.59521810872061,"2.337e-02","3.323e-02",-4.51
"RPL22L1",0.2569,6.0531,2.73180468463416,"1.815e-02","2.632e-02",-4.51
"SLIT1",-0.2982,2.9176,-2.66737445679163,"2.045e-02","2.937e-02",-4.51
"IRF2BP2",-0.453,6.8301,-2.80692326633875,"1.579e-02","2.323e-02",-4.51
"TFG",0.1461,7.7233,2.77548358764326,"1.674e-02","2.447e-02",-4.51
"MTERF3",0.155,6.7302,2.7394740277363,"1.789e-02","2.598e-02",-4.52
"RPN2",-0.3827,9.0401,-2.81298847866473,"1.561e-02","2.301e-02",-4.52
"LCMT1",0.2837,7.1565,2.74652669561139,"1.766e-02","2.568e-02",-4.52
"LRPPRC",-0.4135,8.9389,-2.75662914160969,"1.733e-02","2.525e-02",-4.52
"CDC40",0.1709,6.1557,2.72709596071199,"1.831e-02","2.654e-02",-4.52
"EPC1",0.2335,6.7617,2.72932635625859,"1.823e-02","2.644e-02",-4.52
"MST1R",0.4705,4.0851,2.66201369286602,"2.065e-02","2.963e-02",-4.53
"ADSL",-0.5453,7.8978,-2.77347876525098,"1.680e-02","2.455e-02",-4.53
"DGKE",0.3365,4.5049,2.69257885774463,"1.952e-02","2.815e-02",-4.53
"ARMC2",0.3585,2.4196,2.54838522349695,"2.548e-02","3.600e-02",-4.53
"DDX41",0.1499,6.1262,2.69219341349767,"1.953e-02","2.816e-02",-4.53
"MRPS5",0.1806,7.1757,2.72196355342818,"1.848e-02","2.676e-02",-4.53
"BTAF1",-0.2478,6.2057,-2.68696776685107,"1.972e-02","2.841e-02",-4.54
"NECAP1",-0.2331,7.6582,-2.74955566716726,"1.756e-02","2.555e-02",-4.54
"FBXL12",0.6754,6.2028,2.76971434552487,"1.692e-02","2.468e-02",-4.54
"FBXL7",0.3099,3.5201,2.58258151544885,"2.392e-02","3.398e-02",-4.54
"TERF1",0.209,7.4855,2.69682197291843,"1.937e-02","2.795e-02",-4.54
"gga-mir-6550",0.9099,-0.1315,1.92208955062891,"7.856e-02","1.010e-01",-4.54
"CSK",0.1941,7.4165,2.75396791348495,"1.742e-02","2.536e-02",-4.54
"NELFCD",0.1606,6.5488,2.69870524632441,"1.930e-02","2.787e-02",-4.55
"LMO4",0.2386,7.1022,2.7399277907269,"1.788e-02","2.597e-02",-4.55
"TRAPPC5",-0.2566,5.9057,-2.73685946245643,"1.798e-02","2.610e-02",-4.55
"BTD",0.1767,5.5175,2.69980575771935,"1.926e-02","2.782e-02",-4.55
"HKDC1",-0.501,0.0702,-1.97789028449067,"7.127e-02","9.230e-02",-4.55
"MAT2B",-0.339,7.1657,-2.72712027787702,"1.831e-02","2.654e-02",-4.55
"C1QBP",0.1612,9.9834,2.82087864611536,"1.538e-02","2.270e-02",-4.56
"URM1",0.2387,5.6796,2.68732420994972,"1.971e-02","2.840e-02",-4.56
"ZNF827",-0.3328,5.5326,-2.67157413697969,"2.029e-02","2.918e-02",-4.56
"DCAF10",0.2359,5.8007,2.70202678098282,"1.918e-02","2.772e-02",-4.56
"WDR90",-0.1638,6.1004,-2.69057659952783,"1.959e-02","2.824e-02",-4.56
"ZNF451",0.1896,6.1317,2.67734331645907,"2.008e-02","2.890e-02",-4.56
"CNN2",0.2238,3.6903,2.65520690974838,"2.092e-02","2.998e-02",-4.56
"CFAP20",0.1988,6.9818,2.7248964993724,"1.838e-02","2.663e-02",-4.57
"gga-mir-6573",-0.948,2.0267,-2.23943499878877,"4.476e-02","6.008e-02",-4.57
"gga-mir-6650",0.6622,1.3774,2.18649980423928,"4.923e-02","6.551e-02",-4.57
"HSPA8",0.267,11.0311,2.80225945511905,"1.592e-02","2.341e-02",-4.57
"DDX46",-0.1834,7.1654,-2.67481928478778,"2.017e-02","2.903e-02",-4.57
"FBXL4",0.4503,4.4668,2.6638703198767,"2.058e-02","2.953e-02",-4.57
"ANAPC10",-0.2415,4.61,-2.67068250687263,"2.033e-02","2.922e-02",-4.57
"CHADL",-0.2134,4.9836,-2.66905319951736,"2.039e-02","2.930e-02",-4.58
"ZBTB14",-0.2353,4.5368,-2.66476654358143,"2.055e-02","2.949e-02",-4.58
"MPV17",-0.2492,4.5626,-2.66673113015893,"2.047e-02","2.940e-02",-4.58
"STK24",-0.2002,5.3553,-2.66950877146061,"2.037e-02","2.928e-02",-4.58
"PMM2",-0.3355,7.1402,-2.72487724474327,"1.838e-02","2.663e-02",-4.58
"AP3S2",0.1722,5.743,2.69275853447558,"1.951e-02","2.815e-02",-4.58
"CHAC1",-1.5125,5.6727,-2.67320417727885,"2.023e-02","2.910e-02",-4.58
"UHRF1BP1L",-0.2012,5.7717,-2.6521290014821,"2.104e-02","3.014e-02",-4.59
"TRIM23",-0.1623,3.8319,-2.6460984350268,"2.127e-02","3.047e-02",-4.59
"RAB31",0.3731,6.5263,2.71443949459783,"1.874e-02","2.711e-02",-4.59
"CLCN2",0.7637,0.6098,2.09072193518061,"5.841e-02","7.678e-02",-4.59
"APH1A",0.2064,6.7288,2.74289063376457,"1.778e-02","2.584e-02",-4.59
"PDSS1",-0.1648,7.0207,-2.72410095994882,"1.841e-02","2.666e-02",-4.59
"MOB3A",0.3482,6.767,2.69478053746069,"1.944e-02","2.805e-02",-4.59
"NUBP1",0.2223,6.9091,2.7333720974544,"1.810e-02","2.626e-02",-4.6
"ERLEC1",0.2912,7.3856,2.73706026038677,"1.797e-02","2.610e-02",-4.6
"PTBP3",-0.3012,4.0127,-2.57860979369171,"2.410e-02","3.421e-02",-4.6
"DPH5",-0.2089,4.8916,-2.6526284969171,"2.102e-02","3.011e-02",-4.61
"MIA3",-0.1528,6.4745,-2.6532235405186,"2.099e-02","3.009e-02",-4.61
"SMIM3",-0.5408,0.8125,-2.14099404937292,"5.341e-02","7.061e-02",-4.61
"LCMT2",-0.1772,5.9016,-2.65785365892802,"2.081e-02","2.984e-02",-4.61
"CSF3R",-0.4721,1.1818,-2.2654814333119,"4.270e-02","5.751e-02",-4.62
"C9orf116",-0.4076,2.9927,-2.45610207123938,"3.018e-02","4.204e-02",-4.62
"SF3A3",0.1623,7.4472,2.67965066646897,"1.999e-02","2.879e-02",-4.62
"NEK7",-0.1861,6.1047,-2.66962262061849,"2.037e-02","2.928e-02",-4.62
"TTLL12",0.1579,7.4685,2.69228896415029,"1.953e-02","2.816e-02",-4.62
"RNF11",0.1707,6.329,2.6894046506032,"1.963e-02","2.830e-02",-4.62
"GLI1",0.3214,3.9364,2.63078729408883,"2.188e-02","3.128e-02",-4.62
"RTCB",-0.1739,8.2592,-2.71756427249699,"1.864e-02","2.696e-02",-4.62
"RECQL5",-0.2843,3.6486,-2.60568956646598,"2.292e-02","3.268e-02",-4.62
"EIF2B3",0.1819,5.8448,2.6312367082906,"2.186e-02","3.125e-02",-4.63
"MTFR2",-0.1933,5.5683,-2.64397762498103,"2.136e-02","3.057e-02",-4.64
"RANGAP1",0.2063,7.5662,2.67772807884076,"2.006e-02","2.888e-02",-4.64
"SFPQ",0.1374,8.4885,2.69933453463131,"1.928e-02","2.784e-02",-4.64
"RPS17",-0.2209,8.6484,-2.70391300483462,"1.911e-02","2.763e-02",-4.64
"WDR20",0.2942,5.625,2.63858312526875,"2.157e-02","3.086e-02",-4.64
"MGAT5B",-1.2263,1.1711,-2.0664691140073,"6.098e-02","7.983e-02",-4.64
"PIKFYVE",-0.3888,5.4326,-2.62408777666084,"2.215e-02","3.164e-02",-4.65
"TMTC1",0.4678,3.7678,2.59969060659208,"2.318e-02","3.300e-02",-4.65
"NPRL2",0.1629,5.548,2.6380301440882,"2.159e-02","3.089e-02",-4.65
"MRPL51",0.205,6.7418,2.65661329424807,"2.086e-02","2.991e-02",-4.65
"CSTF1",0.1481,7.4494,2.66847185812709,"2.041e-02","2.932e-02",-4.65
"ZNF367",0.2958,4.5101,2.62565825835333,"2.209e-02","3.156e-02",-4.65
"DCTN3",-0.1868,6.1279,-2.6377284296326,"2.160e-02","3.090e-02",-4.66
"BRCC3",0.2439,5.8428,2.64029067741939,"2.150e-02","3.077e-02",-4.66
"NTN4",1.3426,0.4067,1.90928384987316,"8.032e-02","1.031e-01",-4.67
"AGTRAP",-0.2148,6.7614,-2.70708147083723,"1.900e-02","2.747e-02",-4.67
"gga-mir-1583",-0.5031,-0.9122,-1.83748464986776,"9.092e-02","1.153e-01",-4.67
"DMB2",-1.1576,0.9731,-1.97760848301365,"7.131e-02","9.232e-02",-4.67
"TOR1AIP2",-0.2314,5.5393,-2.62101857416699,"2.228e-02","3.181e-02",-4.68
"XYLT1",0.3902,5.2182,2.6086828701349,"2.279e-02","3.251e-02",-4.68
"SLC35E1",0.1698,6.9666,2.64534159008247,"2.130e-02","3.051e-02",-4.69
"CHD9",0.3901,6.7084,2.59650623677235,"2.331e-02","3.316e-02",-4.69
"BLVRA",0.7989,0.1543,1.88443008193465,"8.386e-02","1.070e-01",-4.7
"DPCD",-0.3929,4.2999,-2.58806064321038,"2.368e-02","3.364e-02",-4.7
"PXK",0.2751,4.6134,2.60218895602403,"2.307e-02","3.286e-02",-4.7
"EPB41L5",0.2319,4.7039,2.60345335973524,"2.302e-02","3.280e-02",-4.7
"AARS2",0.2103,4.9988,2.60064478364087,"2.314e-02","3.294e-02",-4.7
"PUF60",0.5163,3.1827,2.35294059379434,"3.644e-02","4.990e-02",-4.71
"ARV1",0.1624,4.7547,2.59864936094241,"2.322e-02","3.305e-02",-4.71
"WDR86",-0.6493,1.9125,-2.20812973912811,"4.736e-02","6.327e-02",-4.71
"ZNF277",0.2034,6.1144,2.61659959231718,"2.246e-02","3.205e-02",-4.71
"NIPAL1",-0.5651,2.129,-2.18063049416336,"4.975e-02","6.611e-02",-4.71
"SNF8",-0.222,6.7581,-2.64492676968973,"2.132e-02","3.053e-02",-4.72
"STT3B",-0.247,8.8552,-2.67804101859787,"2.005e-02","2.887e-02",-4.72
"CD151",0.14,6.998,2.62658076861412,"2.205e-02","3.151e-02",-4.72
"C3orf38",0.2613,5.4034,2.59655754622074,"2.331e-02","3.316e-02",-4.72
"CALHM2",0.5986,1.1924,2.24481321170697,"4.433e-02","5.952e-02",-4.73
"PAK2",0.2294,7.5953,2.60177203394656,"2.309e-02","3.288e-02",-4.73
"FABP3",-0.3687,2.3355,-2.32190772544274,"3.856e-02","5.252e-02",-4.73
"SLC4A1",-0.2325,1.3319,-2.3101061143265,"3.939e-02","5.353e-02",-4.73
"SCARNA8",-0.3713,1.4115,-2.07001372855925,"6.060e-02","7.937e-02",-4.73
"SLC27A6",-0.9314,0.0379,-1.81689410996983,"9.418e-02","1.191e-01",-4.73
"ITM2C",0.3305,3.8287,2.49699718277549,"2.800e-02","3.922e-02",-4.73
"CPNE4",0.919,1.9584,2.26628302633379,"4.264e-02","5.745e-02",-4.73
"GPR83",0.5976,1.2781,2.19971068252519,"4.808e-02","6.412e-02",-4.74
"LONP1",0.2347,8.3284,2.6353797188123,"2.170e-02","3.103e-02",-4.76
"TRIM3",0.1465,6.6948,2.62507496027791,"2.211e-02","3.159e-02",-4.76
"MAP3K1",-0.2711,4.7807,-2.56563822461221,"2.468e-02","3.499e-02",-4.76
"CYLD",0.3024,5.6063,2.57431324210491,"2.429e-02","3.447e-02",-4.76
"ANXA11",-0.1843,7.143,-2.60819769253498,"2.281e-02","3.254e-02",-4.76
"SRSF10",0.1725,8.0591,2.63016140834486,"2.191e-02","3.131e-02",-4.76
"ALDH5A1",-0.2289,7.7485,-2.63342601079132,"2.178e-02","3.113e-02",-4.76
"ANKS6",0.2177,4.374,2.56015420983739,"2.493e-02","3.530e-02",-4.77
"ICE2",0.1991,4.0749,2.55438368049433,"2.520e-02","3.564e-02",-4.77
"C4orf46",0.2734,1.1899,2.27477299329444,"4.199e-02","5.667e-02",-4.77
"MFSD14A",0.1523,7.2892,2.60252827129638,"2.305e-02","3.285e-02",-4.77
"ADAM33",0.5624,1.1995,2.20633421720321,"4.751e-02","6.344e-02",-4.77
"ANAPC7",0.1852,6.8266,2.59381148729419,"2.343e-02","3.330e-02",-4.77
"EREG",-0.8543,2.2887,-2.24866565675645,"4.402e-02","5.913e-02",-4.77
"LRRC71",0.6581,2.2635,2.27031269682841,"4.233e-02","5.708e-02",-4.77
"SPARC",1.004,1.648,2.03472786484624,"6.450e-02","8.410e-02",-4.77
"ANGPTL2",0.3289,1.9744,2.28005830754046,"4.159e-02","5.618e-02",-4.77
"DENND1B",0.3192,4.5235,2.55969143098015,"2.495e-02","3.532e-02",-4.77
"RSRC2",0.2097,6.9089,2.56085601983969,"2.490e-02","3.527e-02",-4.78
"MNAT1",0.2507,6.5615,2.58834979726578,"2.367e-02","3.363e-02",-4.78
"BIRC6",-0.3834,6.9442,-2.54759873250602,"2.551e-02","3.603e-02",-4.78
"CARMIL2",-0.2062,2.7626,-2.41799631158432,"3.236e-02","4.480e-02",-4.78
"NAA15",0.2576,8.2532,2.59770754359596,"2.326e-02","3.310e-02",-4.78
"ANKIB1",0.2711,6.5557,2.56037150283295,"2.492e-02","3.529e-02",-4.78
"CEP170",0.2215,5.5118,2.53569023783664,"2.608e-02","3.674e-02",-4.78
"CMC4",-0.2185,4.2314,-2.52668011377631,"2.651e-02","3.731e-02",-4.79
"TGFBRAP1",0.2898,4.5228,2.54867369590317,"2.546e-02","3.599e-02",-4.79
"TMEM200A",0.2574,4.8603,2.56131803796948,"2.488e-02","3.525e-02",-4.79
"NEK9",0.236,8.1069,2.59429114314946,"2.341e-02","3.328e-02",-4.79
"ZDHHC21",-0.1714,4.6213,-2.54109746775675,"2.582e-02","3.643e-02",-4.79
"ACSS1",0.3063,3.9208,2.47151337477933,"2.934e-02","4.094e-02",-4.79
"DRG2",0.15,6.9172,2.54973228681713,"2.541e-02","3.592e-02",-4.79
"SNRK",0.2284,5.6727,2.54765190570731,"2.551e-02","3.603e-02",-4.79
"TADA2A",-0.1526,4.4314,-2.53865068332536,"2.594e-02","3.656e-02",-4.8
"UHMK1",0.3423,8.8382,2.64157679293398,"2.145e-02","3.070e-02",-4.8
"RPL36",-0.1844,7.9695,-2.59713344985442,"2.329e-02","3.313e-02",-4.8
"VEPH1",-1.0869,0.473,-1.83763603497945,"9.089e-02","1.152e-01",-4.8
"gga-mir-1800",1.0129,0.8188,1.88151512099477,"8.428e-02","1.075e-01",-4.8
"MRC2",1.144,1.2568,2.02633989135628,"6.546e-02","8.526e-02",-4.8
"GPC1",0.1624,7.2751,2.55948446314569,"2.496e-02","3.533e-02",-4.8
"PACRGL",-0.3332,1.9123,-2.25837294934055,"4.326e-02","5.820e-02",-4.8
"FAM199X",0.2945,5.5644,2.54682547244692,"2.555e-02","3.607e-02",-4.81
"ARPC2",-0.2133,8.2621,-2.66566880484864,"2.052e-02","2.945e-02",-4.81
"VOPP1",0.2883,6.2874,2.57378274650913,"2.431e-02","3.449e-02",-4.81
"AREL1",-0.171,6.2116,-2.56039249799773,"2.492e-02","3.529e-02",-4.81
"UBE2D1",-0.201,5.7421,-2.54088863518392,"2.583e-02","3.643e-02",-4.82
"PPP6C",0.173,6.7524,2.58080151430532,"2.400e-02","3.409e-02",-4.82
"BTBD9",-0.3168,6.2467,-2.5388025044231,"2.593e-02","3.656e-02",-4.82
"ATG10",0.2424,5.4317,2.53692805850097,"2.602e-02","3.666e-02",-4.83
"NTHL1",0.2133,6.3798,2.563269687039,"2.479e-02","3.513e-02",-4.83
"GPN1",0.1547,6.9367,2.55958267447815,"2.496e-02","3.533e-02",-4.83
"DCTN1",-0.1952,7.2138,-2.53913422386931,"2.591e-02","3.654e-02",-4.83
"SRR",0.3601,4.0592,2.4142733210138,"3.258e-02","4.508e-02",-4.83
"LMAN2",-0.2595,8.0257,-2.61874817826871,"2.237e-02","3.193e-02",-4.84
"RBM26",0.1644,6.6255,2.52603542156198,"2.655e-02","3.735e-02",-4.84
"LRRC23",0.4667,1.6182,2.10197822055816,"5.725e-02","7.537e-02",-4.84
"ARCN1",-0.2082,8.6001,-2.62353383064919,"2.218e-02","3.167e-02",-4.84
"ZNF512",0.1731,6.8883,2.5558863765442,"2.513e-02","3.554e-02",-4.84
"GJD4",-0.652,2.1316,-2.16702835606488,"5.098e-02","6.764e-02",-4.84
"OTOP1",-1.181,1.4987,-1.95059380700154,"7.476e-02","9.641e-02",-4.84
"DPYSL3",0.1897,6.7582,2.54517336174142,"2.563e-02","3.618e-02",-4.84
"PFDN1",-0.251,5.2095,-2.51078046853013,"2.730e-02","3.833e-02",-4.85
"LRTOMT",0.7117,1.3131,2.16838033577312,"5.086e-02","6.750e-02",-4.85
"EME2",0.2347,4.0574,2.47771891969319,"2.901e-02","4.049e-02",-4.85
"TMEM260",-0.2216,5.6255,-2.53955041997996,"2.589e-02","3.652e-02",-4.85
"OGDH",-0.2976,7.4208,-2.54495298005829,"2.564e-02","3.619e-02",-4.85
"RPL30",-0.2171,8.7958,-2.59935992910845,"2.319e-02","3.301e-02",-4.85
"RIPPLY2",0.8001,0.9209,1.95658247943287,"7.398e-02","9.551e-02",-4.86
"LUC7L3",0.2155,8.0118,2.55047205999893,"2.538e-02","3.588e-02",-4.86
"CEP78",0.194,5.1191,2.51340231702747,"2.717e-02","3.816e-02",-4.86
"GLCE",0.2598,5.6762,2.52549005842933,"2.657e-02","3.738e-02",-4.86
"BRF1",0.22,5.9116,2.51718580030873,"2.698e-02","3.792e-02",-4.86
"MPHOSPH6",0.3757,6.767,2.51087458312766,"2.730e-02","3.833e-02",-4.86
"CADPS2",0.2427,3.3727,2.40520142849625,"3.313e-02","4.575e-02",-4.86
"GPRC5B",0.2631,3.6823,2.43375889536255,"3.144e-02","4.361e-02",-4.87
"NBEAL2",-0.2394,6.2624,-2.54834695095111,"2.548e-02","3.600e-02",-4.87
"C12orf29",-0.1889,5.1474,-2.49467631577848,"2.812e-02","3.938e-02",-4.87
"EPB41L4A",0.4833,2.4515,2.23711890419461,"4.495e-02","6.031e-02",-4.87
"LSM10",0.5678,3.5273,2.3609697674167,"3.591e-02","4.928e-02",-4.87
"ANKRD24",0.3578,2.4798,2.32080855031811,"3.863e-02","5.261e-02",-4.87
"API5",-0.1983,8.135,-2.56848022918871,"2.455e-02","3.482e-02",-4.88
"SCARNA7",0.7034,1.5403,2.28586858912064,"4.116e-02","5.568e-02",-4.88
"ARMC1",-0.1926,7.2258,-2.51530220562486,"2.707e-02","3.804e-02",-4.88
"PAQR7",0.2942,2.9518,2.32633340926745,"3.825e-02","5.215e-02",-4.89
"LAMC1",-0.1695,8.9581,-2.60577182044003,"2.292e-02","3.268e-02",-4.89
"BRWD1",0.3019,6.5322,2.48295244922058,"2.873e-02","4.015e-02",-4.89
"YARS",0.3278,8.1038,2.53523766554304,"2.610e-02","3.676e-02",-4.9
"DVL1",0.1435,5.998,2.50304347806095,"2.769e-02","3.882e-02",-4.9
"TBCD",-0.272,4.8451,-2.49242186882343,"2.824e-02","3.953e-02",-4.9
"SNRPC",-0.2041,7.4049,-2.50952837875195,"2.736e-02","3.840e-02",-4.9
"ARHGEF10",0.2274,4.9929,2.48524161646366,"2.861e-02","4.000e-02",-4.9
"RPL15",-0.2247,9.9795,-2.61759149775554,"2.242e-02","3.199e-02",-4.9
"PNPLA8",0.2964,5.8616,2.4911363962161,"2.830e-02","3.961e-02",-4.9
"DZIP1",0.1895,5.4962,2.49582795793182,"2.806e-02","3.930e-02",-4.91
"PDAP1",0.1192,8.6343,2.62004927340241,"2.232e-02","3.186e-02",-4.91
"RREB1",-0.2352,6.1741,-2.48806540664917,"2.846e-02","3.980e-02",-4.91
"BAK1",0.232,7.3249,2.52763016053685,"2.647e-02","3.725e-02",-4.91
"SOS2",-0.1585,7.0976,-2.49034559679945,"2.835e-02","3.965e-02",-4.91
"SPDL1",0.2121,6.2369,2.48983746347433,"2.837e-02","3.968e-02",-4.91
"PDE6D",-0.2959,6.1019,-2.52797937449263,"2.645e-02","3.724e-02",-4.91
"DNAJB14",0.1701,6.6429,2.50087409833508,"2.780e-02","3.897e-02",-4.91
"KIAA1143",0.1933,7.3346,2.53429386047057,"2.615e-02","3.682e-02",-4.91
"SLC9A8",-0.1528,7.6923,-2.52245230718363,"2.672e-02","3.758e-02",-4.92
"TBRG4",0.1436,8.2542,2.56259366671736,"2.482e-02","3.517e-02",-4.92
"ETV3",0.2448,7.1116,2.5084315427603,"2.742e-02","3.848e-02",-4.93
"DACH1",0.5527,1.395,1.98076487980594,"7.091e-02","9.188e-02",-4.93
"GLRX",-1.2245,0.0924,-1.6945785022927,"1.158e-01","1.436e-01",-4.93
"EIF2D",-0.1872,6.2857,-2.47807065523199,"2.899e-02","4.048e-02",-4.93
"VWC2L",0.3079,1.8704,2.2107405487527,"4.713e-02","6.301e-02",-4.93
"SIAH1",0.2314,6.0728,2.49036846014659,"2.834e-02","3.965e-02",-4.93
"DIEXF",0.1383,6.5241,2.47779830089258,"2.901e-02","4.049e-02",-4.94
"PLEKHN1",0.9906,-0.2474,1.63078040006461,"1.288e-01","1.580e-01",-4.94
"MTHFR",-0.3065,6.374,-2.50775115155108,"2.745e-02","3.852e-02",-4.94
"PRDM2",0.3071,6.5787,2.47112008925284,"2.936e-02","4.096e-02",-4.94
"ZNF692",0.2014,4.6797,2.46186576234917,"2.987e-02","4.163e-02",-4.94
"MYLK3",0.2918,3.5489,2.40030598842244,"3.343e-02","4.612e-02",-4.95
"NMNAT3",-0.7629,0.8958,-1.84858621853421,"8.920e-02","1.133e-01",-4.95
"LARP4",-0.1468,8.3632,-2.50068749093589,"2.781e-02","3.898e-02",-4.95
"ZNF236",0.3072,5.9709,2.45455373108102,"3.027e-02","4.215e-02",-4.95
"TLN1",0.1331,7.2249,2.45954660317094,"2.999e-02","4.180e-02",-4.95
"AMPH",0.6528,1.7254,2.06543260964002,"6.109e-02","7.994e-02",-4.95
"gga-mir-1751",-1.2046,-0.3454,-1.63207368211146,"1.285e-01","1.577e-01",-4.95
"STK31",-0.3928,3.2576,-2.41436871534186,"3.258e-02","4.508e-02",-4.95
"SLC30A8",1.0413,-0.321,1.63629707166052,"1.276e-01","1.568e-01",-4.96
"EIF5",-0.148,9.0095,-2.53705045650693,"2.601e-02","3.666e-02",-4.96
"GDE1",0.3054,5.5149,2.48380357711939,"2.869e-02","4.010e-02",-4.96
"STMN3",0.8348,0.6054,1.77676279142392,"1.008e-01","1.268e-01",-4.96
"LCK",0.8805,2.9745,2.14937784876626,"5.261e-02","6.964e-02",-4.96
"PCDH12",0.7068,-0.121,1.64234164130074,"1.263e-01","1.554e-01",-4.96
"ACOT8",0.2288,6.8457,2.52363419380079,"2.666e-02","3.750e-02",-4.96
"MEST",-0.1973,4.4974,-2.44874986886389,"3.059e-02","4.253e-02",-4.96
"CHRNA9",-1.1702,-0.4003,-1.61498673764999,"1.322e-01","1.618e-01",-4.97
"IPO7",0.1866,8.9725,2.54242921112789,"2.576e-02","3.634e-02",-4.97
"RAB17",-0.8758,-0.6908,-1.56809138631626,"1.427e-01","1.733e-01",-4.97
"GALNT3",-0.6302,1.9982,-2.23188479856052,"4.537e-02","6.085e-02",-4.97
"ZNF143",0.1956,6.2726,2.46603519779848,"2.964e-02","4.134e-02",-4.97
"ERP44",-0.2354,8.9731,-2.57566954763998,"2.423e-02","3.439e-02",-4.97
"AGMO",-0.9314,0.3167,-1.73375450731756,"1.085e-01","1.354e-01",-4.97
"LANCL3",-0.306,4.3902,-2.44021972038847,"3.107e-02","4.316e-02",-4.98
"NUP88",0.1499,7.8465,2.51391617506683,"2.714e-02","3.813e-02",-4.98
"FBXO3",-0.2081,6.8184,-2.46530177952047,"2.968e-02","4.138e-02",-4.98
"ARL15",-0.245,4.7376,-2.43967806022319,"3.110e-02","4.319e-02",-4.98
"FANCD2",0.2166,6.5987,2.44253485580197,"3.094e-02","4.299e-02",-4.98
"FKBP6",1.1629,0.1464,1.70974431010635,"1.129e-01","1.404e-01",-4.99
"ATP5G3",-0.2555,7.9187,-2.5042996110325,"2.763e-02","3.875e-02",-4.99
"FUNDC2",0.169,7.2422,2.52927800718785,"2.639e-02","3.715e-02",-4.99
"HMBS",0.1712,6.2849,2.4515736650068,"3.043e-02","4.233e-02",-4.99
"NADK2",0.2352,5.9056,2.4522525475192,"3.040e-02","4.229e-02",-5
"TRIM24",0.1322,5.341,2.43150348835446,"3.157e-02","4.379e-02",-5
"ACTR3",-0.1498,8.4978,-2.53543856533331,"2.609e-02","3.675e-02",-5
"DHX38",0.1574,8.061,2.48405411894967,"2.867e-02","4.008e-02",-5
"FZD1",0.1585,5.8966,2.45185733881715,"3.042e-02","4.231e-02",-5
"TM7SF3",-0.4045,4.9152,-2.44145333823832,"3.100e-02","4.307e-02",-5
"SPATA2",0.2174,6.3001,2.45344383991758,"3.033e-02","4.222e-02",-5
"TRAPPC4",-0.1572,6.4527,-2.49772668044053,"2.796e-02","3.917e-02",-5.01
"CALCRL",0.2406,2.9447,2.33870525236473,"3.740e-02","5.110e-02",-5.01
"FILIP1",0.3755,1.8217,2.24477615226881,"4.433e-02","5.952e-02",-5.01
"MDFIC",0.1442,6.3552,2.43142010405338,"3.158e-02","4.379e-02",-5.01
"PM20D1",-0.2868,6.1902,-2.46216915719752,"2.985e-02","4.162e-02",-5.02
"CAST",-0.2045,4.6582,-2.42454949644265,"3.198e-02","4.430e-02",-5.02
"NRDC",-0.3031,7.1352,-2.44397584442457,"3.086e-02","4.288e-02",-5.02
"PPIL1",0.2673,6.5524,2.46032696583736,"2.995e-02","4.174e-02",-5.02
"EDNRB",-0.2869,4.4758,-2.37877748906114,"3.477e-02","4.783e-02",-5.02
"SNORD19",0.6993,0.3115,1.67159563854288,"1.204e-01","1.487e-01",-5.02
"TRABD2B",-0.4014,1.0259,-1.97057840995976,"7.219e-02","9.330e-02",-5.02
"AP3M1",-0.2354,7.4455,-2.47810856693349,"2.899e-02","4.048e-02",-5.02
"TKT",-0.3587,9.092,-2.54444195392311,"2.566e-02","3.621e-02",-5.02
"TEKT5",-0.9169,1.011,-1.77025523146591,"1.020e-01","1.280e-01",-5.02
"ENTPD3",0.5534,1.0763,2.0125293025077,"6.707e-02","8.718e-02",-5.02
"GPI",0.1541,9.265,2.51893240443509,"2.689e-02","3.781e-02",-5.03
"STAM",0.2853,5.2917,2.43573943765429,"3.133e-02","4.346e-02",-5.03
"USP47",0.1615,6.527,2.41120587143669,"3.277e-02","4.529e-02",-5.03
"GMPPB",0.1922,6.1882,2.46545382702963,"2.967e-02","4.138e-02",-5.03
"NEXN",-0.2296,3.4654,-2.26608863015106,"4.266e-02","5.746e-02",-5.03
"MAP2K4",0.1714,4.6796,2.41379794747818,"3.261e-02","4.510e-02",-5.04
"RHOA",-0.4199,9.0179,-2.47702929183202,"2.905e-02","4.054e-02",-5.04
"TBC1D8B",0.1604,5.2614,2.41386381747938,"3.261e-02","4.510e-02",-5.04
"EYA3",0.1731,6.8348,2.41697820792501,"3.242e-02","4.488e-02",-5.04
"TXNDC9",0.1837,6.8465,2.43870511631034,"3.116e-02","4.324e-02",-5.04
"RPS16",-0.257,10.0625,-2.54768170222294,"2.551e-02","3.603e-02",-5.04
"SNORD39",-0.3035,2.6227,-2.06180542055394,"6.148e-02","8.042e-02",-5.04
"MSH2",0.203,7.617,2.45404981565672,"3.030e-02","4.218e-02",-5.05
"MTERF2",0.2296,4.2044,2.39110648863276,"3.399e-02","4.686e-02",-5.05
"P4HA1",-0.165,7.6273,-2.45447666037328,"3.027e-02","4.215e-02",-5.05
"NUDT1",0.2557,7.4987,2.4980072623254,"2.795e-02","3.916e-02",-5.05
"SLC45A4",0.4395,4.9926,2.40797094494941,"3.296e-02","4.553e-02",-5.05
"IRF9",0.1367,5.513,2.41089834553099,"3.279e-02","4.531e-02",-5.05
"CANX",-0.2377,9.4289,-2.51687155919923,"2.700e-02","3.793e-02",-5.05
"EARS2",0.2316,5.3637,2.40982483637021,"3.285e-02","4.539e-02",-5.05
"NHS",-0.3051,4.1938,-2.38609405689919,"3.430e-02","4.724e-02",-5.05
"KIF24",0.2415,3.3311,2.3803902554381,"3.466e-02","4.770e-02",-5.06
"EDEM3",-0.2429,7.4728,-2.45239860407755,"3.039e-02","4.229e-02",-5.06
"ST3GAL4",0.5305,1.5577,2.01195223077012,"6.714e-02","8.725e-02",-5.06
"TST",-0.1941,7.9436,-2.51732437468354,"2.697e-02","3.792e-02",-5.06
"ALAD",-0.1442,7.0701,-2.44404328484635,"3.086e-02","4.288e-02",-5.07
"SRP14",0.379,7.9824,2.50370647918605,"2.766e-02","3.878e-02",-5.07
"SH2D4A",-0.7921,1.9481,-1.89436191324486,"8.243e-02","1.054e-01",-5.07
"AP5S1",-0.2998,4.386,-2.32172321230653,"3.857e-02","5.253e-02",-5.07
"LYRM1",-0.1705,5.8964,-2.40714234169248,"3.301e-02","4.559e-02",-5.07
"TIPARP",-0.4185,7.1969,-2.436749371395,"3.127e-02","4.339e-02",-5.07
"AHCTF1",-0.2081,7.1031,-2.38121829770883,"3.461e-02","4.764e-02",-5.08
"UBP1",0.1731,8.9381,2.50496105766069,"2.759e-02","3.871e-02",-5.08
"EPN3",-0.1559,7.403,-2.43908459305431,"3.114e-02","4.323e-02",-5.08
"LYSMD4",0.1525,5.6639,2.4035724830176,"3.323e-02","4.587e-02",-5.09
"POLR3B",-0.1581,6.774,-2.38790229229883,"3.419e-02","4.710e-02",-5.09
"NAP1L4",0.2203,8.5177,2.45230866484727,"3.039e-02","4.229e-02",-5.09
"CYBA",-0.2172,6.5163,-2.49370453525544,"2.817e-02","3.944e-02",-5.09
"MFSD8",-0.2063,4.0831,-2.35713574964289,"3.616e-02","4.957e-02",-5.1
"USP6NL",0.1722,4.9582,2.36633292126268,"3.556e-02","4.885e-02",-5.1
"gga-mir-3533",-0.5875,-0.0011,-1.72160387543194,"1.107e-01","1.380e-01",-5.1
"COL12A1",0.5617,1.4888,2.02359603645015,"6.577e-02","8.562e-02",-5.1
"NCKIPSD",0.1451,5.2307,2.37336615375503,"3.511e-02","4.828e-02",-5.1
"RPS13",-0.1619,8.898,-2.49063123518346,"2.833e-02","3.964e-02",-5.11
"RPS15A",-0.1897,8.4508,-2.44852399553701,"3.060e-02","4.254e-02",-5.11
"ROGDI",0.149,5.5687,2.37091878095048,"3.527e-02","4.846e-02",-5.11
"PHOSPHO2",0.1993,5.7753,2.39039424707103,"3.404e-02","4.692e-02",-5.11
"MED6",0.1807,6.3357,2.3878626485559,"3.419e-02","4.710e-02",-5.12
"AP1G1",-0.1274,8.0435,-2.45802555628691,"3.008e-02","4.190e-02",-5.12
"PELO",0.2444,6.8821,2.41367074880733,"3.262e-02","4.510e-02",-5.12
"ARTN",0.4242,4.3826,2.326902850595,"3.821e-02","5.210e-02",-5.12
"GNPDA2",-0.1974,5.0606,-2.37263162689998,"3.516e-02","4.833e-02",-5.12
"TRA2B",-0.1982,7.7809,-2.42315870469023,"3.206e-02","4.440e-02",-5.12
"SPRED1",0.1462,6.9669,2.39343869601277,"3.385e-02","4.667e-02",-5.12
"PHYHIPL",0.2839,2.3947,2.18949790643373,"4.897e-02","6.521e-02",-5.12
"TRPM7",0.2644,6.1278,2.34348945835382,"3.707e-02","5.070e-02",-5.13
"ABHD8",0.2774,4.5257,2.35332286699029,"3.642e-02","4.987e-02",-5.13
"SIRT6",-0.1662,4.8411,-2.35425103848559,"3.635e-02","4.979e-02",-5.13
"COX10",0.1953,4.7989,2.36110999738316,"3.590e-02","4.927e-02",-5.13
"TELO2",0.1627,6.2879,2.38032019504719,"3.467e-02","4.770e-02",-5.13
"CACNA2D1",0.7518,1.2832,1.89879889557577,"8.180e-02","1.048e-01",-5.14
"SAP30BP",0.1326,5.6553,2.36440382118329,"3.569e-02","4.902e-02",-5.14
"ACTR1A",-0.2544,7.2734,-2.37864041850195,"3.477e-02","4.783e-02",-5.14
"ZRANB1",0.1465,5.6804,2.35991456529483,"3.598e-02","4.935e-02",-5.14
"SRP54",-0.2742,8.1521,-2.42995520851668,"3.166e-02","4.390e-02",-5.14
"RGS16",0.7718,1.9871,1.93950198235963,"7.621e-02","9.819e-02",-5.14
"GRIA3",-0.2957,5.2462,-2.3755260634047,"3.497e-02","4.810e-02",-5.14
"gga-mir-6632",-0.7289,-0.3564,-1.47505586214485,"1.658e-01","1.991e-01",-5.14
"CYP11A1",-0.7371,1.9503,-1.95242347067312,"7.452e-02","9.615e-02",-5.14
"AFF4",-0.2978,6.2512,-2.34532160234788,"3.695e-02","5.054e-02",-5.15
"ZMAT3",0.2272,4.5793,2.34863745008599,"3.673e-02","5.027e-02",-5.15
"HNRNPR",0.1362,7.5986,2.34110325326496,"3.723e-02","5.091e-02",-5.15
"BAAT",0.3763,4.9306,2.35456918521489,"3.633e-02","4.977e-02",-5.15
"ANXA1",-1.1255,-0.053,-1.50773141590133,"1.574e-01","1.898e-01",-5.15
"POU4F3",0.5858,0.6494,1.65246933297238,"1.242e-01","1.531e-01",-5.15
"SYT12",0.347,2.3933,2.18425443183169,"4.943e-02","6.575e-02",-5.15
"GAR1",0.1346,6.4797,2.35945214641381,"3.601e-02","4.938e-02",-5.15
"ZNF740",0.1576,6.4864,2.36314195325406,"3.577e-02","4.911e-02",-5.16
"SMG1",-0.3144,7.2045,-2.33153252696391,"3.789e-02","5.173e-02",-5.17
"MYO5C",0.42,2.1144,2.21671200205555,"4.663e-02","6.239e-02",-5.17
"VWA9",0.1848,6.9338,2.36784128827771,"3.547e-02","4.873e-02",-5.17
"SPG7",-0.2763,8.1013,-2.40969906780588,"3.286e-02","4.540e-02",-5.17
"WWC3",-0.2542,6.4981,-2.3279093676644,"3.814e-02","5.203e-02",-5.18
"NUDT15",-0.1953,6.4812,-2.39504292650259,"3.375e-02","4.655e-02",-5.18
"SUMF1",-0.2366,4.2123,-2.30997591250292,"3.940e-02","5.354e-02",-5.18
"MLEC",-0.1164,8.3944,-2.39430677158872,"3.379e-02","4.661e-02",-5.18
"UBALD1",0.3153,7.5646,2.3981425616878,"3.356e-02","4.630e-02",-5.19
"FMR1",-0.1973,6.788,-2.33739632836376,"3.749e-02","5.122e-02",-5.19
"FRS2",0.3656,5.1228,2.32377485808577,"3.842e-02","5.235e-02",-5.19
"MED9",-0.2033,6.955,-2.4290016575005,"3.172e-02","4.397e-02",-5.19
"FOXJ2",0.1928,6.2123,2.34710598754427,"3.683e-02","5.040e-02",-5.19
"EEF2",-0.1796,10.4182,-2.45909148352469,"3.002e-02","4.182e-02",-5.19
"WEE2",-0.2468,1.9421,-2.07809511851119,"5.973e-02","7.835e-02",-5.19
"C1orf115",-0.4939,2.0899,-1.84581364295494,"8.962e-02","1.138e-01",-5.19
"ZCCHC14",0.2587,6.0113,2.33122542717526,"3.791e-02","5.175e-02",-5.2
"PPFIBP1",-0.2151,7.2235,-2.3271848240001,"3.819e-02","5.208e-02",-5.2
"SLC6A17",-0.4248,7.6449,-2.38232786608241,"3.454e-02","4.755e-02",-5.2
"SVIL",-0.1805,7.4122,-2.36052234193629,"3.594e-02","4.931e-02",-5.2
"SYT16",0.5931,0.0376,1.55666733372571,"1.454e-01","1.763e-01",-5.2
"DCAF1",0.1375,6.6012,2.32520679139638,"3.832e-02","5.222e-02",-5.2
"SLC7A14",0.8904,-0.0677,1.48223708207961,"1.640e-01","1.970e-01",-5.2
"CENPK",0.1832,5.8363,2.32905618173116,"3.806e-02","5.193e-02",-5.2
"COQ4",0.2397,6.854,2.42462113192808,"3.197e-02","4.430e-02",-5.2
"PPP1R13B",0.1837,5.9037,2.32536673388629,"3.831e-02","5.222e-02",-5.21
"FAM189A2",0.3199,4.454,2.31189984098915,"3.926e-02","5.339e-02",-5.21
"DOK5",0.4329,2.2428,2.00721287546894,"6.770e-02","8.794e-02",-5.21
"PLPPR4",-0.3898,2.5672,-2.11701614683309,"5.574e-02","7.348e-02",-5.21
"ARHGAP17",0.129,7.3213,2.36275454735115,"3.580e-02","4.914e-02",-5.21
"MNS1",0.2666,3.7763,2.28344581851184,"4.134e-02","5.589e-02",-5.22
"EEFSEC",0.1259,5.9189,2.3308574792572,"3.793e-02","5.177e-02",-5.22
"DNAJC19",-0.1432,6.5766,-2.35955018658551,"3.600e-02","4.938e-02",-5.22
"SCN9A",-0.4152,2.4543,-2.01913692559767,"6.629e-02","8.625e-02",-5.22
"PCID2",0.1224,6.9198,2.31446369134953,"3.908e-02","5.318e-02",-5.22
"COQ6",-0.2222,5.6175,-2.33942921134065,"3.735e-02","5.105e-02",-5.22
"UBA52",-0.1884,9.5348,-2.43877054088111,"3.116e-02","4.324e-02",-5.23
"CSDE1",-0.2438,9.9254,-2.42730648036793,"3.182e-02","4.409e-02",-5.23
"GOLGA4",-0.375,6.6761,-2.30081932942116,"4.006e-02","5.433e-02",-5.23
"SNORA52",-0.3328,2.3141,-1.99234077438121,"6.949e-02","9.012e-02",-5.23
"TCEB1",-0.163,6.816,-2.30456079809695,"3.979e-02","5.402e-02",-5.23
"CBL",0.2933,5.4012,2.30486024095383,"3.977e-02","5.400e-02",-5.23
"ANGEL2",0.1824,5.6146,2.31052532474601,"3.936e-02","5.351e-02",-5.23
"FANCC",-0.1546,5.2123,-2.30188324644295,"3.998e-02","5.427e-02",-5.23
"RCBTB2",-0.4214,3.4366,-2.21885107647633,"4.645e-02","6.219e-02",-5.23
"UBA3",0.1657,6.4918,2.32548705444945,"3.831e-02","5.222e-02",-5.23
"QSER1",0.2293,6.3909,2.28678900462218,"4.109e-02","5.560e-02",-5.23
"TSSC1",0.138,5.1169,2.29623319897746,"4.039e-02","5.471e-02",-5.23
"EBAG9",0.1602,6.5084,2.31164653018805,"3.928e-02","5.341e-02",-5.24
"ABCF3",0.1437,7.5298,2.33431348132537,"3.770e-02","5.149e-02",-5.24
"ANKFY1",-0.2496,7.2257,-2.34648971789645,"3.687e-02","5.044e-02",-5.24
"SGTA",-0.1759,6.7256,-2.29806570475881,"4.026e-02","5.456e-02",-5.24
"RELA",-0.2328,4.8767,-2.30051337209353,"4.008e-02","5.435e-02",-5.24
"GALK1",-0.3495,5.0288,-2.30942896351702,"3.944e-02","5.357e-02",-5.24
"MICU3",0.2357,4.9061,2.30097470276679,"4.005e-02","5.432e-02",-5.24
"FKBP15",-0.1286,6.4448,-2.3022226223933,"3.996e-02","5.424e-02",-5.25
"EVC",-0.2112,3.6675,-2.22143664137016,"4.624e-02","6.192e-02",-5.25
"SCN4B",0.2083,3.1814,2.12934001905952,"5.453e-02","7.198e-02",-5.25
"RPP38",-0.2394,6.4316,-2.32517596022173,"3.833e-02","5.222e-02",-5.25
"RAB11FIP2",-0.3194,6.3071,-2.31514078190043,"3.903e-02","5.312e-02",-5.25
"MRPS21",0.4168,7.9444,2.3863485885756,"3.429e-02","4.723e-02",-5.25
"GUK1",0.2067,5.7605,2.3153307001939,"3.902e-02","5.311e-02",-5.25
"IRF5",-0.3641,1.9397,-2.00568117180332,"6.788e-02","8.817e-02",-5.26
"DNPEP",-0.2045,6.953,-2.32740354895248,"3.817e-02","5.207e-02",-5.26
"CLUAP1",0.2425,4.5182,2.28143439806613,"4.149e-02","5.606e-02",-5.26
"SFT2D3",0.6796,2.2416,1.97678935530383,"7.141e-02","9.244e-02",-5.26
"TRIM63",-0.3199,2.0955,-1.9749366836089,"7.164e-02","9.272e-02",-5.26
"TIRAP",0.1636,5.0013,2.29680017630118,"4.035e-02","5.466e-02",-5.26
"NEK3",0.3071,3.5168,2.13416359448781,"5.406e-02","7.143e-02",-5.27
"CREBRF",-0.3268,3.4158,-2.18334805413976,"4.951e-02","6.582e-02",-5.27
"CSNK1A1",-0.2044,8.9948,-2.40435830665275,"3.318e-02","4.581e-02",-5.27
"ND1",0.1487,6.8957,2.18282881596225,"4.956e-02","6.587e-02",-5.27
"SUCLG2",-0.185,6.7049,-2.3002195496471,"4.010e-02","5.437e-02",-5.27
"LMNB1",0.1554,6.2968,2.29750125583538,"4.030e-02","5.460e-02",-5.28
"gga-mir-6578",0.465,-0.6151,1.39838038087291,"1.872e-01","2.225e-01",-5.28
"TMEM8B",0.4199,1.618,1.91805627379038,"7.911e-02","1.016e-01",-5.28
"CDYL2",0.3603,4.7587,2.27677837179901,"4.184e-02","5.648e-02",-5.28
"GLTP",-0.2759,7.8016,-2.37199757071345,"3.520e-02","4.838e-02",-5.28
"ASCC1",-0.2293,4.8844,-2.27186066836915,"4.221e-02","5.693e-02",-5.28
"PCMTD2",-0.1765,5.5395,-2.28124781914208,"4.150e-02","5.607e-02",-5.29
"gga-mir-6590",0.7517,-0.5706,1.31350155059153,"2.135e-01","2.509e-01",-5.29
"GRIA1",-0.8871,-0.7714,-1.30026852920454,"2.178e-01","2.556e-01",-5.29
"POLR1E",0.1759,6.6372,2.27532589689884,"4.195e-02","5.662e-02",-5.29
"RAD23B",-0.1369,6.9536,-2.31204720129807,"3.925e-02","5.339e-02",-5.29
"SMOX",-0.2503,4.1943,-2.20760672565821,"4.740e-02","6.332e-02",-5.29
"EDC3",0.2351,6.6567,2.30482715092836,"3.977e-02","5.400e-02",-5.3
"NTPCR",0.2411,5.0637,2.2737203278719,"4.207e-02","5.676e-02",-5.3
"GNAO1",-0.1703,5.025,-2.27677639207236,"4.184e-02","5.648e-02",-5.3
"gga-mir-1555",-0.6745,1.7121,-1.69622484304322,"1.155e-01","1.433e-01",-5.3
"MOB2",-0.3155,6.7469,-2.29850182998737,"4.023e-02","5.453e-02",-5.3
"SAXO1",0.3428,2.2638,2.02777733179164,"6.529e-02","8.508e-02",-5.3
"NCBP1",0.1458,7.2026,2.26635527287209,"4.264e-02","5.745e-02",-5.3
"DPP8",-0.1445,5.9713,-2.26728945007139,"4.257e-02","5.737e-02",-5.3
"SNORD125",0.2776,2.1739,1.94190861335367,"7.590e-02","9.782e-02",-5.31
"IMPA2",-0.3804,6.4982,-2.31371512003828,"3.913e-02","5.324e-02",-5.31
"DLGAP1",-0.3805,2.7025,-2.06900114707411,"6.070e-02","7.950e-02",-5.31
"RELL1",-0.1868,6.9257,-2.29120412916563,"4.076e-02","5.519e-02",-5.31
"CS",-0.2804,8.4785,-2.33911341023879,"3.737e-02","5.108e-02",-5.31
"ANKRD52",0.2603,6.6179,2.25396251022715,"4.360e-02","5.862e-02",-5.31
"RNPEPL1",0.1831,5.35,2.26575682007031,"4.268e-02","5.749e-02",-5.31
"RNF165",-0.199,3.4819,-2.1542730471851,"5.216e-02","6.907e-02",-5.31
"PLCG2",-0.2735,5.1947,-2.24958037840141,"4.395e-02","5.904e-02",-5.32
"RC3H1",-0.2554,6.2594,-2.23769066275423,"4.490e-02","6.026e-02",-5.32
"MTRF1",-0.1191,4.9582,-2.260474533478,"4.309e-02","5.800e-02",-5.32
"PRDM6",-0.3509,3.0185,-2.09451103251294,"5.802e-02","7.631e-02",-5.32
"SCYL2",-0.2487,6.6897,-2.25291294004837,"4.369e-02","5.872e-02",-5.32
"PTGES3",0.1133,8.5467,2.40067912858245,"3.340e-02","4.610e-02",-5.32
"SYT13",0.8682,0.9248,1.76075491769991,"1.036e-01","1.298e-01",-5.32
"RPN1",-0.336,9.3477,-2.38231658021438,"3.454e-02","4.755e-02",-5.32
"LETM2",0.1523,5.4613,2.2679009045595,"4.252e-02","5.732e-02",-5.32
"AFMID",0.191,6.3934,2.28579379800705,"4.116e-02","5.568e-02",-5.32
"XPOT",0.1385,8.2802,2.31026397670947,"3.938e-02","5.353e-02",-5.33
"LDB1",0.1821,6.4854,2.27819221621385,"4.173e-02","5.636e-02",-5.33
"TVP23A",-0.2462,2.9302,-2.04444809936957,"6.340e-02","8.279e-02",-5.33
"RPE65",-0.2381,2.577,-2.10316054989435,"5.713e-02","7.522e-02",-5.33
"SLC15A2",-0.4367,2.3957,-1.96021781357696,"7.351e-02","9.495e-02",-5.34
"EXOSC10",0.2951,8.1702,2.3185592717482,"3.879e-02","5.281e-02",-5.34
"LMO3",-0.4064,0.6927,-1.6023076982536,"1.350e-01","1.649e-01",-5.34
"PDXDC1",-0.1628,6.1222,-2.25891720879673,"4.321e-02","5.815e-02",-5.34
"NUDT12",-0.1441,4.3391,-2.22292384621607,"4.611e-02","6.177e-02",-5.34
"MED14",-0.1872,6.4543,-2.24962298861082,"4.395e-02","5.904e-02",-5.34
"CHST9",0.9545,0.4616,1.44728228455618,"1.733e-01","2.073e-01",-5.34
"POMGNT2",-0.3542,3.5655,-2.07746895357122,"5.980e-02","7.841e-02",-5.35
"NARS",-0.2351,8.193,-2.28341251257237,"4.134e-02","5.589e-02",-5.35
"RMND1",-0.1508,6.3929,-2.27243151071143,"4.217e-02","5.688e-02",-5.35
"PDCD10",-0.2246,7.1481,-2.28448818181102,"4.126e-02","5.581e-02",-5.35
"PLBD2",-0.1588,6.4037,-2.33358345297061,"3.775e-02","5.154e-02",-5.35
"PHB",-0.1419,8.4195,-2.30177445458887,"3.999e-02","5.427e-02",-5.35
"EMX1",1.4191,2.0414,1.71756971762902,"1.114e-01","1.388e-01",-5.35
"TJP1",-0.2757,-0.331,-1.48083915153791,"1.643e-01","1.974e-01",-5.36
"SCARNA3",0.767,0.1199,1.43273783891414,"1.774e-01","2.117e-01",-5.36
"RBSN",0.1791,5.7838,2.22677228798614,"4.579e-02","6.138e-02",-5.36
"FKTN",0.1995,4.1195,2.20599476652553,"4.754e-02","6.347e-02",-5.36
"gga-mir-1780",0.3555,1.3075,1.61988867403651,"1.311e-01","1.607e-01",-5.36
"OAZ2",-0.2121,6.8596,-2.26753109707628,"4.255e-02","5.735e-02",-5.37
"ARL10",0.3564,2.2159,1.9732811838386,"7.185e-02","9.295e-02",-5.37
"PGM2",-0.1672,5.9651,-2.25173167873885,"4.378e-02","5.883e-02",-5.37
"QSOX2",-0.2622,5.349,-2.2345913550244,"4.515e-02","6.056e-02",-5.38
"KAT6B",-0.3268,4.4892,-2.21009221054275,"4.719e-02","6.306e-02",-5.38
"MAP1LC3A",-0.1696,6.5541,-2.276861856266,"4.183e-02","5.648e-02",-5.38
"ZC3H15",0.1563,7.5845,2.25296320400758,"4.368e-02","5.872e-02",-5.38
"TNRC6A",-0.2517,7.5369,-2.22574285023468,"4.588e-02","6.149e-02",-5.38
"NR4A1",0.2564,3.1553,2.15433818336085,"5.215e-02","6.907e-02",-5.38
"TBCA",-0.1988,6.7196,-2.25995343736735,"4.313e-02","5.805e-02",-5.38
"METTL6",-0.1422,6.3983,-2.22402555807752,"4.602e-02","6.167e-02",-5.39
"FAM103A1",0.1679,5.8779,2.19468062768145,"4.851e-02","6.465e-02",-5.39
"EIF5B",-0.4796,8.4693,-2.24582448664857,"4.425e-02","5.943e-02",-5.39
"RPL19",-0.1849,10.1191,-2.3519628274453,"3.651e-02","4.998e-02",-5.39
"MARCH5",-0.1905,6.3983,-2.21721775793454,"4.659e-02","6.235e-02",-5.39
"NCOA7",-0.1623,5.4472,-2.21509727183633,"4.677e-02","6.253e-02",-5.39
"PLEKHA8",0.236,5.7635,2.22338106468494,"4.607e-02","6.173e-02",-5.39
"VPS72",0.1769,8.0073,2.31305335765396,"3.918e-02","5.330e-02",-5.39
"PHF14",-0.1508,6.2765,-2.20475027131389,"4.764e-02","6.358e-02",-5.4
"PRKCD",-0.1787,4.3929,-2.19405070442632,"4.857e-02","6.471e-02",-5.4
"METTL21C",-0.1995,5.1418,-2.2040219915479,"4.771e-02","6.365e-02",-5.4
"PAF1",-0.1366,6.213,-2.19572606991608,"4.842e-02","6.456e-02",-5.4
"MPLKIP",0.2011,5.6158,2.26072848989127,"4.307e-02","5.799e-02",-5.4
"PSMA3",-0.1729,8.3008,-2.30100548519608,"4.005e-02","5.432e-02",-5.4
"HDDC2",0.2397,6.1059,2.21518332363694,"4.676e-02","6.253e-02",-5.41
"ROMO1",0.1613,3.5529,2.13153892432968,"5.432e-02","7.175e-02",-5.41
"CTBP1",-0.2206,7.9848,-2.26154815040495,"4.301e-02","5.791e-02",-5.41
"SPOCK1",0.3913,1.6611,1.80282677787093,"9.647e-02","1.217e-01",-5.41
"DYRK3",0.2179,4.6603,2.19510446366035,"4.848e-02","6.461e-02",-5.41
"NUP93",0.1611,7.5092,2.21926572397613,"4.642e-02","6.215e-02",-5.41
"SIGMAR1",0.1647,6.1514,2.20129696510566,"4.794e-02","6.395e-02",-5.41
"H-RAS",-0.1623,5.7137,-2.16345960586172,"5.131e-02","6.805e-02",-5.41
"BEST1",-0.672,0.253,-1.37790061713152,"1.933e-01","2.292e-01",-5.42
"RABEP1",0.1819,6.9389,2.20526336213419,"4.760e-02","6.354e-02",-5.42
"PTGS1",0.5067,1.5946,1.79361983458439,"9.799e-02","1.234e-01",-5.42
"HACE1",0.17,4.6797,2.18367873686309,"4.948e-02","6.580e-02",-5.42
"CPLX4",0.341,1.347,1.75131823177446,"1.053e-01","1.318e-01",-5.42
"CYP2R1",0.1665,4.7217,2.18651920131261,"4.923e-02","6.551e-02",-5.43
"PITPNB",0.1886,7.5219,2.21605569887348,"4.669e-02","6.245e-02",-5.43
"RPL23",-0.1717,10.1472,-2.33378837637224,"3.773e-02","5.153e-02",-5.43
"NSMAF",0.1642,6.4123,2.20651200576272,"4.749e-02","6.343e-02",-5.43
"C15orf48",0.6826,1.5398,1.61670344582575,"1.318e-01","1.614e-01",-5.43
"gga-mir-1706",-0.5693,0.446,-1.38018989964391,"1.926e-01","2.284e-01",-5.43
"ACADS",-0.1538,6.8308,-2.21862685181222,"4.647e-02","6.220e-02",-5.44
"ILF3",-0.1901,8.866,-2.29309719166962,"4.062e-02","5.501e-02",-5.44
"LBR",-0.3532,8.3738,-2.28426642459824,"4.128e-02","5.582e-02",-5.44
"HNRNPU",-0.1646,9.2096,-2.291990923733,"4.070e-02","5.512e-02",-5.45
"DROSHA",0.1277,6.6515,2.16053504526871,"5.158e-02","6.836e-02",-5.46
"TRIM36",0.6366,0.6419,1.55697897691517,"1.453e-01","1.762e-01",-5.46
"SUMO1",-0.162,7.3873,-2.19938087714406,"4.811e-02","6.415e-02",-5.46
"JUP",0.1669,7.0662,2.21508704336933,"4.677e-02","6.253e-02",-5.46
"NAIF1",-0.1263,5.4835,-2.16265096435083,"5.138e-02","6.811e-02",-5.46
"GOLT1B",-0.1669,6.8684,-2.20147669286055,"4.793e-02","6.394e-02",-5.47
"CCL20",-0.3915,1.6425,-1.78935312589293,"9.871e-02","1.242e-01",-5.47
"GDAP1",-0.2416,5.8278,-2.17871034830785,"4.992e-02","6.633e-02",-5.47
"TM2D3",0.2495,-0.8403,1.25120777045593,"2.346e-01","2.733e-01",-5.47
"C8G",0.6617,2.2655,1.76957145524517,"1.021e-01","1.281e-01",-5.47
"BLOC1S6",0.2699,5.9649,2.1765420395069,"5.012e-02","6.658e-02",-5.47
"TMEM50A",-0.1915,7.2127,-2.23166635842784,"4.539e-02","6.086e-02",-5.47
"DDX10",0.1388,6.9187,2.16794608071356,"5.090e-02","6.753e-02",-5.47
"ZNF687",0.182,6.0613,2.16799365716357,"5.089e-02","6.753e-02",-5.47
"PTRH2",0.2613,7.0734,2.24073909336126,"4.466e-02","5.994e-02",-5.47
"C21orf62",0.4188,1.2046,1.51156624340539,"1.564e-01","1.887e-01",-5.47
"EPCAM",1.0119,3.0361,1.81380109379325,"9.468e-02","1.196e-01",-5.47
"TRPV1",0.5459,1.3532,1.82795536085293,"9.241e-02","1.169e-01",-5.48
"PTBP1",0.2747,8.053,2.16652139009717,"5.103e-02","6.769e-02",-5.48
"TTC28",0.3271,6.8313,2.15696042921875,"5.191e-02","6.878e-02",-5.48
"SBF2",-0.252,5.8571,-2.15082743271038,"5.248e-02","6.947e-02",-5.48
"ZBTB49",-0.1299,5.0448,-2.14740396983269,"5.280e-02","6.986e-02",-5.48
"CHRM3",0.2666,5.2735,2.18335832077262,"4.951e-02","6.582e-02",-5.48
"SLC5A10",-0.5004,1.6041,-1.71235008274504,"1.124e-01","1.399e-01",-5.48
"TPRG1L",0.1631,7.3248,2.28225159637817,"4.143e-02","5.599e-02",-5.48
"DNAJC6",-0.6084,1.563,-1.84949637400741,"8.906e-02","1.132e-01",-5.49
"ADAMTS4",-0.4566,0.9968,-1.67121914727582,"1.204e-01","1.488e-01",-5.49
"MPP4",0.8639,0.3384,1.35688173061756,"1.997e-01","2.361e-01",-5.49
"SCAMP4",0.1186,7.3684,2.19370599260171,"4.860e-02","6.474e-02",-5.49
"PABPC1",-0.1681,10.86,-2.29024955022709,"4.083e-02","5.527e-02",-5.49
"WFDC2",0.5307,3.4001,1.87035499734433,"8.592e-02","1.095e-01",-5.49
"MRPS11",0.1739,6.5441,2.20911529236778,"4.727e-02","6.316e-02",-5.5
"HADHA",-0.369,9.1655,-2.25529962648149,"4.350e-02","5.849e-02",-5.5
"TRPT1",0.272,3.3346,1.9705914960097,"7.219e-02","9.330e-02",-5.5
"PHB2",0.1671,8.5111,2.23607428241759,"4.503e-02","6.041e-02",-5.5
"HHAT",0.2142,3.2474,1.96340235672516,"7.310e-02","9.445e-02",-5.5
"SIRT7",0.2886,5.7452,2.17239823275639,"5.049e-02","6.704e-02",-5.5
"DHX15",0.137,8.2332,2.21041573294626,"4.716e-02","6.304e-02",-5.5
"KCNE5",-0.2832,-0.8318,-1.21789051849337,"2.466e-01","2.861e-01",-5.51
"YIPF4",-0.2263,6.7856,-2.17554538631738,"5.021e-02","6.668e-02",-5.51
"CYP17A1",-0.268,1.6031,-1.90038972692576,"8.157e-02","1.045e-01",-5.51
"CDCA4",-0.1584,6.1882,-2.12372759148976,"5.508e-02","7.266e-02",-5.52
"DLEC1",-0.2108,2.0987,-1.92684961136963,"7.791e-02","1.003e-01",-5.52
"TDRD15",-0.1967,5.4742,-2.12807793765674,"5.465e-02","7.213e-02",-5.52
"RGS8",-0.2143,3.3816,-2.06599822614053,"6.103e-02","7.988e-02",-5.52
"FLRT3",0.2787,4.4858,2.12503333519507,"5.495e-02","7.252e-02",-5.52
"KBTBD3",0.3863,1.5901,1.75829644105071,"1.040e-01","1.303e-01",-5.52
"SLC25A3",-0.2294,9.7292,-2.25588877575541,"4.345e-02","5.844e-02",-5.53
"ASCL3",0.423,1.1192,1.63298123331314,"1.283e-01","1.575e-01",-5.53
"MATK",-0.1977,4.6153,-2.11447377448525,"5.600e-02","7.380e-02",-5.53
"NOA1",0.1438,7.1093,2.1466325125758,"5.287e-02","6.995e-02",-5.54
"OTP",0.6228,1.8863,1.65697858395393,"1.233e-01","1.521e-01",-5.54
"SIKE1",0.1246,8.344,2.23009079497641,"4.552e-02","6.103e-02",-5.54
"DNMT3A",-0.1269,5.9933,-2.11726642509694,"5.572e-02","7.346e-02",-5.54
"RAB22A",0.1825,6.1598,2.12479775506985,"5.497e-02","7.254e-02",-5.54
"SPECC1L",-0.2825,7.362,-2.15341553828632,"5.224e-02","6.916e-02",-5.54
"gga-mir-1724",-0.5915,0.741,-1.33378412437189,"2.069e-01","2.437e-01",-5.55
"POMP",-0.1157,7.7862,-2.16320549523823,"5.133e-02","6.807e-02",-5.55
"UPF3B",0.1933,7.5899,2.15715850177316,"5.189e-02","6.876e-02",-5.55
"INHBB",-0.277,3.7348,-2.00151263029009,"6.838e-02","8.875e-02",-5.56
"DHX40",0.1243,6.6594,2.14134761815019,"5.338e-02","7.058e-02",-5.56
"SDF2",0.2636,7.0944,2.18850294013451,"4.905e-02","6.532e-02",-5.56
"BGLAP",0.3825,3.84,1.97193753793825,"7.202e-02","9.315e-02",-5.56
"TPM2",-0.1128,5.9154,-2.10447517086472,"5.700e-02","7.506e-02",-5.56
"ZMYND12",-0.3119,2.1163,-1.72093112004535,"1.108e-01","1.382e-01",-5.56
"UNC93B1",0.2202,3.2085,2.07465611602728,"6.010e-02","7.879e-02",-5.57
"PEX2",0.2134,6.4636,2.11899161539892,"5.555e-02","7.324e-02",-5.57
"KLHDC2",0.1227,6.7392,2.12122343335463,"5.533e-02","7.298e-02",-5.57
"GEMIN6",0.2091,5.968,2.09500475112232,"5.797e-02","7.626e-02",-5.57
"TP53RK",0.2086,6.5185,2.14781626910412,"5.276e-02","6.982e-02",-5.57
"FAM83G",1.0043,0.5362,1.28922031344255,"2.215e-01","2.595e-01",-5.57
"MGAT4A",0.3299,4.239,2.08915589194306,"5.857e-02","7.697e-02",-5.57
"NOS2",0.1682,3.8249,2.07846967083204,"5.969e-02","7.831e-02",-5.58
"FOS",0.3084,6.5542,2.1566899536008,"5.193e-02","6.879e-02",-5.58
"KIF1B",0.2273,7.022,2.11345390731453,"5.610e-02","7.391e-02",-5.58
"ARNT",0.2415,8.0748,2.18085537369083,"4.973e-02","6.609e-02",-5.59
"CTNNA3",0.3173,1.1413,1.65037602352876,"1.247e-01","1.535e-01",-5.59
"HBZ",-0.8632,0.5134,-1.27616773702436,"2.260e-01","2.640e-01",-5.59
"gga-let-7f",-0.4564,0.5426,-1.29625699906475,"2.192e-01","2.570e-01",-5.59
"BAP1",0.128,7.626,2.13091071607058,"5.438e-02","7.182e-02",-5.59
"ZNF618",-0.2918,5.6405,-2.09713403883228,"5.775e-02","7.599e-02",-5.59
"WDR61",-0.1509,5.8382,-2.0995408296323,"5.750e-02","7.568e-02",-5.59
"EIF3L",-0.1708,8.3288,-2.18451864977001,"4.941e-02","6.572e-02",-5.6
"SMPD2",0.3499,3.0474,1.86640062761397,"8.651e-02","1.102e-01",-5.6
"TARBP1",-0.11,6.691,-2.09325137992328,"5.815e-02","7.646e-02",-5.6
"POLR3F",-0.1366,6.4326,-2.11355707460283,"5.609e-02","7.391e-02",-5.6
"SEC62",-0.1535,7.4744,-2.1298086725633,"5.449e-02","7.194e-02",-5.61
"MASP2",0.2451,3.9048,2.02602346013934,"6.549e-02","8.529e-02",-5.61
"ARVCF",0.2696,6.6885,2.08207624247459,"5.931e-02","7.782e-02",-5.61
"ETV4",0.1516,5.9436,2.09171153820931,"5.831e-02","7.666e-02",-5.61
"TSEN2",0.1488,5.1866,2.07002251856625,"6.060e-02","7.937e-02",-5.61
"GIGYF2",0.1157,7.0787,2.08580697670036,"5.892e-02","7.736e-02",-5.61
"HSD17B12",-0.2546,8.8434,-2.17243357092806,"5.049e-02","6.704e-02",-5.61
"CHMP5",0.1895,8.1356,2.17202229016523,"5.053e-02","6.708e-02",-5.61
"SUPT7L",0.2877,5.31,2.0938505551718,"5.809e-02","7.639e-02",-5.61
"RPL4",-0.1818,10.2074,-2.19236439257165,"4.872e-02","6.489e-02",-5.61
"gga-mir-6669",-0.3028,3.0818,-1.8802044377111,"8.447e-02","1.078e-01",-5.62
"TIMMDC1",0.1218,6.0446,2.08680872100023,"5.882e-02","7.724e-02",-5.62
"BRIP1",-0.1597,5.5785,-2.07037976872282,"6.056e-02","7.935e-02",-5.62
"gga-mir-6620",-0.3238,-0.962,-1.07843560194581,"3.020e-01","3.437e-01",-5.62
"SLC2A1",0.2387,8.0914,2.13756314741018,"5.374e-02","7.104e-02",-5.62
"RNF121",0.1876,5.7508,2.08687054977952,"5.881e-02","7.724e-02",-5.62
"NDUFS7",-0.2076,8.3389,-2.20515984673132,"4.761e-02","6.354e-02",-5.62
"PIANP",0.2517,2.8686,1.82715006380618,"9.254e-02","1.171e-01",-5.63
"SMUG1",-0.1541,5.2914,-2.06216223077874,"6.144e-02","8.038e-02",-5.63
"BRD7",0.1331,7.227,2.10548116755281,"5.690e-02","7.493e-02",-5.63
"OLFM4",0.555,-0.6812,1.01258181791486,"3.312e-01","3.741e-01",-5.63
"ABLIM2",0.3819,2.6968,1.76565720676236,"1.028e-01","1.288e-01",-5.64
"ITGB5",-0.134,5.5194,-2.07238484986428,"6.034e-02","7.908e-02",-5.64
"TMEM209",-0.1197,7.0269,-2.08244579873008,"5.928e-02","7.778e-02",-5.64
"HOXA2",0.7664,-0.7267,0.9712875422886,"3.505e-01","3.941e-01",-5.64
"MND1",0.2251,4.4474,2.04668346279199,"6.315e-02","8.249e-02",-5.64
"NDUFA12",-0.2697,7.5808,-2.13496411518046,"5.399e-02","7.134e-02",-5.64
"KIF14",-0.2871,4.2377,-2.04510103738238,"6.333e-02","8.271e-02",-5.64
"gga-mir-1687",0.5719,1.1646,1.33550761992106,"2.064e-01","2.432e-01",-5.65
"EPHA4",0.2208,4.3377,2.03984699649775,"6.392e-02","8.338e-02",-5.65
"FAXDC2",-0.1367,4.4233,-2.04022978189542,"6.387e-02","8.334e-02",-5.65
"KIF3B",0.106,5.3569,2.03936744314006,"6.397e-02","8.344e-02",-5.65
"KIN",-0.1907,5.6051,-2.05932025750122,"6.175e-02","8.076e-02",-5.65
"NELFB",0.1559,6.4175,2.0700541544257,"6.059e-02","7.937e-02",-5.65
"UBE2G1",0.1835,7.5074,2.08363194460226,"5.915e-02","7.764e-02",-5.66
"MTFR1",-0.2086,8.5293,-2.0952215302811,"5.795e-02","7.624e-02",-5.66
"XPO4",0.2059,6.7038,2.05027142536896,"6.275e-02","8.200e-02",-5.66
"SPOCK3",0.1668,6.1609,2.057464437466,"6.196e-02","8.100e-02",-5.66
"CCDC148",-0.2327,0.8486,-1.45740179357411,"1.706e-01","2.043e-01",-5.66
"KIAA0100",0.1215,6.5969,2.04151837885143,"6.373e-02","8.317e-02",-5.66
"SNORD42",0.4221,0.8638,1.33575194014413,"2.063e-01","2.432e-01",-5.67
"FAM204A",0.1514,6.0934,2.08642472704073,"5.886e-02","7.728e-02",-5.67
"P4HB",-0.3896,10.77,-2.18793616084219,"4.910e-02","6.537e-02",-5.67
"AGPAT5",0.2486,6.7903,2.06709477323789,"6.091e-02","7.975e-02",-5.67
"CAPG",0.261,3.1949,1.76173441256115,"1.034e-01","1.296e-01",-5.67
"DSTN",-0.1381,10.0382,-2.18706866062119,"4.918e-02","6.547e-02",-5.68
"LPAR6",-0.2153,2.6326,-1.88954072453462,"8.312e-02","1.062e-01",-5.68
"TCF20",0.2084,6.4673,2.0223978866071,"6.591e-02","8.578e-02",-5.68
"KLHL14",-0.1325,5.7623,-2.04087715748056,"6.380e-02","8.325e-02",-5.68
"TSPAN6",-0.161,8.3057,-2.19512889426524,"4.847e-02","6.461e-02",-5.68
"FAM185A",0.195,4.6393,2.028169025191,"6.525e-02","8.503e-02",-5.68
"ZPR1",-0.1285,5.7136,-2.04280454540754,"6.358e-02","8.300e-02",-5.68
"RBFOX1",0.3414,1.2268,1.67666636145828,"1.193e-01","1.476e-01",-5.68
"ATRNL1",-0.3351,4.7362,-2.03076791273886,"6.495e-02","8.467e-02",-5.68
"RABL3",-0.1367,4.8376,-2.01651372238506,"6.660e-02","8.660e-02",-5.68
"RHBDD1",0.1793,4.8393,2.02507250127108,"6.560e-02","8.541e-02",-5.69
"ACAT1",-0.2215,8.0297,-2.12058741981473,"5.539e-02","7.305e-02",-5.7
"B4GALT6",0.1992,6.8407,2.02679539042676,"6.540e-02","8.520e-02",-5.7
"ACVR2A",0.2236,7.2647,2.06305947211355,"6.135e-02","8.026e-02",-5.7
"SGK3",0.1106,7.4012,2.05847715934108,"6.185e-02","8.087e-02",-5.7
"FUBP1",0.1343,7.7903,2.02928095083724,"6.512e-02","8.488e-02",-5.71
"PDCD5",0.2318,7.4856,2.0903103406518,"5.845e-02","7.682e-02",-5.71
"GPD1L",-0.2453,6.746,-2.08825522714167,"5.867e-02","7.708e-02",-5.71
"SEMA3A",0.5495,0.8816,1.332041549154,"2.075e-01","2.443e-01",-5.71
"BAZ2B",-0.1945,5.4766,-2.00512094890876,"6.795e-02","8.824e-02",-5.72
"DENR",0.1647,7.4462,2.07412533532425,"6.016e-02","7.885e-02",-5.72
"MLKL",0.2893,1.8955,1.75011794762268,"1.055e-01","1.320e-01",-5.72
"JAK2",0.2216,4.7731,1.99979116124412,"6.859e-02","8.900e-02",-5.72
"SERINC1",-0.267,8.4887,-2.13306342360867,"5.417e-02","7.156e-02",-5.73
"SMURF2",0.2266,4.0128,1.98981165510402,"6.980e-02","9.049e-02",-5.73
"TFPI",0.4633,0.7853,1.24870050460696,"2.355e-01","2.740e-01",-5.73
"RAB11FIP3",0.1436,6.8521,2.04294610384496,"6.357e-02","8.299e-02",-5.73
"RECK",-0.1793,4.3235,-1.99448707993482,"6.923e-02","8.982e-02",-5.73
"gga-mir-138-2",0.488,-0.2516,0.959335949168687,"3.562e-01","4.001e-01",-5.73
"FKBP14",0.2097,6.0764,2.04830110615306,"6.297e-02","8.227e-02",-5.73
"P2RX6",0.6091,1.1606,1.42681392063017,"1.790e-01","2.136e-01",-5.73
"RRN3",-0.1802,6.7671,-2.01363597586703,"6.694e-02","8.702e-02",-5.73
"KATNAL2",-0.8017,1.1212,-1.46109342893242,"1.696e-01","2.032e-01",-5.74
"SNORA75",0.283,2.1056,1.63493540980744,"1.279e-01","1.571e-01",-5.74
"KLF9",-0.391,3.6786,-1.83875762174405,"9.072e-02","1.151e-01",-5.74
"VPS29",-0.1268,6.8441,-1.9777538766793,"7.129e-02","9.231e-02",-5.74
"MYBPC1",-0.6554,0.9141,-1.42255183229937,"1.802e-01","2.149e-01",-5.74
"TLR5",-0.3751,2.1081,-1.71162933403463,"1.126e-01","1.400e-01",-5.74
"PRMT9",0.1322,5.975,2.00296819040021,"6.821e-02","8.853e-02",-5.74
"HMBOX1",-0.4215,3.9536,-1.92113891416544,"7.869e-02","1.011e-01",-5.74
"UBN2",-0.2757,6.5779,-2.01100063497272,"6.725e-02","8.739e-02",-5.75
"BRCA2",-0.1582,5.5087,-1.95994363189481,"7.354e-02","9.498e-02",-5.75
"ANXA13",0.349,3.1768,1.72510340743258,"1.100e-01","1.373e-01",-5.75
"PPP2R5C",-0.1704,6.94,-1.97425499678571,"7.173e-02","9.282e-02",-5.75
"FOXK2",-0.1894,4.9818,-1.99399008447299,"6.929e-02","8.988e-02",-5.75
"PM20D2",0.2386,5.3459,2.01971766332536,"6.623e-02","8.618e-02",-5.75
"C11orf87",0.3842,2.6194,1.71602367802943,"1.117e-01","1.391e-01",-5.76
"HSPA2",0.5598,8.0993,2.0510633922128,"6.266e-02","8.190e-02",-5.76
"gga-mir-6553",-0.4768,-0.5895,-0.839193510153655,"4.177e-01","4.616e-01",-5.76
"PSMC5",0.2085,8.7541,2.08280895054026,"5.924e-02","7.774e-02",-5.76
"PAFAH1B1",-0.1336,7.6745,-2.01002559243701,"6.736e-02","8.752e-02",-5.77
"NPHP1",-0.146,6.2568,-2.0031900108325,"6.818e-02","8.853e-02",-5.77
"CBX5",0.1477,7.5317,2.05737515428954,"6.197e-02","8.100e-02",-5.77
"RPL37",-0.1642,8.0384,-2.02748199439322,"6.533e-02","8.511e-02",-5.77
"SERPINH1",0.4566,1.4683,1.55553413437618,"1.457e-01","1.766e-01",-5.77
"MSANTD4",0.2632,4.7251,1.98212090934373,"7.075e-02","9.169e-02",-5.77
"DDX4",-0.2862,1.5592,-1.74207261963239,"1.069e-01","1.337e-01",-5.77
"gga-mir-1774",0.3945,0.7481,1.2096663324787,"2.496e-01","2.892e-01",-5.77
"KPNB1",0.1621,9.305,2.0776950934568,"5.978e-02","7.839e-02",-5.78
"ATAD2B",-0.2739,4.9824,-1.97107013916514,"7.213e-02","9.325e-02",-5.78
"MFN2",0.1993,7.777,2.0377171102999,"6.416e-02","8.367e-02",-5.78
"LSM6",0.1374,5.4502,1.96555167046776,"7.283e-02","9.411e-02",-5.78
"RBP7",0.5939,0.882,1.38082634083475,"1.924e-01","2.283e-01",-5.78
"CPZ",-0.6064,0.9147,-1.165225341514,"2.665e-01","3.070e-01",-5.79
"DNASE2B",0.212,3.8325,1.87860367728783,"8.470e-02","1.080e-01",-5.79
"gga-mir-1643",-0.3549,-0.0988,-0.932630876820732,"3.693e-01","4.128e-01",-5.79
"FAM83H",0.227,3.6631,1.76977062690093,"1.020e-01","1.280e-01",-5.8
"MOCS1",0.2124,6.0907,1.98970948744754,"6.981e-02","9.049e-02",-5.8
"SMU1",-0.1003,7.2705,-1.98179561775545,"7.079e-02","9.173e-02",-5.8
"MRPS33",0.171,6.3307,1.97967055408171,"7.105e-02","9.204e-02",-5.8
"EPHA5",0.2236,1.3408,1.550698283588,"1.468e-01","1.778e-01",-5.8
"PSMD6",0.1188,7.5394,2.01877430531583,"6.634e-02","8.628e-02",-5.8
"RAD21L1",-0.26,1.7035,-1.59952256126304,"1.356e-01","1.656e-01",-5.8
"DENND1A",-0.1425,5.2819,-1.95179705103253,"7.460e-02","9.622e-02",-5.81
"ACE2",0.3396,1.0242,1.33774050309165,"2.057e-01","2.425e-01",-5.81
"SLC27A1",0.1305,4.6009,1.95257581908943,"7.450e-02","9.615e-02",-5.81
"SLC25A47",-0.27,2.0944,-1.55108347738559,"1.467e-01","1.777e-01",-5.81
"LYPLAL1",0.224,4.3382,1.91812581018948,"7.910e-02","1.016e-01",-5.82
"THAP1",0.1798,3.8311,1.8880148755759,"8.334e-02","1.064e-01",-5.82
"CBLB",-0.1238,4.8962,-1.94131660193187,"7.597e-02","9.789e-02",-5.82
"TTC21B",-0.2003,4.0108,-1.93267437788482,"7.713e-02","9.933e-02",-5.82
"LDLRAD3",0.4194,3.1445,1.77684020314158,"1.008e-01","1.268e-01",-5.83
"NUCKS1",-0.2412,9.6395,-2.08748842547369,"5.875e-02","7.717e-02",-5.83
"gga-mir-1592",-0.3281,0.0597,-0.931316688926047,"3.700e-01","4.135e-01",-5.83
"COG3",0.1358,5.8553,1.95457052536225,"7.424e-02","9.583e-02",-5.83
"gga-mir-1608",0.4017,1.1852,1.21459097544275,"2.478e-01","2.872e-01",-5.83
"ENTPD6",0.1411,5.434,1.94379484112687,"7.565e-02","9.753e-02",-5.83
"EFHC2",-0.5363,0.7526,-1.26420645994419,"2.301e-01","2.684e-01",-5.83
"NF2",-0.2488,6.9471,-1.99395492272797,"6.929e-02","8.988e-02",-5.84
"BUD31",-0.1552,7.5322,-2.02516913906585,"6.559e-02","8.541e-02",-5.84
"gga-mir-2129",0.2625,3.6622,1.73255880192141,"1.087e-01","1.357e-01",-5.84
"VPS13A",-0.2099,5.0508,-1.91431900906193,"7.963e-02","1.022e-01",-5.84
"BCLAF1",-0.1208,7.4754,-1.9735192883522,"7.182e-02","9.293e-02",-5.84
"TUBGCP6",0.1461,5.4347,1.92545531152035,"7.810e-02","1.005e-01",-5.84
"NAAA",0.3032,1.3429,1.3893079348889,"1.899e-01","2.254e-01",-5.84
"RBBP7",0.1285,6.1826,1.95724192968469,"7.389e-02","9.542e-02",-5.85
"CTSS",0.452,5.1012,1.92860383964618,"7.767e-02","1.000e-01",-5.85
"TOMM6",-0.1787,7.6774,-2.01862384992599,"6.635e-02","8.629e-02",-5.85
"APPBP2",0.1271,7.4384,1.97931577966333,"7.109e-02","9.209e-02",-5.85
"EIF3H",-0.15,8.4366,-2.0188016326432,"6.633e-02","8.628e-02",-5.86
"EIF3D",0.119,9.4726,2.06577226210521,"6.105e-02","7.990e-02",-5.86
"SNORD62",-0.5274,0.2777,-0.953976379036834,"3.588e-01","4.028e-01",-5.86
"BLB2",0.5362,0.5319,1.04188979717338,"3.179e-01","3.606e-01",-5.86
"C1orf198",-0.2323,4.3637,-1.86672574814992,"8.646e-02","1.101e-01",-5.87
"PTPRB",0.3947,4.2149,1.89532243988338,"8.229e-02","1.053e-01",-5.87
"ERCC8",-0.1647,4.353,-1.90887141468117,"8.038e-02","1.031e-01",-5.87
"TSPO",-0.1259,5.7574,-1.97173742938328,"7.204e-02","9.317e-02",-5.87
"TOR2A",0.2451,5.4743,1.92876503543007,"7.765e-02","1.000e-01",-5.87
"BACE1",0.1275,7.0706,1.96083696256425,"7.343e-02","9.486e-02",-5.87
"MRPS27",0.1657,6.1435,1.92281120793428,"7.846e-02","1.009e-01",-5.87
"NRG4",0.3376,3.0556,1.73511307276414,"1.082e-01","1.352e-01",-5.88
"CAMK2D",0.1891,4.2737,1.87173800848559,"8.571e-02","1.092e-01",-5.88
"ZRANB3",-0.334,4.0696,-1.87801150898615,"8.479e-02","1.081e-01",-5.88
"ABCD2",-0.1529,6.3896,-1.94361723952911,"7.567e-02","9.755e-02",-5.88
"COMMD3",-0.1747,6.6934,-2.00307106497851,"6.819e-02","8.853e-02",-5.88
"ACVR1C",-0.6344,1.819,-1.39630256387619,"1.878e-01","2.231e-01",-5.88
"CASK",-0.1703,7.4879,-1.95243926817637,"7.451e-02","9.615e-02",-5.88
"GnRH-I",0.3746,1.9759,1.4991826261224,"1.596e-01","1.922e-01",-5.89
"SLC4A3",-0.1802,3.1898,-1.83414556005459,"9.144e-02","1.158e-01",-5.89
"RBFA",0.1802,5.8426,1.92605574386681,"7.802e-02","1.004e-01",-5.89
"CSNK1D",0.1097,6.7378,1.90975853033461,"8.026e-02","1.030e-01",-5.89
"FAM53B",0.3276,3.7464,1.74889057761584,"1.057e-01","1.323e-01",-5.89
"RNFT1",-0.2054,6.3261,-1.94170409879836,"7.592e-02","9.784e-02",-5.89
"CD83",-0.4443,-0.6845,-0.636576366827399,"5.363e-01","5.807e-01",-5.89
"gga-mir-1756b",-0.4539,-0.0618,-0.815349141613702,"4.307e-01","4.750e-01",-5.89
"PSMB1",-0.1504,7.7855,-1.94875001619398,"7.500e-02","9.671e-02",-5.89
"PXMP4",-0.1973,6.7194,-1.92471953912507,"7.820e-02","1.006e-01",-5.9
"CASP2",0.1095,5.9144,1.90104142267228,"8.148e-02","1.044e-01",-5.9
"CRYBA1",-0.2917,1.8097,-1.41417299345052,"1.826e-01","2.175e-01",-5.9
"MRPL27",0.1203,6.4558,1.90017550148454,"8.160e-02","1.045e-01",-5.9
"HMCN1",0.3074,4.6507,1.88357254342674,"8.398e-02","1.072e-01",-5.9
"LTBP2",0.3714,1.6741,1.48169489646453,"1.641e-01","1.972e-01",-5.91
"OSBPL1A",-0.1149,6.964,-1.90427868703687,"8.102e-02","1.039e-01",-5.91
"IMMT",0.1328,8.6869,1.97137477244215,"7.209e-02","9.322e-02",-5.91
"USP20",-0.1074,5.8386,-1.91322362442538,"7.978e-02","1.024e-01",-5.91
"SMPDL3B",-0.1361,4.4925,-1.8821796320004,"8.418e-02","1.074e-01",-5.91
"BICD2",0.15,6.2352,1.91061516759534,"8.014e-02","1.029e-01",-5.91
"TASP1",-0.1377,4.4225,-1.87919476682131,"8.462e-02","1.079e-01",-5.92
"MIPEP",-0.1159,6.6727,-1.91979135893163,"7.887e-02","1.014e-01",-5.92
"VPS26A",-0.1421,6.383,-1.89356214620657,"8.254e-02","1.055e-01",-5.92
"ZMYND8",0.2725,6.0725,1.89626406023839,"8.216e-02","1.052e-01",-5.92
"RIPK1",0.1184,6.597,1.88823890120703,"8.331e-02","1.064e-01",-5.93
"SBNO2",0.175,6.3286,1.8933433669515,"8.257e-02","1.056e-01",-5.93
"RPRD1A",0.1167,6.4425,1.8848113732348,"8.380e-02","1.070e-01",-5.93
"gga-mir-130b",-0.2824,-0.4038,-0.664560060573379,"5.189e-01","5.633e-01",-5.93
"gga-mir-1798",-0.6321,0.3364,-0.958688830246075,"3.566e-01","4.004e-01",-5.93
"EIF4G1",-0.1813,9.0214,-1.91632054656348,"7.935e-02","1.019e-01",-5.93
"gga-mir-1705",-0.7025,0.9795,-1.03894360280964,"3.192e-01","3.618e-01",-5.94
"ATF2",0.1288,5.2774,1.87129644741632,"8.578e-02","1.093e-01",-5.94
"HEXA",-0.3243,4.063,-1.80374198281911,"9.632e-02","1.215e-01",-5.94
"SMAD5",-0.1307,7.6225,-1.89498623752209,"8.234e-02","1.053e-01",-5.94
"MAB21L3",0.3451,1.5113,1.34912816218124,"2.021e-01","2.386e-01",-5.95
"MRPS9",0.1459,6.8816,1.91790835033447,"7.913e-02","1.016e-01",-5.95
"GLG1",-0.1383,8.7735,-1.99131943146827,"6.961e-02","9.027e-02",-5.95
"ATM",-0.1565,5.2304,-1.84514730717959,"8.973e-02","1.139e-01",-5.95
"HTRA3",-0.4091,0.6287,-0.938699299084794,"3.663e-01","4.099e-01",-5.95
"JMY",0.2255,4.795,1.86510350571595,"8.670e-02","1.104e-01",-5.95
"MRPL33",-0.1495,6.4629,-1.91090202631879,"8.010e-02","1.028e-01",-5.95
"CERS6",0.2164,4.4703,1.85923887336213,"8.758e-02","1.114e-01",-5.95
"SETD4",0.1829,3.4254,1.78331575034479,"9.973e-02","1.254e-01",-5.95
"LYVE1",-0.3748,1.2145,-1.47160320215431,"1.668e-01","2.001e-01",-5.95
"MST1",-0.2302,2.741,-1.66428636206157,"1.218e-01","1.504e-01",-5.95
"SUGP2",0.1686,6.2506,1.86118022326984,"8.729e-02","1.110e-01",-5.96
"gga-mir-1629",-0.4109,-0.1,-0.739771410608021,"4.736e-01","5.183e-01",-5.96
"PLA2G12A",0.2062,5.625,1.90228670395086,"8.130e-02","1.042e-01",-5.96
"RFX6",-0.3148,3.4643,-1.74958587950694,"1.056e-01","1.321e-01",-5.96
"CAMK2N1",0.6115,3.4001,1.56562092089835,"1.433e-01","1.739e-01",-5.97
"UBE2Z",0.1471,5.7169,1.89841157436181,"8.185e-02","1.048e-01",-5.97
"HIST1H2B5",0.3468,3.1897,1.58801910154289,"1.382e-01","1.682e-01",-5.97
"ZADH2",0.1909,7.6676,1.90835762478565,"8.045e-02","1.032e-01",-5.97
"RAB39B",-0.2359,7.1619,-1.89555789799788,"8.226e-02","1.053e-01",-5.97
"SIDT1",0.375,2.2299,1.34340626217914,"2.039e-01","2.405e-01",-5.97
"KIAA1191",0.0996,6.9577,1.89174763640805,"8.280e-02","1.058e-01",-5.97
"ERBB2",-0.1738,6.2496,-1.89256775900709,"8.268e-02","1.057e-01",-5.97
"gga-mir-6640",-0.2973,-0.2833,-0.642008444224782,"5.329e-01","5.774e-01",-5.97
"BAZ1B",0.1712,7.9597,1.85675539770135,"8.795e-02","1.118e-01",-5.98
"EHMT1",-0.0992,6.3026,-1.84775537288381,"8.933e-02","1.135e-01",-5.98
"CD109",-0.3971,1.599,-1.52813001376418,"1.523e-01","1.840e-01",-5.98
"SIRT2",-0.1677,7.1789,-1.93366338236277,"7.699e-02","9.918e-02",-5.98
"ONECUT3",0.1772,3.4346,1.77383257560195,"1.013e-01","1.273e-01",-5.98
"VSIG10",0.1675,4.3014,1.81631689335582,"9.427e-02","1.192e-01",-5.98
"PTPN14",0.459,4.4679,1.8379178320226,"9.085e-02","1.152e-01",-5.98
"TPMT",0.1271,5.1944,1.86560022331399,"8.663e-02","1.103e-01",-5.99
"ZEB1",-0.1623,5.6737,-1.83203545299103,"9.177e-02","1.162e-01",-5.99
"KDM1B",0.2429,4.2631,1.82368725217384,"9.309e-02","1.177e-01",-5.99
"STOM",-0.1313,6.3678,-1.89642131214984,"8.214e-02","1.052e-01",-5.99
"ZNF148",0.1133,4.0009,1.82570583296097,"9.277e-02","1.174e-01",-5.99
"NDUFS3",-0.1408,7.2305,-1.90242036652856,"8.129e-02","1.042e-01",-5.99
"SMC2",-0.1925,7.8392,-1.85834444898079,"8.771e-02","1.115e-01",-5.99
"RAB27A",0.1381,6.9184,1.83165281525275,"9.183e-02","1.163e-01",-6
"GFRA2",-0.5564,0.3203,-0.943921228779955,"3.638e-01","4.074e-01",-6
"CIT",-0.2525,6.3534,-1.82238722318159,"9.330e-02","1.180e-01",-6
"gga-let-7d",-0.3118,4.7091,-1.81379935027386,"9.468e-02","1.196e-01",-6
"CELF2",-0.315,0.7941,-1.13919947296139,"2.768e-01","3.180e-01",-6
"PDHB",0.1195,7.8789,1.90249624616479,"8.128e-02","1.042e-01",-6.01
"HECTD4",-0.2647,6.6,-1.83116344466676,"9.191e-02","1.164e-01",-6.01
"FAM43B",-0.2139,2.4796,-1.40840812094738,"1.843e-01","2.194e-01",-6.01
"SOST",0.3015,0.5259,1.01960936121622,"3.280e-01","3.706e-01",-6.01
"OSBPL5",-0.2462,1.8292,-1.35395034905132,"2.006e-01","2.370e-01",-6.01
"CHMP1A",0.1691,6.8349,1.92215186983671,"7.855e-02","1.010e-01",-6.02
"MDM4",0.227,6.0894,1.84476768543162,"8.979e-02","1.139e-01",-6.02
"CACFD1",-0.1702,6.1947,-1.863565058542,"8.693e-02","1.106e-01",-6.02
"LRRC6",-0.2964,1.2631,-1.14248081220256,"2.755e-01","3.166e-01",-6.02
"CPNE2",-0.1922,6.4595,-1.89523350288081,"8.230e-02","1.053e-01",-6.02
"gga-mir-1647",0.3642,2.1714,1.50337648667154,"1.585e-01","1.910e-01",-6.02
"CLTA",-0.1576,7.7049,-1.95224188460113,"7.454e-02","9.616e-02",-6.02
"SCAMP2",-0.1438,7.4544,-1.92772376200219,"7.779e-02","1.001e-01",-6.02
"UNC13D",-0.4075,0.7468,-1.14712760286654,"2.736e-01","3.146e-01",-6.02
"IPO8",-0.175,6.6499,-1.8349464060146,"9.131e-02","1.157e-01",-6.03
"OIP5",0.0962,5.4657,1.837755667633,"9.087e-02","1.152e-01",-6.03
"PIGY",0.1516,6.7013,1.91853250542371,"7.905e-02","1.016e-01",-6.03
"UBALD2",-0.216,4.9968,-1.82930898409891,"9.220e-02","1.167e-01",-6.03
"ERGIC1",-0.1988,8.341,-1.92130389280807,"7.867e-02","1.011e-01",-6.03
"E2F8",0.2387,6.8896,1.81344185346831,"9.474e-02","1.196e-01",-6.03
"SNRNP25",0.1668,5.851,1.87967904441696,"8.455e-02","1.078e-01",-6.03
"MRPS23",0.205,6.0399,1.84127179419901,"9.033e-02","1.146e-01",-6.03
"NCAM1",0.1147,3.7748,1.78005301920793,"1.003e-01","1.261e-01",-6.03
"HMOX2",0.2749,6.4448,1.86378260893586,"8.690e-02","1.106e-01",-6.03
"SMAD9",-0.3332,3.714,-1.77392343639726,"1.013e-01","1.273e-01",-6.04
"SPNS3",-0.375,1.6454,-1.30747435142991,"2.155e-01","2.530e-01",-6.04
"RINT1",0.1105,5.4819,1.81328301494515,"9.476e-02","1.197e-01",-6.04
"SPTAN1",-0.1794,8.7956,-1.88866937309104,"8.324e-02","1.063e-01",-6.04
"PBK",-0.1212,6.6188,-1.82412471882374,"9.302e-02","1.177e-01",-6.04
"TDRD1",-0.1642,1.3378,-1.08124492828813,"3.008e-01","3.425e-01",-6.04
"FUT8",-0.2254,4.6511,-1.8034746410725,"9.636e-02","1.216e-01",-6.04
"UHRF2",-0.1273,5.7163,-1.81047632079165,"9.522e-02","1.202e-01",-6.04
"PNMT",0.4167,-0.2802,0.534276578163064,"6.029e-01","6.441e-01",-6.04
"CDC14B",0.1749,3.8146,1.75145558125342,"1.053e-01","1.318e-01",-6.04
"gga-mir-6572",-0.4346,3.5282,-1.56516568827908,"1.434e-01","1.740e-01",-6.04
"DENND5A",-0.2774,5.6093,-1.79753288315406,"9.734e-02","1.227e-01",-6.05
"FAM120B",-0.1219,4.3444,-1.79455957676467,"9.784e-02","1.233e-01",-6.05
"ATOH8",0.1928,2.896,1.51609911714287,"1.553e-01","1.874e-01",-6.05
"NENF",0.179,6.889,1.86589471817605,"8.658e-02","1.102e-01",-6.05
"TSSC4",0.0938,7.1857,1.82954269256786,"9.216e-02","1.167e-01",-6.05
"GTSF1",0.1682,2.4287,1.63898668127167,"1.270e-01","1.562e-01",-6.05
"SLC12A2",0.1693,4.6627,1.80138412067965,"9.671e-02","1.219e-01",-6.05
"ATL1",0.1462,4.4775,1.79512332455822,"9.774e-02","1.232e-01",-6.05
"MPZ",0.5659,1.2348,1.2628275703283,"2.305e-01","2.689e-01",-6.06
"MAPK11",0.1432,6.505,1.83241320402784,"9.171e-02","1.162e-01",-6.06
"HNRNPM",-0.1049,9.1326,-1.90508515775453,"8.091e-02","1.038e-01",-6.06
"GCNT1",-0.2418,2.1069,-1.30653378236228,"2.158e-01","2.533e-01",-6.06
"CFAP36",0.1463,6.6225,1.81731363585882,"9.411e-02","1.190e-01",-6.06
"ANAPC13",0.2791,3.8229,1.73382466337676,"1.084e-01","1.354e-01",-6.06
"CHP1",-0.114,7.4151,-1.84553877009742,"8.967e-02","1.138e-01",-6.06
"ERGIC2",0.0955,7.0457,1.80241452786007,"9.654e-02","1.217e-01",-6.06
"SLC38A9",0.1378,4.5066,1.78496339429626,"9.945e-02","1.251e-01",-6.07
"GPR61",0.2516,0.4859,0.875482620261458,"3.984e-01","4.428e-01",-6.07
"gga-mir-1564",0.3334,3.8346,1.5904932127635,"1.376e-01","1.677e-01",-6.07
"ATL2",0.1187,7.4048,1.85253949928308,"8.859e-02","1.126e-01",-6.07
"TMEM177",0.1658,4.0415,1.76993209517677,"1.020e-01","1.280e-01",-6.07
"SNORD83",-0.1451,-0.8381,-0.24083688627377,"8.137e-01","8.377e-01",-6.07
"ZZEF1",-0.2293,6.115,-1.771324717136,"1.018e-01","1.278e-01",-6.07
"GMPS",-0.1509,7.6375,-1.80351519334057,"9.635e-02","1.216e-01",-6.07
"ATOX1",-0.1845,6.5061,-1.87707227822792,"8.493e-02","1.083e-01",-6.08
"SGSH",0.1346,5.1891,1.79120911482789,"9.840e-02","1.239e-01",-6.08
"GREM2",-0.4756,-0.0676,-0.632469694745892,"5.389e-01","5.832e-01",-6.08
"FLII",-0.2077,7.5812,-1.84674132457198,"8.948e-02","1.136e-01",-6.08
"IFRD1",-0.2625,8.9145,-1.89489963425852,"8.235e-02","1.053e-01",-6.08
"PFKL",-0.2014,8.046,-1.86892304503201,"8.613e-02","1.097e-01",-6.08
"NT5DC2",-0.1042,6.3926,-1.81162102249188,"9.503e-02","1.200e-01",-6.08
"NCOA6",-0.148,6.6873,-1.7834049662128,"9.971e-02","1.254e-01",-6.08
"PPP1R27",0.3491,0.5655,0.881636137337356,"3.952e-01","4.395e-01",-6.09
"gga-mir-6663",-0.0733,-0.7384,-0.112261487576945,"9.125e-01","9.250e-01",-6.09
"gga-mir-3526",0.0973,-0.8716,0.510243921063965,"6.191e-01","6.590e-01",-6.09
"LIPH",0.3613,2.3777,1.65072837524505,"1.246e-01","1.534e-01",-6.09
"CYTIP",0.2836,0.5809,0.873815746222634,"3.993e-01","4.434e-01",-6.09
"LDB2",0.1722,3.864,1.75542066727963,"1.046e-01","1.309e-01",-6.09
"CNOT7",-0.1508,7.9497,-1.8072841529546,"9.574e-02","1.208e-01",-6.09
"WNT9A",-0.2395,0.7603,-0.95977619806952,"3.560e-01","4.000e-01",-6.1
"KIAA1522",0.1879,5.7726,1.79409127743456,"9.791e-02","1.233e-01",-6.1
"gga-mir-2131",-0.0927,-0.5799,-0.182087194578973,"8.585e-01","8.767e-01",-6.1
"CACNA2D3",0.4468,1.2173,1.27893804770158,"2.250e-01","2.631e-01",-6.1
"PSMD5",0.1246,6.6152,1.83085042749996,"9.195e-02","1.164e-01",-6.11
"RAN",0.1591,9.3367,1.86367690944845,"8.691e-02","1.106e-01",-6.11
"MRAS",-0.151,4.0868,-1.74040580523016,"1.072e-01","1.341e-01",-6.11
"RER1",-0.1585,7.9257,-1.85146120521373,"8.876e-02","1.128e-01",-6.11
"BCL2L13",0.1642,7.008,1.81533322778912,"9.443e-02","1.193e-01",-6.11
"SETD3",-0.1265,5.9661,-1.75541063228443,"1.046e-01","1.309e-01",-6.11
"TRMT11",-0.1915,5.5802,-1.77402082324622,"1.013e-01","1.273e-01",-6.11
"RPL10A",-0.1498,9.9201,-1.92653163740387,"7.795e-02","1.003e-01",-6.11
"SLC7A1",0.3267,5.8957,1.76807856572965,"1.023e-01","1.283e-01",-6.11
"gga-mir-1581",-0.1523,-0.3195,-0.337434173854235,"7.416e-01","7.727e-01",-6.12
"MKX",0.4648,2.7504,1.53675847012203,"1.502e-01","1.816e-01",-6.12
"SERPINB1",0.1889,2.9325,1.55442129006018,"1.459e-01","1.768e-01",-6.12
"NLK",-0.1528,5.8782,-1.77863969274423,"1.005e-01","1.264e-01",-6.12
"ARGLU1",0.1552,7.332,1.76528095416273,"1.028e-01","1.289e-01",-6.12
"NAP1L1",0.1156,9.6579,1.89614414742559,"8.217e-02","1.052e-01",-6.12
"RUNX1",-0.3384,1.5873,-1.3307262958189,"2.079e-01","2.447e-01",-6.12
"FOXRED1",0.1972,5.0654,1.76833882559156,"1.023e-01","1.283e-01",-6.13
"ATG9A",-0.1307,6.423,-1.77522681719395,"1.011e-01","1.271e-01",-6.13
"DGKB",-0.2185,-0.3417,-0.306273052279465,"7.646e-01","7.939e-01",-6.13
"TAB2",-0.1226,6.8605,-1.79479560365423,"9.780e-02","1.232e-01",-6.13
"SLC26A9",-0.3431,-0.149,-0.476779845492766,"6.421e-01","6.801e-01",-6.13
"KCNN3",0.106,6.0746,1.77122543411778,"1.018e-01","1.278e-01",-6.13
"GLYR1",-0.1426,7.5068,-1.77405607536113,"1.013e-01","1.273e-01",-6.13
"DUSP10",0.1321,4.1218,1.73225702020001,"1.087e-01","1.358e-01",-6.13
"SF3B4",0.1508,7.6442,1.83644166584361,"9.108e-02","1.154e-01",-6.14
"EIF4E",0.1296,8.2189,1.84567651505879,"8.965e-02","1.138e-01",-6.14
"PDZD3",0.429,1.7966,1.22613246401128,"2.436e-01","2.828e-01",-6.14
"LUZP1",0.181,5.0139,1.7356480731896,"1.081e-01","1.351e-01",-6.14
"GCGR",-0.2146,1.3048,-1.23646672564688,"2.398e-01","2.788e-01",-6.14
"RNF34",0.1055,7.1835,1.79371619924113,"9.798e-02","1.234e-01",-6.14
"XPNPEP1",-0.1692,7.3142,-1.7731325795493,"1.015e-01","1.274e-01",-6.14
"gga-mir-6709",-0.1782,-0.2988,-0.270869562780285,"7.911e-01","8.184e-01",-6.14
"RPS26",-0.2359,3.0988,-1.71563769079641,"1.118e-01","1.392e-01",-6.15
"gga-mir-6646-2",-0.0135,-0.4562,-0.0207037146204431,"9.838e-01","9.866e-01",-6.15
"SLC9A6",0.099,6.1579,1.75836713057489,"1.040e-01","1.303e-01",-6.15
"RPL14",-0.1215,10.0665,-1.89908622840759,"8.176e-02","1.047e-01",-6.15
"HDLBP",-0.2943,10.4623,-1.88956096192024,"8.312e-02","1.062e-01",-6.15
"PPP1CC",0.1245,8.3049,1.78944888468334,"9.869e-02","1.242e-01",-6.15
"gga-mir-6597",0.2022,0.319,0.565134402791628,"5.824e-01","6.248e-01",-6.16
"SRA1",-0.2674,4.7317,-1.68167853059338,"1.183e-01","1.466e-01",-6.16
"DEPDC1B",-0.155,3.8867,-1.71261713265831,"1.124e-01","1.398e-01",-6.16
"FAM81A",-0.3504,0.6073,-0.819315541816625,"4.285e-01","4.729e-01",-6.16
"THOP1",-0.1781,8.3663,-1.8099043626748,"9.531e-02","1.203e-01",-6.16
"SLC6A15",0.2512,5.9974,1.76438023787258,"1.030e-01","1.291e-01",-6.16
"CDKAL1",-0.1481,5.9628,-1.74190692953945,"1.070e-01","1.337e-01",-6.16
"NFAT5",0.3334,6.7847,1.73603852207576,"1.080e-01","1.350e-01",-6.16
"DZANK1",-0.1529,3.7083,-1.69514048579176,"1.157e-01","1.435e-01",-6.17
"SRSF11",-0.1077,8.093,-1.7942990810555,"9.788e-02","1.233e-01",-6.17
"ARHGEF39",-0.1836,4.7958,-1.72992476754992,"1.092e-01","1.363e-01",-6.17
"EXOC6",-0.1219,4.1329,-1.70745479997107,"1.134e-01","1.409e-01",-6.17
"SORD",-0.2204,0.2238,-0.779882188749134,"4.505e-01","4.953e-01",-6.17
"POFUT2",0.1179,0.6422,1.1709320229626,"2.643e-01","3.048e-01",-6.18
"ADARB1",0.1403,4.655,1.71093027739214,"1.127e-01","1.401e-01",-6.18
"PPCS",-0.1933,7.8914,-1.86073130470721,"8.735e-02","1.111e-01",-6.18
"PPEF2",-0.2765,2.6432,-1.61874961195111,"1.314e-01","1.610e-01",-6.18
"MYL6",-0.156,9.5668,-1.88928493153184,"8.316e-02","1.062e-01",-6.18
"MIGA1",0.1435,3.8379,1.68184520085626,"1.183e-01","1.466e-01",-6.18
"LARGE1",-0.151,4.7489,-1.71838655740913,"1.113e-01","1.387e-01",-6.18
"SNORD5",0.0886,-0.2323,0.172988283291965,"8.655e-01","8.830e-01",-6.18
"NMT1",-0.181,7.3207,-1.7597914030704,"1.038e-01","1.300e-01",-6.18
"CAPRIN1",0.0771,8.8272,1.78638079514503,"9.921e-02","1.248e-01",-6.18
"MEIOB",0.1387,1.0553,1.19912110000438,"2.535e-01","2.933e-01",-6.18
"CEP104",0.0903,5.6604,1.71427876973603,"1.121e-01","1.395e-01",-6.18
"PTRHD1",-0.214,3.4539,-1.53846100584277,"1.498e-01","1.812e-01",-6.18
"KLF10",-0.0932,6.4842,-1.79874055995496,"9.714e-02","1.224e-01",-6.18
"CREB5",-0.4874,2.0315,-1.29779661494282,"2.187e-01","2.564e-01",-6.19
"ST8SIA4",0.3927,2.0746,1.27603464400901,"2.260e-01","2.641e-01",-6.19
"SMDT1",0.1502,5.6009,1.72931830524677,"1.093e-01","1.364e-01",-6.19
"TAF4",0.1333,4.8845,1.70405225396683,"1.140e-01","1.416e-01",-6.19
"PARD3B",-0.1872,6.7959,-1.71397601973449,"1.121e-01","1.395e-01",-6.19
"LITAF",0.3473,4.8854,1.69674641223898,"1.154e-01","1.432e-01",-6.19
"POLR2L",0.128,7.5149,1.80121529462602,"9.673e-02","1.220e-01",-6.19
"LYRM2",0.1692,3.7454,1.58200719961658,"1.395e-01","1.698e-01",-6.19
"CLTB",0.3901,7.0023,1.73472852891294,"1.083e-01","1.353e-01",-6.19
"SPIRE2",0.1561,3.6241,1.61734702953884,"1.317e-01","1.613e-01",-6.2
"CYFIP2",0.2666,4.5331,1.69878450900266,"1.150e-01","1.428e-01",-6.2
"PEX10",0.1102,6.1134,1.70784047006508,"1.133e-01","1.408e-01",-6.2
"ADAL",-0.0809,-0.647,-0.432592519082288,"6.730e-01","7.082e-01",-6.2
"CCDC71",0.1631,5.5224,1.72830262484627,"1.095e-01","1.366e-01",-6.2
"MRPS25",0.1322,5.8332,1.70759917245281,"1.133e-01","1.409e-01",-6.2
"PNPLA2",0.2621,4.7917,1.70732295752048,"1.134e-01","1.409e-01",-6.2
"FAM210A",0.168,7.7276,1.74321435126392,"1.067e-01","1.335e-01",-6.21
"SHKBP1",-0.1759,3.2718,-1.61963426110238,"1.312e-01","1.607e-01",-6.21
"ATG4B",0.0994,5.4695,1.68286092837003,"1.181e-01","1.464e-01",-6.21
"SEC23IP",-0.1096,6.3916,-1.71896893182593,"1.112e-01","1.386e-01",-6.21
"gga-mir-6598",-0.1396,-0.0876,-0.186560927117472,"8.551e-01","8.740e-01",-6.21
"RHNO1",-0.1614,3.9171,-1.63446649657155,"1.280e-01","1.572e-01",-6.21
"PIK3CG",-0.1759,6.5327,-1.71561506868139,"1.118e-01","1.392e-01",-6.21
"ASB7",-0.1253,5.021,-1.68953436176801,"1.168e-01","1.448e-01",-6.21
"SCARB2",-0.1065,5.441,-1.71983518916056,"1.110e-01","1.384e-01",-6.21
"MDH2",-0.3015,9.4795,-1.84512583942577,"8.973e-02","1.139e-01",-6.21
"NEK4",-0.2519,4.5144,-1.67125986672005,"1.204e-01","1.488e-01",-6.21
"LIN52",-0.1189,6.5663,-1.69929034918899,"1.149e-01","1.427e-01",-6.21
"TGFA",-0.187,3.3468,-1.61217172729701,"1.328e-01","1.625e-01",-6.22
"RWDD4",0.1286,6.8092,1.7423438094063,"1.069e-01","1.337e-01",-6.22
"NOX3",0.0377,-0.1227,0.0665139654618647,"9.481e-01","9.568e-01",-6.22
"gga-mir-7455",0.0051,-0.4864,0.0108559481250458,"9.915e-01","9.929e-01",-6.22
"EMC3",-0.1934,6.94,-1.77314890681721,"1.015e-01","1.274e-01",-6.23
"VWCE",0.171,4.8317,1.67843453523295,"1.190e-01","1.473e-01",-6.23
"U2SURP",0.184,7.8966,1.72341254703777,"1.104e-01","1.377e-01",-6.23
"DHDH",0.2721,1.5159,1.14858129095781,"2.730e-01","3.140e-01",-6.23
"ANOS1",0.3879,0.8947,0.935739143431048,"3.678e-01","4.113e-01",-6.23
"CEP164",0.2158,4.3309,1.67169544282812,"1.203e-01","1.487e-01",-6.23
"DCDC2",-0.556,0.9703,-0.771257963542863,"4.554e-01","4.999e-01",-6.23
"gga-mir-6567",0.0291,-0.803,0.135422629412102,"8.945e-01","9.097e-01",-6.23
"TMPRSS2",0.4806,1.541,0.91662596240696,"3.773e-01","4.209e-01",-6.24
"LNX1",-0.2309,0.9914,-1.0065299245885,"3.339e-01","3.771e-01",-6.24
"B3GNT9",0.143,4.6483,1.67847019804776,"1.190e-01","1.473e-01",-6.24
"COPS8",0.0993,5.6805,1.6560031275446,"1.235e-01","1.523e-01",-6.24
"HUNK",-0.1873,3.7292,-1.64759233136031,"1.253e-01","1.541e-01",-6.24
"ATP11A",-0.268,5.6571,-1.68239780590308,"1.182e-01","1.465e-01",-6.24
"GRM8",0.4763,0.968,0.950313000364561,"3.606e-01","4.044e-01",-6.24
"SAMD5",-0.4625,1.1937,-0.745560328513989,"4.702e-01","5.150e-01",-6.24
"TRAPPC2L",0.1578,5.1668,1.67466065044969,"1.197e-01","1.481e-01",-6.24
"YWHAB",-0.1283,10.1303,-1.83631210159998,"9.110e-02","1.155e-01",-6.24
"OASL",0.2511,2.8069,1.47552274450346,"1.657e-01","1.990e-01",-6.24
"BRMS1L",-0.1273,6.8458,-1.6779398667477,"1.191e-01","1.473e-01",-6.25
"CLASP2",-0.1053,7.5584,-1.71731753843479,"1.115e-01","1.389e-01",-6.25
"LDLRAD1",0.1472,1.9441,1.24131977573976,"2.381e-01","2.770e-01",-6.25
"BLB1",0.287,0.303,0.426164114864213,"6.775e-01","7.124e-01",-6.25
"SBNO1",0.1603,8.2504,1.72977479858403,"1.092e-01","1.363e-01",-6.25
"RPL12",-0.1415,8.4857,-1.8531875977915,"8.850e-02","1.125e-01",-6.25
"CINP",0.1362,4.9646,1.67386654603694,"1.199e-01","1.482e-01",-6.26
"CKAP4",0.1194,7.2862,1.74632320163242,"1.062e-01","1.328e-01",-6.26
"NDEL1",0.1895,4.3489,1.65177430463215,"1.244e-01","1.532e-01",-6.26
"TRDMT1",0.1141,4.9582,1.65415847261304,"1.239e-01","1.527e-01",-6.26
"LINS1",-0.1393,2.6771,-1.51204895052761,"1.563e-01","1.886e-01",-6.26
"FUS",-0.2365,9.2094,-1.81409475278112,"9.463e-02","1.196e-01",-6.27
"GTDC1",0.0925,5.1564,1.65506996651658,"1.237e-01","1.525e-01",-6.27
"TENM3",0.1862,4.7586,1.64233223523845,"1.263e-01","1.554e-01",-6.27
"TMEM70",-0.094,7.8328,-1.69621426849591,"1.155e-01","1.433e-01",-6.27
"EIF3G",-0.1192,7.8561,-1.72071132460382,"1.109e-01","1.382e-01",-6.27
"NFE2L1",0.2772,7.2411,1.68141610925168,"1.184e-01","1.466e-01",-6.27
"CRYGN",-0.216,1.5549,-1.08619634602854,"2.986e-01","3.403e-01",-6.27
"AGR2",-0.0512,-0.3432,-0.0902252452869168,"9.296e-01","9.402e-01",-6.28
"CLCN7",0.1005,6.0559,1.65631607463757,"1.235e-01","1.522e-01",-6.28
"NEK2",-0.188,6.0316,-1.65876166143868,"1.230e-01","1.518e-01",-6.28
"C1orf216",0.1226,4.7936,1.65476819402762,"1.238e-01","1.525e-01",-6.28
"FAM174A",0.1504,5.5187,1.69523985804173,"1.157e-01","1.435e-01",-6.28
"BSPRY",-0.1677,1.664,-1.02230133004282,"3.267e-01","3.694e-01",-6.28
"RPS6KA5",0.1264,6.1849,1.6466186721495,"1.255e-01","1.544e-01",-6.28
"SMARCE1",0.1823,8.1926,1.67523300224203,"1.196e-01","1.479e-01",-6.29
"gga-mir-6677",-0.2566,1.4399,-0.781194375195137,"4.498e-01","4.946e-01",-6.29
"FARSA",-0.1509,6.8755,-1.65782451596013,"1.231e-01","1.519e-01",-6.29
"MAP2K5",-0.1199,5.9747,-1.6522352872407,"1.243e-01","1.531e-01",-6.29
"TFEB",0.1255,4.5905,1.6326978606406,"1.284e-01","1.576e-01",-6.29
"DNALI1",0.0313,0.0738,0.0671509174326519,"9.476e-01","9.565e-01",-6.29
"PEX11A",0.3169,1.6699,1.11772156296694,"2.855e-01","3.267e-01",-6.3
"HPDL",0.2459,2.172,1.49889620140786,"1.596e-01","1.922e-01",-6.3
"ARHGAP40",-0.2687,2.3212,-1.37571697441017,"1.939e-01","2.299e-01",-6.3
"AP1B1",0.1137,7.1395,1.69749902669948,"1.153e-01","1.431e-01",-6.3
"SNORD81",-0.1561,0.046,-0.746029705107474,"4.700e-01","5.148e-01",-6.3
"GABRA4",0.1992,0.263,0.377806333206881,"7.121e-01","7.450e-01",-6.3
"GLMN",0.1141,4.9361,1.62051823808264,"1.310e-01","1.606e-01",-6.31
"OSTC",-0.1135,6.8325,-1.63992999179867,"1.269e-01","1.560e-01",-6.31
"SP5",0.3381,5.208,1.65144783875073,"1.245e-01","1.532e-01",-6.31
"TIAM2",0.2096,4.2159,1.61590753519372,"1.320e-01","1.616e-01",-6.31
"NDUFA8",-0.2269,7.4226,-1.71816891185466,"1.113e-01","1.387e-01",-6.31
"CCSER2",0.1229,5.4006,1.61665797844829,"1.318e-01","1.614e-01",-6.31
"NPS",-0.3204,2.092,-1.22043589733689,"2.456e-01","2.850e-01",-6.31
"SLK",0.2144,6.5512,1.62343088567295,"1.304e-01","1.598e-01",-6.31
"ONECUT2",-0.357,3.6518,-1.49964419601825,"1.594e-01","1.920e-01",-6.31
"CYB5D2",0.1817,5.0292,1.63077646764483,"1.288e-01","1.580e-01",-6.31
"PTPN1",0.1533,6.5381,1.6552683262367,"1.237e-01","1.525e-01",-6.31
"P2RY1",0.31,1.5558,1.16793814503069,"2.654e-01","3.059e-01",-6.32
"MVB12A",-0.1364,5.7409,-1.66153986985011,"1.224e-01","1.511e-01",-6.32
"SNAP23",0.1397,5.9748,1.64014321773821,"1.268e-01","1.559e-01",-6.32
"WNK1",0.1227,7.2842,1.62816059332675,"1.293e-01","1.586e-01",-6.32
"C5orf24",0.1261,6.3248,1.65449088236631,"1.238e-01","1.526e-01",-6.33
"SNRPF",-0.1667,7.3145,-1.673981864435,"1.199e-01","1.482e-01",-6.33
"gga-mir-7477",-0.0747,0.4056,-0.261535003868954,"7.981e-01","8.243e-01",-6.33
"RALB",-0.1202,7.4459,-1.67891917661528,"1.189e-01","1.472e-01",-6.33
"CTNNBL1",0.1275,6.1602,1.6089680176319,"1.335e-01","1.632e-01",-6.33
"PTER",-0.1135,6.1155,-1.68025762723643,"1.186e-01","1.469e-01",-6.33
"UBAP2L",0.0878,8.0677,1.68519317090523,"1.177e-01","1.458e-01",-6.33
"TMEM165",0.1259,6.8025,1.63760202312521,"1.273e-01","1.565e-01",-6.33
"CWC22",0.1386,6.4562,1.60923950205214,"1.334e-01","1.632e-01",-6.33
"DDX5",-0.1169,9.2324,-1.71820369376746,"1.113e-01","1.387e-01",-6.33
"FNDC10",0.4826,1.5712,0.867040024238433,"4.029e-01","4.469e-01",-6.33
"MTMR3",0.1277,6.3576,1.62488487634178,"1.300e-01","1.595e-01",-6.34
"FAM217B",0.1257,5.9516,1.60918354574919,"1.335e-01","1.632e-01",-6.34
"AGO4",0.1615,6.0474,1.61734187345416,"1.317e-01","1.613e-01",-6.34
"HYI",-0.2186,4.8405,-1.59537056255204,"1.365e-01","1.666e-01",-6.34
"RAB20",-0.1271,5.7829,-1.65833381899772,"1.230e-01","1.518e-01",-6.34
"RMND5A",-0.1441,6.0662,-1.62643842832653,"1.297e-01","1.591e-01",-6.35
"CELF1",0.1236,6.5451,1.58135240715435,"1.397e-01","1.699e-01",-6.35
"GOLGA7",-0.1059,7.6108,-1.65837225510702,"1.230e-01","1.518e-01",-6.35
"SLC4A2",-0.1174,6.7465,-1.63290591437045,"1.283e-01","1.575e-01",-6.35
"RPS12",-0.1473,10.122,-1.76880880349308,"1.022e-01","1.282e-01",-6.35
"SNORD30",0.0545,0.494,0.164483112948018,"8.721e-01","8.891e-01",-6.35
"MED24",-0.1375,7.0208,-1.6361645381135,"1.276e-01","1.568e-01",-6.35
"UIMC1",0.0972,4.6526,1.59662036973198,"1.362e-01","1.663e-01",-6.35
"MTMR4",-0.0994,6.3044,-1.59623482193534,"1.363e-01","1.664e-01",-6.35
"ZNF423",-0.1526,4.8981,-1.57465454304623,"1.412e-01","1.716e-01",-6.35
"SLC45A3",-0.1306,4.0985,-1.57842064683615,"1.404e-01","1.707e-01",-6.35
"VDAC2",-0.207,9.0644,-1.7218995800463,"1.106e-01","1.380e-01",-6.35
"ZPLD1",-0.1298,1.0029,-0.502207767665539,"6.246e-01","6.643e-01",-6.35
"HDAC2",-0.1169,7.9174,-1.64546144597855,"1.257e-01","1.546e-01",-6.35
"NFKBIZ",-0.2041,4.7148,-1.58243556884691,"1.394e-01","1.697e-01",-6.35
"DNAJC17",-0.228,6.8568,-1.6715920708524,"1.204e-01","1.487e-01",-6.35
"SMC3",0.1345,7.4292,1.60630834879335,"1.341e-01","1.639e-01",-6.36
"COPS3",-0.1052,7.1624,-1.58965492515371,"1.378e-01","1.679e-01",-6.36
"SLC38A1",-0.1519,8.2662,-1.7071516626495,"1.134e-01","1.409e-01",-6.36
"RORC",-0.2669,2.3235,-1.26626591267001,"2.294e-01","2.677e-01",-6.36
"PRDM5",0.087,0.4968,0.256196823559593,"8.021e-01","8.276e-01",-6.36
"TRAF1",0.2849,5.5278,1.61301141073897,"1.326e-01","1.623e-01",-6.36
"CC2D1B",-0.0963,6.2106,-1.61267301835078,"1.327e-01","1.623e-01",-6.36
"LACTB2",0.1246,6.7287,1.59975006401249,"1.355e-01","1.656e-01",-6.37
"YWHAZ",0.1376,9.0194,1.703443748809,"1.141e-01","1.417e-01",-6.37
"PHF20L1",-0.128,6.8049,-1.58268873089344,"1.394e-01","1.696e-01",-6.37
"INTS6",0.1484,5.8027,1.59186310699581,"1.373e-01","1.674e-01",-6.37
"gga-mir-1603",0.1103,0.5178,0.142308198821851,"8.892e-01","9.048e-01",-6.37
"SPDEF",0.0703,0.272,0.173142558969575,"8.654e-01","8.829e-01",-6.37
"EIF2AK4",0.1148,6.3461,1.5884489522159,"1.381e-01","1.681e-01",-6.37
"SLC25A25",0.0912,7.0214,1.61361660303063,"1.325e-01","1.621e-01",-6.38
"SWAP70",-0.0978,6.0358,-1.59701751115653,"1.361e-01","1.663e-01",-6.38
"gga-mir-1804",0.3858,1.5141,0.848406399895088,"4.128e-01","4.570e-01",-6.38
"ITFG1",0.1605,7.0142,1.64981101434647,"1.248e-01","1.536e-01",-6.38
"C17orf58",0.2188,1.0373,0.925486042482079,"3.729e-01","4.164e-01",-6.38
"NIN",-0.1637,4.8263,-1.56419827867863,"1.436e-01","1.743e-01",-6.38
"FDXACB1",-0.1619,4.5636,-1.57418481125322,"1.413e-01","1.717e-01",-6.38
"BARD1",0.1216,6.2874,1.57504041771329,"1.411e-01","1.715e-01",-6.38
"RYK",-0.0889,7.785,-1.65851670102243,"1.230e-01","1.518e-01",-6.38
"VIPR2",-0.0221,0.3418,-0.0441252487545715,"9.655e-01","9.721e-01",-6.38
"COMMD2",-0.0843,6.0774,-1.57697856077239,"1.407e-01","1.710e-01",-6.38
"ADGRG6",0.2429,2.1424,1.31400672152288,"2.133e-01","2.507e-01",-6.38
"ENY2",0.1551,5.3786,1.58938517447653,"1.379e-01","1.680e-01",-6.38
"RNF14",0.134,5.4975,1.57075728273018,"1.421e-01","1.726e-01",-6.38
"TMEM220",-0.118,3.404,-1.44677299627244,"1.735e-01","2.075e-01",-6.39
"TDRD7",-0.1052,5.068,-1.5600726170288,"1.446e-01","1.754e-01",-6.39
"SSU72",0.1619,8.2408,1.66702999035454,"1.213e-01","1.498e-01",-6.39
"ATP6V1C2",0.2659,2.6684,1.25541256395404,"2.331e-01","2.717e-01",-6.39
"PRTG",0.2264,2.7412,1.48268637517171,"1.638e-01","1.970e-01",-6.39
"TBX19",-0.2157,0.9183,-0.699666631089093,"4.974e-01","5.424e-01",-6.39
"KIAA1524",-0.1494,6.5293,-1.57459799633149,"1.412e-01","1.716e-01",-6.39
"RAB11FIP4",-0.183,5.0236,-1.56602396506603,"1.432e-01","1.738e-01",-6.39
"CREBBP",0.1296,5.9019,1.53250945730066,"1.512e-01","1.828e-01",-6.39
"NEIL3",-0.1314,5.2541,-1.57436383253831,"1.413e-01","1.717e-01",-6.39
"ART4",-0.3267,1.1252,-0.93006404504626,"3.706e-01","4.140e-01",-6.39
"NSL1",0.1359,5.6813,1.59794712839729,"1.359e-01","1.661e-01",-6.4
"VPS35",0.0865,7.9554,1.63475703087852,"1.279e-01","1.571e-01",-6.4
"NDUFB9",-0.189,8.0372,-1.69804043210396,"1.152e-01","1.430e-01",-6.4
"OSTF1",0.1053,6.0961,1.59517190121933,"1.366e-01","1.666e-01",-6.4
"RNF144B",-0.3469,2.0975,-1.09870665439972,"2.934e-01","3.349e-01",-6.4
"CARS",-0.2163,6.6247,-1.58570900186987,"1.387e-01","1.689e-01",-6.41
"C3orf14",0.1055,4.9471,1.5592954025663,"1.448e-01","1.756e-01",-6.41
"ITGA2",0.1661,3.022,1.43867187407499,"1.757e-01","2.099e-01",-6.41
"CCDC170",0.2823,1.2228,0.877335709807527,"3.975e-01","4.418e-01",-6.41
"SLC35B1",0.1015,7.3849,1.57919477894471,"1.402e-01","1.705e-01",-6.41
"RFNG",0.1641,6.0247,1.58890919231984,"1.380e-01","1.681e-01",-6.41
"COLQ",-0.2942,2.0694,-1.25840798892255,"2.321e-01","2.705e-01",-6.41
"FBXO25",0.3289,6.5448,1.63534408235304,"1.278e-01","1.570e-01",-6.41
"USP44",0.1509,6.4488,1.59187780353379,"1.373e-01","1.674e-01",-6.41
"C6orf62",0.1021,9.8368,1.71348553668511,"1.122e-01","1.396e-01",-6.42
"RBM33",0.1968,7.1871,1.59340347843498,"1.370e-01","1.671e-01",-6.42
"PAWR",0.2274,5.2226,1.58381582187794,"1.391e-01","1.694e-01",-6.42
"WRB",0.1089,7.0313,1.60542331074302,"1.343e-01","1.641e-01",-6.42
"ATP6V0A2",-0.1321,6.2463,-1.57870437988715,"1.403e-01","1.706e-01",-6.42
"KIAA0895",-0.1385,4.3019,-1.50595198209817,"1.578e-01","1.902e-01",-6.42
"RNF180",0.2709,2.045,1.13092051865723,"2.801e-01","3.213e-01",-6.42
"KCNIP4",-0.0636,0.643,-0.105625150958395,"9.176e-01","9.290e-01",-6.42
"HAO2",-0.2604,1.4355,-0.572172499174728,"5.777e-01","6.206e-01",-6.42
"GRIN3B",0.227,3.1465,1.30685903529747,"2.157e-01","2.532e-01",-6.43
"BMI1",-0.2445,7.909,-1.62952512587014,"1.291e-01","1.583e-01",-6.43
"EP300",0.1197,6.9584,1.53913829019891,"1.496e-01","1.810e-01",-6.43
"IREB2",-0.1021,6.5635,-1.55289377729905,"1.463e-01","1.772e-01",-6.43
"NIP7",0.1135,7.7114,1.61364612797865,"1.325e-01","1.621e-01",-6.44
"SCARNA14",-0.3001,0.8858,-0.397940585807979,"6.976e-01","7.309e-01",-6.44
"FASTKD1",-0.1527,4.1308,-1.52037814129256,"1.542e-01","1.862e-01",-6.44
"SPCS2",-0.1567,6.6552,-1.59221002289249,"1.372e-01","1.673e-01",-6.44
"MTIF2",0.0892,7.7277,1.58865349839864,"1.380e-01","1.681e-01",-6.44
"ELOVL5",-0.2902,7.7215,-1.59676189707513,"1.362e-01","1.663e-01",-6.44
"PKD1",0.2643,5.2741,1.51969765756117,"1.544e-01","1.864e-01",-6.44
"TMEM64",0.2789,7.2112,1.69722707192416,"1.153e-01","1.431e-01",-6.45
"PCBD2",0.1266,5.023,1.54777623248382,"1.475e-01","1.786e-01",-6.45
"FAM173A",-0.1685,0.6209,-0.504719520137259,"6.229e-01","6.627e-01",-6.45
"TMEM184B",0.1173,7.7578,1.58351473016298,"1.392e-01","1.694e-01",-6.46
"HINT2",-0.1068,6.489,-1.54561299325234,"1.481e-01","1.792e-01",-6.46
"NFXL1",0.138,5.3353,1.52459497612136,"1.532e-01","1.850e-01",-6.46
"DPM1",0.1016,7.2458,1.59330989125366,"1.370e-01","1.671e-01",-6.46
"TMLHE",0.1154,6.4424,1.5353634202927,"1.505e-01","1.820e-01",-6.46
"RPLP0",-0.1446,11.0562,-1.68835905279377,"1.170e-01","1.451e-01",-6.46
"MAPRE1",-0.2243,8.8438,-1.59731648486857,"1.361e-01","1.662e-01",-6.46
"SIX4",0.1988,4.5596,1.5153663052097,"1.555e-01","1.876e-01",-6.46
"SNORD127",-0.2307,2.7927,-1.03580021012619,"3.206e-01","3.633e-01",-6.46
"PLEKHM1",0.0906,6.0406,1.5309779369292,"1.516e-01","1.832e-01",-6.47
"SH3YL1",0.1253,4.2382,1.44338212729502,"1.744e-01","2.085e-01",-6.47
"EIF4G2",-0.2651,10.6848,-1.67974245195902,"1.187e-01","1.470e-01",-6.47
"XRN2",0.0764,8.2935,1.60438508818323,"1.345e-01","1.644e-01",-6.47
"ZNF608",-0.2235,1.5269,-0.985237903263335,"3.439e-01","3.874e-01",-6.47
"GCNT2",0.0961,0.9986,0.216161017786043,"8.325e-01","8.540e-01",-6.47
"CHSY1",0.0981,7.0894,1.5349082893078,"1.506e-01","1.821e-01",-6.47
"WRAP73",0.0936,5.7656,1.52420646861279,"1.533e-01","1.851e-01",-6.47
"ASXL1",0.125,6.1126,1.51007353530934,"1.568e-01","1.891e-01",-6.47
"MRPS18C",0.1488,5.1188,1.50741420548731,"1.575e-01","1.899e-01",-6.47
"CCDC125",-0.0419,0.9053,-0.147367704833882,"8.853e-01","9.013e-01",-6.47
"TANK",-0.143,4.6319,-1.50181054908177,"1.589e-01","1.914e-01",-6.48
"SNORD73",-0.0739,0.9514,-0.197004458504128,"8.471e-01","8.669e-01",-6.48
"ADORA2A",0.2089,2.5658,1.2934872615389,"2.201e-01","2.579e-01",-6.48
"EAF2",-0.0887,6.7027,-1.56636587526634,"1.431e-01","1.738e-01",-6.48
"MARS",-0.2007,8.4407,-1.63882289339946,"1.271e-01","1.562e-01",-6.49
"DTX4",0.0989,7.7027,1.59266343613604,"1.371e-01","1.672e-01",-6.49
"TESC",-0.18,1.7047,-0.741364888895313,"4.727e-01","5.173e-01",-6.49
"RFC5",-0.1614,5.9635,-1.54106643158238,"1.491e-01","1.805e-01",-6.49
"NT5C2",0.0747,6.7034,1.51580348668012,"1.554e-01","1.875e-01",-6.49
"UBL5",-0.1354,8.2941,-1.69308182652036,"1.161e-01","1.440e-01",-6.49
"gga-mir-1764",0.1209,0.8816,0.315574702524237,"7.577e-01","7.878e-01",-6.49
"CMTR1",0.136,5.5221,1.49714502384865,"1.601e-01","1.927e-01",-6.49
"SVBP",0.229,8.038,1.67660256906569,"1.194e-01","1.476e-01",-6.5
"APLP2",-0.0713,7.8532,-1.5713110645025,"1.420e-01","1.724e-01",-6.5
"DYNC1H1",-0.1932,9.0284,-1.56027831717109,"1.446e-01","1.754e-01",-6.5
"MMP9",0.2483,1.8491,1.1074033484159,"2.897e-01","3.311e-01",-6.5
"KIAA0513",0.1898,1.4098,0.435944937132874,"6.706e-01","7.063e-01",-6.5
"RABGAP1",-0.112,5.9793,-1.49547344927987,"1.605e-01","1.932e-01",-6.5
"HDAC1",-0.2892,6.5571,-1.50627520986389,"1.578e-01","1.902e-01",-6.5
"CUL1",0.1498,8.0614,1.55987410421506,"1.447e-01","1.754e-01",-6.5
"FAHD1",0.1805,6.7118,1.53689557337785,"1.502e-01","1.816e-01",-6.51
"MRPL28",-0.103,8.7864,-1.6569904534602,"1.233e-01","1.521e-01",-6.51
"VPS54",-0.1986,6.1383,-1.50374073852866,"1.584e-01","1.909e-01",-6.51
"HADH",-0.2497,7.5768,-1.59238836356507,"1.372e-01","1.673e-01",-6.52
"MICU2",-0.1719,5.1449,-1.49556961775339,"1.605e-01","1.932e-01",-6.52
"RPS28",-0.192,8.5507,-1.6780772604206,"1.191e-01","1.473e-01",-6.52
"UPF2",0.116,6.799,1.49187897927852,"1.614e-01","1.942e-01",-6.52
"NAA50",0.0908,8.1841,1.53029122865937,"1.518e-01","1.834e-01",-6.52
"GDAP1L1",0.2735,3.0066,1.42443782471737,"1.797e-01","2.143e-01",-6.52
"TAPBPL",-0.1366,3.1574,-1.36981802625799,"1.957e-01","2.318e-01",-6.52
"SDSL",-0.1048,1.2343,-0.239039447043216,"8.151e-01","8.387e-01",-6.52
"CENPP",-0.1554,5.1878,-1.49219628574445,"1.614e-01","1.941e-01",-6.52
"SNORA62",0.179,2.722,1.13587083812186,"2.781e-01","3.194e-01",-6.53
"MAP3K3",0.1137,6.9304,1.49795167237958,"1.599e-01","1.925e-01",-6.53
"TNFRSF1A",-0.1694,5.1518,-1.49226639174302,"1.613e-01","1.941e-01",-6.53
"UNC5C",-0.0726,0.9331,-0.218283433294584,"8.309e-01","8.524e-01",-6.53
"LYPD6",0.1371,1.0014,0.354632252445223,"7.290e-01","7.611e-01",-6.53
"TMEM62",-0.2126,5.2597,-1.4826642934456,"1.638e-01","1.970e-01",-6.53
"CUL4B",-0.1414,6.8566,-1.47508461389357,"1.658e-01","1.991e-01",-6.53
"AKAP1",-0.0963,7.523,-1.47033859437974,"1.671e-01","2.005e-01",-6.54
"IL1R2",-0.2176,3.0982,-1.24976905870512,"2.351e-01","2.738e-01",-6.54
"gga-mir-1808",0.0432,1.0021,0.155387281959218,"8.791e-01","8.955e-01",-6.54
"MT-ND2",0.0938,6.5201,1.33604765821995,"2.062e-01","2.431e-01",-6.54
"FAM210B",-0.1117,5.6754,-1.47423966344434,"1.661e-01","1.993e-01",-6.54
"ATP5S",-0.1677,3.9909,-1.40537293908946,"1.852e-01","2.202e-01",-6.54
"ZZZ3",-0.0966,6.1981,-1.4622272062317,"1.693e-01","2.029e-01",-6.55
"ARL13B",-0.1421,5.099,-1.46284874584019,"1.691e-01","2.027e-01",-6.55
"ARL1",0.1009,7.5587,1.5582219067434,"1.451e-01","1.759e-01",-6.55
"USP4",0.104,7.3015,1.50661804615996,"1.577e-01","1.901e-01",-6.55
"NDST1",0.1052,5.5094,1.46462345718928,"1.686e-01","2.022e-01",-6.55
"RPAP3",0.1883,7.0283,1.46627272745179,"1.682e-01","2.017e-01",-6.55
"CRLS1",0.1078,6.9401,1.55369547258622,"1.461e-01","1.770e-01",-6.55
"KLHL7",-0.0916,5.919,-1.45295311442669,"1.718e-01","2.057e-01",-6.55
"TRPC4AP",0.1561,8.9791,1.57300929755272,"1.416e-01","1.720e-01",-6.56
"UBR2",0.1147,6.601,1.44818984707497,"1.731e-01","2.071e-01",-6.56
"SLC8A3",0.1974,2.224,1.04062901128478,"3.185e-01","3.610e-01",-6.56
"TDRD3",-0.0971,6.2967,-1.45193497530138,"1.721e-01","2.059e-01",-6.56
"CHUK",-0.0773,6.3649,-1.46058209614061,"1.697e-01","2.033e-01",-6.57
"NAA20",-0.0953,6.0799,-1.44850830741915,"1.730e-01","2.070e-01",-6.57
"PSMC6",0.0941,7.9524,1.49082244133412,"1.617e-01","1.945e-01",-6.57
"TNNT1",-0.2591,1.5249,-0.90795860654699,"3.817e-01","4.256e-01",-6.57
"SLC25A12",0.1029,4.9409,1.43841912980882,"1.758e-01","2.100e-01",-6.57
"TIGD5",0.2006,2.0608,0.891664337118527,"3.900e-01","4.344e-01",-6.57
"ADAMTSL2",-0.079,5.5499,-1.45116523574146,"1.723e-01","2.062e-01",-6.57
"MOSPD2",0.1276,5.8283,1.44005554299836,"1.753e-01","2.095e-01",-6.57
"POLL",-0.0816,4.9382,-1.40676584681839,"1.848e-01","2.199e-01",-6.57
"PNN",0.1257,8.6056,1.51895874411712,"1.546e-01","1.866e-01",-6.57
"GTF2H1",0.0822,6.0914,1.4547517762719,"1.713e-01","2.052e-01",-6.57
"TUBA1C",-0.1893,9.2252,-1.59462321885643,"1.367e-01","1.668e-01",-6.58
"KCNN2",-0.1971,3.5212,-1.337867037679,"2.056e-01","2.425e-01",-6.58
"gga-mir-6545",0.1198,0.932,0.280913825334532,"7.835e-01","8.114e-01",-6.58
"gga-mir-135a-1",0.0238,1.0617,0.0687558098573457,"9.463e-01","9.554e-01",-6.58
"PLPP7",0.0335,0.7245,0.111667384475167,"9.129e-01","9.254e-01",-6.58
"GGT5",0.2629,1.0745,0.771958011658139,"4.550e-01","4.996e-01",-6.58
"GP5",0.2413,2.3625,1.22532725527146,"2.439e-01","2.831e-01",-6.59
"LXN",0.0271,0.9528,0.109465979713079,"9.146e-01","9.265e-01",-6.59
"HOXD8",-0.1656,3.3111,-1.1882660218211,"2.576e-01","2.977e-01",-6.59
"SPRED2",-0.1417,4.6716,-1.42290395236449,"1.801e-01","2.148e-01",-6.59
"TXNDC15",0.1219,4.9317,1.43408586005988,"1.770e-01","2.113e-01",-6.59
"SOAT1",0.134,8.2076,1.54203389847229,"1.489e-01","1.802e-01",-6.59
"IQGAP1",0.1226,7.6322,1.45195462319032,"1.721e-01","2.059e-01",-6.59
"KHDRBS1",-0.1288,8.0426,-1.52799092194143,"1.523e-01","1.841e-01",-6.6
"TMEM223",-0.1117,5.2089,-1.43815292208237,"1.759e-01","2.100e-01",-6.6
"IKZF5",0.092,5.7956,1.41899656829723,"1.813e-01","2.160e-01",-6.6
"PLA2G4F",0.1327,0.922,0.487505808207703,"6.347e-01","6.731e-01",-6.6
"CYP20A1",0.1097,6.5487,1.42496486438302,"1.796e-01","2.142e-01",-6.6
"JOSD1",0.1742,5.9394,1.48050339716116,"1.644e-01","1.975e-01",-6.6
"LHX8",-0.1898,1.5698,-0.659559713423457,"5.219e-01","5.662e-01",-6.6
"SMAD6",0.104,4.8702,1.40581694405669,"1.850e-01","2.201e-01",-6.61
"SLC16A4",-0.2159,1.6876,-0.774652538445283,"4.535e-01","4.981e-01",-6.61
"NME3",0.1145,6.53,1.44397376434552,"1.742e-01","2.083e-01",-6.61
"DCUN1D5",0.1036,6.0986,1.46184934977538,"1.694e-01","2.030e-01",-6.61
"POPDC2",-0.168,1.2812,-0.627541513626584,"5.420e-01","5.862e-01",-6.61
"TSPAN4",-0.1402,5.5723,-1.3995031779238,"1.869e-01","2.222e-01",-6.61
"NELL1",-0.1807,1.5565,-0.952587122536426,"3.595e-01","4.035e-01",-6.62
"CHCHD3",-0.1639,7.2939,-1.41682919529152,"1.819e-01","2.167e-01",-6.62
"SCARNA13",-0.2632,1.8661,-0.673375738261402,"5.134e-01","5.581e-01",-6.62
"SNORD36",0.0389,1.2945,0.103484954920413,"9.193e-01","9.306e-01",-6.62
"TFAP2C",0.2328,2.934,1.17749859409531,"2.617e-01","3.022e-01",-6.62
"CDC26",-0.1855,5.0116,-1.40634168436906,"1.849e-01","2.200e-01",-6.62
"PTGDS",0.2077,2.7497,0.966313584697702,"3.529e-01","3.965e-01",-6.62
"CDK5",-0.1088,6.5458,-1.47356502377113,"1.662e-01","1.995e-01",-6.63
"NDUFS6",-0.1206,6.9057,-1.44668252033988,"1.735e-01","2.075e-01",-6.63
"PRKD1",0.0996,5.2819,1.38910832623879,"1.899e-01","2.254e-01",-6.63
"VANGL1",0.1622,5.5021,1.40594876292407,"1.850e-01","2.201e-01",-6.63
"LRRC73",0.1348,1.3829,0.188966531652301,"8.533e-01","8.724e-01",-6.63
"RAB43",0.1234,6.0274,1.42832903475402,"1.786e-01","2.131e-01",-6.63
"TGM6",-0.2782,1.6897,-1.02750501883084,"3.244e-01","3.670e-01",-6.64
"HBP1",-0.1347,5.9359,-1.43747556415731,"1.760e-01","2.102e-01",-6.64
"CNN1",0.1438,1.2391,0.53803607329329,"6.004e-01","6.417e-01",-6.64
"TMEM208",-0.0836,6.645,-1.45199493925373,"1.720e-01","2.059e-01",-6.64
"NEUROD1",0.1022,1.3422,0.433233417557141,"6.725e-01","7.078e-01",-6.64
"RORA",0.0917,1.436,0.730484702678423,"4.791e-01","5.240e-01",-6.64
"EVA1B",0.1815,1.8041,0.662404147156102,"5.202e-01","5.645e-01",-6.64
"TMEM233",-0.1846,1.8704,-1.01461752293352,"3.302e-01","3.731e-01",-6.64
"TTLL5",-0.1029,6.4994,-1.39729622344013,"1.875e-01","2.228e-01",-6.64
"IDH3A",-0.1245,6.885,-1.37024698133271,"1.956e-01","2.317e-01",-6.64
"EI24",-0.1591,7.5226,-1.39640884480442,"1.878e-01","2.231e-01",-6.64
"TMEM61",-0.0697,1.2082,-0.231287087508936,"8.210e-01","8.433e-01",-6.64
"MARCH8",-0.1608,4.3144,-1.35734811620895,"1.996e-01","2.359e-01",-6.65
"INPP5A",-0.0874,5.8267,-1.37485389892001,"1.942e-01","2.302e-01",-6.65
"PDPK1",0.1559,7.945,1.41625625369116,"1.820e-01","2.169e-01",-6.65
"LGI3",0.1519,1.694,0.654734650948452,"5.249e-01","5.693e-01",-6.65
"NCL",0.094,10.9622,1.55142730878529,"1.467e-01","1.776e-01",-6.65
"HGSNAT",-0.1171,5.8757,-1.41918504589449,"1.812e-01","2.160e-01",-6.65
"MIDN",-0.1256,6.1412,-1.41111301218734,"1.835e-01","2.185e-01",-6.66
"LYPLA2",0.1002,7.9723,1.4760717751764,"1.656e-01","1.988e-01",-6.66
"SEMA3D",-0.0378,1.6713,-0.162399691239488,"8.737e-01","8.904e-01",-6.66
"CKS2",-0.1013,1.3902,-0.237415244157228,"8.163e-01","8.395e-01",-6.66
"POLE2",-0.1176,6.4498,-1.39935725833745,"1.869e-01","2.222e-01",-6.66
"CITED2",0.3824,3.7866,1.08047323114715,"3.011e-01","3.428e-01",-6.66
"SLC25A16",0.1032,5.3232,1.40004178801837,"1.867e-01","2.220e-01",-6.66
"YIPF5",-0.1009,6.8957,-1.38029902491818,"1.926e-01","2.284e-01",-6.66
"SULT6B1",-0.1266,2.9054,-1.28140968516064,"2.242e-01","2.622e-01",-6.67
"TOR3A",0.1986,4.7236,1.3705261917845,"1.955e-01","2.316e-01",-6.67
"CCNA2",-0.1691,7.8512,-1.45404268011449,"1.715e-01","2.054e-01",-6.67
"NCAPD2",-0.175,7.0399,-1.37392023016646,"1.945e-01","2.305e-01",-6.67
"PSMC3",0.0992,8.1337,1.46667200391836,"1.681e-01","2.016e-01",-6.67
"ZCCHC6",-0.1845,5.0534,-1.34867147787748,"2.022e-01","2.387e-01",-6.67
"PGD",0.1185,8.1235,1.48009152311403,"1.645e-01","1.976e-01",-6.67
"CRIPT",0.0871,6.2453,1.39614753271999,"1.879e-01","2.231e-01",-6.67
"ABCA3",-0.1279,7.7273,-1.42315408074867,"1.801e-01","2.147e-01",-6.67
"RPTOR",0.0985,6.4424,1.35073886717934,"2.016e-01","2.380e-01",-6.67
"ARHGAP5",-0.1512,6.9786,-1.36240519875064,"1.980e-01","2.342e-01",-6.68
"DLG1",0.0902,6.7212,1.34218785051898,"2.043e-01","2.410e-01",-6.68
"RMDN1",-0.1951,3.9981,-1.27802991296535,"2.253e-01","2.634e-01",-6.68
"SPRTN",0.1117,6.1205,1.38194106162769,"1.921e-01","2.279e-01",-6.68
"RNF130",0.0827,7.8075,1.48766561279401,"1.625e-01","1.955e-01",-6.68
"FBXW8",0.1008,5.0113,1.36495454485927,"1.972e-01","2.334e-01",-6.68
"PTPRC",-0.1673,2.9432,-1.24146721840068,"2.381e-01","2.770e-01",-6.68
"ATXN2",0.0831,7.8209,1.41410774605311,"1.826e-01","2.175e-01",-6.68
"LRP12",0.1003,6.9806,1.37397805919595,"1.945e-01","2.305e-01",-6.69
"TMEM9B",-0.1057,6.6764,-1.42740677553657,"1.789e-01","2.134e-01",-6.69
"AUP1",-0.1656,7.5831,-1.46758999266671,"1.678e-01","2.013e-01",-6.69
"ZNF76",0.0746,4.9781,1.35250430017079,"2.011e-01","2.375e-01",-6.69
"GPS1",0.0812,6.7134,1.39115561603965,"1.893e-01","2.248e-01",-6.69
"TOMM70",0.0708,7.5016,1.43225214146486,"1.775e-01","2.118e-01",-6.69
"CLCN6",0.0862,6.3065,1.35363518013279,"2.007e-01","2.371e-01",-6.69
"INTS8",0.1095,6.8354,1.39428221495895,"1.884e-01","2.238e-01",-6.69
"RDM1",0.1172,5.0672,1.35939855929666,"1.989e-01","2.352e-01",-6.69
"PPM1E",-0.1809,4.7775,-1.34131138868576,"2.046e-01","2.413e-01",-6.69
"ASCC2",0.1039,5.7075,1.35831805171041,"1.993e-01","2.356e-01",-6.69
"SNORD101",0.098,1.6475,0.458960184230344,"6.544e-01","6.914e-01",-6.69
"CHMP2A",0.1093,6.3573,1.35594425716783,"2.000e-01","2.364e-01",-6.69
"FAM168B",0.1315,7.4925,1.36855773535104,"1.961e-01","2.322e-01",-6.7
"ICOS",-0.1232,1.2556,-0.27617884618716,"7.871e-01","8.146e-01",-6.7
"FBXL2",-0.0898,5.8505,-1.36354317893068,"1.976e-01","2.338e-01",-6.7
"GDA",-0.1527,2.4295,-0.849923323810208,"4.119e-01","4.564e-01",-6.7
"PADI1",-0.1427,1.9844,-0.71305353392461,"4.894e-01","5.342e-01",-6.7
"SMC6",0.1023,5.6752,1.32117994191725,"2.110e-01","2.481e-01",-6.7
"YBEY",-0.1462,5.3543,-1.38173212537483,"1.921e-01","2.280e-01",-6.7
"ZFYVE19",0.0982,6.5479,1.37968288825375,"1.928e-01","2.286e-01",-6.7
"PDSS2",-0.1645,5.6393,-1.36941742073917,"1.959e-01","2.319e-01",-6.7
"NAA35",0.0772,6.2522,1.35447001384719,"2.004e-01","2.369e-01",-6.71
"LRRTM4",-0.1829,1.2993,-0.557579548427644,"5.873e-01","6.295e-01",-6.71
"BCR",-0.1624,4.9795,-1.33429635480352,"2.068e-01","2.436e-01",-6.71
"RPL32",-0.1207,9.12,-1.51925452444861,"1.545e-01","1.865e-01",-6.71
"ZNF804A",-0.1548,1.2043,-0.57905238124514,"5.732e-01","6.162e-01",-6.71
"RNF32",0.2559,2.7164,0.972159145189898,"3.501e-01","3.937e-01",-6.71
"DUSP15",-0.0915,1.3113,-0.57494591579842,"5.759e-01","6.189e-01",-6.72
"ACTR2",0.119,8.4838,1.43824244766416,"1.758e-01","2.100e-01",-6.72
"RPL35",-0.1064,8.7878,-1.44008747890818,"1.753e-01","2.095e-01",-6.72
"ZSWIM7",0.1917,3.57,1.12859743603507,"2.810e-01","3.222e-01",-6.72
"PTCD2",0.162,5.2895,1.3441101508155,"2.037e-01","2.404e-01",-6.72
"NRARP",-0.2915,3.9725,-1.15843918996645,"2.691e-01","3.099e-01",-6.72
"TMEM258",-0.1356,7.1453,-1.40446307213708,"1.854e-01","2.205e-01",-6.72
"IL11RA",0.1772,3.2639,1.12026585715947,"2.844e-01","3.256e-01",-6.72
"ESF1",0.1448,7.1135,1.31896420047006,"2.117e-01","2.489e-01",-6.72
"RHBDL1",0.177,3.0804,1.03133932216034,"3.226e-01","3.653e-01",-6.72
"TMEM5",0.0952,5.1399,1.3277876782779,"2.089e-01","2.457e-01",-6.72
"SUCLA2",-0.0912,6.8165,-1.34818751120857,"2.024e-01","2.389e-01",-6.72
"TOB2",-0.0992,7.0944,-1.36330550850737,"1.977e-01","2.339e-01",-6.73
"PDE3B",0.0792,6.0292,1.33463352516554,"2.067e-01","2.435e-01",-6.73
"FAM161B",0.1773,3.6595,1.17341855352055,"2.633e-01","3.039e-01",-6.73
"SMIM8",-0.1956,3.1527,-1.09319212808571,"2.957e-01","3.372e-01",-6.73
"ZC3H12B",-0.1196,3.9253,-1.29138508543751,"2.208e-01","2.587e-01",-6.73
"TBX4",0.1402,1.6969,0.692824124973134,"5.016e-01","5.464e-01",-6.73
"ACVR2B",0.2184,2.0495,0.562799431902141,"5.839e-01","6.262e-01",-6.73
"KDELR2",-0.2263,9.2982,-1.50136720596172,"1.590e-01","1.915e-01",-6.73
"BCL11A",0.1016,5.1623,1.2995699175758,"2.181e-01","2.558e-01",-6.74
"FANCA",-0.1006,5.5582,-1.31239966207449,"2.138e-01","2.513e-01",-6.74
"SEC16B",0.2372,3.4961,1.19807225704638,"2.539e-01","2.937e-01",-6.74
"PGPEP1",0.1145,4.6136,1.30704256224009,"2.156e-01","2.531e-01",-6.74
"SLC25A39",-0.119,8.6426,-1.4330851142885,"1.773e-01","2.116e-01",-6.74
"HYKK",0.1318,1.5749,0.6453595048361,"5.308e-01","5.753e-01",-6.74
"DNAL4",0.116,5.8041,1.32844170931296,"2.086e-01","2.455e-01",-6.74
"IFT52",-0.1095,6.4522,-1.3025884224315,"2.171e-01","2.547e-01",-6.74
"RNFT2",0.1975,3.6029,1.15802381606525,"2.693e-01","3.101e-01",-6.74
"PYROXD1",0.1173,4.2017,1.28617162932807,"2.226e-01","2.605e-01",-6.74
"BRD3",-0.1603,4.9032,-1.30952253185819,"2.148e-01","2.523e-01",-6.74
"NELL2",-0.1569,2.1553,-0.457104681290323,"6.557e-01","6.927e-01",-6.74
"GNAQ",-0.1017,5.4834,-1.29414342675384,"2.199e-01","2.577e-01",-6.75
"QTRT2",0.0923,5.6345,1.27849222135921,"2.252e-01","2.633e-01",-6.75
"PGAM1",0.1099,10.5764,1.48240774268398,"1.639e-01","1.970e-01",-6.75
"DDR2",0.158,4.0513,1.27767827273604,"2.254e-01","2.635e-01",-6.75
"VRK1",0.109,6.5782,1.31087764838964,"2.143e-01","2.518e-01",-6.75
"HSCB",-0.1274,6.9402,-1.47925846910026,"1.647e-01","1.978e-01",-6.75
"DYM",-0.0832,5.5984,-1.30477679791488,"2.163e-01","2.539e-01",-6.75
"DPP10",0.1249,1.7556,0.578082142588183,"5.739e-01","6.168e-01",-6.75
"SPDYA",-0.2113,3.0229,-0.994221767016492,"3.397e-01","3.832e-01",-6.76
"DCTN2",-0.1544,7.1492,-1.37119182692021,"1.953e-01","2.314e-01",-6.76
"SNORA28",0.123,2.2964,0.628084578150389,"5.417e-01","5.860e-01",-6.76
"DPEP1",-0.172,2.2384,-0.361292833960035,"7.241e-01","7.565e-01",-6.76
"PPM1H",0.1241,5.2644,1.32154592487939,"2.109e-01","2.480e-01",-6.76
"MORN2",0.0563,1.5256,0.355731659779077,"7.282e-01","7.604e-01",-6.77
"MRI1",0.1701,5.953,1.35189498953027,"2.012e-01","2.377e-01",-6.77
"CLIC2",0.0962,1.3016,0.517425844462474,"6.142e-01","6.543e-01",-6.77
"SLC48A1",-0.1575,5.8796,-1.34065498682689,"2.048e-01","2.415e-01",-6.77
"SLC6A12",0.1263,1.3131,0.593565053004155,"5.638e-01","6.073e-01",-6.77
"SDHA",-0.1977,9.7285,-1.44584771445503,"1.737e-01","2.077e-01",-6.78
"HIF1A",-0.1148,7.3155,-1.29569936768132,"2.194e-01","2.572e-01",-6.78
"RMI1",0.079,4.7832,1.26394711478102,"2.302e-01","2.685e-01",-6.78
"NR4A3",0.108,4.8355,1.26544224113508,"2.296e-01","2.680e-01",-6.78
"MMADHC",-0.1219,7.9975,-1.36910504527655,"1.960e-01","2.320e-01",-6.78
"TBC1D2",-0.1404,3.5967,-1.21987062638052,"2.459e-01","2.853e-01",-6.78
"TNFAIP2",-0.0013,1.0058,-0.00367456010091158,"9.971e-01","9.977e-01",-6.78
"PEX7",-0.1022,5.451,-1.28742242190589,"2.221e-01","2.601e-01",-6.78
"MCOLN1",-0.1085,6.2714,-1.33465737567354,"2.067e-01","2.435e-01",-6.78
"PLEKHD1",0.142,1.7008,0.782337953354626,"4.491e-01","4.939e-01",-6.78
"COMMD1",-0.1185,4.5255,-1.25551783660675,"2.331e-01","2.717e-01",-6.78
"GNG5",-0.1226,7.1495,-1.40670103815206,"1.848e-01","2.199e-01",-6.78
"MLLT11",0.1257,2.5877,0.664409787677008,"5.189e-01","5.633e-01",-6.78
"PMVK",0.0817,7.1567,1.36870128401801,"1.961e-01","2.321e-01",-6.78
"CXCR1",-0.0905,1.4288,-0.466619170840278,"6.491e-01","6.866e-01",-6.79
"FBXO11",0.0959,6.6027,1.29030033237603,"2.212e-01","2.591e-01",-6.79
"TSPAN8",0.4496,6.4864,1.40223497135301,"1.861e-01","2.213e-01",-6.79
"MLLT3",0.1264,4.4994,1.26074984587915,"2.313e-01","2.696e-01",-6.79
"DPY19L3",-0.1254,4.552,-1.26242832795152,"2.307e-01","2.690e-01",-6.79
"SS18",0.1078,8.3764,1.33408800505415,"2.068e-01","2.436e-01",-6.79
"LRP2BP",-0.1572,3.0636,-1.00197423971157,"3.361e-01","3.793e-01",-6.79
"SNORD16",0.1864,1.9294,0.844938823784328,"4.146e-01","4.588e-01",-6.79
"INO80D",-0.2506,4.5998,-1.24915533035285,"2.353e-01","2.739e-01",-6.8
"CRNKL1",-0.0884,6.9355,-1.29140857702807,"2.208e-01","2.587e-01",-6.8
"TUFT1",0.104,5.5576,1.28208271887632,"2.239e-01","2.620e-01",-6.8
"CSE1L",0.0776,9.1103,1.38939094015418,"1.899e-01","2.254e-01",-6.8
"PIGH",0.1998,4.0932,1.12119267530939,"2.841e-01","3.253e-01",-6.8
"RGS6",-0.1616,1.7206,-0.502915646124405,"6.241e-01","6.639e-01",-6.8
"COG1",-0.132,4.5418,-1.24870334003741,"2.355e-01","2.740e-01",-6.8
"SAE1",0.0933,5.634,1.24004164649452,"2.386e-01","2.774e-01",-6.81
"ND5",0.0786,7,1.10962504020652,"2.888e-01","3.302e-01",-6.81
"GFM1",0.1397,8.0141,1.32189202289451,"2.108e-01","2.479e-01",-6.81
"DGKQ",-0.2345,4.4012,-1.24010347448613,"2.385e-01","2.774e-01",-6.81
"RAP2C",-0.0858,6.4877,-1.28791537207541,"2.220e-01","2.599e-01",-6.81
"NISCH",0.097,6.7558,1.2718805952491,"2.274e-01","2.656e-01",-6.81
"TMCO1",-0.1981,7.523,-1.26702593234521,"2.291e-01","2.675e-01",-6.81
"B3GNT2",0.0734,5.637,1.25150716750913,"2.345e-01","2.732e-01",-6.82
"VIL1",0.1131,2.9138,0.946105311767845,"3.627e-01","4.063e-01",-6.82
"SMKR1",0.0516,1.616,0.196376766079783,"8.476e-01","8.673e-01",-6.82
"MAPK13",-0.1558,2.3126,-1.05461779282454,"3.123e-01","3.547e-01",-6.82
"LUC7L",0.113,6.8832,1.31964897787938,"2.115e-01","2.487e-01",-6.82
"ANXA2",-0.0795,5.6754,-1.28120344982347,"2.242e-01","2.623e-01",-6.82
"SLC7A2",0.14,2.4947,1.06255448444436,"3.088e-01","3.510e-01",-6.82
"PRELID3B",0.1,8.7152,1.35175245052601,"2.013e-01","2.377e-01",-6.82
"RDH5",-0.138,5.0531,-1.24918695357724,"2.353e-01","2.739e-01",-6.82
"SNORA63",-0.0914,2.3279,-0.487225432576293,"6.348e-01","6.733e-01",-6.82
"RUFY3",-0.0633,6.657,-1.25474959772311,"2.334e-01","2.719e-01",-6.82
"SNORD24",-0.1539,4.2694,-1.13596370296896,"2.781e-01","3.194e-01",-6.82
"COL26A1",0.0079,1.0542,0.0437028446264732,"9.659e-01","9.723e-01",-6.82
"OPRM1",0.1619,3.8936,1.14916756986983,"2.728e-01","3.138e-01",-6.82
"THOC5",0.0822,7.0827,1.28208105655519,"2.239e-01","2.620e-01",-6.82
"USP35",-0.1055,2.5356,-0.85362307651473,"4.100e-01","4.543e-01",-6.83
"NELFA",0.0996,6.8228,1.25460007359063,"2.334e-01","2.719e-01",-6.83
"PPM1A",-0.0661,7.5495,-1.27619758007183,"2.259e-01","2.640e-01",-6.83
"PRDM15",-0.0917,4.6488,-1.21449932213104,"2.478e-01","2.872e-01",-6.83
"AMPD3",0.1386,4.8531,1.2374017701872,"2.395e-01","2.785e-01",-6.83
"gga-mir-1778",0.1259,3.1415,0.840698084690646,"4.169e-01","4.608e-01",-6.83
"ZMPSTE24",0.0754,7.2652,1.27366438182594,"2.268e-01","2.650e-01",-6.83
"SDHAF4",-0.0935,5.3131,-1.26486794837349,"2.298e-01","2.682e-01",-6.84
"SREBF2",-0.2404,9.164,-1.41580945621551,"1.822e-01","2.170e-01",-6.84
"NUF2",0.1337,8.0856,1.31971307182633,"2.115e-01","2.487e-01",-6.84
"SDF4",-0.0758,7.6275,-1.31136557447107,"2.142e-01","2.517e-01",-6.84
"BUB3",-0.1087,8.1157,-1.34377442319028,"2.038e-01","2.404e-01",-6.84
"LEPROTL1",0.0837,6.6533,1.27096370676084,"2.277e-01","2.659e-01",-6.85
"STARD3NL",0.0784,4.5553,1.2118661322975,"2.488e-01","2.883e-01",-6.85
"MAP3K9",0.1662,4.5873,1.1999462808074,"2.532e-01","2.930e-01",-6.85
"HIKESHI",-0.1056,5.7341,-1.23056507719185,"2.420e-01","2.811e-01",-6.85
"PIK3CA",0.1254,6.1566,1.21725590772285,"2.468e-01","2.863e-01",-6.85
"SRI",-0.1546,7.3019,-1.29670675810813,"2.190e-01","2.568e-01",-6.85
"ARID4A",-0.0793,5.7653,-1.2042978780921,"2.516e-01","2.913e-01",-6.85
"VIM",-0.0833,7.4312,-1.28287431577402,"2.237e-01","2.617e-01",-6.85
"MRPL14",0.0814,6.8607,1.29384031891952,"2.200e-01","2.578e-01",-6.85
"TMEM17",0.1476,2.7393,0.875524035151024,"3.984e-01","4.428e-01",-6.85
"ERO1B",-0.1347,5.6952,-1.25055457081492,"2.348e-01","2.735e-01",-6.86
"MBNL1",0.0893,8.2009,1.23448148732661,"2.406e-01","2.796e-01",-6.86
"CCDC93",-0.0765,5.9614,-1.22814873651321,"2.428e-01","2.820e-01",-6.86
"NPLOC4",-0.0729,5.0484,-1.19182406789046,"2.563e-01","2.963e-01",-6.86
"KIF2A",0.0831,6.0631,1.20232003538243,"2.523e-01","2.921e-01",-6.86
"SYTL1",0.1428,2.6638,0.412131158352841,"6.875e-01","7.209e-01",-6.86
"SLC26A3",0.1537,2.3633,0.400676406557886,"6.957e-01","7.291e-01",-6.86
"TMED10",-0.102,9.8098,-1.40590971517071,"1.850e-01","2.201e-01",-6.87
"CPAMD8",0.1426,4.3055,1.18896070594323,"2.574e-01","2.975e-01",-6.87
"HDHD2",0.0671,5.5204,1.21481910230864,"2.477e-01","2.872e-01",-6.87
"NANP",0.0943,5.6483,1.23801346152192,"2.393e-01","2.783e-01",-6.87
"ZNF207",-0.0876,7.974,-1.24933482694875,"2.353e-01","2.739e-01",-6.87
"NXPH1",0.0475,1.3392,0.269382841540646,"7.922e-01","8.192e-01",-6.87
"LDAH",0.0604,6.3589,1.20555529429493,"2.511e-01","2.908e-01",-6.87
"PDIA2",0.114,1.4209,0.592063723722276,"5.648e-01","6.081e-01",-6.87
"CBX3",0.0669,5.1173,1.09066114097451,"2.968e-01","3.382e-01",-6.87
"ACP1",0.0873,6.6386,1.19418518457538,"2.554e-01","2.954e-01",-6.87
"SMS",-0.0992,7.2184,-1.22090986900061,"2.455e-01","2.849e-01",-6.87
"POU2F1",0.2102,4.4873,1.18789394092065,"2.578e-01","2.978e-01",-6.87
"NUDCD1",0.1202,7.0932,1.23020148941305,"2.421e-01","2.812e-01",-6.87
"PLEKHA1",0.0893,6.2844,1.21712032513443,"2.469e-01","2.863e-01",-6.88
"LIN9",0.0924,5.2416,1.18055647993031,"2.606e-01","3.009e-01",-6.88
"G6PC2",-0.1242,2.5202,-0.842541480850951,"4.159e-01","4.600e-01",-6.88
"HHATL",0.0874,1.7811,0.491313406700923,"6.320e-01","6.708e-01",-6.88
"ACTL6A",0.1422,8.1471,1.28610652108688,"2.226e-01","2.605e-01",-6.88
"VPS8",0.0635,6.9144,1.21721782153938,"2.468e-01","2.863e-01",-6.89
"GYG1",0.1163,5.6511,1.21667641064081,"2.470e-01","2.864e-01",-6.89
"KIFAP3",-0.0569,7.265,-1.20820394732073,"2.502e-01","2.898e-01",-6.89
"PSPC1",-0.0794,7.2191,-1.19820797107124,"2.539e-01","2.937e-01",-6.89
"PAX6",-0.0672,4.8951,-1.17046374864157,"2.644e-01","3.049e-01",-6.89
"FAM184A",0.233,3.5058,1.09907997901801,"2.932e-01","3.348e-01",-6.89
"gga-mir-7-1",0.0762,2.4966,0.284294286987542,"7.810e-01","8.092e-01",-6.89
"ARRDC4",-0.1102,5.8348,-1.20387482307432,"2.518e-01","2.915e-01",-6.9
"TTC39A",-0.1002,1.7486,-0.571912850176312,"5.779e-01","6.207e-01",-6.9
"SELENOI",-0.0669,7.3328,-1.20734867880877,"2.505e-01","2.901e-01",-6.9
"TYSND1",-0.2041,5.3608,-1.22504926932378,"2.440e-01","2.832e-01",-6.9
"PLAA",0.0672,6.0112,1.15252493303661,"2.715e-01","3.124e-01",-6.9
"METRNL",-0.0711,2.0096,-0.324145186016321,"7.514e-01","7.820e-01",-6.9
"PDIA6",-0.0629,8.5827,-1.31089958677553,"2.143e-01","2.518e-01",-6.9
"LRIG2",0.1051,6.173,1.20073871801218,"2.529e-01","2.927e-01",-6.9
"SNORD79",-0.1051,3.1881,-0.831265594262314,"4.220e-01","4.660e-01",-6.9
"INPP5B",0.0911,6.5276,1.23405369600379,"2.407e-01","2.797e-01",-6.9
"PTN",0.0948,1.9599,0.329599366173271,"7.474e-01","7.780e-01",-6.91
"SOX4",0.299,6.4816,1.30426640814331,"2.165e-01","2.541e-01",-6.91
"ADAMTS18",-0.2046,1.9043,-0.378716652348,"7.115e-01","7.444e-01",-6.91
"LRRK2",-0.141,5.2492,-1.12949157920851,"2.807e-01","3.219e-01",-6.91
"ATP5B",-0.1728,11.1707,-1.36379160693479,"1.976e-01","2.338e-01",-6.91
"KIF25",-0.0837,1.8082,-0.474841257176033,"6.434e-01","6.813e-01",-6.91
"VPS4B",-0.0715,8.299,-1.2712421831195,"2.276e-01","2.658e-01",-6.91
"MARK1",-0.0696,5.9002,-1.17767502679999,"2.617e-01","3.021e-01",-6.91
"IL17REL",0.0723,1.9551,0.497290959036536,"6.279e-01","6.673e-01",-6.91
"PCNX1",-0.1065,6.3719,-1.15457731607237,"2.707e-01","3.115e-01",-6.91
"PDCD2",0.1246,6.6411,1.15142422103688,"2.719e-01","3.129e-01",-6.91
"CAP1",-0.1055,9.1717,-1.33051280575591,"2.080e-01","2.448e-01",-6.92
"DOK6",-0.0958,3.0469,-0.777794373485813,"4.517e-01","4.964e-01",-6.92
"MRPL54",0.0288,0.8021,0.241569059470447,"8.132e-01","8.373e-01",-6.92
"RPL22",-0.1092,9.9672,-1.36846631285751,"1.961e-01","2.322e-01",-6.92
"SNORD71",0.0756,2.5102,0.337760350227196,"7.414e-01","7.726e-01",-6.92
"NKIRAS1",-0.1743,2.753,-0.884383230553586,"3.938e-01","4.382e-01",-6.92
"ZC2HC1A",-0.1251,3.1238,-0.95063271121715,"3.605e-01","4.044e-01",-6.92
"C11orf49",-0.1129,4.2071,-1.13222597341592,"2.796e-01","3.207e-01",-6.93
"SLC37A2",-0.1333,3.4717,-1.04704776493756,"3.156e-01","3.581e-01",-6.93
"LRP6",-0.1651,4.7466,-1.13428751778442,"2.787e-01","3.200e-01",-6.93
"ME1",-0.1012,4.5076,-1.13300073080914,"2.793e-01","3.204e-01",-6.93
"ARNT2",-0.1678,5.7295,-1.16236978021324,"2.676e-01","3.083e-01",-6.94
"SECISBP2",0.1154,4.3915,1.12922414069848,"2.808e-01","3.220e-01",-6.94
"PHYKPL",-0.2759,3.4114,-0.99248556812737,"3.405e-01","3.839e-01",-6.94
"PPP6R3",0.085,7.0329,1.16015675142301,"2.685e-01","3.092e-01",-6.94
"AQR",-0.102,6.7437,-1.12823980271917,"2.812e-01","3.222e-01",-6.94
"TTC13",0.0864,4.483,1.12960172690403,"2.806e-01","3.219e-01",-6.94
"UCK1",-0.0767,6.3824,-1.22310628150449,"2.447e-01","2.840e-01",-6.94
"DISP3",0.1336,2.8959,0.814723187375663,"4.310e-01","4.753e-01",-6.94
"G0S2",-0.0052,2.2367,-0.0166949235056305,"9.870e-01","9.891e-01",-6.94
"NUP155",0.1018,7.8458,1.18853302715314,"2.575e-01","2.976e-01",-6.94
"NDUFB6",0.3308,7.0267,1.33233159305707,"2.074e-01","2.442e-01",-6.94
"SLC25A42",-0.0863,5.2635,-1.12216221608276,"2.837e-01","3.249e-01",-6.95
"LAPTM4B",0.0045,1.7205,0.0176970550823704,"9.862e-01","9.885e-01",-6.95
"HTT",-0.1739,5.8994,-1.10647477509335,"2.901e-01","3.315e-01",-6.95
"TINAGL1",0.1225,4.2834,1.043012932386,"3.174e-01","3.601e-01",-6.95
"ZNF106",0.1288,5.1093,1.12018044963212,"2.845e-01","3.256e-01",-6.95
"EFCAB11",0.1387,2.4135,0.655161583914549,"5.247e-01","5.690e-01",-6.95
"DCUN1D4",-0.0776,5.7837,-1.12452544614977,"2.827e-01","3.238e-01",-6.95
"PARN",-0.1088,7.3863,-1.19347715488188,"2.557e-01","2.956e-01",-6.95
"GTF3C1",0.0733,6.1023,1.11505125004603,"2.866e-01","3.278e-01",-6.95
"ABCC5",0.1285,6.3771,1.11854226920685,"2.851e-01","3.263e-01",-6.96
"ASRGL1",-0.0775,4.3559,-1.09325576257874,"2.957e-01","3.372e-01",-6.96
"AAK1",0.1343,5.6841,1.13660584846666,"2.778e-01","3.191e-01",-6.96
"PEX13",0.0757,6.2201,1.13845813120632,"2.771e-01","3.183e-01",-6.96
"MAX",0.1314,5.5143,1.16761792845844,"2.656e-01","3.060e-01",-6.96
"PARP3",-0.0707,4.5041,-1.10711545633633,"2.899e-01","3.312e-01",-6.96
"RP2",-0.0669,6.2667,-1.15731094525562,"2.696e-01","3.103e-01",-6.96
"PTP4A1",-0.2257,8.5126,-1.26388860906974,"2.302e-01","2.685e-01",-6.97
"CYB5B",0.0845,7.8254,1.19102069965017,"2.566e-01","2.966e-01",-6.97
"RNASEH2B",-0.1164,5.9245,-1.11469426683638,"2.867e-01","3.279e-01",-6.97
"KRAS",0.1544,5.4565,1.17048328048148,"2.644e-01","3.049e-01",-6.97
"EPS15",-0.0701,6.3028,-1.11560069729011,"2.864e-01","3.276e-01",-6.97
"ISCA1",0.1049,4.7499,1.0949163908263,"2.950e-01","3.365e-01",-6.97
"TNFAIP3",0.0957,1.8526,0.524268340714975,"6.096e-01","6.503e-01",-6.97
"COG7",-0.0559,5.7364,-1.1149587541448,"2.866e-01","3.278e-01",-6.97
"HNRNPAB",0.0624,9.2403,1.28374618786084,"2.234e-01","2.614e-01",-6.97
"ADAM9",0.0691,6.3659,1.13323036144707,"2.792e-01","3.204e-01",-6.97
"ARFGEF3",0.2468,4.3876,1.09232464550351,"2.961e-01","3.375e-01",-6.98
"FBXL17",-0.1361,3.2933,-0.845088546459752,"4.145e-01","4.587e-01",-6.98
"RELN",-0.0059,1.312,-0.0292567352631264,"9.771e-01","9.812e-01",-6.98
"SLC38A6",-0.0993,4.2358,-1.08171159579926,"3.006e-01","3.423e-01",-6.98
"TNFAIP1",-0.0652,6.4307,-1.08449366983849,"2.994e-01","3.410e-01",-6.98
"SGCG",-0.087,3.9791,-1.0699284775664,"3.056e-01","3.476e-01",-6.98
"TMEM203",0.0363,1.0019,0.36600238653686,"7.207e-01","7.531e-01",-6.98
"RIC8A",-0.0589,6.419,-1.12693373843721,"2.817e-01","3.227e-01",-6.99
"FIGN",0.224,2.9906,0.91937290592869,"3.759e-01","4.195e-01",-6.99
"IK",-0.0684,7.4221,-1.15861134640996,"2.691e-01","3.099e-01",-6.99
"ARHGEF9",-0.111,2.4459,-0.868056434469816,"4.023e-01","4.464e-01",-6.99
"PRPH",0.0824,3.2037,0.495775975228331,"6.290e-01","6.680e-01",-6.99
"ATP6V1A",-0.0791,6.8027,-1.0926231611179,"2.959e-01","3.374e-01",-6.99
"SNORA73",-0.0778,2.4584,-0.60342951382422,"5.574e-01","6.014e-01",-6.99
"SARS",0.2502,8.0471,1.16900888955977,"2.650e-01","3.055e-01",-6.99
"HN1L",0.0655,7.9453,1.2284806033816,"2.427e-01","2.819e-01",-6.99
"SACS",0.1612,5.1614,1.03834623601013,"3.195e-01","3.621e-01",-6.99
"CPB1",-0.1226,2.0221,-0.698836885504694,"4.979e-01","5.427e-01",-7
"POLDIP2",0.0744,7.7888,1.16884369730058,"2.651e-01","3.056e-01",-7
"FAM162A",0.0705,5.1221,1.08405675637854,"2.996e-01","3.412e-01",-7
"TNS1",-0.1351,4.9139,-1.07340422599449,"3.041e-01","3.460e-01",-7
"MRPL21",0.0768,7.0863,1.17075010341763,"2.643e-01","3.049e-01",-7
"MLF2",0.0719,7.7524,1.12896058565367,"2.809e-01","3.220e-01",-7
"NPB",0.0193,0.9426,0.18531608839226,"8.561e-01","8.746e-01",-7.01
"ATP6V1G1",0.0929,8.0882,1.23104853445083,"2.418e-01","2.810e-01",-7.01
"FNIP2",0.158,5.326,1.07554424197007,"3.032e-01","3.450e-01",-7.01
"PHPT1",0.1021,6.1725,1.10212976590184,"2.919e-01","3.334e-01",-7.01
"CALD1",0.0255,2.1572,0.156658067396041,"8.781e-01","8.946e-01",-7.01
"GNB1",-0.0862,9.64,-1.2653634265661,"2.297e-01","2.680e-01",-7.01
"CDC2L1",-0.0856,7.532,-1.13327407201177,"2.791e-01","3.204e-01",-7.01
"DMC1",-0.0974,2.4444,-0.670917013415695,"5.149e-01","5.593e-01",-7.01
"KCNS1",0.0609,1.7111,0.426542944105433,"6.772e-01","7.123e-01",-7.01
"ABCC4",0.1094,6.163,1.07286978992514,"3.043e-01","3.462e-01",-7.01
"IPMK",0.1231,6.1558,1.09692947133068,"2.941e-01","3.356e-01",-7.02
"CHURC1",0.124,6.4791,1.09186040159898,"2.962e-01","3.377e-01",-7.02
"HNRNPDL",-0.0669,8.2215,-1.17334460476176,"2.633e-01","3.039e-01",-7.02
"TOP2A",-0.2074,9.1441,-1.1475709000304,"2.734e-01","3.144e-01",-7.02
"DDAH1",-0.1148,6.3195,-1.14667957036104,"2.738e-01","3.147e-01",-7.02
"TCF3",0.0596,7.5887,1.12829467601263,"2.812e-01","3.222e-01",-7.02
"GPR107",-0.0833,7.1389,-1.12060682730242,"2.843e-01","3.255e-01",-7.02
"RIMKLB",0.0854,4.7974,1.05590959525545,"3.117e-01","3.541e-01",-7.03
"PSMD13",0.0899,8.7056,1.17601901238714,"2.623e-01","3.028e-01",-7.03
"LZIC",-0.0673,7.1078,-1.09622780556091,"2.944e-01","3.359e-01",-7.03
"BTF3L4",-0.1102,8.4563,-1.16524170785344,"2.665e-01","3.070e-01",-7.03
"COX15",0.083,6.2404,1.11295179390601,"2.874e-01","3.287e-01",-7.03
"REXO2",0.067,6.5122,1.10799142606661,"2.895e-01","3.309e-01",-7.04
"ABCB7",0.0738,7.0085,1.07155410165741,"3.049e-01","3.468e-01",-7.04
"SLC39A9",-0.0549,7.655,-1.08501877013277,"2.991e-01","3.408e-01",-7.04
"VPS9D1",0.0975,4.3797,1.01584339054885,"3.297e-01","3.725e-01",-7.04
"STN1",0.1196,4.5687,1.03047131745955,"3.230e-01","3.656e-01",-7.04
"MYCBPAP",0.0862,5.3577,1.02171411599568,"3.270e-01","3.696e-01",-7.04
"RFXANK",-0.0889,5.2149,-1.05797490461031,"3.108e-01","3.531e-01",-7.05
"RPS29",-0.1224,8.2587,-1.13435103575579,"2.787e-01","3.200e-01",-7.05
"P2RX7",-0.1084,3.0205,-0.969046220530029,"3.516e-01","3.951e-01",-7.05
"RPL38",-0.084,6.0478,-1.05266539919351,"3.132e-01","3.556e-01",-7.05
"EXT2",-0.1057,6.3574,-1.0695344651428,"3.058e-01","3.477e-01",-7.05
"ATP6",0.3455,7.5434,0.866877913940946,"4.029e-01","4.470e-01",-7.05
"MRPL48",-0.066,6.0892,-1.03305562399035,"3.219e-01","3.645e-01",-7.05
"CDKL1",0.0452,2.1515,0.233892696728024,"8.190e-01","8.417e-01",-7.05
"BMF",-0.1424,3.4964,-0.5234510569499,"6.102e-01","6.508e-01",-7.05
"MELK",-0.0749,5.7079,-1.0234969456923,"3.262e-01","3.689e-01",-7.05
"GLRX3",0.088,7.6355,1.13314307365457,"2.792e-01","3.204e-01",-7.05
"MFAP1",-0.0732,6.716,-1.04267473162259,"3.176e-01","3.602e-01",-7.06
"CLSPN",0.0732,5.3551,0.993588168493778,"3.400e-01","3.834e-01",-7.06
"FKBP10",-0.0761,7.4511,-1.18114756384874,"2.603e-01","3.008e-01",-7.06
"EIF4EBP1",-0.085,8.7725,-1.27189341970838,"2.274e-01","2.656e-01",-7.06
"DECR2",0.0772,8.1938,1.14254626846779,"2.754e-01","3.166e-01",-7.06
"MFSD4B",0.1012,5.3464,1.05912532757288,"3.103e-01","3.526e-01",-7.06
"DGCR2",-0.1385,8.236,-1.20979003058368,"2.496e-01","2.892e-01",-7.06
"PHF3",0.1058,6.7738,0.999497865670333,"3.372e-01","3.805e-01",-7.06
"HNRNPD",0.071,6.612,1.08086284774728,"3.009e-01","3.426e-01",-7.07
"MSRA",0.0761,5.3157,1.05184658541883,"3.135e-01","3.559e-01",-7.07
"TOMM22",0.0761,8.0291,1.13833154824522,"2.771e-01","3.184e-01",-7.07
"VPS50",-0.0981,6.3353,-1.0070372912098,"3.337e-01","3.768e-01",-7.07
"GJA3",-0.0636,2.0786,-0.335963610279456,"7.427e-01","7.736e-01",-7.07
"AASDH",-0.0923,3.8454,-0.979504044728589,"3.466e-01","3.902e-01",-7.08
"RAB26",0.2173,5.4863,1.03571614916701,"3.207e-01","3.633e-01",-7.08
"AKAP11",0.1269,5.4651,0.990067126058344,"3.416e-01","3.850e-01",-7.08
"SETD2",-0.0815,8.1803,-1.07794434948201,"3.022e-01","3.439e-01",-7.08
"DYNLRB2",-0.0072,1.8798,-0.0363161103166612,"9.716e-01","9.773e-01",-7.08
"FAM192A",0.1159,7.488,1.05049115206711,"3.141e-01","3.565e-01",-7.08
"ERI3",0.0944,6.5894,1.0977944370045,"2.938e-01","3.353e-01",-7.08
"RPF2",0.0761,7.1726,1.04815051782336,"3.151e-01","3.576e-01",-7.08
"SEC31A",-0.0786,8.8845,-1.09536066403729,"2.948e-01","3.363e-01",-7.08
"NPC2",0.088,7.6934,1.15041446507225,"2.723e-01","3.133e-01",-7.08
"WDFY1",-0.0745,6.6491,-1.03420729885937,"3.214e-01","3.640e-01",-7.08
"PHYH",0.1798,6.2659,1.09932359046384,"2.931e-01","3.347e-01",-7.09
"UQCR10",-0.0952,7.3368,-1.18054135054574,"2.606e-01","3.009e-01",-7.09
"RSPH14",0.0436,2.0579,0.282291876458416,"7.825e-01","8.105e-01",-7.09
"TMEM141",0.0674,3.3903,0.306167040659199,"7.647e-01","7.939e-01",-7.09
"MYO9B",0.0833,6.1854,0.982564791487018,"3.451e-01","3.888e-01",-7.09
"LYRM7",-0.09,3.6881,-0.874130433714,"3.991e-01","4.433e-01",-7.09
"B4GALT4",0.0673,5.5707,0.99247070366841,"3.405e-01","3.839e-01",-7.09
"ATF4",-0.196,9.3366,-1.17277207913402,"2.636e-01","3.041e-01",-7.09
"MSRB3",0.0597,3.269,0.842806845980749,"4.158e-01","4.599e-01",-7.09
"CDC34",-0.1052,5.4814,-1.03427167685942,"3.213e-01","3.640e-01",-7.09
"NEO1",-0.1082,5.0859,-0.990751076556392,"3.413e-01","3.848e-01",-7.09
"PFDN2",0.0914,7.2751,1.06234652542297,"3.089e-01","3.510e-01",-7.09
"TMEM248",-0.0515,6.8263,-1.0990502340969,"2.932e-01","3.348e-01",-7.09
"PSMB3",-0.1102,8.6474,-1.18065738648446,"2.605e-01","3.009e-01",-7.09
"EXOSC8",-0.1057,6.0014,-1.02315621675993,"3.263e-01","3.690e-01",-7.09
"UBB",0.1485,8.9887,1.14937712974948,"2.727e-01","3.137e-01",-7.09
"ATRX",0.1333,7.048,0.949778344191374,"3.609e-01","4.047e-01",-7.1
"gga-mir-6626",0.1404,2.2037,0.597681674495687,"5.611e-01","6.050e-01",-7.1
"APC",-0.1742,4.4078,-0.952384261546087,"3.596e-01","4.036e-01",-7.1
"TRIP13",0.0735,6.5137,1.00528903378398,"3.345e-01","3.777e-01",-7.1
"SORT1",-0.1001,6.4376,-1.06860936693345,"3.062e-01","3.481e-01",-7.1
"PIGN",-0.082,6.569,-1.0308996070503,"3.228e-01","3.654e-01",-7.1
"OSBPL8",-0.1005,6.1805,-0.981991254501195,"3.454e-01","3.890e-01",-7.1
"UTP20",0.1285,7.5556,0.976031838753874,"3.482e-01","3.920e-01",-7.1
"SNX1",-0.0592,7.3042,-1.06213650731801,"3.090e-01","3.511e-01",-7.1
"ATG7",0.0808,4.5862,0.973323752823681,"3.495e-01","3.932e-01",-7.1
"CRELD2",-0.0655,7.7548,-1.10529854058536,"2.906e-01","3.320e-01",-7.1
"TEF",0.1062,5.77,1.04074737701034,"3.184e-01","3.610e-01",-7.11
"FKBP3",0.0811,6.8438,0.999217933750669,"3.373e-01","3.806e-01",-7.11
"POLG2",0.1232,5.1066,1.00974950401393,"3.325e-01","3.755e-01",-7.11
"TARS",-0.1665,8.2238,-1.11663165705134,"2.859e-01","3.271e-01",-7.11
"CEP19",0.066,2.2658,0.56396970743434,"5.831e-01","6.255e-01",-7.11
"ZBTB25",-0.083,4.2361,-0.950328498783873,"3.606e-01","4.044e-01",-7.11
"FAM177A1",0.2769,7.9399,1.10294523705798,"2.916e-01","3.331e-01",-7.11
"RNMT",0.0739,7.706,1.05194152392151,"3.135e-01","3.559e-01",-7.12
"SEC22A",-0.0626,6.3096,-0.974612530089013,"3.489e-01","3.926e-01",-7.12
"AZIN1",0.1054,7.6023,1.02991903191239,"3.233e-01","3.658e-01",-7.12
"TMEM63A",0.0799,4.8953,0.975164830790395,"3.487e-01","3.923e-01",-7.12
"DGCR8",0.1015,6.7801,0.987274164887634,"3.429e-01","3.864e-01",-7.12
"SPAST",-0.0678,5.4539,-0.969137105725006,"3.515e-01","3.951e-01",-7.12
"ZDHHC9",0.0754,6.809,1.06598815103623,"3.073e-01","3.493e-01",-7.12
"TMEM14A",-0.1187,4.8051,-0.972172155552207,"3.501e-01","3.937e-01",-7.12
"PPCDC",0.0832,2.2764,0.420864724240107,"6.813e-01","7.159e-01",-7.12
"VTI1A",0.0521,4.461,0.948106410010133,"3.617e-01","4.054e-01",-7.12
"SV2B",-0.0713,3.7744,-0.809638506397591,"4.338e-01","4.781e-01",-7.12
"TUBA1A",-0.1545,7.9102,-1.0890319248164,"2.974e-01","3.390e-01",-7.12
"PBX4",-0.1142,4.3637,-0.943141619071604,"3.641e-01","4.078e-01",-7.12
"OSBPL7",-0.0944,4.6577,-0.95851476502922,"3.566e-01","4.004e-01",-7.13
"BRD8",0.0668,6.1003,0.96914140045882,"3.515e-01","3.951e-01",-7.13
"FLOT2",-0.0646,7.0149,-1.02682145044418,"3.247e-01","3.673e-01",-7.13
"PPID",-0.07,6.8173,-0.98725562201476,"3.429e-01","3.864e-01",-7.13
"HSPD1",-0.179,10.8765,-1.17590010603678,"2.623e-01","3.028e-01",-7.14
"SOX5",-0.0917,2.4001,-0.492141037164385,"6.315e-01","6.704e-01",-7.14
"KDM1A",0.0705,7.0684,1.02962126663266,"3.234e-01","3.660e-01",-7.14
"DNM1",-0.0769,5.0249,-0.94742222927191,"3.620e-01","4.057e-01",-7.14
"SCPEP1",-0.0861,4.9491,-0.94517147908952,"3.631e-01","4.067e-01",-7.14
"SLU7",-0.0606,5.8942,-0.932912179591131,"3.692e-01","4.127e-01",-7.15
"ABHD14B",0.1467,4.5436,0.809821219209249,"4.337e-01","4.781e-01",-7.15
"SARNP",0.0904,7.7352,1.06620453526089,"3.072e-01","3.493e-01",-7.15
"C17orf75",0.0623,6.1911,0.95171587797531,"3.599e-01","4.039e-01",-7.15
"ARSA",0.0732,5.1375,0.912165255089512,"3.796e-01","4.233e-01",-7.15
"NOTCH2",0.0869,8.4784,1.02349217358234,"3.262e-01","3.689e-01",-7.15
"CRLF3",-0.0513,6.4789,-0.920756545926968,"3.752e-01","4.187e-01",-7.15
"SF3A2",0.0712,6.966,0.990183894095118,"3.416e-01","3.850e-01",-7.15
"GCLC",0.0575,6.9611,0.948811373603471,"3.614e-01","4.051e-01",-7.16
"GLRX2",0.0688,5.6107,0.937487919678129,"3.669e-01","4.104e-01",-7.16
"DOCK10",-0.095,3.7346,-0.888161461901257,"3.918e-01","4.362e-01",-7.16
"TAF2",-0.0897,7.0281,-0.930018662284624,"3.706e-01","4.140e-01",-7.16
"SLC46A3",0.0442,2.7301,0.346703348205095,"7.348e-01","7.666e-01",-7.17
"AP2S1",0.0702,6.121,1.04165701358826,"3.180e-01","3.606e-01",-7.17
"YKT6",0.0826,5.8612,0.984646428055525,"3.442e-01","3.877e-01",-7.17
"ZDHHC15",0.1458,5.3313,0.950552712991234,"3.605e-01","4.044e-01",-7.17
"SRRM1",-0.0542,7.8943,-0.99577024071956,"3.389e-01","3.824e-01",-7.17
"C12orf43",0.1037,4.498,0.905551654445939,"3.829e-01","4.269e-01",-7.17
"RPL37A",-0.0859,8.5536,-1.03160445031442,"3.225e-01","3.652e-01",-7.17
"DQX1",-0.0755,4.8528,-0.891519759274835,"3.901e-01","4.344e-01",-7.17
"NME5",-0.0279,2.4335,-0.211055534062184,"8.364e-01","8.575e-01",-7.17
"GFOD1",0.2483,4.9749,0.92273051952343,"3.743e-01","4.179e-01",-7.17
"RAB9A",0.079,6.2752,0.952984799203897,"3.593e-01","4.033e-01",-7.17
"PRPF19",0.0793,8.2887,1.02251288600724,"3.266e-01","3.693e-01",-7.17
"ENO4",0.0154,2.1957,0.0943034917160788,"9.264e-01","9.373e-01",-7.17
"SLC26A8",-0.0098,2.2597,-0.0480685220731908,"9.624e-01","9.695e-01",-7.18
"PNISR",-0.076,6.6628,-0.885015184895785,"3.935e-01","4.379e-01",-7.18
"RSU1",0.0829,6.2438,0.942356966560796,"3.645e-01","4.081e-01",-7.18
"RARS",0.0581,7.5934,0.94010788278773,"3.656e-01","4.092e-01",-7.18
"ZC3H13",0.0926,8.1529,0.947243973996948,"3.621e-01","4.057e-01",-7.18
"TSTD2",0.0858,4.7744,0.906072125342349,"3.827e-01","4.266e-01",-7.18
"SYAP1",-0.0964,5.5795,-0.921882852030688,"3.747e-01","4.182e-01",-7.18
"HHIP",-0.1021,2.9248,-0.68260784029677,"5.078e-01","5.525e-01",-7.19
"YBX1",-0.0886,11.3454,-1.12698997998059,"2.817e-01","3.227e-01",-7.19
"SVIP",0.1671,5.2616,0.929881431435518,"3.707e-01","4.140e-01",-7.19
"RAB29",0.0804,6.2019,0.936406138517304,"3.675e-01","4.110e-01",-7.19
"USF3",0.169,4.8045,0.872960956028051,"3.997e-01","4.438e-01",-7.19
"ABHD13",-0.0499,5.3203,-0.85701640570839,"4.082e-01","4.525e-01",-7.19
"RDH14",0.0887,4.8113,0.897622845620893,"3.870e-01","4.313e-01",-7.19
"PIGV",0.0916,5.1909,0.897249383964569,"3.872e-01","4.314e-01",-7.19
"DAPK1",-0.0659,4.1725,-0.859746763352379,"4.067e-01","4.509e-01",-7.19
"BTRC",0.132,4.9033,0.874623419755619,"3.989e-01","4.431e-01",-7.2
"DIP2C",-0.1884,6.2992,-0.878246824734596,"3.970e-01","4.414e-01",-7.2
"CCNDBP1",-0.0687,6.3949,-0.92610599439317,"3.726e-01","4.161e-01",-7.2
"ASXL2",-0.1121,5.6752,-0.881597378023222,"3.952e-01","4.395e-01",-7.2
"CASP8AP2",0.1055,4.7536,0.845400508943905,"4.144e-01","4.586e-01",-7.2
"PKN2",-0.0739,6.3516,-0.892546138004572,"3.896e-01","4.340e-01",-7.2
"DIP2B",0.0965,7.154,0.941731201052971,"3.648e-01","4.084e-01",-7.21
"RBX1",-0.0752,6.7248,-0.947849432121849,"3.618e-01","4.055e-01",-7.21
"SEC61B",-0.1051,9.2892,-1.12801588219096,"2.813e-01","3.223e-01",-7.21
"STK40",-0.0584,6.4408,-0.930072710005248,"3.706e-01","4.140e-01",-7.21
"DTX3L",-0.0738,4.525,-0.849120207776561,"4.124e-01","4.567e-01",-7.21
"VEZF1",0.0606,5.618,0.884521036802344,"3.937e-01","4.381e-01",-7.21
"ATP13A3",-0.0903,8.5423,-0.921014518377938,"3.751e-01","4.187e-01",-7.21
"NAPA",-0.0853,7.4014,-0.975381213584716,"3.486e-01","3.923e-01",-7.22
"TXNDC5",-0.159,8.3777,-1.03937438053167,"3.190e-01","3.616e-01",-7.22
"IPO11",0.0715,6.3127,0.84956390605403,"4.121e-01","4.565e-01",-7.22
"PIP5K1B",-0.0724,5.0846,-0.841642197914508,"4.164e-01","4.604e-01",-7.22
"CTDSP1",0.0767,6.1104,0.972426851888291,"3.500e-01","3.937e-01",-7.22
"SRL",-0.0294,2.6413,-0.180113175616531,"8.601e-01","8.780e-01",-7.22
"WIPI2",0.0648,6.6772,0.873775018242603,"3.993e-01","4.434e-01",-7.22
"CSRP2",-0.1206,4.1408,-0.568314468267078,"5.803e-01","6.228e-01",-7.23
"TRRAP",-0.1001,7.6285,-0.826735999838823,"4.245e-01","4.686e-01",-7.23
"TMTC2",0.0878,4.7505,0.844353884790728,"4.149e-01","4.591e-01",-7.23
"IMPG2",-0.0531,2.3339,-0.244823503825881,"8.107e-01","8.350e-01",-7.23
"EDA",0.083,4.571,0.834103011857837,"4.205e-01","4.644e-01",-7.23
"R3HDM4",0.0739,5.6743,0.881408963513398,"3.953e-01","4.396e-01",-7.23
"TRAP1",-0.111,8.4654,-0.95923829140978,"3.563e-01","4.001e-01",-7.23
"NAT8B",-0.0683,5.1817,-0.882846804416651,"3.946e-01","4.389e-01",-7.23
"RNF19A",-0.082,6.0838,-0.875069435702675,"3.986e-01","4.430e-01",-7.23
"TMOD3",0.1048,6.1056,0.872986602276919,"3.997e-01","4.438e-01",-7.23
"NDC1",-0.0935,7.6025,-0.871909414106666,"4.003e-01","4.443e-01",-7.23
"RAMP2",-0.0307,3.4153,-0.285624969492762,"7.800e-01","8.083e-01",-7.24
"CCDC186",0.0924,4.7615,0.832713879021278,"4.212e-01","4.652e-01",-7.24
"ASCL1",-0.0701,5.8045,-0.870135822386133,"4.012e-01","4.453e-01",-7.24
"DNAJC24",-0.0796,4.4596,-0.803516483304867,"4.372e-01","4.816e-01",-7.24
"TCTN2",-0.0453,5.4352,-0.83603645326861,"4.194e-01","4.634e-01",-7.24
"TMEM53",-0.0846,4.1915,-0.802456510976902,"4.378e-01","4.821e-01",-7.24
"THOC7",0.0671,6.4611,0.891555697467875,"3.901e-01","4.344e-01",-7.25
"DNAJB12",-0.0565,6.2851,-0.841992972189057,"4.162e-01","4.602e-01",-7.25
"CEBPB",-0.2582,7.9461,-1.04760029927966,"3.154e-01","3.579e-01",-7.25
"DEGS2",0.0026,3.5255,0.0183603662429315,"9.857e-01","9.881e-01",-7.25
"FAM219A",0.1487,3.2795,0.435012715369712,"6.712e-01","7.069e-01",-7.25
"MRPL37",0.08,7.0662,0.959758056353071,"3.560e-01","4.000e-01",-7.25
"MMGT1",0.0771,7.7163,0.948278502246906,"3.616e-01","4.054e-01",-7.25
"AMIGO2",0.0692,3.8811,0.598689061907801,"5.605e-01","6.044e-01",-7.25
"OPA3",0.0165,2.272,0.110059547045148,"9.142e-01","9.262e-01",-7.25
"RAB18",0.0596,7.5762,0.930710458478407,"3.703e-01","4.138e-01",-7.25
"ZCCHC24",-0.106,3.5944,-0.473519610135564,"6.443e-01","6.821e-01",-7.25
"VAMP1",0.0651,3.7952,0.759898877941618,"4.619e-01","5.067e-01",-7.26
"CNIH1",-0.0723,8.6894,-1.0044558879168,"3.349e-01","3.780e-01",-7.26
"XKR4",-0.0507,3.3613,-0.293407599034273,"7.742e-01","8.026e-01",-7.26
"TXN2",-0.0595,7.6898,-0.941299520298655,"3.650e-01","4.085e-01",-7.26
"KCTD14",0.0793,3.5408,0.438225060349138,"6.690e-01","7.047e-01",-7.26
"RALA",-0.0674,7.3952,-0.933702380793929,"3.688e-01","4.124e-01",-7.26
"DRC3",-0.0175,2.1964,-0.123757162256116,"9.035e-01","9.174e-01",-7.26
"SLF2",-0.0971,5.2413,-0.803366082849669,"4.373e-01","4.816e-01",-7.26
"CSRP1",-0.1331,6.3895,-0.938215863272921,"3.666e-01","4.101e-01",-7.27
"DOT1L",0.0992,6.5296,0.777429838619046,"4.519e-01","4.966e-01",-7.27
"EIF3E",0.0619,8.879,1.0156520079867,"3.298e-01","3.726e-01",-7.27
"AKAP8L",-0.0662,6.6695,-0.833219766853978,"4.209e-01","4.649e-01",-7.27
"ACBD6",-0.0649,6.4175,-0.856845450718533,"4.083e-01","4.525e-01",-7.27
"FKBP9",-0.1294,8.4977,-0.981167624156785,"3.458e-01","3.894e-01",-7.27
"EFL1",0.0529,6.9162,0.805608469064179,"4.361e-01","4.804e-01",-7.27
"DMD",-0.0184,1.5306,-0.106120528630478,"9.172e-01","9.287e-01",-7.27
"TRAPPC11",0.0468,6.1711,0.793544494828964,"4.428e-01","4.872e-01",-7.27
"RHOT1",0.042,6.4377,0.786182047845797,"4.469e-01","4.916e-01",-7.27
"ANAPC16",0.0905,6.5409,0.922145401895087,"3.746e-01","4.181e-01",-7.27
"PODN",-0.0195,2.683,-0.16612313076809,"8.708e-01","8.879e-01",-7.28
"ATP8B3",0.0651,4.1607,0.76325560735115,"4.600e-01","5.047e-01",-7.28
"DHX29",-0.1303,5.807,-0.798053367616403,"4.403e-01","4.846e-01",-7.28
"MCRS1",-0.1108,7.744,-0.893860542758966,"3.889e-01","4.333e-01",-7.28
"PCMT1",-0.057,5.9427,-0.7736301731148,"4.541e-01","4.986e-01",-7.28
"PTCH1",0.0971,4.8899,0.755756290220405,"4.643e-01","5.090e-01",-7.28
"PSMD3",0.0792,8.5885,0.913851683830097,"3.787e-01","4.225e-01",-7.28
"USP33",0.0523,6.4277,0.77835816303788,"4.514e-01","4.961e-01",-7.28
"SUCO",0.072,7.7331,0.851617564648093,"4.110e-01","4.554e-01",-7.28
"ADAM17",-0.0417,7.2699,-0.848888893718027,"4.125e-01","4.568e-01",-7.28
"OTUB1",0.1069,7.9605,0.970738436655849,"3.508e-01","3.944e-01",-7.28
"MGME1",0.0514,5.4275,0.754601404174096,"4.650e-01","5.097e-01",-7.28
"TIMM13",0.0715,5.7211,0.841325795012397,"4.166e-01","4.605e-01",-7.29
"PSMF1",-0.0507,7.0983,-0.866604991645333,"4.031e-01","4.471e-01",-7.29
"SMARCC2",-0.0533,6.8366,-0.835881129116427,"4.195e-01","4.634e-01",-7.29
"COMTD1",-0.0445,5.6753,-0.819775851967839,"4.283e-01","4.726e-01",-7.29
"MBOAT1",-0.0627,4.208,-0.632100008220152,"5.391e-01","5.834e-01",-7.29
"PBX1",-0.0645,7.1562,-0.87225940979275,"4.001e-01","4.441e-01",-7.29
"ZNF512B",-0.0459,7.0683,-0.79514439716678,"4.419e-01","4.863e-01",-7.29
"RNH1",-0.0524,6.7812,-0.854886252359621,"4.093e-01","4.536e-01",-7.29
"ZDHHC8",-0.1088,5.3586,-0.773723925495788,"4.540e-01","4.986e-01",-7.29
"PANK2",-0.0452,4.8889,-0.749398259006378,"4.680e-01","5.129e-01",-7.29
"ANKS1A",0.1072,4.3558,0.747906405477689,"4.689e-01","5.137e-01",-7.29
"GAPVD1",0.0587,7.1687,0.77545934994905,"4.530e-01","4.977e-01",-7.29
"C5orf22",0.0716,6.1156,0.80081092566708,"4.387e-01","4.829e-01",-7.29
"DEXI",7e-04,3.0102,0.00549515769946802,"9.957e-01","9.964e-01",-7.3
"CECR1",0.0688,5.543,0.830049648593488,"4.227e-01","4.666e-01",-7.3
"ALPK1",0.0384,3.2943,0.241531488413475,"8.132e-01","8.373e-01",-7.3
"FAM222A",0.1416,5.8412,0.839688393446074,"4.174e-01","4.614e-01",-7.3
"BET1",0.0776,5.4062,0.759155212175182,"4.624e-01","5.071e-01",-7.3
"ZBTB8OS",0.0514,6.8196,0.812949462146243,"4.320e-01","4.762e-01",-7.31
"CHRAC1",0.0583,6.6446,0.80661793756969,"4.355e-01","4.798e-01",-7.31
"TCERG1",0.0439,7.7097,0.816141241731968,"4.303e-01","4.746e-01",-7.31
"RAB11B",-0.0828,7.5434,-0.899785057704717,"3.859e-01","4.301e-01",-7.31
"SRSF7",-0.0764,7.6088,-0.847777064019754,"4.131e-01","4.573e-01",-7.31
"R3HDML",-0.0363,3.0937,-0.305654351429076,"7.651e-01","7.942e-01",-7.31
"PEX11G",0.063,3.5709,0.405575929646613,"6.922e-01","7.255e-01",-7.31
"SNRPD3",-0.0586,8.2601,-0.845993847004848,"4.140e-01","4.583e-01",-7.31
"STK38L",-0.061,6.0498,-0.767986845037523,"4.573e-01","5.019e-01",-7.31
"FHIT",-0.0548,3.6422,-0.306626716292777,"7.644e-01","7.937e-01",-7.32
"SLIRP",0.0666,6.0638,0.771801400953138,"4.551e-01","4.996e-01",-7.32
"AGK",-0.0515,6.1717,-0.784329727039876,"4.480e-01","4.927e-01",-7.32
"ETS2",0.0581,4.4546,0.719558903137198,"4.855e-01","5.304e-01",-7.32
"PAN2",-0.0484,5.8615,-0.741654584511544,"4.725e-01","5.172e-01",-7.32
"ZBTB44",0.0811,5.1844,0.718533144514331,"4.861e-01","5.310e-01",-7.32
"APPL1",-0.0899,5.116,-0.726167187773196,"4.816e-01","5.265e-01",-7.33
"RNF138",-0.0482,5.7362,-0.807264506820943,"4.352e-01","4.795e-01",-7.33
"LRRC8A",0.0627,6.0969,0.742039583194868,"4.723e-01","5.170e-01",-7.33
"ATXN7",-0.0721,4.4562,-0.704876866422146,"4.943e-01","5.392e-01",-7.33
"FBXL20",-0.0498,5.6311,-0.756065732364517,"4.641e-01","5.089e-01",-7.33
"HSP90AB1",-0.0477,9.2313,-0.885793011393582,"3.931e-01","4.375e-01",-7.33
"NDUFB7",-0.1779,6.7865,-0.979662668341904,"3.465e-01","3.901e-01",-7.33
"CCDC6",0.0477,6.4387,0.728610259372213,"4.802e-01","5.252e-01",-7.33
"BID",0.0525,6.9192,0.813864205274371,"4.315e-01","4.757e-01",-7.33
"SELENOO",0.0435,5.7357,0.702027180877744,"4.960e-01","5.409e-01",-7.33
"NLGN2",-0.0608,4.8113,-0.699038084359189,"4.978e-01","5.426e-01",-7.33
"SEC23B",0.0594,8.0007,0.859918708451004,"4.066e-01","4.509e-01",-7.34
"AKT1",0.0435,7.2274,0.802121752670849,"4.380e-01","4.823e-01",-7.34
"LTN1",-0.0483,6.4502,-0.684724133450731,"5.065e-01","5.512e-01",-7.34
"PPA1",0.1778,8.6193,0.942695622171006,"3.644e-01","4.079e-01",-7.34
"SCAPER",-0.0455,6.1929,-0.701599275177392,"4.963e-01","5.412e-01",-7.34
"GPC4",0.0479,6.7293,0.732542115975606,"4.778e-01","5.228e-01",-7.35
"TMED3",0.0855,5.9433,0.79494687274053,"4.420e-01","4.864e-01",-7.35
"TEX9",0.0581,3.6704,0.521409346702106,"6.115e-01","6.518e-01",-7.35
"TMEM163",-0.0056,3.1657,-0.0341627220595167,"9.733e-01","9.784e-01",-7.35
"SEC11A",0.0385,7.4519,0.814948971261844,"4.309e-01","4.752e-01",-7.35
"AIFM1",-0.0738,7.4762,-0.757267482025167,"4.634e-01","5.082e-01",-7.35
"DHDDS",-0.0524,6.3885,-0.73621366696272,"4.757e-01","5.205e-01",-7.35
"QRSL1",-0.1176,5.7691,-0.705048200214413,"4.942e-01","5.392e-01",-7.35
"ZC4H2",0.0567,4.6551,0.675861577949569,"5.119e-01","5.565e-01",-7.35
"ITPK1",0.0948,4.5945,0.656502908191358,"5.238e-01","5.682e-01",-7.35
"ARHGAP35",-0.0437,6.6631,-0.686838717094533,"5.052e-01","5.500e-01",-7.35
"CHMP6",0.0433,6.5582,0.723221484668007,"4.833e-01","5.283e-01",-7.36
"SPAG16",-0.0726,3.122,-0.441389930258088,"6.667e-01","7.027e-01",-7.36
"ZCCHC4",-0.0484,4.7114,-0.682222840607972,"5.080e-01","5.525e-01",-7.36
"ZFYVE1",0.0466,4.9079,0.692342344400698,"5.018e-01","5.466e-01",-7.36
"POLB",0.062,6.6667,0.721674907279728,"4.843e-01","5.292e-01",-7.36
"ATP1B3",0.0549,8.6899,0.909615762446761,"3.809e-01","4.247e-01",-7.36
"INTS4",0.0503,6.5321,0.728122567260796,"4.805e-01","5.254e-01",-7.36
"NEU3",-0.0379,3.0882,-0.438262785762512,"6.690e-01","7.047e-01",-7.36
"TMC7",0.055,6.584,0.760939828570242,"4.613e-01","5.061e-01",-7.36
"SPATA20",0.0505,5.6775,0.680315991860139,"5.092e-01","5.537e-01",-7.36
"MAL2",0.0588,5.6963,0.727412095447777,"4.809e-01","5.258e-01",-7.36
"ATP23",0.0429,6.09,0.697011326128289,"4.990e-01","5.437e-01",-7.36
"HAUS6",-0.0545,6.349,-0.688365267120358,"5.043e-01","5.492e-01",-7.36
"USP5",-0.0846,7.8622,-0.801294952269117,"4.385e-01","4.827e-01",-7.36
"PEX16",0.0468,6.4889,0.776977545396973,"4.522e-01","4.968e-01",-7.36
"AAMDC",-0.0857,5.17,-0.720252007053292,"4.851e-01","5.301e-01",-7.36
"MEMO1",0.059,7.1574,0.762250258227435,"4.606e-01","5.053e-01",-7.36
"USP54",-0.0599,6.8337,-0.712772906619645,"4.896e-01","5.343e-01",-7.37
"ZFC3H1",0.0847,6.9956,0.664314422829502,"5.190e-01","5.633e-01",-7.37
"PDZD8",0.0388,5.898,0.663585589062195,"5.195e-01","5.637e-01",-7.37
"CHMP4C",-0.0228,3.6895,-0.206656616653199,"8.397e-01","8.603e-01",-7.37
"SYNJ1",0.0958,4.4683,0.636307366552741,"5.365e-01","5.808e-01",-7.37
"ESCO2",-0.0426,6.1594,-0.675959684402125,"5.118e-01","5.565e-01",-7.37
"SSR1",-0.1009,9.2387,-0.889480888051676,"3.912e-01","4.355e-01",-7.37
"CRH",0.0188,2.7566,0.0829529094682931,"9.353e-01","9.451e-01",-7.37
"ATP2A2",-0.0999,8.6537,-0.766648380335604,"4.581e-01","5.027e-01",-7.37
"RAPGEF2",0.0581,3.922,0.614949566993551,"5.500e-01","5.940e-01",-7.37
"PHKB",0.0662,5.7202,0.688227641661915,"5.043e-01","5.492e-01",-7.37
"KIF15",0.0728,7.8567,0.716327436414869,"4.874e-01","5.322e-01",-7.37
"CARS2",-0.0507,6.2848,-0.747368375415307,"4.692e-01","5.140e-01",-7.37
"ALPK3",-0.0155,2.1797,-0.137719687570077,"8.927e-01","9.083e-01",-7.38
"AMMECR1",0.0984,5.0151,0.67359450146693,"5.133e-01","5.580e-01",-7.38
"GTF2A1",0.0567,8.6382,0.778465172347322,"4.513e-01","4.961e-01",-7.38
"TUSC3",0.0891,4.5865,0.523826508748117,"6.099e-01","6.506e-01",-7.38
"BBX",-0.1048,5.3658,-0.61673076786842,"5.489e-01","5.930e-01",-7.38
"GPATCH11",0.0438,5.3173,0.639269058440696,"5.346e-01","5.790e-01",-7.39
"TRAF3",0.0894,4.0101,0.602948324891492,"5.577e-01","6.016e-01",-7.39
"ANKLE2",0.0559,6.797,0.63425032871363,"5.378e-01","5.821e-01",-7.39
"TMEM129",0.0463,5.8842,0.660899778036453,"5.211e-01","5.654e-01",-7.39
"DPH7",0.0315,5.7874,0.64202507590518,"5.329e-01","5.774e-01",-7.39
"TMEM41A",0.0572,5.7191,0.59372703021248,"5.637e-01","6.073e-01",-7.39
"CMIP",-0.0546,6.3011,-0.713502728066041,"4.891e-01","5.340e-01",-7.39
"CNBP",0.0391,9.3865,0.818865131219996,"4.288e-01","4.730e-01",-7.39
"OSBPL11",0.0559,6.1005,0.673062806210732,"5.136e-01","5.581e-01",-7.39
"TMEM79",0.0664,4.4738,0.523167403907917,"6.103e-01","6.509e-01",-7.39
"NEK6",-0.0678,8.2037,-0.819132337689839,"4.286e-01","4.729e-01",-7.39
"PSMA4",-0.0857,7.8676,-0.843563620418861,"4.153e-01","4.595e-01",-7.39
"CBX4",-0.0951,6.791,-0.716361895143694,"4.874e-01","5.322e-01",-7.4
"RABL6",0.0551,7.2243,0.70796908757939,"4.924e-01","5.373e-01",-7.4
"FN3KRP",0.0324,3.9587,0.51428797466838,"6.164e-01","6.564e-01",-7.4
"PITRM1",-0.0739,7.8219,-0.748719977770326,"4.684e-01","5.133e-01",-7.4
"U2AF1",-0.0486,7.6324,-0.641542576150381,"5.332e-01","5.776e-01",-7.4
"POLR2B",-0.0355,7.5726,-0.704611013333587,"4.944e-01","5.393e-01",-7.4
"TP53I3",-0.0399,3.7903,-0.56059674530754,"5.853e-01","6.275e-01",-7.4
"ADCK2",-0.0533,5.4308,-0.682972763970154,"5.075e-01","5.523e-01",-7.4
"HM13",0.0803,8.6936,0.820717780559734,"4.277e-01","4.721e-01",-7.41
"ANKRD16",-0.049,3.6088,-0.395247047182136,"6.996e-01","7.327e-01",-7.41
"SCRN1",0.0421,5.3239,0.594577912543483,"5.631e-01","6.068e-01",-7.41
"MED30",0.0444,5.161,0.616539139368617,"5.490e-01","5.931e-01",-7.41
"USP25",0.0353,4.9159,0.565680648048919,"5.820e-01","6.245e-01",-7.41
"COX3",-0.075,14.4621,-0.86045087320096,"4.063e-01","4.506e-01",-7.41
"NDUFB10",-0.1062,8.0199,-0.884044209657796,"3.940e-01","4.383e-01",-7.41
"SLC4A7",0.085,6.6257,0.606875313559042,"5.552e-01","5.991e-01",-7.41
"PCSK4",0.0326,3.075,0.25534152633553,"8.028e-01","8.282e-01",-7.41
"CTR9",0.0364,6.8145,0.617262779956261,"5.486e-01","5.928e-01",-7.41
"SCNN1B",-0.033,4.099,-0.315054956746459,"7.581e-01","7.880e-01",-7.41
"SPG11",0.0516,6.9402,0.612167759193079,"5.518e-01","5.959e-01",-7.41
"RAB8A",0.0378,6.4718,0.581391643618917,"5.717e-01","6.150e-01",-7.41
"RFC2",-0.0592,6.2847,-0.615659177978982,"5.496e-01","5.936e-01",-7.41
"GCN1",-0.0732,8.2991,-0.682352663900533,"5.079e-01","5.525e-01",-7.42
"AKAP7",-0.0374,4.1743,-0.539762316020841,"5.992e-01","6.406e-01",-7.42
"TPCN3",0.0475,5.1722,0.618577722505304,"5.477e-01","5.920e-01",-7.42
"FRRS1L",-0.0577,5.7656,-0.653658687341144,"5.256e-01","5.699e-01",-7.42
"BEST4",0.0546,2.7306,0.508012575420456,"6.206e-01","6.605e-01",-7.42
"PLEKHM3",-0.0986,4.3208,-0.564038193157154,"5.831e-01","6.255e-01",-7.42
"KIF26A",0.0366,3.1534,0.333042862433503,"7.448e-01","7.756e-01",-7.42
"UBE2T",0.0546,4.6687,0.589829498652119,"5.662e-01","6.095e-01",-7.42
"NTAN1",-0.0442,5.2289,-0.571228022297665,"5.783e-01","6.210e-01",-7.42
"ATP6V1C1",0.0422,6.597,0.682241952233688,"5.080e-01","5.525e-01",-7.42
"TRAK2",-0.0694,5.081,-0.572982912734828,"5.772e-01","6.202e-01",-7.42
"PAQR8",0.0583,4.0195,0.518194125173736,"6.137e-01","6.538e-01",-7.42
"CCNC",-0.0591,7.066,-0.669660893359256,"5.157e-01","5.601e-01",-7.42
"MRPS14",-0.0536,5.6962,-0.717179752150662,"4.869e-01","5.318e-01",-7.43
"RPS6KA6",0.0941,4.8962,0.571541292854974,"5.781e-01","6.209e-01",-7.43
"GTF2B",0.0456,6.4374,0.609003566203899,"5.538e-01","5.979e-01",-7.43
"TXNRD2",-0.0397,5.6028,-0.580376958834256,"5.724e-01","6.154e-01",-7.43
"CCDC91",-0.0473,4.1759,-0.524888928634464,"6.092e-01","6.501e-01",-7.43
"NEIL1",-0.0671,5.6035,-0.673006245413721,"5.136e-01","5.581e-01",-7.43
"CMSS1",-0.0696,5.5978,-0.596662554159539,"5.618e-01","6.056e-01",-7.43
"RAB5A",-0.0523,7.3565,-0.686312179113204,"5.055e-01","5.502e-01",-7.43
"PSMD4",-0.056,8.9339,-0.874765985864735,"3.988e-01","4.431e-01",-7.43
"ILDR1",-0.0479,3.9412,-0.304218937681896,"7.662e-01","7.950e-01",-7.43
"PRRG1",-0.0506,5.1406,-0.547977623626103,"5.937e-01","6.355e-01",-7.43
"PHF19",-0.0673,5.2134,-0.572742179703884,"5.774e-01","6.203e-01",-7.43
"MFSD13A",-0.0418,6.155,-0.646305041912091,"5.302e-01","5.747e-01",-7.43
"STOML1",-0.0843,4.598,-0.543884965292487,"5.964e-01","6.382e-01",-7.44
"STAT2",0.0381,3.7107,0.439691475256256,"6.679e-01","7.039e-01",-7.44
"CBX6",-0.0316,4.1882,-0.295224452487923,"7.728e-01","8.013e-01",-7.44
"ITPRIP",0.0523,4.5199,0.548694322108026,"5.932e-01","6.351e-01",-7.44
"AKTIP",0.0394,5.884,0.595382461462345,"5.626e-01","6.064e-01",-7.44
"LRRC8B",0.0329,6.2724,0.487908186834606,"6.344e-01","6.730e-01",-7.44
"IFT74",0.0191,2.8768,0.143890054610888,"8.880e-01","9.038e-01",-7.44
"RPS6KB1",0.0421,7.3474,0.644897756561735,"5.311e-01","5.755e-01",-7.44
"TPM1",0.0358,4.3741,0.521623020392989,"6.114e-01","6.517e-01",-7.44
"OXNAD1",0.0319,5.7421,0.535852538452929,"6.018e-01","6.431e-01",-7.44
"SLAIN1",0.0287,3.7491,0.302546235001953,"7.674e-01","7.961e-01",-7.44
"CYCS",-0.1392,9.2138,-0.744370707907206,"4.709e-01","5.157e-01",-7.44
"EGR2",-0.0638,4.6765,-0.478799986338922,"6.407e-01","6.789e-01",-7.44
"HIPK1",0.0696,6.9581,0.608801438072641,"5.540e-01","5.980e-01",-7.44
"PDPR",0.0451,5.4175,0.562299050507739,"5.842e-01","6.265e-01",-7.44
"RCOR1",-0.0721,6.7403,-0.665897519891878,"5.180e-01","5.625e-01",-7.45
"MBNL2",-0.0718,5.309,-0.519317940024382,"6.129e-01","6.532e-01",-7.45
"UEVLD",0.0302,5.2154,0.549394573039252,"5.928e-01","6.347e-01",-7.45
"DSCAM",-0.0725,3.4436,-0.459380309484444,"6.541e-01","6.912e-01",-7.45
"MARVELD2",-0.046,6.0709,-0.640498004015668,"5.338e-01","5.782e-01",-7.45
"ING3",0.0492,5.8985,0.591817929226721,"5.649e-01","6.082e-01",-7.45
"POF1B",-0.0448,3.3431,-0.245087381975917,"8.105e-01","8.349e-01",-7.45
"AMACR",-0.0475,5.2863,-0.570009641376248,"5.791e-01","6.217e-01",-7.45
"PPIF",0.044,6.6305,0.540586987707821,"5.986e-01","6.402e-01",-7.45
"ATE1",0.0352,5.9631,0.529317185020165,"6.062e-01","6.474e-01",-7.45
"TEAD4",0.0416,4.4305,0.507390855242499,"6.210e-01","6.609e-01",-7.45
"MBD3",0.0496,6.3369,0.499893488175368,"6.262e-01","6.657e-01",-7.45
"TBC1D9B",-0.0466,6.685,-0.609688739312316,"5.534e-01","5.975e-01",-7.45
"ERC1",-0.086,5.5397,-0.545736157096752,"5.952e-01","6.369e-01",-7.46
"AP4S1",0.0534,3.9946,0.465242410785575,"6.501e-01","6.873e-01",-7.46
"MRS2",-0.0577,5.1071,-0.575967183938986,"5.752e-01","6.182e-01",-7.46
"ESCO1",0.0319,6.0692,0.554227695023711,"5.896e-01","6.315e-01",-7.46
"GOLGA1",0.0714,5.7894,0.55806853806047,"5.870e-01","6.292e-01",-7.46
"DTYMK",0.0339,5.157,0.498226721254524,"6.273e-01","6.668e-01",-7.46
"CLCN5",0.0378,5.7388,0.524715522410383,"6.093e-01","6.502e-01",-7.46
"ILF2",-0.0463,8.3902,-0.673083264564393,"5.136e-01","5.581e-01",-7.46
"HIVEP2",0.0474,5.4444,0.454838452093622,"6.573e-01","6.942e-01",-7.46
"TEPSIN",-0.067,5.2193,-0.589632461452313,"5.663e-01","6.096e-01",-7.46
"ABHD17B",-0.0477,5.5929,-0.51690398687469,"6.146e-01","6.546e-01",-7.46
"MAPK12",0.0243,3.8913,0.238112709321315,"8.158e-01","8.393e-01",-7.46
"AIP",0.0402,5.5117,0.477247324503644,"6.417e-01","6.799e-01",-7.47
"IQSEC1",-0.0749,5.0884,-0.487510982263048,"6.346e-01","6.731e-01",-7.47
"AFF2",0.0567,4.1676,0.466094329786781,"6.495e-01","6.868e-01",-7.47
"ANKRD28",-0.0369,6.7801,-0.586404360129076,"5.684e-01","6.117e-01",-7.47
"PRKAR2A",0.0617,6.8415,0.624573891160631,"5.439e-01","5.881e-01",-7.47
"GTF2F2",-0.0433,6.5413,-0.540261326352676,"5.989e-01","6.403e-01",-7.47
"TEC",-0.0349,4.0773,-0.400077480532562,"6.961e-01","7.294e-01",-7.47
"THOC2",-0.0809,7.9689,-0.580652556427316,"5.722e-01","6.153e-01",-7.47
"MZT1",0.0555,5.3602,0.551542398267449,"5.913e-01","6.333e-01",-7.47
"PPME1",0.0325,6.7326,0.533364883870761,"6.035e-01","6.447e-01",-7.47
"GLCCI1",0.0324,7.2491,0.56586721743511,"5.819e-01","6.245e-01",-7.47
"ATP7A",-0.0627,6.0141,-0.484856136426872,"6.365e-01","6.746e-01",-7.47
"MKRN2",0.0459,6.1252,0.555251056258205,"5.889e-01","6.309e-01",-7.48
"PAIP1",-0.038,5.3989,-0.486415394172858,"6.354e-01","6.737e-01",-7.48
"INTS9",-0.0292,5.8291,-0.501820528191377,"6.248e-01","6.645e-01",-7.48
"RWDD2B",-0.0401,4.0672,-0.425631355673391,"6.779e-01","7.127e-01",-7.48
"YBX3",0.0716,7.673,0.687850703834025,"5.046e-01","5.494e-01",-7.48
"GABARAPL1",0.0396,5.8731,0.542579126282844,"5.973e-01","6.388e-01",-7.48
"USB1",-0.037,4.9237,-0.501144346666005,"6.253e-01","6.649e-01",-7.48
"PBRM1",0.0348,7.1389,0.485121079965659,"6.363e-01","6.745e-01",-7.48
"DAP3",0.0528,7.762,0.61677637167198,"5.489e-01","5.930e-01",-7.48
"JMJD8",-0.055,5.3107,-0.570450989768732,"5.789e-01","6.215e-01",-7.48
"PSMA7",0.0585,8.5519,0.699027180594555,"4.978e-01","5.426e-01",-7.49
"KAT7",0.0305,7.4382,0.548024150830372,"5.937e-01","6.355e-01",-7.49
"CREBL2",0.0491,4.5857,0.45394496809693,"6.579e-01","6.948e-01",-7.49
"INPP4A",-0.0597,4.3789,-0.43338962766858,"6.724e-01","7.078e-01",-7.49
"PPIH",-0.0369,6.4695,-0.46145866780437,"6.527e-01","6.898e-01",-7.49
"TTK",0.0355,6.4609,0.473672435770704,"6.442e-01","6.821e-01",-7.49
"SIL1",0.0341,6.0116,0.594839576757779,"5.630e-01","6.066e-01",-7.49
"PKP4",-0.0335,6.8753,-0.504015912214103,"6.233e-01","6.631e-01",-7.49
"IST1",0.1098,8.203,0.71224095145934,"4.899e-01","5.346e-01",-7.49
"ABHD10",-0.0041,3.4659,-0.0350165799061719,"9.726e-01","9.780e-01",-7.49
"USP53",-0.082,5.1941,-0.42889238446267,"6.756e-01","7.107e-01",-7.49
"PPP1R9B",-0.0178,4.5501,-0.277652487853578,"7.860e-01","8.137e-01",-7.49
"ADRM1",0.038,7.5493,0.620914619929783,"5.462e-01","5.904e-01",-7.49
"GABARAPL2",-0.0506,5.8656,-0.59487926725272,"5.629e-01","6.066e-01",-7.5
"TTL",-0.0316,7.6474,-0.529817870706081,"6.059e-01","6.471e-01",-7.5
"SLC18B1",-0.0437,6.7725,-0.546117152251198,"5.950e-01","6.367e-01",-7.5
"FAM13B",0.0451,5.1924,0.416555009793459,"6.843e-01","7.182e-01",-7.5
"VAPB",0.0397,7.102,0.607703943349047,"5.547e-01","5.986e-01",-7.5
"RABGAP1L",-0.0346,6.5924,-0.491588350432321,"6.318e-01","6.707e-01",-7.5
"RALGPS1",0.043,5.363,0.449492781002327,"6.611e-01","6.976e-01",-7.5
"FARS2",0.0286,5.6611,0.471671881227098,"6.456e-01","6.832e-01",-7.5
"TLE1",0.0362,4.7961,0.414706123515751,"6.856e-01","7.194e-01",-7.5
"POLR2I",0.0421,5.1989,0.413580664025427,"6.864e-01","7.201e-01",-7.5
"PPP2R3C",-0.0344,6.1267,-0.522539714523215,"6.108e-01","6.512e-01",-7.5
"TMEM245",-0.0737,7.4859,-0.631458541813304,"5.395e-01","5.837e-01",-7.5
"SCRN3",-0.0277,4.5955,-0.421178050466163,"6.810e-01","7.158e-01",-7.5
"CHCHD1",-0.031,5.3559,-0.469652795175299,"6.470e-01","6.846e-01",-7.5
"ADNP",0.0625,8.646,0.62226310670578,"5.454e-01","5.897e-01",-7.5
"PITX2",-0.0427,5.9996,-0.420594023001245,"6.815e-01","7.159e-01",-7.5
"PTPMT1",0.0457,5.2221,0.488905981287195,"6.337e-01","6.724e-01",-7.5
"ANKRD17",0.0475,7.5801,0.442404066036769,"6.660e-01","7.023e-01",-7.5
"MRPS36",-0.0536,5.399,-0.4944530358342,"6.299e-01","6.689e-01",-7.51
"MFF",0.027,6.2545,0.445792281605346,"6.637e-01","7.001e-01",-7.51
"MRPS12",0.0685,6.6561,0.697760329662989,"4.986e-01","5.433e-01",-7.51
"MGAT5",-0.0649,5.8141,-0.519419443731064,"6.129e-01","6.532e-01",-7.51
"CDK7",0.0361,5.5449,0.459732690362042,"6.539e-01","6.910e-01",-7.51
"KLHDC4",0.0384,6.6378,0.491482119847183,"6.319e-01","6.707e-01",-7.51
"ASB5",0.0267,4.1796,0.374750943710863,"7.144e-01","7.472e-01",-7.51
"DGKD",-0.0675,6.3208,-0.498391115866624,"6.272e-01","6.667e-01",-7.51
"MYEF2",0.0287,6.1602,0.426936413998396,"6.770e-01","7.121e-01",-7.51
"RASL11A",-0.137,5.2277,-0.464502701250506,"6.506e-01","6.878e-01",-7.51
"CAPN10",0.0286,4.8776,0.368381877492897,"7.190e-01","7.516e-01",-7.51
"TAMM41",0.0263,5.1405,0.434325768038212,"6.717e-01","7.073e-01",-7.51
"FSTL1",0.0418,7.0047,0.526053916762673,"6.084e-01","6.494e-01",-7.51
"DHRS11",0.0527,6.5041,0.488880512203546,"6.337e-01","6.724e-01",-7.51
"MTIF3",-0.0446,5.6454,-0.512866136163291,"6.173e-01","6.572e-01",-7.51
"MRPL35",0.0774,6.4654,0.60065978456473,"5.592e-01","6.031e-01",-7.51
"RMI2",0.0418,5.9508,0.586457811628596,"5.684e-01","6.117e-01",-7.52
"TRAPPC12",0.0249,5.3009,0.381234715707741,"7.097e-01","7.427e-01",-7.52
"ATXN1L",0.0474,6.3921,0.532724774882775,"6.039e-01","6.451e-01",-7.52
"DPY30",0.0412,6.0818,0.518530075515914,"6.135e-01","6.536e-01",-7.52
"BIRC5",-0.049,6.555,-0.523032544863745,"6.104e-01","6.509e-01",-7.52
"COX5B",-0.0858,7.4001,-0.671855850496039,"5.144e-01","5.588e-01",-7.52
"TMED2",0.0601,8.9157,0.744301749546946,"4.710e-01","5.157e-01",-7.52
"CCDC25",0.0394,6.804,0.560859874696683,"5.852e-01","6.274e-01",-7.52
"GLO1",-0.0563,7.1428,-0.527214994412934,"6.076e-01","6.488e-01",-7.52
"ORAOV1",-0.0363,4.1462,-0.319455364074751,"7.549e-01","7.850e-01",-7.52
"RNF10",-0.0382,8.0222,-0.638052064623444,"5.354e-01","5.798e-01",-7.52
"DNM1L",0.07,7.9871,0.602338734030242,"5.581e-01","6.020e-01",-7.52
"ERH",-0.0362,7.6781,-0.47834492503545,"6.410e-01","6.791e-01",-7.52
"SAP18",-0.043,8.0207,-0.593277159552072,"5.640e-01","6.074e-01",-7.52
"IL17RA",0.0315,5.471,0.414804417453722,"6.856e-01","7.194e-01",-7.52
"SMARCAD1",0.0254,5.4904,0.366555014820544,"7.203e-01","7.528e-01",-7.52
"SEPT7",-0.0492,9.3015,-0.719668887236813,"4.855e-01","5.304e-01",-7.53
"HS2ST1",0.0241,5.3355,0.400252006279386,"6.960e-01","7.294e-01",-7.53
"HEATR5B",0.0258,5.3444,0.302074812056466,"7.677e-01","7.962e-01",-7.53
"ALDH1L2",-0.1548,7.274,-0.466443151094155,"6.492e-01","6.866e-01",-7.53
"PIK3CD",-0.04,5.1553,-0.349740801692982,"7.326e-01","7.646e-01",-7.53
"MRPL57",-0.028,5.7491,-0.34587791510414,"7.354e-01","7.671e-01",-7.53
"RICTOR",0.0552,5.077,0.339874432226499,"7.398e-01","7.714e-01",-7.53
"CASC4",-0.0371,8.4828,-0.526817299991456,"6.079e-01","6.490e-01",-7.53
"MTRR",0.0276,6.4037,0.446268546949711,"6.633e-01","6.998e-01",-7.53
"LACTB",0.0234,4.2093,0.32206061395361,"7.529e-01","7.833e-01",-7.53
"ULK1",0.0702,5.5782,0.453009539651402,"6.586e-01","6.953e-01",-7.53
"METTL8",0.019,4.0729,0.232081361112792,"8.204e-01","8.430e-01",-7.53
"DNMT3B",-0.0214,6.522,-0.344101299411173,"7.367e-01","7.683e-01",-7.53
"GORASP2",-0.0249,6.7576,-0.383187319339433,"7.083e-01","7.413e-01",-7.53
"HMGB3",0.0375,8.8135,0.535914000298588,"6.018e-01","6.431e-01",-7.53
"MAPK8",-0.0293,6.0341,-0.424922646859496,"6.784e-01","7.131e-01",-7.53
"HSPBAP1",-0.0123,3.9271,-0.0914454853350444,"9.286e-01","9.395e-01",-7.53
"SIRT3",-0.034,5.7801,-0.438490162642302,"6.688e-01","7.047e-01",-7.53
"INPP5K",0.0215,6.5585,0.266912364438565,"7.941e-01","8.207e-01",-7.53
"TBC1D31",0.0239,5.5319,0.351019552272018,"7.316e-01","7.637e-01",-7.53
"SRSF3",0.0526,8.7589,0.666858443443724,"5.174e-01","5.619e-01",-7.53
"MLLT10",-0.0285,6.4908,-0.462677811666789,"6.518e-01","6.890e-01",-7.53
"SLC44A3",-0.036,4.4975,-0.335415571309587,"7.431e-01","7.739e-01",-7.53
"S100A6",0.0294,4.6222,0.133217822158089,"8.962e-01","9.111e-01",-7.53
"COMMD10",0.043,5.3943,0.383481110212618,"7.080e-01","7.412e-01",-7.53
"ZC3H3",0.0217,5.7725,0.383893650060529,"7.077e-01","7.409e-01",-7.53
"RAB7A",-0.0235,7.1434,-0.417497657551062,"6.837e-01","7.178e-01",-7.54
"TSPOAP1",0.0405,4.3277,0.310859434479986,"7.612e-01","7.908e-01",-7.54
"NLN",0.0255,4.3668,0.30936683636171,"7.623e-01","7.918e-01",-7.54
"RRM1",0.0747,8.0596,0.496753768088334,"6.283e-01","6.675e-01",-7.54
"WDR26",-0.0343,6.3606,-0.466845341705837,"6.489e-01","6.866e-01",-7.54
"MMD",-0.024,5.9536,-0.42620982938938,"6.775e-01","7.124e-01",-7.54
"TMEM33",0.0341,7.9884,0.557281756562797,"5.875e-01","6.296e-01",-7.54
"PCM1",-0.0296,6.7571,-0.306967750951231,"7.641e-01","7.935e-01",-7.54
"VPS37A",0.0249,5.4288,0.372725468478797,"7.158e-01","7.487e-01",-7.54
"PDS5B",0.0229,5.8706,0.251471089021787,"8.057e-01","8.309e-01",-7.54
"gga-mir-1723",0.0326,4.8317,0.205814454492481,"8.404e-01","8.607e-01",-7.54
"CCNH",0.0572,6.4972,0.48648157542188,"6.354e-01","6.737e-01",-7.54
"MEF2D",0.0278,4.5594,0.312011885572383,"7.604e-01","7.901e-01",-7.54
"ERP29",-0.0423,8.5706,-0.742526160981509,"4.720e-01","5.168e-01",-7.54
"PHIP",-0.0325,6.254,-0.230078255702489,"8.219e-01","8.440e-01",-7.54
"LSM14B",0.0275,6.5939,0.420260706364097,"6.817e-01","7.161e-01",-7.54
"GPN3",-0.0263,6.6606,-0.416854626478797,"6.841e-01","7.181e-01",-7.54
"TNKS2",0.0289,6.6818,0.419638675023785,"6.821e-01","7.165e-01",-7.55
"MYSM1",-0.0342,4.9916,-0.335913665260013,"7.427e-01","7.736e-01",-7.55
"UHRF1BP1",-0.0421,5.0501,-0.351828574523992,"7.310e-01","7.632e-01",-7.55
"MYH10",0.0238,6.3512,0.304717099148595,"7.658e-01","7.948e-01",-7.55
"SPTLC2",0.0386,7.5197,0.524497990230469,"6.094e-01","6.503e-01",-7.55
"NUDT6",0.0529,5.7795,0.414142754238044,"6.860e-01","7.198e-01",-7.55
"MMACHC",-0.0174,4.7914,-0.292176816821012,"7.751e-01","8.034e-01",-7.55
"WASF2",0.0351,7.2485,0.493749933284067,"6.304e-01","6.693e-01",-7.55
"IMPA1",0.0307,6.0996,0.41044738814783,"6.887e-01","7.220e-01",-7.55
"SLC25A17",0.0378,6.5004,0.448884424408181,"6.615e-01","6.980e-01",-7.55
"HPCAL1",-0.0152,4.8404,-0.231106136117726,"8.211e-01","8.434e-01",-7.55
"MTHFD1L",-0.0568,6.893,-0.368239139863325,"7.191e-01","7.516e-01",-7.55
"METTL22",-0.0178,4.8207,-0.254078423176015,"8.037e-01","8.289e-01",-7.55
"TCF25",-0.0118,5.8947,-0.16388923866543,"8.725e-01","8.894e-01",-7.55
"LARP4B",0.042,6.8859,0.4134843541684,"6.865e-01","7.201e-01",-7.56
"MBOAT2",-0.0487,4.4734,-0.266707619820308,"7.942e-01","8.207e-01",-7.56
"ELL",0.0123,6.0916,0.210329379744365,"8.369e-01","8.579e-01",-7.56
"EXOC3",0.0206,7.5188,0.433956663636629,"6.720e-01","7.075e-01",-7.56
"RABGGTB",-0.0115,5.808,-0.185276370072129,"8.561e-01","8.746e-01",-7.56
"PRPF6",-0.0264,7.7213,-0.456880341491556,"6.559e-01","6.928e-01",-7.56
"CEP44",0.028,5.8356,0.360686127052253,"7.246e-01","7.569e-01",-7.56
"ZBTB38",0.0174,5.9105,0.226840932134888,"8.244e-01","8.462e-01",-7.56
"RAB32",0.0329,5.4115,0.357068209505053,"7.272e-01","7.594e-01",-7.56
"TUBB1",0.0115,4.0246,0.191140158291918,"8.516e-01","8.712e-01",-7.56
"ABI2",0.0173,6.6429,0.154854701179687,"8.795e-01","8.958e-01",-7.56
"UBN1",0.0161,5.9952,0.256281660025634,"8.021e-01","8.276e-01",-7.56
"GALNT16",-0.0272,4.5486,-0.24718755979527,"8.089e-01","8.337e-01",-7.56
"MMAA",-0.0139,4.0202,-0.144270945524836,"8.877e-01","9.037e-01",-7.56
"XRCC3",-0.0127,5.8474,-0.194131547388558,"8.493e-01","8.689e-01",-7.56
"ATR",0.0132,5.3136,0.134288883934053,"8.954e-01","9.103e-01",-7.56
"SUFU",-0.0327,6.5239,-0.474759903986053,"6.434e-01","6.813e-01",-7.56
"USP46",0.0163,5.015,0.265109433338113,"7.954e-01","8.217e-01",-7.56
"NR3C1",-0.016,4.3011,-0.211588253798168,"8.360e-01","8.572e-01",-7.56
"CENPM",0.0371,5.3743,0.372044534185636,"7.163e-01","7.491e-01",-7.56
"MLH1",-0.0272,6.3278,-0.445727375719199,"6.637e-01","7.001e-01",-7.56
"ORMDL2",0.0242,5.4345,0.222897662644024,"8.273e-01","8.489e-01",-7.56
"MED12",0.0297,7.12,0.331702015651649,"7.458e-01","7.765e-01",-7.56
"BICC1",0.0285,5.6538,0.270484281870022,"7.914e-01","8.186e-01",-7.57
"CWC27",-0.0218,5.3551,-0.254628770496131,"8.033e-01","8.286e-01",-7.57
"TFB1M",-0.0229,4.4862,-0.23187378595907,"8.205e-01","8.431e-01",-7.57
"CEP120",0.0165,4.8147,0.186729388280302,"8.550e-01","8.740e-01",-7.57
"PNPT1",-0.0439,7.701,-0.444824998048465,"6.643e-01","7.006e-01",-7.57
"ITPA",0.0492,6.7874,0.39668156848079,"6.985e-01","7.318e-01",-7.57
"FBXO33",-0.0366,5.8365,-0.411691310304194,"6.878e-01","7.211e-01",-7.57
"RPS6KB2",0.0109,5.0458,0.180161147166003,"8.600e-01","8.780e-01",-7.57
"IRAK4",0.0023,4.2534,0.0196351109592961,"9.847e-01","9.874e-01",-7.57
"HNRNPA2B1",-0.0352,10.2234,-0.69763684589867,"4.986e-01","5.433e-01",-7.57
"POLR1D",-0.0169,4.8114,-0.200780246437303,"8.442e-01","8.642e-01",-7.57
"STC2",-0.0949,6.2166,-0.370567510397893,"7.174e-01","7.500e-01",-7.57
"MYO5A",0.0237,5.6434,0.176481965342455,"8.628e-01","8.807e-01",-7.57
"FARP2",0.0296,6.1098,0.315159569790128,"7.580e-01","7.880e-01",-7.57
"NDRG3",-0.0145,6.2097,-0.248117928662151,"8.082e-01","8.333e-01",-7.57
"RWDD1",0.018,6.0994,0.242510905231482,"8.125e-01","8.367e-01",-7.57
"MTX2",0.0301,6.1102,0.276411436077602,"7.869e-01","8.145e-01",-7.57
"NUDT2",0.0226,4.5938,0.215485432877664,"8.330e-01","8.544e-01",-7.57
"COPS4",-0.0577,7.2442,-0.497018997417404,"6.281e-01","6.674e-01",-7.57
"TMEM183A",0.0189,6.4801,0.234232834655473,"8.187e-01","8.415e-01",-7.57
"EPS15L1",-0.0207,5.5552,-0.236639746002163,"8.169e-01","8.400e-01",-7.57
"ROCK2",-0.0073,5.9067,-0.063103389902605,"9.507e-01","9.592e-01",-7.57
"ZNF292",-0.0049,5.5201,-0.0482138586390509,"9.623e-01","9.695e-01",-7.57
"ZFYVE9",0.0316,5.5386,0.266419926304276,"7.944e-01","8.209e-01",-7.57
"SLC25A5",0.0901,9.2867,0.723941851762844,"4.829e-01","5.279e-01",-7.57
"UBASH3B",-0.0334,5.1358,-0.290356808403708,"7.765e-01","8.047e-01",-7.57
"NDUFB2",-0.0325,6.4141,-0.338434226926919,"7.409e-01","7.722e-01",-7.57
"USP49",0.0137,4.1597,0.116937274356773,"9.088e-01","9.220e-01",-7.57
"TMEM267",0.0024,4.5687,0.0274048690376338,"9.786e-01","9.826e-01",-7.58
"GFM2",0.0163,5.1603,0.189310484226086,"8.530e-01","8.723e-01",-7.58
"CDC42SE2",-0.024,5.3163,-0.303677117175961,"7.666e-01","7.953e-01",-7.58
"PIN4",-0.0281,5.6774,-0.332875283836738,"7.449e-01","7.756e-01",-7.58
"HMGB1",-0.0605,9.4017,-0.607137570170016,"5.550e-01","5.990e-01",-7.58
"LMBR1",-0.0454,7.2102,-0.475442163891832,"6.430e-01","6.810e-01",-7.58
"NDUFAF4",-0.0024,5.1125,-0.0316296182125096,"9.753e-01","9.797e-01",-7.58
"SLCO3A1",-0.0025,4.425,-0.0371617739476533,"9.710e-01","9.768e-01",-7.58
"NXPE3",0.0143,4.6292,0.128242728372095,"9.001e-01","9.141e-01",-7.58
"ZNF644",0.0125,6.4942,0.123519982046356,"9.037e-01","9.175e-01",-7.58
"CNOT10",0.0211,6.5961,0.358562325006331,"7.261e-01","7.584e-01",-7.58
"PHF10",-0.0075,5.6327,-0.11479367521653,"9.105e-01","9.235e-01",-7.58
"INTS1",-0.0229,7.6091,-0.361357945308095,"7.241e-01","7.565e-01",-7.58
"ZNF318",-0.0123,5.9956,-0.132549179122124,"8.967e-01","9.113e-01",-7.58
"NATD1",-0.0239,4.9284,-0.239543102705765,"8.147e-01","8.384e-01",-7.59
"NOL10",0.0178,6.2028,0.234256618589624,"8.187e-01","8.415e-01",-7.59
"KHDRBS3",0.0287,6.026,0.283034055582341,"7.820e-01","8.101e-01",-7.59
"NEMP2",-0.0072,5.0008,-0.106895331193412,"9.166e-01","9.283e-01",-7.59
"PACSIN3",0.0013,4.3636,0.0187393097537813,"9.854e-01","9.879e-01",-7.59
"DARS2",0.0122,6.0414,0.209374762709391,"8.377e-01","8.584e-01",-7.59
"HIRA",-0.0279,7.5217,-0.371516383153233,"7.167e-01","7.494e-01",-7.59
"CLDND1",0.0179,5.86,0.23795920482903,"8.159e-01","8.394e-01",-7.59
"SP1",0.0146,7.0112,0.250742824712813,"8.062e-01","8.313e-01",-7.59
"MTURN",-0.0384,6.2159,-0.418421121931851,"6.830e-01","7.173e-01",-7.59
"PPP2R5D",0.0206,6.4485,0.321956125731841,"7.530e-01","7.833e-01",-7.59
"TMEM161B",-0.0123,5.1689,-0.11020197183178,"9.141e-01","9.262e-01",-7.59
"UBR5",-0.0289,7.8358,-0.302214078961009,"7.676e-01","7.962e-01",-7.59
"GLOD4",0.0506,7.8327,0.390187526652344,"7.032e-01","7.363e-01",-7.59
"WWP2",-0.0187,5.9882,-0.247570456516721,"8.086e-01","8.336e-01",-7.59
"TBC1D2B",-0.0048,4.4474,-0.0325368364351509,"9.746e-01","9.792e-01",-7.59
"PYGB",0.0196,5.5947,0.339243745042778,"7.403e-01","7.718e-01",-7.59
"IFT122",-5e-04,4.9455,-0.00810195557370361,"9.937e-01","9.947e-01",-7.59
"TOMM40L",-0.0435,7.8659,-0.59221560894605,"5.647e-01","6.081e-01",-7.59
"IFT140",0.0066,4.5134,0.0832683020584638,"9.350e-01","9.450e-01",-7.59
"CDC42BPA",-0.0083,6.0551,-0.0543497764257338,"9.575e-01","9.650e-01",-7.59
"RALGPS2",0.0141,7.3037,0.239618907873406,"8.147e-01","8.384e-01",-7.59
"CBR4",-0.017,5.6835,-0.213584353495054,"8.344e-01","8.557e-01",-7.59
"TAOK3",-0.0272,6.1623,-0.338721841996832,"7.406e-01","7.720e-01",-7.59
"WHAMM",0.0297,5.9526,0.302018097348507,"7.678e-01","7.962e-01",-7.59
"LAMTOR3",0.0152,5.973,0.207551357317855,"8.390e-01","8.597e-01",-7.59
"RNF123",0.0138,5.8511,0.189720857281993,"8.527e-01","8.721e-01",-7.59
"RNGTT",0.003,6.1241,0.03398451632176,"9.734e-01","9.784e-01",-7.6
"SP8",0.0129,4.6413,0.106826836979502,"9.167e-01","9.283e-01",-7.6
"TBC1D15",0.0322,7.1885,0.309668245704259,"7.621e-01","7.916e-01",-7.6
"SCFD1",0.0224,6.9001,0.348067270443675,"7.338e-01","7.656e-01",-7.6
"STARD3",-0.0264,6.6306,-0.311519166002126,"7.607e-01","7.904e-01",-7.6
"GSKIP",0.0136,5.2701,0.175334948895391,"8.637e-01","8.815e-01",-7.6
"MLH3",-0.0017,6.8345,-0.0306465145835565,"9.761e-01","9.803e-01",-7.6
"COPE",-0.0388,7.6425,-0.54303161564812,"5.970e-01","6.386e-01",-7.6
"OPHN1",0.0091,5.1341,0.0846668917111025,"9.339e-01","9.442e-01",-7.6
"WDR70",-0.01,5.8342,-0.143949195919613,"8.879e-01","9.038e-01",-7.6
"DNAJC10",-0.017,6.4166,-0.230434321396674,"8.216e-01","8.438e-01",-7.6
"SNRPD2",0.0207,6.7549,0.278830385827555,"7.851e-01","8.129e-01",-7.6
"HCFC2",0.0046,5.4099,0.0327383690936813,"9.744e-01","9.792e-01",-7.6
"WBP4",8e-04,6.1733,0.0115410880526649,"9.910e-01","9.926e-01",-7.6
"RAD54L2",-0.0042,6.2567,-0.0591695351169167,"9.538e-01","9.616e-01",-7.6
"COPS2",0.0205,7.0227,0.210213971418268,"8.370e-01","8.579e-01",-7.6
"ATP8B2",-0.013,5.8312,-0.185504145806274,"8.559e-01","8.746e-01",-7.6
"PAK4",0.0199,6.2193,0.256828406346075,"8.016e-01","8.274e-01",-7.61
"ARHGAP12",-0.0166,6.1869,-0.172592745005749,"8.658e-01","8.832e-01",-7.61
"ALG8",-0.003,5.6235,-0.0462896949284949,"9.638e-01","9.706e-01",-7.61
"NCOA3",-0.0034,5.899,-0.0212962919686525,"9.834e-01","9.864e-01",-7.61
"CRYM",0.0222,6.0994,0.292456718773972,"7.749e-01","8.033e-01",-7.61
"ZBTB43",0.0273,5.6179,0.209438479379238,"8.376e-01","8.584e-01",-7.61
"ARL5B",0.0393,7.1012,0.304573479787145,"7.659e-01","7.948e-01",-7.61
"SAP30",0.0145,5.0597,0.199000910213059,"8.456e-01","8.655e-01",-7.61
"G3BP2",0.0016,6.6009,0.0224770188291321,"9.824e-01","9.860e-01",-7.61
"GNB4",-0.0361,7.2461,-0.420627509021376,"6.814e-01","7.159e-01",-7.61
"SLC35A3",-0.0069,5.8071,-0.09562004960614,"9.254e-01","9.364e-01",-7.61
"DYNLL2",0.0114,6.6953,0.135270406055495,"8.946e-01","9.097e-01",-7.61
"EXOC7",-0.0072,5.6201,-0.116937832049778,"9.088e-01","9.220e-01",-7.61
"LAP3",0.0112,6.5729,0.157649295746514,"8.773e-01","8.939e-01",-7.61
"ENSA",0.0305,7.4048,0.453507041009215,"6.582e-01","6.950e-01",-7.61
"MALT1",-0.003,5.8144,-0.0359963061460431,"9.719e-01","9.773e-01",-7.61
"AFG3L2",0.0204,8.5821,0.452788189386603,"6.587e-01","6.954e-01",-7.61
"EFCAB14",-0.0325,6.5732,-0.379260765550311,"7.111e-01","7.441e-01",-7.61
"GNA11",0.0222,7.4725,0.345099230346925,"7.360e-01","7.676e-01",-7.61
"LARP1",0.051,9.048,0.555267712861543,"5.889e-01","6.309e-01",-7.61
"FAR1",0.0126,7.0217,0.186375771791146,"8.553e-01","8.741e-01",-7.61
"C1orf21",-0.0183,6.0595,-0.239883933467799,"8.145e-01","8.384e-01",-7.62
"PRKAG1",0.0212,6.8877,0.262039646156601,"7.977e-01","8.240e-01",-7.62
"METTL9",-0.0109,6.3313,-0.137325134562863,"8.930e-01","9.085e-01",-7.62
"AP2M1",0.0785,9.3731,0.633894000756557,"5.380e-01","5.823e-01",-7.62
"NUP214",0.0178,7.4046,0.2450935458333,"8.105e-01","8.349e-01",-7.62
"GNPNAT1",-0.0343,8.4186,-0.497804032956375,"6.276e-01","6.670e-01",-7.62
"PPIL4",0.0092,5.9877,0.109386651247451,"9.147e-01","9.265e-01",-7.62
"WDR45B",0.0102,5.6154,0.175281899949721,"8.638e-01","8.815e-01",-7.62
"ACSS3",-0.0016,5.3777,-0.0213416912907607,"9.833e-01","9.864e-01",-7.62
"ARPC4",0.047,7.5646,0.580825898438878,"5.721e-01","6.153e-01",-7.62
"NAA25",0.0204,7.8128,0.269483482646829,"7.921e-01","8.192e-01",-7.62
"PTGFRN",-0.0019,6.2167,-0.0153759350538735,"9.880e-01","9.900e-01",-7.62
"KDM5A",0.0073,6.7089,0.0850795527523409,"9.336e-01","9.440e-01",-7.62
"NSA2",0.0232,7.4501,0.318722576374924,"7.554e-01","7.855e-01",-7.62
"CCT8",0.0443,8.947,0.473371270456099,"6.444e-01","6.821e-01",-7.62
"TPM3",0.031,8.7417,0.420738975853073,"6.814e-01","7.159e-01",-7.62
"DCBLD2",-0.0027,6.7374,-0.0414156149319959,"9.676e-01","9.738e-01",-7.62
"UPF1",-0.0392,8.198,-0.442681186303679,"6.658e-01","7.021e-01",-7.62
"KIFC3",0.0046,5.5368,0.0621781555672016,"9.514e-01","9.597e-01",-7.62
"TAB3",-0.0036,6.2714,-0.0429325767289214,"9.665e-01","9.728e-01",-7.63
"FBXL5",-0.0072,6.3044,-0.114716022622897,"9.106e-01","9.235e-01",-7.63
"TTC8",0.0182,5.8197,0.256293308543819,"8.020e-01","8.276e-01",-7.63
"FAM98A",0.0075,6.8854,0.132943305256074,"8.964e-01","9.111e-01",-7.63
"SLC22A23",-0.0104,6.1856,-0.135403313715015,"8.945e-01","9.097e-01",-7.63
"AMT",-0.0141,5.7452,-0.122401797724789,"9.046e-01","9.182e-01",-7.63
"C12orf4",-0.0043,6.1693,-0.0657854341133518,"9.486e-01","9.572e-01",-7.63
"SLC37A3",-0.0127,6.5438,-0.205853489700676,"8.403e-01","8.607e-01",-7.63
"SNX8",-0.0124,6.5216,-0.131096391331503,"8.979e-01","9.123e-01",-7.63
"RNF7",-0.0162,6.879,-0.247415586356483,"8.088e-01","8.336e-01",-7.63
"HNRNPH3",-0.0484,8.9655,-0.441827492281038,"6.664e-01","7.025e-01",-7.63
"SASS6",-0.0056,7.147,-0.0527283724101608,"9.588e-01","9.660e-01",-7.63
"UBE2A",-0.013,7.0205,-0.20273215820871,"8.427e-01","8.629e-01",-7.63
"PHF6",0.0037,6.4251,0.0445995853037099,"9.652e-01","9.719e-01",-7.63
"MEF2A",8e-04,6.1957,0.0075384401712908,"9.941e-01","9.949e-01",-7.63
"RC3H2",-0.0057,6.3207,-0.0382730826013302,"9.701e-01","9.760e-01",-7.63
"STX12",0.0139,6.2723,0.267480680458481,"7.936e-01","8.204e-01",-7.63
"HDAC7",1e-04,5.7667,0.00165551003922822,"9.987e-01","9.987e-01",-7.63
"GGA1",0.0202,7.6309,0.349429514291566,"7.328e-01","7.647e-01",-7.63
"MPPED2",0.0113,5.3683,0.0990467906709206,"9.227e-01","9.338e-01",-7.63
"CERS2",-0.0685,9.521,-0.646402425363598,"5.301e-01","5.747e-01",-7.64
"CACUL1",-0.0018,5.7799,-0.0264590118443631,"9.793e-01","9.832e-01",-7.64
"RPS3A",-0.0449,10.5174,-0.62759366764344,"5.420e-01","5.862e-01",-7.64
"RFX5",0.013,5.3322,0.126377231409768,"9.015e-01","9.154e-01",-7.64
"RTFDC1",0.022,8.1113,0.430558197083564,"6.744e-01","7.096e-01",-7.64
"DNMT1",-0.0311,7.3945,-0.27241282717142,"7.899e-01","8.173e-01",-7.64
"MAP2K3",-0.0081,6.9035,-0.119766901354919,"9.066e-01","9.201e-01",-7.64
"GLB1L",-0.0089,5.8645,-0.0902407593735613,"9.296e-01","9.402e-01",-7.64
"FOXA2",0.0285,5.9637,0.228808684370764,"8.229e-01","8.448e-01",-7.64
"GOSR1",0.0112,6.8504,0.197413272638302,"8.468e-01","8.667e-01",-7.64
"NDE1",0.0312,7.6792,0.412145002820174,"6.875e-01","7.209e-01",-7.64
"SNX14",-0.0053,6.4248,-0.102460147180684,"9.201e-01","9.313e-01",-7.64
"EWSR1",-8e-04,7.0782,-0.0112512294042922,"9.912e-01","9.927e-01",-7.64
"DUS1L",-0.0039,6.2253,-0.0571236296062995,"9.554e-01","9.629e-01",-7.64
"MRPL20",0.048,6.9105,0.561925777311936,"5.845e-01","6.267e-01",-7.64
"YIPF3",-0.0271,6.8328,-0.327788291935019,"7.487e-01","7.793e-01",-7.64
"NAPRT",0.0106,6.3823,0.167199501582688,"8.700e-01","8.872e-01",-7.64
"USP14",0.0367,9.2331,0.54315770283381,"5.969e-01","6.386e-01",-7.64
"MKLN1",2e-04,6.7629,0.00299598517656777,"9.977e-01","9.980e-01",-7.64
"LAMTOR1",-0.002,5.9507,-0.0332601394680625,"9.740e-01","9.789e-01",-7.64
"CCDC47",-0.0038,7.2587,-0.07298720630742,"9.430e-01","9.526e-01",-7.64
"RAF1",0.0152,6.7706,0.214363704576278,"8.338e-01","8.552e-01",-7.64
"SNRPE",-0.0151,6.8262,-0.187124461998357,"8.547e-01","8.738e-01",-7.64
"TMA16",0.0103,6.5223,0.130606394810591,"8.982e-01","9.126e-01",-7.65
"MLLT1",-0.0116,6.5135,-0.153316298866559,"8.807e-01","8.969e-01",-7.65
"MXI1",0.0223,6.6049,0.190050210502727,"8.524e-01","8.719e-01",-7.65
"YIPF6",0.0054,5.6603,0.0799933566079291,"9.376e-01","9.474e-01",-7.65
"RAB10",0.0296,8.6845,0.480107488786934,"6.398e-01","6.780e-01",-7.65
"TTC39C",0.0044,6.4973,0.0609431174357079,"9.524e-01","9.605e-01",-7.65
"GABPA",0.0037,7.5687,0.0594053867019261,"9.536e-01","9.615e-01",-7.65
"UCHL5",5e-04,7.5751,0.00813352238208078,"9.936e-01","9.947e-01",-7.65
"CASP3",-0.0767,6.6251,-0.275805657676441,"7.874e-01","8.148e-01",-7.65
"RPA1",0.0344,8.3923,0.417886918406281,"6.834e-01","7.176e-01",-7.65
"THAP7",0.0037,5.7333,0.0428147397899824,"9.666e-01","9.728e-01",-7.65
"XPO5",-0.0224,8.4649,-0.182723539077832,"8.581e-01","8.763e-01",-7.65
"GALE",-0.0401,8.4944,-0.496232616848382,"6.287e-01","6.678e-01",-7.65
"TOMM20",0.0389,8.7697,0.584362571572249,"5.698e-01","6.130e-01",-7.65
"LAMTOR2",-0.0784,7.3815,-0.621160632448872,"5.461e-01","5.903e-01",-7.65
"ZNF652",0.0117,6.7615,0.174831405440737,"8.641e-01","8.817e-01",-7.65
"TAF3",-0.0083,7.2215,-0.110808115237144,"9.136e-01","9.259e-01",-7.65
"METTL5",0.0053,5.6755,0.0658039177615043,"9.486e-01","9.572e-01",-7.66
"SUPT5H",0.0046,7.5548,0.0792258461787457,"9.382e-01","9.478e-01",-7.66
"TNIP1",-0.0088,6.7706,-0.0868562111588966,"9.322e-01","9.427e-01",-7.66
"OSTM1",0.0215,6.5653,0.204801414147868,"8.411e-01","8.614e-01",-7.66
"PLPP6",0.0036,6.3145,0.0465500932196425,"9.636e-01","9.706e-01",-7.66
"GRB10",-6e-04,6.4835,-0.00965650229326374,"9.925e-01","9.938e-01",-7.66
"ADIPOR2",0.0186,7.4555,0.323077708369919,"7.522e-01","7.826e-01",-7.67
"MAP3K7",0.017,7.6677,0.201226848482295,"8.439e-01","8.640e-01",-7.67
"PARP1",-0.0058,8.1561,-0.118904489269578,"9.073e-01","9.207e-01",-7.67
"FGFR1",0.0208,8.2939,0.441842873440361,"6.664e-01","7.025e-01",-7.67
"CLSTN1",0.038,8.4269,0.276924380590794,"7.865e-01","8.142e-01",-7.67
"CCDC167",-0.0021,5.9771,-0.0228488089722047,"9.821e-01","9.858e-01",-7.67
"HERPUD1",-0.0263,6.7732,-0.257454687952271,"8.012e-01","8.270e-01",-7.67
"SELENOT",0.0796,8.6476,0.451894409164984,"6.594e-01","6.959e-01",-7.67
"NAPG",-9e-04,7.5581,-0.0116940343974897,"9.909e-01","9.926e-01",-7.67
"BNIP3",-0.0144,6.7146,-0.257750422141969,"8.009e-01","8.269e-01",-7.67
"P3H1",0.0291,7.5096,0.472832028760825,"6.448e-01","6.824e-01",-7.67
"MRPS31",-0.0031,7.549,-0.0388836853990949,"9.696e-01","9.756e-01",-7.67
"PRELID1",0.0512,9.5123,0.580244951492102,"5.724e-01","6.155e-01",-7.67
"COMMD5",-0.0019,6.4557,-0.0342859464144221,"9.732e-01","9.784e-01",-7.67
"PANK3",-0.0104,6.4814,-0.0665804621364994,"9.480e-01","9.568e-01",-7.67
"MCM5",-0.0572,7.9967,-0.245717392155903,"8.100e-01","8.346e-01",-7.67
"ACOT9",0.001,6.9307,0.0119640363229089,"9.907e-01","9.925e-01",-7.68
"PWP1",0.0118,8.1399,0.25986669964643,"7.994e-01","8.253e-01",-7.68
"RDX",0.0404,8.5637,0.431380722139666,"6.738e-01","7.090e-01",-7.68
"PINK1",-0.0372,7.4556,-0.437210195574499,"6.697e-01","7.054e-01",-7.68
"RAD23A",0.0029,7.9462,0.031964947862256,"9.750e-01","9.796e-01",-7.68
"EIF3I",-0.0195,8.4422,-0.26958305390756,"7.920e-01","8.192e-01",-7.68
"PPP1CA",-0.026,7.9032,-0.269011526362598,"7.925e-01","8.193e-01",-7.68
"CALR",0.0387,10.038,0.582398675668002,"5.710e-01","6.143e-01",-7.68
"ABCB8",-0.0301,6.4701,-0.319623973623261,"7.547e-01","7.850e-01",-7.69
"AARS",0.0565,8.8684,0.336600571393552,"7.422e-01","7.733e-01",-7.69
"ARPC5",-0.0334,9.8788,-0.551669855182693,"5.913e-01","6.333e-01",-7.69
"TSG101",0.0172,7.6189,0.247093141499255,"8.090e-01","8.337e-01",-7.69
"RPS2",-0.0405,10.9392,-0.538271139594623,"6.002e-01","6.416e-01",-7.69
"UBE2S",0.0109,7.3696,0.120064722345242,"9.064e-01","9.200e-01",-7.69
"IDH3B",0.0106,7.4049,0.112868953590368,"9.120e-01","9.246e-01",-7.69
"COMMD4",-0.0125,6.2648,-0.129795038703336,"8.989e-01","9.130e-01",-7.69
"ASNS",0.0397,8.4789,0.110230118600058,"9.140e-01","9.262e-01",-7.69
"ANP32E",-0.0487,10.6549,-0.526425953211031,"6.081e-01","6.492e-01",-7.7
"CSNK2A2",0.0093,7.859,0.113195087708709,"9.117e-01","9.245e-01",-7.7
"SLC1A4",-0.0012,7.5443,-0.00355586548350302,"9.972e-01","9.977e-01",-7.7
"HSP90AA1",0.0516,11.5143,0.512871977406839,"6.173e-01","6.572e-01",-7.7
"MIB1",0.0296,8.8921,0.227165003925315,"8.241e-01","8.460e-01",-7.7
"RALBP1",-6e-04,8.6172,-0.00800092834503084,"9.937e-01","9.947e-01",-7.7
"PFDN5",0.0139,7.7979,0.183430202642892,"8.575e-01","8.758e-01",-7.71
"MVD",-0.0626,7.855,-0.392438792139084,"7.016e-01","7.347e-01",-7.71
"CERS5",-0.0103,7.595,-0.147595421017603,"8.851e-01","9.013e-01",-7.71
"YWHAE",0.0346,8.6023,0.466615363261015,"6.491e-01","6.866e-01",-7.71
"CAPZA1",-0.0045,7.972,-0.0530698079421399,"9.585e-01","9.659e-01",-7.71
"HERPUD2",-0.0011,7.3115,-0.0218853436399169,"9.829e-01","9.862e-01",-7.71
"PSMB4",-0.044,9.8494,-0.510539656602738,"6.189e-01","6.588e-01",-7.72
"ODC1",0.0466,8.935,0.417170349347983,"6.839e-01","7.179e-01",-7.72
"DLST",0.0198,8.4941,0.234486639785388,"8.185e-01","8.415e-01",-7.72
"PSMD1",-0.0099,8.7897,-0.129789569033511,"8.989e-01","9.130e-01",-7.72
"MRPL42",-0.0044,7.0284,-0.0585045591163933,"9.543e-01","9.620e-01",-7.72
"KIFC1",0.0025,7.1933,0.021091265397074,"9.835e-01","9.864e-01",-7.72
"SSBP1",0.0101,7.555,0.169125303846058,"8.685e-01","8.858e-01",-7.72
"PSMA5",-0.0293,8.1874,-0.394955748157023,"6.998e-01","7.329e-01",-7.72
"LUC7L2",0.0104,8.2443,0.184914216579854,"8.564e-01","8.748e-01",-7.73
"CUL3",2e-04,8.1368,0.00248301752173669,"9.981e-01","9.983e-01",-7.73
"YME1L1",0.0369,8.8555,0.323194902109337,"7.521e-01","7.826e-01",-7.73
"KPNA4",1e-04,8.8409,0.00234859154820296,"9.982e-01","9.983e-01",-7.73
"DEK",0.0121,8.1155,0.136773136572047,"8.935e-01","9.088e-01",-7.73
"MRPL34",0.0187,7.224,0.226718163558117,"8.244e-01","8.462e-01",-7.74
"YWHAG",-0.0055,8.0549,-0.0698148039642758,"9.455e-01","9.548e-01",-7.74
"SMO",0.01,7.8681,0.114155445243696,"9.110e-01","9.238e-01",-7.74
"PSMC1",0.0042,8.8295,0.0842259168332569,"9.343e-01","9.444e-01",-7.74
"KIF5B",0.0033,8.2126,0.0219743922297478,"9.828e-01","9.862e-01",-7.75
"PTK7",-0.0208,8.9064,-0.267034309339186,"7.940e-01","8.207e-01",-7.75
"BANF1",-0.0206,7.7897,-0.231572689887933,"8.208e-01","8.432e-01",-7.75
"ERLIN2",-0.017,8.3117,-0.265645345025932,"7.950e-01","8.214e-01",-7.76
"TMEM87A",-0.0161,8.0154,-0.160090896727316,"8.755e-01","8.921e-01",-7.76
"PRPF8",-0.0164,9.3669,-0.14257147206459,"8.890e-01","9.047e-01",-7.76
"GOT2",-0.0102,8.5193,-0.0707188560999814,"9.448e-01","9.542e-01",-7.77
"HSPA9",0.0489,9.8672,0.237688892524061,"8.161e-01","8.395e-01",-7.77
"NONO",0.0216,9.2561,0.22498125633409,"8.258e-01","8.474e-01",-7.77
"GARS",0.0395,8.779,0.163645716705548,"8.727e-01","8.895e-01",-7.78
"NDUFS5",0.0024,7.8685,0.0305935449488394,"9.761e-01","9.803e-01",-7.78
"PSMD2",0.0086,9.1316,0.0689928768924397,"9.461e-01","9.553e-01",-7.78
"PEBP1",-0.0206,8.513,-0.237316902271305,"8.164e-01","8.395e-01",-7.79
"CDC42SE1",-0.0055,8.2426,-0.0623435690571721,"9.513e-01","9.596e-01",-7.8
"NUP85",0.0048,8.8684,0.0841435750357153,"9.343e-01","9.444e-01",-7.8
"SMARCC1",-0.0024,8.9128,-0.036122352931743,"9.718e-01","9.773e-01",-7.8
"ARHGDIA",-0.0182,10.418,-0.314863268431597,"7.583e-01","7.880e-01",-7.8
"RPS27A",0.0224,11.0524,0.261376009665702,"7.982e-01","8.243e-01",-7.81
"UQCRFS1",0.0339,8.4648,0.282092901607556,"7.827e-01","8.106e-01",-7.81
"KCTD2",-0.006,9.1338,-0.0711706270524375,"9.444e-01","9.540e-01",-7.82
"HSP90B1",0.003,9.6469,0.0239690498424872,"9.813e-01","9.850e-01",-7.83
"NPM1",-0.0081,10.9265,-0.132916546236354,"8.965e-01","9.111e-01",-7.83
"CHCHD10",0.0339,7.621,0.339174883239924,"7.403e-01","7.718e-01",-7.84
"GAPDH",0.0043,10.6248,0.0596341960453674,"9.534e-01","9.614e-01",-7.84
"SLC9A3R1",0.0032,9.2524,0.0173152151633807,"9.865e-01","9.887e-01",-7.87
